Epoch, 14
training loss,0.0,4.667595070855958,7.771323460510799,7.815908064501627,8.1349868280547,8.242368718215397,7.210615922723497,7.087255297047752,8.042492859022959,7.865176496505737,7.468096293210984,6.540297986439296,6.790102124214172,7.027329953057426,7.647946484429496,8.406429872853415
training obj,6.597428970677512,0.0617782103839493,0.07304476853460073,0.08563271449238527,0.09697675411373244,0.08612283342359921,0.09419517495665267,0.09798630047949701,0.10202642220637895,0.12704469276920594,0.09482796452457218,0.08664753594165502,0.11228645262058957,0.12248599858308158,0.1132679534826041,0.1280904418218831
validating loss,0.0,4.1601040929555895,6.553402717113495,6.517553770542145,7.708756115436554,11.45410578250885,4.832749518752098,7.1991241979599,6.661509442329407,7.314979873895645,6.271226694583893,6.749979656934738,7.800050419569016,6.854294165372848,6.784018502235413,8.817809586524964
validating obj,5.9104465234279635,0.03717832159250975,0.0338381454651244,0.02824902513762936,0.06006256937747821,0.019794892708887346,0.04573366119991988,0.056182019304833374,0.06885355359059758,0.055526180542074144,0.02600835484918207,0.0834620128851384,0.09420534170698375,0.05766246551531367,0.09253550665453077,0.10256603319197893
testing loss,0.0,4.501787945330143,7.513240928947925,6.992694616317749,8.665592054128647,12.010635666847229,5.594729159474372,8.013388599157333,7.260311004817486,8.262390582561492,6.455102847218513,7.055427150130272,8.164315311908721,7.37979611158371,7.145949023365975,9.395294498205185
testing obj,6.2432864940166475,0.06258807833190076,0.05979904141189763,0.0791963460482657,0.07910534220398403,0.05128468315931969,0.06369705029763281,0.08304123257636092,0.07425799042830476,0.07508084699278697,0.04564402105868794,0.09597973360156174,0.0800262192793889,0.08105235527134937,0.07812096066016239,0.10083223262277898
