Epoch, 13
training loss,0.0,0.0005897587768998289,0.03886576361369853,0.041535150566521815,0.032275869551242564,0.03233272622467256,0.03914550037360659,0.0382465278693274,0.037134321632922865,0.03305175270812184,0.04152517924267872,0.05968632544664776,0.07727922144181588,0.0789487976799993,0.0835242902823523
training obj,0.05846085282882639,0.0035037116804212875,-0.0006443020333737128,0.0018841990539055819,-9.481652032442142e-05,0.0023358557899436894,0.003950727347459107,0.005194942270413865,0.004182793004298112,0.005351696048484312,0.0076543168671538726,0.00880804162463356,0.010138076558406265,0.0101092419195137,0.01041921624049542
validating loss,0.0004960752260861531,0.0004960752260861531,0.036323667167582445,0.053604643481473126,0.027815896241615217,0.03268688311800361,0.04096709724722637,0.02624381333589554,0.02607945492491126,0.036887733524458274,0.04784786908162965,0.07334247810973062,0.07463602514730559,0.0844353437423706,0.08391940697199768
validating obj,-0.0005331849161949423,-0.0005331849161949423,-6.920786633952187e-05,-0.0008149502254026528,0.00854664229372146,0.002515459640158547,0.003090882418089475,-0.0007022768032685337,-0.0014466243244694648,0.01005930822093859,0.011970818810951264,0.012117846999298236,0.00780266527209561,0.010661283362418101,0.001341082166824588
testing loss,0.0,0.0005164174422994571,0.03506115749258095,0.05663238168769592,0.03635242573816229,0.04247282335937426,0.04553996169989979,0.02705322518139272,0.024043110929228163,0.03669110033661127,0.04911575103933747,0.07189471717621829,0.07760379332545642,0.08377648386600856,0.0822469157393317
testing obj,0.04951916193287518,0.0012174749157667843,0.0036914441552194682,-0.0001668782446126794,-0.001764399160006678,0.00195872262881225,0.0004739166148354025,0.0021050608154643312,0.001539763411556066,0.005071350696425138,0.003448493403094756,0.00373850916765361,0.0029584400567565752,0.002407136708711204,0.003328519406424986
