Epoch, 14
training loss,0.0,6.202037792462929,7.554299830806022,6.139158231019974,6.088597689773522,6.0748084130240425,6.033513006509519,5.96137085498548,5.872676244202782,5.863930169273825,5.747492019919788,5.653868774105521,5.568395008292852,5.444935699771432,5.328552096264035,5.142371722062429
training obj,4.359869480600544,0.0,0.0,0.0,0.0,0.0,0.0,0.0,0.0,0.0,0.0,0.0,0.0,0.0,0.0,2.502924118109085
validating loss,0.0,4.816917376385795,4.773411711057027,4.737783612476455,4.821829247805807,4.66866088575787,4.675436834494273,5.102781226237615,4.633924987581041,4.768031472961108,5.199087397919761,4.840013479193051,5.002476928962602,5.809243493609959,4.91603921353817,5.192189065946473
validating obj,4.379121417800586,0.0,0.0,0.0,0.0,0.0,0.0,0.0,0.0,0.0,0.0,0.0,0.0,0.0,0.0,0.7734908738897907
testing loss,0.0,3.794152468442917,3.840331388486398,4.225373443316769,4.38719379015871,4.371950416951566,4.151876316279979,5.3607831927570135,4.913454766611795,4.947663608837772,5.368389104669158,4.836893996274149,4.383183690341744,6.739182176622185,4.734305964531125,5.3173642629707185
testing obj,3.5048281429587185,0.0,0.0,0.0,0.0,0.0,0.0,0.0,0.0,0.0,0.0,0.0,0.0,0.0,0.0,0.36543777549284
