Epoch, 12
training loss,0.0,5.620257110455457,6.672107260133706,5.5475226549541246,5.5239598194758095,5.500013673772999,5.465985029117734,5.454221645289777,5.415773043211769,5.371949215496287,5.34549493672801,5.274038787449108,5.234766625890545,5.138449709088195
training obj,6.124085016344107,0.0,0.0,0.0,0.0,0.0,0.0,0.0,0.0,0.0,0.0,0.0,0.0,2.5736686306686014
validating loss,0.0,4.6498297486040325,4.657926635609733,4.643246193726857,4.644266141785516,4.726896908548143,4.8149389525254565,4.663639361659686,4.780506301257345,4.904536690976885,4.687072636352645,4.907247112856971,5.000131555729443,4.73915241824256
validating obj,5.373626361290614,0.0,0.0,0.0,0.0,0.0,0.0,0.0,0.0,0.0,0.0,0.0,0.0,0.20940540813737446
testing loss,0.0,4.127457342437796,4.249865915324237,4.264775951971879,4.253569362936793,4.677613523360845,4.384463316685444,4.738920619358888,4.923676556832081,4.471091143182806,5.094712329071921,5.170443191721633,5.444385844307977,4.5864072973663745
testing obj,4.660997128164446,0.0,0.0,0.0,0.0,0.0,0.0,0.0,0.0,0.0,0.0,0.0,0.0,0.23683721360518845
