Epoch, 15
training loss,0.0,5.683421349525451,9.152443619335399,8.500148412293079,8.418232832702936,8.622637759937959,8.35265816707237,8.3217400709788,8.08339615242154,7.661291544110167,7.6859005002414476,7.722904198777442,7.847080759908639,7.640529326364105,7.587872817469578,7.546430468559265,7.532735184127209
training obj,7.405527744573705,0.4175526224354233,0.5439397975812408,0.7480294572473213,0.39973080962823304,0.21432004794409937,0.007021852966877929,0.42724752323359577,0.25984301865095155,0.6086474237492047,0.8370689457324938,0.8571772417825118,0.7626201524819229,1.026578404109779,1.0212456533661929,1.2182805215868404,1.2179069712348185
validating loss,0.0,4.649035788244671,9.274589929315779,7.288134641117519,7.1250388622283936,6.907237509886424,7.1207109623485145,6.584051645464367,6.5305622882313195,6.10805826054679,6.483318077193366,6.651517911089791,6.7280161215199366,7.225858151912689,6.616664644744661,6.900425487094456,6.676987002293269
validating obj,6.140404184659322,0.890740024132861,1.11541669184549,-0.1813282592015134,0.03466550322870413,-0.11997735914256838,0.7221816198693382,0.4403844624757767,-0.139621554977364,-0.42447519136799705,0.5312038735072646,-0.3685914613823924,0.38293650270336205,0.5110530854306288,0.1770418013135592,0.242724543903023,0.1741204688118564
testing loss,0.0,4.403361814247595,9.51359381224658,6.695113378602105,8.277570133273667,7.8435581777546854,7.859104162937886,7.340977417456137,7.151828593498951,6.276173647996542,6.103874693045745,6.375478301499341,6.232554397067508,6.635083728545421,6.028173114802386,6.33081198383022,6.165717387521589
testing obj,5.704015495003881,0.17351324967033155,0.3228146260151187,0.7077879047927225,-0.1304214375322772,0.202185822902499,-0.07758318189833616,0.03740497951622348,0.10456435689450921,0.5537198227956086,0.8050770595971797,0.2760446640438474,0.7803962975237015,0.5829768277629203,0.4758922175781147,0.4800078373754749,0.5075319014439309
