Epoch, 4
training loss,0.0,4.71551094021116,7.8210561050687515,8.247264372961862,8.545211414609637,8.359278537205288
training obj,6.597428970677512,0.179045045333665,0.2288647008661584,0.0961379625106669,0.04444301552588773,0.21622185458949908
validating loss,0.0,4.177290086746216,8.28437071800232,7.9893859052658085,6.779156717061997,5.532944580316544
validating obj,5.9104465234279635,0.38243921505287287,0.4580878203827888,0.5270032345131039,0.11751483738422394,0.2900184390880167
testing loss,0.0,4.549453168213367,8.750934277176857,8.829411737918853,7.746644250750542,6.197315092086792
testing obj,6.2432864940166475,0.02348675959277898,0.4216616272494502,0.326633165134117,-0.06917285896921385,0.4062744446843862
