Epoch, 2
training loss,0.0,4.77070733155523,7.180136798790523,7.670850565092905
training obj,8.040505797522409,0.2611147747586334,0.9352981918913481,0.9906842732465416
validating loss,0.0,4.107506294846535,6.332775981426239,7.316987562179565
validating obj,7.651691074371338,0.22993885919451715,1.0333482008054853,1.514175039550464
testing loss,0.0,4.541583580672741,6.83385788321495,7.743440594673157
testing obj,7.391376989483834,-0.05474698395468294,0.3244970146846026,1.46147297105892
