Epoch, 1
training loss,0.0,0.0006382574976990273,0.033631053077531795
training obj,0.09032949526958606,-0.0008903470588705329,0.002393471042019062
validating loss,0.000493403271522968,0.000493403271522968,0.03202140341616339
validating obj,-0.009125563361319818,-0.009125563361319818,0.013966465259323336
testing loss,0.0,0.0005615699799917009,0.03197769107095696
testing obj,0.0722301332028331,0.002465039304641667,0.004232807907691175
