Epoch, 11
training loss,0.0,0.0008793801818825944,0.03854196262271965,0.02076679528416956,0.02810970700400717,0.038408386393212805,0.028024452208888297,0.020716210060259876,0.01889651057986068,0.018167496724602054,0.016648272019537055,0.015774271275629016,0.015488701525564287
training obj,0.06252893273006467,8.409215521026749e-11,0.0007405606733978037,0.0017318468656305733,0.0018510562809145388,0.0015943206186206868,0.0021377789915348723,0.002415982679788916,0.0023299447394886192,0.0023476244911584147,0.0028122572908092906,0.002962051780606071,0.002966516752620045
validating loss,0.0006460820206686751,0.0006460820206686751,0.019322452859746084,0.01237423148834043,0.01715791520352165,0.025024984187136095,0.01930133774617894,0.017639766437544797,0.01123403592403823,0.017035871323767222,0.013466934595877925,0.013304302014552781,0.009904984551313747
validating obj,2.3499677778951146e-06,1.9422423300563794e-10,0.0018110825911005829,0.0017923664244234613,0.0018317217887645005,0.0025372553840097584,0.0013106774143381962,0.0022335239398469436,0.0014294710681836747,0.0016734897203937926,0.0013347694577647998,0.0010703184758044768,0.00029653892401637464
testing loss,0.0,0.0007008204179205554,0.027324561860311677,0.018062507884727942,0.018618461726283706,0.02586332772153656,0.030324377651276015,0.019993498522986507,0.012072513331470356,0.02006843776404354,0.014635337286981175,0.01537454710027354,0.011175676808429794
testing obj,0.05375575474337549,9.446859506627966e-11,0.0010564869790532039,0.0011535773092133785,0.0007853865422107078,0.000441345692636477,0.0015037257461813385,0.00118592503547176,0.0012363389077150529,0.001084712065408723,0.000779271757929981,0.0007830332773072244,0.0016467139153576078
