Epoch, 6
training loss,0.0,5.419163019750632,9.186070966720582,8.601423669328877,8.231736141092638,8.935625774720135,9.009697201672722,8.698827174130608
training obj,8.52760115885267,0.27953203981787916,0.18878332505599818,0.8319607277294648,0.87219200596041,1.285347661792869,1.4888492949465608,1.5074431556521934
validating loss,0.0,4.59930161303944,9.137693703174591,7.529815389050378,7.613929020033942,9.151735723018646,8.55400154987971,8.518338508076138
validating obj,7.35173851913876,0.3241746664668123,0.06082972863482104,0.7577564536800815,1.5060123879876401,2.056590248054514,1.6082881725754608,1.5372116522242625
testing loss,0.0,4.624643668129638,8.681858268943992,7.953478246121793,7.807857133246757,10.021604616899747,9.141610026359558,8.895013142276454
testing obj,6.838464050679593,0.916095469584311,-0.08111179101507406,1.2727897321755015,0.770674175262684,0.9287250245478562,0.9578664886095204,0.7513158123651551
