Epoch, 7
training loss,0.0,0.0006382574976990273,0.033631053077531795,0.02697540779835453,0.025801318547889297,0.022459485182794284,0.021629653104087886,0.02176522772905289,0.02173927954087655
training obj,0.09032949526958606,-0.0008903470588705329,0.002393471042019062,-0.0008870600718200519,0.0013920420935320697,0.0029367505585932855,0.0011563364793997321,0.00015287447924635546,0.00015285766379854654
validating loss,0.000493403271522968,0.000493403271522968,0.03202140341616339,0.02590086876362976,0.015181914343783218,0.01566410734085366,0.013740611611865461,0.014398364505420128,0.015850847612859473
validating obj,-0.009125563361319818,-0.009125563361319818,0.013966465259323336,0.001055834995996621,-0.0005960774530346195,0.0030040268514615795,0.0017304135577028824,0.002343742390722683,0.0019012566323605522
testing loss,0.0,0.0005615699799917009,0.03197769107095696,0.029018776441729198,0.021196112080164115,0.014266877586173045,0.012944302546816904,0.013335597226270349,0.014700961437680432
testing obj,0.0722301332028331,0.002465039304641667,0.004232807907691175,0.0021541597918651343,0.0024605821190807793,0.0025750730917049646,0.001379057551195876,-0.0017566276209546796,0.00136750565922272
