Epoch, 18
training loss,0.0,0.0007742068866683243,0.005678480975521048,0.0005372871086543527,0.0005400668603411474,0.0005399758859900484,0.0005415010892023679,0.0005432820043186474,0.0005437242694789151,0.0005439873350220367,0.0005471938859794617,0.0005450640072619232,0.0005423745755037731,0.0005505351812804721,0.0005443642724547353,0.0005434277188945927,0.0005483984179519729,0.000542682165713118,0.0005471982240623237,0.0005422413255848155
training obj,0.04515781495354924,0.0,0.0,0.0,0.0,0.0,0.0,0.0,0.0,0.0,0.0,0.0,0.0,0.0,0.0,0.0,0.0,0.0,0.0,6.164809736843599e-05
validating loss,0.0007315877090958464,0.0007315877090958464,0.0005163822099550291,0.0005383316749632488,0.0005205197254933106,0.0005198023979270753,0.0005434834753638521,0.0005157380722569845,0.0005249702427237127,0.0005310232831511206,0.0005337076408977737,0.0005167004060745563,0.0005205688795386879,0.0005195080444132651,0.000519027974405617,0.0005143824847537973,0.0005245036318228813,0.0005421813441191464,0.000514423223244699,0.000512389305084879
validating obj,0.0001376369567680502,0.0,0.0,0.0,0.0,0.0,0.0,0.0,0.0,0.0,0.0,0.0,0.0,0.0,0.0,0.0,0.0,0.0,0.0,0.0026089693769285483
testing loss,0.0,0.0006751465954113047,0.00046838438110835095,0.0004757584867695334,0.0005972865949572863,0.000462485296265112,0.000896935773935921,0.00048447995991532605,0.0006725802675252969,0.0004709394638543804,0.0007945796880596538,0.00047780924614926334,0.0005854544067767927,0.0005328786931361694,0.0004659502542749947,0.0004607062721727227,0.0005396538316425584,0.0014771187217922637,0.00045887964237457756,0.0004962098772355947
testing obj,0.03787633153685444,0.0,0.0,0.0,0.0,0.0,0.0,0.0,0.0,0.0,0.0,0.0,0.0,0.0,0.0,0.0,0.0,0.0,0.0,0.0021794976476706544
