Epoch, 2
training loss,0.0,4.712441586170878,7.943200932570866,7.234292122295924
training obj,6.986494450228554,0.1901696416998831,0.20690361124458703,0.6243142336375448
validating loss,0.0,4.136430618166924,6.616713454723358,4.880817112326622
validating obj,6.317550868988037,0.0003607339784502983,0.017293909615837037,-0.046644465900026265
testing loss,0.0,4.454316329360008,7.0989945447444915,5.48764361679554
testing obj,6.493914154171944,-0.04089793893042952,-0.018200087233126397,0.19087381517514587
