Epoch, 11
training loss,0.0,0.0005796531486235575,0.044771105841334376,0.05249795302482588,0.03599133927375078,0.0317050319484302,0.032292639674352745,0.04573250245036824,0.05691977829273258,0.06120192071689027,0.06906456452395235,0.08117266599088907,0.07922340085463865
training obj,0.041266814307974915,0.000740306579381565,0.0001368335766749494,0.0017151401281528577,0.0031340488179755865,0.00376007301448096,0.004177537018206619,0.005785436916296151,0.005870248245553609,0.006979555874990443,0.007608848909888236,0.0070800225279916565,0.006959569913714014
validating loss,0.0005096043095181812,0.0005096043095181812,0.06321717671118676,0.040178919224999846,0.031454395968467,0.02026747102383524,0.05109990058466792,0.07549602779559791,0.06376931417733431,0.04727974528446793,0.07181345637887716,0.08469230126589537,0.09097629297524691
validating obj,0.00015364023734946387,0.00015364023734946387,-0.0006389188180712097,0.002114134551135294,0.0012736190803731694,0.0009403865761840313,0.001362395340147668,0.0029802046104043132,0.0014268757233382994,0.0015067882620133516,0.000717747357296239,0.0008896280471099033,0.0003717669998361703
testing loss,0.0,0.000584559218987124,0.068944344939664,0.039528346799779686,0.035184325892478226,0.01959456058451906,0.0514122228231281,0.07712908450514078,0.06797754609957338,0.04755032243207097,0.07566677372902632,0.08903625072911382,0.09208531506359577
testing obj,0.04110984953353181,0.0014427322244864626,-0.00013636467946910415,0.003131480705201284,0.0016707827061092262,0.003353784803334338,0.0041418517112038885,0.004532214314166444,0.0027256248161950623,0.0033708167010221015,0.002340606065196034,0.004074034780322836,0.002625665849107702
