Epoch, 19
training loss,0.0,5.087106878850975,8.172189120685353,7.612430040509093,7.601750894621307,7.5075897693634035,7.611655747656728,7.911263971702725,7.622831078136668,7.4273246101304595,7.379837191338632,7.6970825905893365,8.26231863638934,8.943370921004052,9.126800369748882,9.376361768385943,10.373666133132636,10.666608303668452,10.481376713397456,11.081933257159065,11.575513806062586
training obj,5.245444190268423,0.07573919134104953,0.3577774341638182,1.020001318567694,0.9241727614157415,1.181481799494256,1.139148448216706,1.0820362964785555,1.2366518399732955,1.4488409838219192,1.2876186951440212,1.3295452897120412,1.4278490496944727,1.55832465285358,1.7063866259421048,1.7670632613701267,1.6093787402009327,1.5765594894499873,1.5244355599994557,1.773217387826655,1.7935646385442228
validating loss,0.0,4.862181746297413,7.547322303056717,6.494383272197512,8.14603007502026,7.439346187644535,7.461726122432285,7.925745911068386,7.410066849655575,7.151144127051036,8.176632371213701,8.559464666578505,8.337357680002848,9.434692939122518,9.821018947495354,10.083843496110704,11.08123783270518,11.042734291818407,11.55824887752533,11.708319571283129,12.568833112716675
validating obj,5.1155593891938524,-0.17778083288835156,0.8250041319471266,1.1953625223702855,0.7745990397201644,1.0758498292416334,0.8653357521527343,0.7497248769634299,0.7598345428705215,1.0373391357974873,0.8104630650228096,0.6513533203138245,1.1034902767795656,1.2259859271709703,0.9248327163772451,0.8182550310221914,0.7742704641487863,0.5117184757772419,0.7506566763752036,0.44055303486271036,0.6432799546875887
testing loss,0.0,4.682896732478528,8.782599444324905,8.161545624604097,9.481172771067232,7.77825461368303,8.035869192432713,8.720834206890416,7.649659778620745,7.491813277876055,7.877031155534692,9.236041632858482,8.060023465672055,9.17000143592422,9.954412776070672,9.882495077880654,10.565957032345437,10.494982783858841,11.286508379755793,11.130084211761886,12.307237927978104
testing obj,4.571456036052188,-0.06057116381330038,0.15237294238161397,0.6062331664300448,0.5861894004802043,0.7071505045467937,0.16055916284519323,0.41668884307964127,0.3399719802310338,0.5913733350163376,0.41396608170927374,0.6532983514857856,0.7139516104314778,0.5271967325762317,0.6031045032715475,0.5839001889674094,0.132746675630679,0.7551468459171923,0.9730084305880843,0.9115730624243215,0.6534285482170211
