Epoch, 17
training loss,0.0,4.723085511667388,8.736424467904227,8.547909712110247,9.171558577673776,8.041764669077738,8.156989885057722,7.962052726745606,7.58060287134988,7.402831113679069,7.145809719903128,7.4502377980096,7.939842157363891,8.157886264324189,8.379766792569841,8.657163086959294,9.21616499389921,10.782087377820696,11.792716134616306
training obj,8.040505797522409,0.07014291482773842,0.06851124400443431,0.076012004257396,0.09133000577833238,0.08594518579908514,0.08399857937801114,0.09069623531744582,0.09036504029300496,0.090062297910086,0.08229496122421032,0.07851448740577326,0.08898380111586968,0.09567967965712472,0.09447570882126456,0.08731051624316023,0.0940941903604419,0.06591245379084805,0.0820927825648479
validating loss,0.0,4.065486931204796,7.864213709831238,8.463373262882232,7.3459029030799865,6.22638908624649,6.987809138298035,6.800066593885422,6.14018803358078,6.938664934635162,5.616241972446442,6.573210189342499,6.293362135887146,6.116722464561462,7.429693813323975,6.206634707450867,8.48723168849945,10.055375390052795,8.661535654067993
validating obj,7.651691074371338,0.05452928000770044,0.05951800804177765,0.05960853479802609,0.05863582172198221,0.07713834367226809,0.06854991999978666,0.07645012316992507,0.07731162779964507,0.0733331957529299,0.07395582039258443,0.07856160515453667,0.07572705013677478,0.08541936866793548,0.10123848996940069,0.07584596224827692,0.07446981313521973,0.061553045460022986,0.07691136998590081
testing loss,0.0,4.48733402878046,9.283939034938813,8.776281353235245,7.833275055885315,6.725231178998947,7.365807152986527,7.156884018182755,6.523111479878426,7.593693234920502,6.104926614761353,7.0304182851314545,6.854305306077004,6.680704762339592,7.833073653578758,6.717690398097038,9.01664445579052,10.619280562400817,9.194005768299103
testing obj,7.391376989483834,0.0514024669630453,0.05900632734992541,0.061112891333759765,0.05977841757470742,0.04758928656228818,0.05569590230530594,0.06089139602940122,0.07553540210152278,0.05170258327329066,0.056689228455070406,0.03851172817347106,0.05638984694494866,0.06640405326354085,0.06462088573491201,0.056053502823342566,0.07772752478118491,0.04702361141331494,0.050386858927668074
