Epoch, 14
training loss,0.0,5.548064225795223,6.624285687652288,5.486061501269247,5.45637542219723,5.44313642838422,5.416154194579405,5.3962115243369455,5.389356856953864,5.334931765818128,5.295664171377818,5.2331478654169565,5.1866825426326075,5.140040052872078,5.082976285382813,4.980591310940537
training obj,6.435625538638994,0.0,0.0,0.0,0.0,0.0,0.0,0.0,0.0,0.0,0.0,0.0,0.0,0.0,0.0,2.957940355017162
validating loss,0.0,4.65781696471903,4.730803708235423,4.6716993716028,4.6370272570186195,4.680350657966402,4.714074133170976,4.712440124816364,4.650293264124128,4.703503736191326,4.759246274828911,4.835023669732942,4.839805010292265,4.922535500592655,5.014565863543087,4.843539625406265
validating obj,5.8054052790006,0.0,0.0,0.0,0.0,0.0,0.0,0.0,0.0,0.0,0.0,0.0,0.0,0.0,0.0,0.3418798547548552
testing loss,0.0,4.226528047709851,4.294174141175038,4.4072884087627,4.3338840354133294,4.571264498137139,4.666943712814434,4.320795952468305,4.32724822614644,4.74308939398946,4.935820032615919,5.486284272090809,4.902233321924467,4.915406098236909,5.337777761188713,4.605289585687019
testing obj,4.857065324847762,0.0,0.0,0.0,0.0,0.0,0.0,0.0,0.0,0.0,0.0,0.0,0.0,0.0,0.0,-0.065908988321049
