Epoch, 3
training loss,0.0,0.0006210255989572034,0.03567258877058824,0.03645623628707493,0.0430473936758205
training obj,0.09032949526958606,0.0008345911421148391,0.0007353519300685539,0.0010465310125540531,0.0016801011497234724
validating loss,0.0004990666586511199,0.0004990666586511199,0.04178254332186447,0.059637325091494456,0.06390080606150958
validating obj,0.0061593993693046896,0.0008231701719220533,0.0006331994914325783,0.0006729666962855665,0.0006662179382512082
testing loss,0.0,0.0005218993243722031,0.05526110074306662,0.06920335539994207,0.06617634849169769
testing obj,0.0722301332028331,0.00037727955601145075,0.0005702428549499958,0.00039850894201635213,1.7954260868339887e-05
