Epoch, 21
training loss,0.0,5.399698076178046,6.5471886709624645,5.292159871961556,5.275211585269255,5.256647692942152,5.247004250685374,5.240146745653713,5.180917043195051,5.168749127317877,5.118441565364015,5.043433879403507,4.995847379343182,4.937918834125294,4.799576473119212,4.681750739088246,4.591564589037615,4.461141611314288,4.308968016446806,4.1441263219889475,3.69556266875828,3.5022046548478745,3.391888831877241
training obj,5.07335898806067,0.0,0.0,0.0,0.0,0.0,0.0,0.0,0.0,0.0,0.0,0.0,0.0,0.0,0.0,0.0,0.0,0.0,0.0,0.0,0.0,0.0,4.0230175985571215
validating loss,0.0,4.748671680688858,4.706504212485419,4.6735287623273,4.664545683397187,4.7566762483782234,4.619306188490656,4.661816593673494,4.5882360057698355,4.6916232572661505,4.705810373028119,4.645800017648273,4.78458418448766,4.914773671163453,4.7857656545109215,4.59954107966688,5.380459446046087,4.897924035787582,5.8331153558360205,4.947756735814942,4.964301546414693,4.898811747630437,6.047420303026835
validating obj,4.908420264720917,0.0,0.0,0.0,0.0,0.0,0.0,0.0,0.0,0.0,0.0,0.0,0.0,0.0,0.0,0.0,0.0,0.0,0.0,0.0,0.0,0.0,0.5807373122208648
testing loss,0.0,4.722029587707004,4.881229069587347,4.6821454304295616,5.232680423839672,6.138726723355216,5.3430268949753525,5.537938709194596,5.089547021163477,5.7448862388327315,6.253944079618196,5.089378943314424,6.0251726878655925,6.386684950139071,6.170073223275107,5.8370284558953465,7.238224714188962,6.269175940268749,7.52065408632562,6.393616626391539,6.27111086007711,6.13966940544747,7.6202798606576145
testing obj,4.3937196377161385,0.0,0.0,0.0,0.0,0.0,0.0,0.0,0.0,0.0,0.0,0.0,0.0,0.0,0.0,0.0,0.0,0.0,0.0,0.0,0.0,0.0,0.5542364068127967
