Epoch, 12
training loss,0.0,5.6831471817166195,6.776294873275009,5.623815452117546,5.596980368156059,5.575272189168369,5.547401459076825,5.498293439780965,5.473394105013679,5.42319098220152,5.339883541125877,5.268530576836829,5.213506608149585,5.132379003599579
training obj,5.399971512719697,0.0,0.0,0.0,0.0,0.0,0.0,0.0,0.0,0.0,0.0,0.0,0.0,2.217623033936994
validating loss,0.0,4.952711953057183,4.986452763279279,4.923319430814849,4.970861420035362,4.953594229287571,4.992548459106022,5.194724735286501,5.25559350517061,5.058974843886164,5.57647407386038,5.028495985600683,5.055078213413556,5.244669357935588
validating obj,4.641532411177953,0.0,0.0,0.0,0.0,0.0,0.0,0.0,0.0,0.0,0.0,0.0,0.0,0.8711821545536319
testing loss,0.0,4.559633099549526,5.113035607176858,4.608306715617308,4.8450888508075,4.94111132219031,4.872180585925643,4.490390775171486,4.73412379783553,5.678988786968025,6.021813189661181,5.329062477156922,5.744301921612507,6.257602896239306
testing obj,4.542915938673793,0.0,0.0,0.0,0.0,0.0,0.0,0.0,0.0,0.0,0.0,0.0,0.0,0.8998431391711976
