Epoch, 22
training loss,0.0,0.0014970546750295761,0.0011875536355792262,0.0005201402782610625,0.000519633857391964,0.0005198410928554361,0.0005193036015718114,0.0005186853270950727,0.0005204017121749417,0.000518657715308613,0.0005188895091937833,0.0005173575439511417,0.0005181481324654788,0.0005156026198799941,0.0005146126328861802,0.0005149333981847298,0.0005134350061604625,0.0005135980559406216,0.0004970909191835217,0.0004949733269397895,0.0004933796904283707,0.0004918455447609784,0.0004903927782371396,0.0004888035788364425
training obj,0.0422254538451022,0.0,0.0,0.0,0.0,0.0,0.0,0.0,0.0,0.0,0.0,0.0,0.0,0.0,0.0,0.0,0.0,0.0,0.0,0.0,0.0,0.0,0.0,0.000497370371527289
validating loss,0.0014410287813101427,0.0014410287813101427,0.0005369218534035294,0.000536552427985015,0.0005584851889051319,0.0005408226217608093,0.0005310578248332654,0.0005476777664484226,0.0005348128731563731,0.0005507394953289071,0.0006912516281706608,0.0005684900472172662,0.0005496270427618105,0.0005342770880778042,0.0005496703127180959,0.0005359348694762259,0.0005483100751737554,0.0005346565747735893,0.001249089541038475,0.0006869020838081791,0.0009565117361363802,0.0007648700719193118,0.001550704040735292,0.0009727182044031519
validating obj,1.7559405157608673e-08,0.0,0.0,0.0,0.0,0.0,0.0,0.0,0.0,0.0,0.0,0.0,0.0,0.0,0.0,0.0,0.0,0.0,0.0,0.0,0.0,0.0,0.0,0.0018250952455809274
testing loss,0.0,0.0012502406191112066,0.00047974681367808327,0.00048233251548695805,0.0004952882224804198,0.00048507402959883233,0.00047680040002142705,0.00048479638773482695,0.0004786583593913387,0.0004890596690955279,0.0006101760888000226,0.0005055968170173477,0.0004893249548118475,0.00047939235045651345,0.0004747120905145578,0.00047749391757678154,0.00048478172364962893,0.0004786603473369938,0.0008326642281411792,0.0005451733814220813,0.0005650595761359695,0.0005674134438318739,0.000879861648628194,0.000729340590905677
testing obj,0.039667548483522955,0.0,0.0,0.0,0.0,0.0,0.0,0.0,0.0,0.0,0.0,0.0,0.0,0.0,0.0,0.0,0.0,0.0,0.0,0.0,0.0,0.0,0.0,0.001920229210405937
