Epoch, 15
training loss,0.0,5.630196024389828,6.763666505907096,5.547086894629048,5.515037221300836,5.502230728373808,5.471098523046456,5.4446546552227995,5.432228077392952,5.373114819386426,5.348220147104824,5.319034827924242,5.211433516764173,5.195799731974509,5.1340062994582985,5.029784962943956,4.972515995829713
training obj,6.432149128352894,0.0,0.0,0.0,0.0,0.0,0.0,0.0,0.0,0.0,0.0,0.0,0.0,0.0,0.0,0.0,3.291873548719028
validating loss,0.0,4.689182731840345,4.706818088889122,4.692315227455563,4.71394979622629,4.779326165715854,4.957475495007303,4.898924049403933,5.282899702588717,4.661761520637406,4.879297660456763,5.146642060743438,5.259927425119612,5.71360940568977,8.100736929310692,4.840643773476283,4.816032126545906
validating obj,5.889247377713521,0.0,0.0,0.0,0.0,0.0,0.0,0.0,0.0,0.0,0.0,0.0,0.0,0.0,0.0,0.0,1.4952589133754373
testing loss,0.0,4.413674231316592,4.729708083578058,4.685744184094506,5.645465528642809,5.226351966729036,5.479225553370811,6.2579463478681205,6.778868423925863,6.163366844525209,6.423065396579537,6.577832031894374,5.85761225787369,7.420719355344772,9.389432963487264,6.476383377571364,6.380913866532816
testing obj,5.211337134644792,0.0,0.0,0.0,0.0,0.0,0.0,0.0,0.0,0.0,0.0,0.0,0.0,0.0,0.0,0.0,0.636899834297396
