Epoch, 9
training loss,0.0,0.0006436596923010132,0.037242745052950055,0.06268321649700988,0.03885030173787884,0.035162720244889166,0.03446441668578807,0.037031887603156705,0.033222364210614974,0.04357194319075229,0.043870564754687105
training obj,0.06769201236174387,-0.0001234447534703801,0.0017720157363881157,0.00023264403474361947,0.004557811706884725,0.005026988558886075,0.007501947928764874,0.005790891257357525,0.008121216079780424,0.008638914763656323,0.009634925107867258
validating loss,0.0005820214032104963,0.0005820214032104963,0.028130790076425508,0.10911212706317504,0.025035527204939474,0.032913974007695086,0.03676649532280862,0.03616721408131222,0.03606996382586658,0.047036082276867494,0.043834801090674266
validating obj,-0.0057395320114359055,-0.0057395320114359055,0.009643846073415693,0.002534129909084489,0.007206522774746797,0.002844394982579009,0.00746005158165038,0.009156894381804805,0.0027854346243988536,0.001062226137140243,0.00032667086575998024
testing loss,0.0,0.0005493818098329939,0.037029783968259955,0.1215043573615116,0.03762315617672898,0.04650400381384266,0.052826921065413465,0.04672554909327143,0.04647187388980308,0.05560868330350196,0.05506602319813258
testing obj,0.056517908752367306,0.0009702430634667046,-0.0018628119297089017,0.0007834801099552597,0.0025270898363997786,0.0031588801975480116,0.003262911699903385,0.0034617377216749996,0.005372092731788643,0.005138237613510744,0.0011847080228637062
