Epoch, 5
training loss,0.0,0.0006290497528139635,0.03254968289685036,0.026779238298934485,0.025610054980165192,0.04019979364371726,0.07022745602098959
training obj,0.06062129594252578,0.0014872236185930379,0.0009091146671516981,0.005435499686361384,0.005459836334410803,0.0035465172153408275,-0.0019219778850648643
validating loss,0.0005609764157270547,0.0005609764157270547,0.02601610662182793,0.010740578994154931,0.02155450838850811,0.05169375121593475,0.044445807356387375
validating obj,-0.0009722891229649877,-0.0009722891229649877,0.002406649027784766,0.004996924593694382,0.0050869975334172325,0.0008744492291589268,0.0023468978263554165
testing loss,0.0,0.0006011960825708229,0.030617742781178094,0.012120587094686925,0.024138211603858508,0.05608451641630381,0.04909030213253573
testing obj,0.05799224133603275,0.002021943393446163,0.00265326916125459,-0.002651684330370579,0.0007799838620995558,0.00022664941296233449,0.005470051119191339
