Epoch, 17
training loss,0.0,5.825660334615146,9.72198150765662,9.220535236713934,9.059431373371797,9.360768010569554,9.006035270877913,8.669947936488132,8.671251489601882,8.597674421235627,8.587219257915722,8.520624349631515,8.80191879272461,9.196521136339973,9.164501160266353,9.203530860414691,9.182305648280124,9.27308097446666,9.430371523838417
training obj,4.856369294839747,-0.08299786349137624,0.0672178884661002,0.2968064201205647,0.2606832571546393,0.04191291139116705,0.1759841398187478,0.25105618443358607,0.5470897971483246,0.4867022625416176,0.5430608683647377,0.6182149466824223,0.5708892941811321,0.5504455203729722,0.7438934196360089,0.8759196637613201,0.9065613220207845,0.9677064527798411,1.0049167946582647
validating loss,0.0,5.264699899488026,9.149132225248549,7.924158149295383,8.264311300383675,10.136565115716722,8.130088488260904,8.360726873079935,8.517448335886002,8.408190051714579,8.69138616323471,8.46902440653907,10.487391591072083,8.28651053044531,9.695937408341301,10.010017911593119,10.660833232932621,10.373664889070723,10.50691122478909
validating obj,4.0600963400469885,0.16362842312082648,0.10744523846854766,-0.6827796255755756,-0.49940988250697654,-0.45781095118986237,-0.3552809824403893,-0.16352831727514663,-0.3392979488190677,-0.23105639540072945,-0.14550989576511913,-0.01724912246896161,-0.30680387173520607,-0.5283788315072242,-0.3516463564010337,-0.3086554410401732,-0.5018858819579085,-0.3812761449048089,-0.46270908059604055
testing loss,0.0,4.458378601718593,8.611607451696653,6.7797450020506576,7.131227733315648,9.59422491208927,6.88410643468032,7.157529510356285,7.371627967099886,6.849019902783471,7.3873466446593,8.139758631989762,9.213288223421252,7.21153520087938,8.269843525177723,8.781610237585532,9.857634247960272,9.167803252065504,8.96240560106329
testing obj,4.131254028629613,0.15276352766699888,0.354667679935291,-0.07300051026096618,-0.3365495195297675,0.2580470898994119,0.2683203873300069,0.44580041169113405,0.4575439902727266,0.1874029572952438,0.07687133446814039,-0.07181657786556594,0.16949550788597884,0.23666929800969524,0.17224199571520896,0.06953986321349402,0.0627975768308986,0.044365168051995536,-0.03222811733045288
