Epoch, 7
training loss,0.0,0.0006635975346737313,0.005002320114284635,0.0005340537554373298,0.0005345957106756567,0.0005346044769063226,0.0005348036588995955,0.000533222636009918,0.0005320969054688854
training obj,0.07777494996347849,0.0,0.0,0.0,0.0,0.0,0.0,0.0,0.0003884860893108185
validating loss,0.0005319676385827026,0.0005319676385827026,0.0004622157907255718,0.0004694910805685342,0.00045690234401263297,0.00047286131767678954,0.0004822611895684127,0.00046064754577754583,0.0004585801458839948
validating obj,0.006815491017833766,0.0,0.0,0.0,0.0,0.0,0.0,0.0,-0.003255719209038135
testing loss,0.0,0.0005284593538129451,0.0004633986891595005,0.00047505134952606986,0.00045999644833107203,0.00048150730907690485,0.0004958124027817157,0.0004696852346249806,0.0004608055865360625
testing obj,0.06463564912209639,0.0,0.0,0.0,0.0,0.0,0.0,0.0,-0.0006449755973015861
