Epoch, 20
training loss,0.0,5.340273109604331,6.2733678079118915,5.286393926657882,5.248812644855649,5.225635108760759,5.18715815263636,5.1632056360151255,5.14758109812643,5.107483174052893,5.062774896154217,5.012260689922408,4.99703356775583,4.9360350438192775,4.882557634980071,4.82388551235199,4.759748214600133,4.726110834233901,4.651870626094294,4.557194055529202,4.505833601250368,4.387994445772732
training obj,7.307730120771072,0.0,0.0,0.0,0.0,0.0,0.0,0.0,0.0,0.0,0.0,0.0,0.0,0.0,0.0,0.0,0.0,0.0,0.0,0.0,0.0,4.329227530269646
validating loss,0.0,4.577890392806795,4.561551577515072,4.602217901084158,4.471089348196983,4.770880805121528,4.677811511688763,4.961762464708752,4.582779876059956,4.881629765033722,4.659052845504549,4.356185186240408,4.6970588184065285,5.072128981351852,4.547338924474186,5.979303085141712,4.733777877357271,5.699236234029134,4.937456528345744,5.582345936033461,5.889867338869307,5.326056886050436
validating obj,6.485648506217533,0.0,0.0,0.0,0.0,0.0,0.0,0.0,0.0,0.0,0.0,0.0,0.0,0.0,0.0,0.0,0.0,0.0,0.0,0.0,0.0,1.6209784137705963
testing loss,0.0,4.7391247088844715,4.999451057330982,5.118116436777888,4.9485748539099825,6.592365719982095,6.39440955020286,6.924840163540196,6.296821143981573,6.8158941671654985,5.907135441496566,5.736030039755073,6.589065422077437,7.094209434212865,6.214032338277714,7.463578425549172,6.6564446848792,7.913999431036614,6.871287668073499,8.091449805208155,7.914786702877766,7.666656237196278
testing obj,5.913083503375182,0.0,0.0,0.0,0.0,0.0,0.0,0.0,0.0,0.0,0.0,0.0,0.0,0.0,0.0,0.0,0.0,0.0,0.0,0.0,0.0,1.358621687666085
