Epoch, 8
training loss,0.0,0.00057221517563968,0.03290227798745036,0.05771269583808524,0.04838052674861891,0.057786254172346424,0.06714071508496999,0.0647179893351027,0.054555381185242106,0.0667837559272136
training obj,0.06062129594252578,2.3990784945805006e-06,0.0006796301752654342,0.0009339137434796742,0.0009264995083224546,0.0010019562567738052,0.000990584598483143,0.0008001403331997738,0.0004693233785634754,0.0006795275133486685
validating loss,0.0004537044637982035,0.0004537044637982035,0.01964627442881465,0.06904797784984112,0.05933399245142937,0.07084937954321503,0.05505225513130427,0.04067029716446996,0.043431983478367325,0.07014367703348398
validating obj,0.0009048957300410621,-6.944466537002207e-07,0.000560021512853918,0.00047113920543331145,0.000652519347737533,0.0008193661454065842,0.0008513820189773468,0.0006522490128086225,0.0001535529530467284,0.0005348484157791539
testing loss,0.0,0.0005078646183392266,0.01821726976428181,0.07232091614976525,0.06594675216823816,0.07322129669599235,0.055390292247757315,0.041795638180337845,0.04365703208371997,0.06867239141836762
testing obj,0.05799224133603275,5.326769918522967e-06,0.0005341951908025903,0.0007351629855789518,0.0008433299346062594,0.0007891868157371964,0.0007198227681617688,0.0007915946691227174,0.00022413723425792408,0.0005661554112812101
