Epoch, 17
training loss,0.0,0.0011735656563484785,0.04712566085451958,0.046076444353835254,0.046081162938008124,0.041077122800782614,0.04075549062268407,0.04047949303891145,0.03944279005130132,0.038512385925095455,0.04532339831485468,0.041144641328091716,0.042067565374514636,0.045777545171771565,0.04675843527211863,0.052753130894373446,0.051137742297906505,0.04801222615893565,0.04964472427233761
training obj,0.025063141121291647,-0.000440534674699473,-0.0005092939287743659,-0.000291286223892159,-0.00022583233292999805,-7.988622106209982e-05,-8.462788354532391e-05,-0.00026048982627781145,1.7509561753375274e-06,0.00022157322918977954,3.2128551837933417e-05,0.0002244477896430694,0.0003652562476311098,0.00036191920151787936,0.00018383804058163042,0.000282466164835747,6.032957028889773e-05,0.0004398209773296235,0.0002691741845588766
validating loss,0.0,0.0009950969930893432,0.026510710595175624,0.02335224803795831,0.01055352397573491,0.020161563116643164,0.020850869425986376,0.0241283328893284,0.01293510450179585,0.023036630811273225,0.023109905977940395,0.019300615893573396,0.018323544981992908,0.03711954879367517,0.029498305896090135,0.047772619821545154,0.03742195119977825,0.020972421211707924,0.02521483209501538
validating obj,0.021918561865782574,-0.0004797792078332148,-0.0006939581572724921,-0.0002671210806713336,-0.0003160791772340114,0.00025528165375969064,-0.0006143332494603884,-3.3157418430265454e-05,-0.00023618328203964565,-0.0005418850568174901,-0.0003067990490106038,0.00014511717826179747,-0.0001100192134294452,-0.0010769100594593005,-0.0005625393079955959,-0.0006899799660055174,-0.0008800563826096348,-0.000785697135142982,-0.000598577520577237
testing loss,0.0,0.0011494589082242266,0.03646997499556558,0.031874738199434975,0.012427536559895286,0.020995424365045857,0.021718967177376553,0.027428150246221875,0.016918205805563344,0.03058767263978921,0.03272102993749384,0.020823777857790323,0.019853889092651976,0.03923289250028697,0.028884945607215568,0.05145782270040866,0.035433751348456416,0.01952705514692777,0.02562424782789438
testing obj,0.02372171456699033,0.0005872709955076209,0.0006722754820854076,0.0004620566489049108,0.0006462511177036307,0.0006938761657078725,0.0009633572213666363,0.0008969769240482836,0.00041632921312230865,0.0004221022693830467,0.0010162156863402375,0.0007293443061801529,0.0009042603916306099,0.0009516499695884115,0.0007694970990996808,0.0010905031144707086,0.0014332810690550989,0.00150505912716727,0.00138207503462311
