Epoch, 12
training loss,0.0,0.001375807536989633,0.0466132404757481,0.05127669306946736,0.05036689670500802,0.04736447551963376,0.041194761960821995,0.03579710071139476,0.031449022885485026,0.0311957293427458,0.03282920581599077,0.032846837921762,0.03192500732473883,0.03824365426439281
training obj,0.039840955316436055,-4.6319849948928345e-05,8.151303741660919e-05,0.00025215798443384177,0.00028770124122007366,0.00036862885577184165,0.000352820573835725,0.00048415228820351114,0.0008419047539492192,0.000686184992082417,0.00042697693958568077,0.00035515446330000664,0.0006778729012105888,0.000843533675423732
validating loss,0.0,0.0008742688995779543,0.044071271679260664,0.027432832039064832,0.04569089955960711,0.02923812096317609,0.033524825108341046,0.015797671034104295,0.019150004541087482,0.06129756725729547,0.012712523535204431,0.010768505563545559,0.02481211566676696,0.05187858025439911
validating obj,0.04389103090701004,0.0007417820500753199,0.0007806512779400995,0.0010954350016416153,0.0008926247440588971,0.0005099256571459895,0.0008881094230067296,0.0008563530395298989,0.0005630381799872137,0.0008248481171904132,0.0001862196222646162,0.00042570024136997137,0.0005993829286631404,0.0006584118972467775
testing loss,0.0,0.001251597208564006,0.040069854849748114,0.0276104200857918,0.04648095949527782,0.03210622188005898,0.03359987820825867,0.014856548234191094,0.0177853120730032,0.061935763636201215,0.012226209025578322,0.010695706093306275,0.02168624970520771,0.05482146394363529
testing obj,0.03614943840767484,2.744647389516939e-05,0.00034266618722294634,0.000381735383180549,-0.0004426681234444668,-0.0001365649903262336,-4.316474833349521e-06,-0.0001777702314398453,-1.1756731829656338e-05,-5.935943910436755e-05,-0.0004578477695562273,0.0003535066180857767,-0.00036415347445605174,0.000275687119888922
