Epoch, 17
training loss,0.0,0.0020310878415544078,0.043064522896619405,0.042608400120162496,0.04748848520365416,0.046267935180780935,0.044602480844831933,0.04369494066957165,0.04663817145514722,0.04744270921630018,0.048442116482000724,0.04849025180526808,0.05049552593161078,0.04907270434732531,0.04678714983895713,0.04469672551049906,0.043796680049569,0.042843416749554525,0.043373737732569376
training obj,0.06083515568764186,0.0004745486102240416,0.0003780345291506463,0.0007776473560393331,0.0007200152021159381,0.000640456874737306,0.0007567729761563789,0.0007869462819322579,0.0008001101754808927,0.0006233049807134176,0.0007522895302755904,0.0007727282781464358,0.0006449179210832489,0.000953746000339058,0.0009300488998597561,0.0007044456474021917,0.0008463610791687982,0.0008032295664580648,0.0010836973295868923
validating loss,0.0,0.0009028869038350725,0.015298095363606181,0.045184924784633845,0.14611136401072145,0.04196182395228081,0.03709830100544625,0.025424982317619853,0.03734315078084668,0.03424401219106383,0.032513521818651095,0.03656862075957987,0.04331265069130394,0.032268567838602595,0.0320140008504192,0.032550619940997824,0.031409812340926796,0.029359878299550876,0.043169333728858165
validating obj,0.052930936269048184,0.0006668839103238295,0.0003668538582941336,0.000422412632259592,0.0004026572633948591,0.0005244433919465842,0.00021940055133503242,0.0008235671112844204,0.0008466691797366366,0.0007610779341323198,0.0004387280225475681,0.0006513731746559239,0.001211289251740608,0.0005169499713196678,0.0004909256684994842,0.0005586466294415812,0.0003696335269422788,0.00037445848324245564,0.0008219288219051021
testing loss,0.0,0.0013126688408610298,0.017593662613197357,0.04767330832829749,0.156492381683878,0.04803210411321472,0.04194819545876738,0.03002023440156434,0.04026430555795495,0.03879850059495987,0.03302803917511089,0.03538648972942217,0.04698014483359214,0.03655081173103001,0.038507775479071846,0.038629173338916654,0.04040253097569016,0.035125599676944515,0.04862246146375263
testing obj,0.0493989320018807,0.00021927987443239153,0.0002664455524928918,0.00048290930292726417,0.0002517432571826125,0.00021966376044548343,0.00043905730067431376,0.0004411906122333823,7.342272186400117e-05,0.0002180192042598375,0.00030980313572768326,0.0003456907856948296,0.00045664147094342025,0.0003710829460524602,0.000326266692403855,0.0004985796404071152,0.00039733167835259557,0.00039833742178145895,0.0004569280599999065
