Epoch, 15
training loss,0.0,0.0007905306500855231,0.014652120483144387,0.0005669780475585082,0.0005627424028181636,0.0005619904151079062,0.0005630109218341828,0.0005627059958379844,0.0005634088979408546,0.0005671160141669223,0.0005621506575884197,0.0005649522800904736,0.0005646671518322775,0.0005640584187822955,0.0005659168188525226,0.0005654237929311599,0.0005661551360532815
training obj,0.03869754706746807,0.0,0.0,0.0,0.0,0.0,0.0,0.0,0.0,0.0,0.0,0.0,0.0,0.0,0.0,0.0,0.0002876452524123677
validating loss,0.0,0.0005919406909621708,0.00048312578797372733,0.00046450213974619855,0.0004638126206878547,0.00046467259380733594,0.0004628196004179901,0.00046393952490891225,0.0004656077981053386,0.0004634073650069897,0.0004629996247887094,0.00046571827260777354,0.0004638790144074139,0.0004635784500553402,0.0004659233666946723,0.00046495755911261466,0.0004641712552660869
validating obj,0.035648799682449966,0.0,0.0,0.0,0.0,0.0,0.0,0.0,0.0,0.0,0.0,0.0,0.0,0.0,0.0,0.0,-0.0013819964628459679
testing loss,0.0,0.0005169716916154013,0.0004872405558204706,0.0004134004032223586,0.00041213462729403446,0.0004135318052962051,0.00041212606639247324,0.0004128592940400562,0.00041474354706273563,0.0004117198283426193,0.00041153210730880273,0.00041520537524775136,0.0004126766267487452,0.00041233818720266336,0.0004155163726347775,0.00041733361900401795,0.0004128827767507991
testing obj,0.027743681220690142,0.0,0.0,0.0,0.0,0.0,0.0,0.0,0.0,0.0,0.0,0.0,0.0,0.0,0.0,0.0,-0.0011916483895588867
