Epoch, 16
training loss,0.0,0.0014940023757791256,0.012808267324569397,0.0005745703844392361,0.000541131689034028,0.0005408072144229093,0.0005415649726238174,0.0005407776317773752,0.0005407003287223679,0.0005435349070467055,0.0005414563185231778,0.0005440727422098337,0.0005433422072468709,0.0005426457770369655,0.0005434637129142442,0.0005428345767095202,0.00054437246555394,0.0005442484782714232
training obj,0.05037780687139899,0.0,0.0,0.0,0.0,0.0,0.0,0.0,0.0,0.0,0.0,0.0,0.0,0.0,0.0,0.0,0.0,0.0003685638874623121
validating loss,0.0,0.001277049371209513,0.0009107611345421497,0.0004165211834737824,0.00041964127800990053,0.0004173459365119925,0.0004169047438659214,0.00041682137008238997,0.00041694400109311874,0.00041841436601923004,0.0004177244231363551,0.00041646654264897935,0.0004241358979521061,0.0004168281439989288,0.0004223978703521425,0.0004177770576158461,0.0004173182603861076,0.00041684960342536215
validating obj,0.040769294266485505,0.0,0.0,0.0,0.0,0.0,0.0,0.0,0.0,0.0,0.0,0.0,0.0,0.0,0.0,0.0,0.0,0.00019316760315430455
testing loss,0.0,0.0012326646026702144,0.0012724817518303738,0.00042667416361124395,0.00042839673335185726,0.00042901603685734427,0.00042659229630599666,0.000427933117444391,0.0004265264617699998,0.0004279075738678158,0.0004267132994140706,0.00042769944126563577,0.00043390261954620064,0.00042651014381270806,0.00042997334153246686,0.0004270133784401067,0.0004277393515154914,0.00042974219684618073
testing obj,0.037967899789077206,0.0,0.0,0.0,0.0,0.0,0.0,0.0,0.0,0.0,0.0,0.0,0.0,0.0,0.0,0.0,0.0,-0.0020805285717329213
