Epoch, 13
training loss,0.0,0.0013482856284884061,0.04212952921641808,0.04258070022744291,0.04247119667045041,0.04622692597993449,0.04256894948581855,0.040081066024654055,0.0422053192833475,0.043583141325735576,0.04439184864362081,0.04635607869747807,0.04049289261593538,0.04330009183316839,0.04480068695311453
training obj,0.06004553472294527,0.0006185495173079235,0.0004887605187261715,0.000492444760782425,0.000611192045029134,0.0005248085762301058,0.0007092830860261422,0.0007171163713792339,0.0006772486193963856,0.000648167401788455,0.0007709606427941289,0.0007708293571554618,0.0007658318018965314,0.0008695393310535663,0.000751453760969133
validating loss,0.0,0.0006621007442946495,0.02837198931309912,0.028984320893262822,0.02625071769580245,0.03444948626889123,0.022977104876190424,0.023681307340868644,0.024869317369949486,0.029920729705029063,0.04580555121517844,0.03617839763561884,0.031909927570571504,0.029803511169221666,0.04222187694783012
validating obj,0.04794523844288455,0.00014534388416601965,-0.00012137575605366792,8.066230899809549e-06,0.00014937924909948683,0.000577785022566483,0.00032393977724293817,0.0002515895394026302,4.6188001659983354e-05,-0.00010681034554080624,6.526547723398026e-06,-0.00022199177692527883,6.010627334439455e-05,5.8834344599745236e-05,-7.77237324251069e-05
testing loss,0.0,0.0011320636204382518,0.0252161461016717,0.030211964747994334,0.028807426475592562,0.03936986287904752,0.027038712922886416,0.029663798468489502,0.028251337692947,0.03544026871236998,0.052406394300428594,0.04158885398174863,0.03697784810100455,0.03228595876134932,0.04453864591699597
testing obj,0.04464335139287082,0.0002443094883740225,-6.658777459272863e-05,0.0002073716213753623,-8.92069996602053e-05,8.119886380783912e-05,0.0001588229218189529,-3.9871204510721304e-05,-0.000139909351010165,-3.8543039605625576e-05,0.00012947083647501327,-4.0907457406393476e-05,0.00027625066601054594,0.00040567066369820513,0.00030557714843952626
