Epoch, 16
training loss,0.0,0.0017373040028592097,0.05249143052919238,0.06411776343250976,0.0663934644749936,0.06774558879288972,0.07332755452861973,0.07202417369858892,0.07710904975732168,0.0771333214114694,0.081252877837887,0.08335040590050173,0.07749541490977886,0.0781646127940393,0.07633057853170469,0.07660186024857503,0.0776483247823575,0.07280280125491759
training obj,0.024931008441775454,-0.002029881141988524,-0.005803546251491735,-0.0035502332655311217,-0.002487464874581087,-0.0022875563999382306,-0.0014137007476414975,-0.0013562762936321544,-0.002190008764063903,-0.001367600823469533,-0.000959018421788499,-0.0014731733598655054,-0.0015371812005326444,-0.0011718612419916133,-0.0007597818568933244,-0.001547418681302053,-0.00084155596719653,-0.0009709435875764956
validating loss,0.0,0.0016234611846610075,0.03926391278704008,0.06903990471942557,0.05688922190003925,0.05650783340550131,0.05599470736665858,0.05979095709820589,0.06261311502506335,0.06502436701622274,0.06075564420057668,0.06907421578135756,0.06202428974211216,0.06444551857809226,0.05627582682710555,0.06390605266723368,0.05149352359068063,0.05437032122992807
validating obj,0.021449152225007612,-0.0036597498369196225,-0.0026136849030283177,-0.002200612078821804,-0.0016235115908784792,-0.0010702629256734832,-0.0005766338177232279,-0.0006177938129338953,-0.0005183272813964221,-0.0002857376675819978,-0.000773766501677326,-0.0004456376013371886,-0.0007365426653349358,-0.0010500141345093856,-0.0014028215373400599,-0.0007941595087888547,-0.001537949763587676,-0.0010463842158464508
testing loss,0.0,0.0017670138685561313,0.04083184049640958,0.0739898897984342,0.06596357800771256,0.056954201545276854,0.056416364518038276,0.05808139784022461,0.06067199859378004,0.06285042239264962,0.06186824364940057,0.06712365984866345,0.06495702850972176,0.06284568056061461,0.060374404196753294,0.06272992795660488,0.059072493028046714,0.06278503681784747
testing obj,0.019626313077940327,-0.0025739281570438194,-0.003086558834970551,-0.002492204209399485,-0.0016461405816576066,-0.0016725357925531932,-0.0013442149541554721,-0.0014512510608403466,-0.001561645998908962,-0.001195426272838754,-0.0011313555194253757,-0.0007471921318839933,-0.0010757657378358213,-0.001277888660174417,-0.0014949067530373263,-0.001420323212310118,-0.0017127210559084306,-0.001409992390796794
