Epoch, 14
training loss,0.0,0.0013482856284884061,0.013317168890681191,0.0005699347924354359,0.0005294654696698154,0.0005289783536378915,0.0005293248779672271,0.0005303203041822759,0.0005293075516580275,0.0005298252028867365,0.0005296562987496146,0.0005305942903528465,0.0005308952950929547,0.0005302023092357843,0.0005314655490128286,0.0005315723315945041
training obj,0.06004553472294527,0.0,0.0,0.0,0.0,0.0,0.0,0.0,0.0,0.0,0.0,0.0,0.0,0.0,0.0,0.0005429181702578824
validating loss,0.0,0.0006621007442946495,0.001015821270508847,0.000422210884304756,0.0004204236368726318,0.0004214442128108607,0.00041966500369502074,0.0004205690024213658,0.00042041367224656924,0.00042352021126943227,0.00042131420761708997,0.0004232064877416835,0.0004208996744839371,0.00042528318024576746,0.00042223402892381675,0.000420028560458579
validating obj,0.04794523844288455,0.0,0.0,0.0,0.0,0.0,0.0,0.0,0.0,0.0,0.0,0.0,0.0,0.0,0.0,-0.0007418801227080015
testing loss,0.0,0.0011320636204382518,0.001368192765840905,0.00042550779997671615,0.0004259194506016069,0.00042542455835123166,0.0004266670085426823,0.0004269020459154539,0.0004266296839125209,0.0004258960673453387,0.0004252545506853887,0.0004286679826248941,0.0004253158235400947,0.0004285855131849923,0.000426205151696293,0.00042643264404850433
testing obj,0.04464335139287082,0.0,0.0,0.0,0.0,0.0,0.0,0.0,0.0,0.0,0.0,0.0,0.0,0.0,0.0,0.00021346606435317144
