Epoch, 12
training loss,0.0,0.004157794067435259,0.049007634931773535,0.055008064948168456,0.055492829882046756,0.054316586489770925,0.05202478534523763,0.05133236533432615,0.05168695725938853,0.05217304441566561,0.05189951943854491,0.05085161759280691,0.0523771618949432,0.056510415585602033
training obj,0.024768354341059045,-0.00041665358859223914,-0.0008084832083470389,-0.0005095198981043901,-0.00030146940159337483,-0.0004329314224841986,2.494932964955475e-05,0.00038283854887327727,0.00011895958302250388,1.6594230078672078e-05,0.00022821428628601865,3.750204341486096e-05,0.0005539010114529553,0.0006650002996834433
validating loss,0.0,0.0033900933728242912,0.026613814031912222,0.03580009782065948,0.042716864910390645,0.04426264835314618,0.03255693454088436,0.028892214875668287,0.0444082570158773,0.03505018550074763,0.036861311721925936,0.024803727826414008,0.04348805611435738,0.06086146184760663
validating obj,0.021759651122718222,4.900344033052938e-05,0.0006023371566293968,0.0005159693205819672,0.0006278070811984233,0.0005169648017423848,0.00032285868655890226,0.00034525938260938146,0.00034085921813837357,0.00016216735012777563,0.00019481899410796663,-0.0001143901107651699,0.00011054314543596572,-0.0006052651006029919
testing loss,0.0,0.00365762719475488,0.03012713334346945,0.034892705885844456,0.04426709669516296,0.049542399249165446,0.037092088293787594,0.03358598955831415,0.061022167547127686,0.04599253905030924,0.04618833085673081,0.03817719735859616,0.06443379587821059,0.08408546505646931
testing obj,0.01892410174666627,-0.0010687120799982065,-0.0009175436406056522,-0.0008266285275002136,-0.0006402955025535177,-0.0008673754806246457,-0.0008958132199729113,-0.0008933722528053221,-0.0003625206610760526,-0.000896437416117437,-0.000981539356871508,-0.0010142987035529536,-0.0010848728250838012,-0.0012033777256382982
