Epoch, 24
training loss,0.0,0.0011606722546846368,0.012248969043253502,0.0005832180797405468,0.0005806274005889838,0.0005815451360974169,0.0005814801980901108,0.0005812854753743273,0.0005823133052806096,0.0005824970516864685,0.000583027308925475,0.000582669443974737,0.0005849902519805576,0.0005829907642727645,0.0005830626596363407,0.0005859555535054966,0.0005855202270836076,0.0005832387127299501,0.0005825826408588054,0.0005822943545782062,0.0005826194919577307,0.0005835111923207638,0.0005844141038502201,0.0005834189086967586,0.0005833082444915621,0.0005824135236359914
training obj,0.060578446302051635,0.0,0.0,0.0,0.0,0.0,0.0,0.0,0.0,0.0,0.0,0.0,0.0,0.0,0.0,0.0,0.0,0.0,0.0,0.0,0.0,0.0,0.0,0.0,0.0,0.0008782452349003185
validating loss,0.0,0.000830089003203385,0.0005092775643586518,0.00045748352062623273,0.00045845566112095385,0.00045784263440711785,0.0004574574334886468,0.000459423257578035,0.0004610427088967602,0.00045781013169390563,0.0004576872397592524,0.0004615393568706673,0.0004585730360607461,0.00045708558860092633,0.0004577292883267445,0.00046010592025898706,0.0004570693187512613,0.00045803471584804356,0.0004567325910708557,0.00046023463397028134,0.0004613958941869593,0.0004645180387241352,0.0004580629312032316,0.0004570796833528827,0.0004591923269698681,0.0004606542661349522
validating obj,0.047557076904922724,0.0,0.0,0.0,0.0,0.0,0.0,0.0,0.0,0.0,0.0,0.0,0.0,0.0,0.0,0.0,0.0,0.0,0.0,0.0,0.0,0.0,0.0,0.0,0.0,0.0012708453003950934
testing loss,0.0,0.0009473497325293342,0.0005969581342887486,0.00045398360846258975,0.0004561825600732747,0.00045356028764414276,0.00045470228065528934,0.00045764208787020197,0.00045773316044171616,0.0004535387746039526,0.00045563518870039843,0.00046240881606904994,0.000459175252979401,0.00045335412191028856,0.00045366545856341946,0.00045730739942440333,0.00045328352083546435,0.00045384564332748967,0.00045356221508464423,0.0004613691775916409,0.0004674893321321547,0.00046022704387920583,0.00045374044743398,0.0004567970984656288,0.00045470725170751984,0.0004563647140654408
testing obj,0.04590846191638628,0.0,0.0,0.0,0.0,0.0,0.0,0.0,0.0,0.0,0.0,0.0,0.0,0.0,0.0,0.0,0.0,0.0,0.0,0.0,0.0,0.0,0.0,0.0,0.0,0.001664106664483788
