Epoch, 18
training loss,0.0,0.0016141630641833022,0.01214649923620563,0.0005604082474532975,0.0005348990491577698,0.0005346013021920169,0.0005366107652091659,0.0005354927754310398,0.0005351976314747897,0.0005368377818205559,0.0005365081946936198,0.0005373153578451214,0.0005362461600823592,0.0005359991958054403,0.0005359702706782092,0.0005413001062526531,0.000538011197504067,0.000536390410207769,0.0005367987707894131,0.0005362678126902228
training obj,0.06014400951052998,0.0,0.0,0.0,0.0,0.0,0.0,0.0,0.0,0.0,0.0,0.0,0.0,0.0,0.0,0.0,0.0,0.0,0.0,0.0004263474761483296
validating loss,0.0,0.0014185964488812413,0.0006156197580114369,0.00046092937110289413,0.00046286286487884354,0.0004629358318197774,0.0004638644356115644,0.00046157350112076127,0.0004688540502684191,0.00046387872417754907,0.0004612316216581449,0.0004609579088234265,0.0004608360884756419,0.0004640165942772809,0.00047220275599910464,0.0004752984811299636,0.0004631721294572344,0.00046111172398215986,0.00046071782485847105,0.00046597102664236445
validating obj,0.05418907224925028,0.0,0.0,0.0,0.0,0.0,0.0,0.0,0.0,0.0,0.0,0.0,0.0,0.0,0.0,0.0,0.0,0.0,0.0,0.00014695019571162347
testing loss,0.0,0.0014079271131777205,0.000846344858055582,0.0004631912681263104,0.0004662436604613086,0.00046612414833460306,0.00046652196878976365,0.0004637286858908467,0.0004706594435619253,0.0004656466976361903,0.00046460953544246386,0.00046448963139728467,0.00046330428567425524,0.0004686127926893155,0.0004913208162965806,0.0004996480211785465,0.0004667751143003713,0.0004684252604862637,0.0004638724162391186,0.0004729731655380739
testing obj,0.0532970473270964,0.0,0.0,0.0,0.0,0.0,0.0,0.0,0.0,0.0,0.0,0.0,0.0,0.0,0.0,0.0,0.0,0.0,0.0,0.0009423099232859582
