Epoch, 17
training loss,0.0,0.0011834052609343666,0.01359148815139562,0.0005366744930963215,0.0005308139140063705,0.0005314607998526281,0.0005336591889727952,0.0005317780856178918,0.0005332993554903249,0.0005331796764735105,0.0005331091897638616,0.0005337448224571405,0.0005344532394077511,0.0005353597650052203,0.0005355089551919853,0.0005301343696391639,0.0005299631960880623,0.0005295937056265151,0.0005300613557611702
training obj,0.03516278671210303,0.0,0.0,0.0,0.0,0.0,0.0,0.0,0.0,0.0,0.0,0.0,0.0,0.0,0.0,0.0,0.0,0.0,-0.00012704180804647358
validating loss,0.0,0.0010814401911274116,0.0007587598178765296,0.000511876777333479,0.0005129126829059613,0.0005143235563688601,0.0005126897340232972,0.0005119383012141851,0.0005121536826967107,0.0005128731489902646,0.000512396786184076,0.0005128948802545589,0.0005150958594539487,0.0005124308734391687,0.0005147066971807766,0.0005119562461509809,0.0005118130840047444,0.000511986992730979,0.0005119139892081472
validating obj,0.03035823123839994,0.0,0.0,0.0,0.0,0.0,0.0,0.0,0.0,0.0,0.0,0.0,0.0,0.0,0.0,0.0,0.0,0.0,-0.0026813923905137926
testing loss,0.0,0.00114119696868206,0.0008087186778465292,0.0005160980883767872,0.0005221621809756176,0.0005168524101562169,0.0005220694125160367,0.0005123303128769023,0.0005140666443539148,0.0005232209606785202,0.00051310633293847,0.000511412884972398,0.0005161940472454582,0.0005106905138893273,0.0005205904123883827,0.0005160083453882033,0.0005136848078994237,0.0005143963342659943,0.0005139496712414453
testing obj,0.034932334158519235,0.0,0.0,0.0,0.0,0.0,0.0,0.0,0.0,0.0,0.0,0.0,0.0,0.0,0.0,0.0,0.0,0.0,0.002486482511960423
