Epoch, 13
training loss,0.0,0.0007939458466032246,0.046561456201415434,0.04527092074938849,0.044830730411351896,0.05253000360201387,0.05241064812038459,0.045804260342436676,0.045664136184781205,0.05363856350236079,0.05255646072328091,0.053578970405985325,0.048784260407966726,0.046591761576778745,0.043457999577124914
training obj,0.03879836216094155,0.0002775182348890595,8.408966891960624e-05,0.00045803883044487413,0.00038580939506965817,0.0005086358919666679,0.0007587834542124148,0.0008315329625403655,0.0007917727532056982,0.0006206959171001525,0.0005803321968700152,0.0006117561054826879,0.0008277389911396027,0.0014569273240197741,0.000864781447521904
validating loss,0.0,0.0005524725155636487,0.036905943881720304,0.03643206377617187,0.03556488759608732,0.0434544672154718,0.034667674012275204,0.02665137592703104,0.0314087948968841,0.03951921552005741,0.03800636835189329,0.03724952109365,0.026704809757777385,0.021996535839409463,0.02183251641690731
validating obj,0.03707110708475941,0.0003747428434305928,0.000418833397108958,0.0005578076452366076,0.00019733183823215464,0.0002770532397941376,0.00014967080642236397,0.00015983103043658452,0.0004442778558263348,0.0002553526622553666,6.209533845928188e-05,2.4665835856770475e-05,3.8516667296385596e-05,4.1263378483967645e-06,0.00024397372585048692
testing loss,0.0,0.0006975438223594825,0.05232635638802438,0.04298181906090798,0.04766036451769036,0.05486672663608113,0.04781384156966532,0.026234532152680127,0.039953408108369726,0.05352901033050305,0.04904444062629262,0.040739754919667505,0.03175131133379969,0.026361178908799146,0.02764873391621419
testing obj,0.030711685898839623,2.4948083886851532e-05,0.00030908855724437917,-0.00023253652191645391,0.0003397461660898517,-1.2200325137520259e-05,-1.8824485360292364e-05,4.973965956565194e-05,-0.0003274327975452399,3.160899693800791e-05,0.0001714851037045387,5.120519356726593e-05,0.0004470160052438292,0.00012610557275144634,0.0002949490617784495
