Epoch, 17
training loss,0.0,0.0007901202917827165,0.043448400249083835,0.042160058255289116,0.0408593632719096,0.04691388243261506,0.04619456477024976,0.04842814563536176,0.04597303134699662,0.047272975932733684,0.046489320651573296,0.04938192725473759,0.04877302670011333,0.04842772695655916,0.04724806788213113,0.04698465451890347,0.04632978572272787,0.04667066538742944,0.046787829353821045
training obj,0.060486846219967395,0.0006125109544989433,0.000386752327190776,0.0007512197353279072,0.001030901896535629,0.0009033019252135144,0.0008582591010981203,0.0010056234387721976,0.0009803666954052031,0.0007108770007856519,0.0008925398255871864,0.0007452365974256513,0.0007912009529593656,0.0007506032825296963,0.0007850390296844839,0.0010406873575822615,0.0008863000653732075,0.001064645314495554,0.001231989271107915
validating loss,0.0,0.0005587927444139495,0.02302403101283643,0.0270224929942439,0.03180334773949451,0.02735943988793426,0.03603962102594475,0.033025264403679304,0.028753178090684943,0.03360825746009747,0.029166275531881385,0.03957821268381344,0.04455422726459801,0.039469783685894475,0.0425743691674951,0.03504719854229026,0.038314481653893985,0.046494192340307765,0.04063305028507279
validating obj,0.05628291664955517,0.0005075507199055412,0.0011492802441352978,0.0006860673216174797,0.0009003147651027474,0.0009647153508720092,0.0006543782094215405,0.0006913949885832457,0.0007852360079899275,0.0007216968567970778,0.0006248319926574671,0.0009974607677981516,0.0009768068622280327,0.0004899598441423021,0.0004979512891117742,0.0005389631223806646,0.0006023978288188422,0.000590886528597265,0.0006204318552691904
testing loss,0.0,0.000672789427020738,0.02879813903741337,0.03252527818738206,0.03617829658292435,0.0252898441237473,0.04301225147335916,0.040748184836293395,0.026048824656754732,0.028709240433936183,0.027314716232688847,0.035260398431706266,0.058371745414931224,0.04980575957184506,0.05098372657556791,0.04940121388692107,0.054088442951340125,0.06602834472181024,0.05438001847800773
testing obj,0.04924154097868784,0.00036207329321769066,0.00043451731196271156,0.0003447812282625032,0.0006651148776998869,0.000611872646963142,0.00031865800721444994,0.00023537266797329475,0.00032824587322318475,0.0001616739106326792,0.0002363280497799703,1.2154773513257905e-05,0.0005226509458372822,0.0004094134158033223,0.00042020284977420613,0.0003825609558073149,0.00022320371047228677,0.00025322926936693164,0.0002685722301484438
