Epoch, 27
training loss,0.0,0.0015949890783910328,0.0146436584631053,0.0005382878213662051,0.0005381230441522419,0.0005404252050342905,0.0005402606048828959,0.0005405746519054268,0.0005394224013834187,0.0005390794320156405,0.0005388684122390616,0.0005416729489048057,0.0005417919411710875,0.0005419830012411409,0.0005418420928489308,0.0005396101944486374,0.0005377648011370398,0.0005374459467751805,0.0005368622742917426,0.0005367790874266111,0.0005371976197114005,0.0005372281558783131,0.0005370871711456144,0.0005373583936506846,0.0005372437149287412,0.0005371688867265167,0.0005373299670406827,0.0005369725601471431,0.0005369462719410841
training obj,0.03927601505910941,0.0,0.0,0.0,0.0,0.0,0.0,0.0,0.0,0.0,0.0,0.0,0.0,0.0,0.0,0.0,0.0,0.0,0.0,0.0,0.0,0.0,0.0,0.0,0.0,0.0,0.0,0.0,0.00011376305506108146
validating loss,0.0,0.0014150844007316562,0.0004680786479285517,0.00046965130796808,0.0004669831311427212,0.0004697663858274205,0.0004697883818557279,0.0004688760727731278,0.00046828513384550915,0.0004727919283848476,0.00047373022587433096,0.00046780781041080545,0.0004699586196592362,0.00046927047757587087,0.0004687610884906866,0.0004715802730667444,0.0004684169720753238,0.00046799989488338016,0.00046755874457934016,0.00046789394168121764,0.0004664868730388763,0.0004680670790548902,0.00046778219802945387,0.0004674670686250061,0.00046873541517319,0.000467372712086621,0.00046630851092130697,0.0004699483585379009,0.0004664307521630286
validating obj,0.040129344599942364,0.0,0.0,0.0,0.0,0.0,0.0,0.0,0.0,0.0,0.0,0.0,0.0,0.0,0.0,0.0,0.0,0.0,0.0,0.0,0.0,0.0,0.0,0.0,0.0,0.0,0.0,0.0,0.0008608269070262193
testing loss,0.0,0.0013815017491406005,0.00042974304533099466,0.0004334292266198522,0.0004290155717859995,0.000433928871840377,0.0004344619153778547,0.00043240625077364586,0.00043050277354022664,0.0004348081910811251,0.0004397509548800519,0.0004309236825753721,0.00043416357761629653,0.00043283809635967545,0.0004297244745799076,0.0004376899976066213,0.0004313225213696274,0.00043013415519011243,0.00042980301942726647,0.00042984370338672306,0.00042775952312473927,0.0004302031166672178,0.00042878340713827667,0.00042905083766428916,0.00043097562116304906,0.0004291217824789488,0.000427626735865881,0.0004314845130933021,0.0004278695755724707
testing obj,0.034418252359672975,0.0,0.0,0.0,0.0,0.0,0.0,0.0,0.0,0.0,0.0,0.0,0.0,0.0,0.0,0.0,0.0,0.0,0.0,0.0,0.0,0.0,0.0,0.0,0.0,0.0,0.0,0.0,-0.00023597556620999868
