Epoch, 14
training loss,0.0,0.0012986101976518209,0.013399699132366782,0.0005556292439566688,0.0005461795338573318,0.0005475338878835935,0.0005469143925652401,0.0005468195239218938,0.0005484370120422111,0.0005482152811144296,0.0005498847631707916,0.0005492447445730624,0.0005481202934307101,0.0005492357552272962,0.0005480247072638104,0.0005474675227899342
training obj,0.044812697124685726,0.0,0.0,0.0,0.0,0.0,0.0,0.0,0.0,0.0,0.0,0.0,0.0,0.0,0.0,0.00016076178095924358
validating loss,0.0,0.0009503966737409226,0.0006718496754021746,0.0004542643566512399,0.0004550754456431605,0.0004544844638682359,0.0004549828873779107,0.0004546219279291108,0.0004541833477560431,0.0004584579007011295,0.00046008083821410156,0.00045562101473074616,0.000454948626510385,0.00045664746216465975,0.00045873223987453256,0.00045524601874704886
validating obj,0.043697742408969335,0.0,0.0,0.0,0.0,0.0,0.0,0.0,0.0,0.0,0.0,0.0,0.0,0.0,0.0,-9.342275249461333e-05
testing loss,0.0,0.0011206894733068358,0.0007475785462923562,0.00043070481360946606,0.00043165973693248816,0.0004309208088670857,0.000430101336442513,0.0004299244798391088,0.0004305384996719973,0.0004319496987886236,0.0004383826121370107,0.00043074515712293295,0.0004279112142063929,0.00042981871750246656,0.00043413262706913836,0.0004325170027457077
testing obj,0.03920435987261904,0.0,0.0,0.0,0.0,0.0,0.0,0.0,0.0,0.0,0.0,0.0,0.0,0.0,0.0,-0.0002211932111783205
