Epoch, 14
training loss,0.0,0.0010221759315612088,0.015139191650029948,0.0005215380229535238,0.0005223857439191574,0.0005231884009702423,0.0005232603767688167,0.0005247200860621353,0.0005229076168582062,0.0005238473725530283,0.0005238163220472451,0.0005244810103071288,0.0005247130365437353,0.0005241566321951812,0.0005257575720201667,0.0005253528590044738
training obj,0.038055084930623276,0.0,0.0,0.0,0.0,0.0,0.0,0.0,0.0,0.0,0.0,0.0,0.0,0.0,0.0,3.479237830284618e-05
validating loss,0.0,0.0006356932614532221,0.00048219543876055267,0.00048083764644009835,0.00048055340246517316,0.0004808887970284559,0.0004826655104908342,0.00048415403438816103,0.0004808014629007731,0.0004808452894293522,0.0004796690698438195,0.0004822792759821621,0.0004823712790514239,0.0004911570077739372,0.00048045056832456286,0.00048147044981305953
validating obj,0.034040661373486124,0.0,0.0,0.0,0.0,0.0,0.0,0.0,0.0,0.0,0.0,0.0,0.0,0.0,0.0,-0.0009037460048501897
testing loss,0.0,0.0008824257546055722,0.0005360845671266607,0.0005302731143593839,0.0005326184502730423,0.0005319354560334752,0.0005336545926528177,0.0005413634225496444,0.000532431055231624,0.0005333143882445576,0.000530097090656479,0.0005308161204526629,0.0005307387913784918,0.0005528206364377527,0.0005319817033966034,0.000533768226592361
testing obj,0.03442558081115823,0.0,0.0,0.0,0.0,0.0,0.0,0.0,0.0,0.0,0.0,0.0,0.0,0.0,0.0,-0.0004518867873058126
