Epoch, 17
training loss,0.0,0.0007825902768458678,0.016111539397645494,0.0005295502580873504,0.0005295993657080758,0.0005303049873641701,0.0005317638799954462,0.0005324827583749806,0.0005306002655975046,0.0005330070410398584,0.000534448032604083,0.0005351544830345493,0.000533216183819105,0.0005327107176508791,0.0005338194120364884,0.0005319357636514778,0.0005340095549221515,0.0005314095167491092,0.0005293274943302522
training obj,0.03230550370051288,0.0,0.0,0.0,0.0,0.0,0.0,0.0,0.0,0.0,0.0,0.0,0.0,0.0,0.0,0.0,0.0,0.0,9.601979925041543e-05
validating loss,0.0,0.0005346215790874945,0.00046415155318552733,0.0004644480335021702,0.000463529271655716,0.00046849880689276487,0.0004631323505842981,0.0004648840850778571,0.0004632560626810624,0.0004701663874584483,0.0004643136645528203,0.000463460025962882,0.00047433900989643816,0.0004698513712355634,0.00046747623855480924,0.00047079491620631114,0.0004660485875420919,0.00048219611481828097,0.00046434199349379115
validating obj,0.03131222949984173,0.0,0.0,0.0,0.0,0.0,0.0,0.0,0.0,0.0,0.0,0.0,0.0,0.0,0.0,0.0,0.0,0.0,-0.0010807352050000594
testing loss,0.0,0.0006582878224828557,0.00044865044534113575,0.0004374673812275727,0.0004378816083280489,0.00044145286916023613,0.00043994703510425343,0.0004374645472912439,0.0004384798495094229,0.00045192287536731265,0.0004373152459192096,0.00043915109351990003,0.0004469178863989844,0.0004422076980935762,0.0004453029357407374,0.00045369595205261865,0.00043818768672527103,0.00046220757212722674,0.0004374052403216263
testing obj,0.023463622503284667,0.0,0.0,0.0,0.0,0.0,0.0,0.0,0.0,0.0,0.0,0.0,0.0,0.0,0.0,0.0,0.0,0.0,-0.0013795218019859513
