Epoch, 17
training loss,0.0,0.0016141630641833022,0.044860635018524005,0.04488925787017626,0.05017351917192048,0.05304515335489722,0.05836600433377659,0.06197354111309145,0.06478099354049739,0.06555717565557535,0.06871071440332076,0.06999613763947113,0.07000690390374147,0.06732116711198115,0.066550870751049,0.0659322637115039,0.06697630985986952,0.06598486310126735,0.06662216131009308
training obj,0.06014400951052998,0.00037649082300691484,0.0004019091836537472,0.0005595775623006892,0.00045888951617776983,0.0005764338874666696,0.0006172729751401051,0.00034340412690368136,0.0004793918844227971,0.0008276307106522533,0.0008478332462711442,0.000684547191714028,0.0008378203895499966,0.0008215458992316259,0.0010365681222859113,0.0012585436888769561,0.001200412327221677,0.001368766970186056,0.0013844900736847765
validating loss,0.0,0.0014185964488812413,0.024223136353409953,0.035683908965438604,0.028835978617684707,0.0276263694330636,0.036369603877473206,0.05006950622838405,0.03495976854012244,0.05784425801701016,0.06554907829397255,0.049470645685990654,0.061930769226617284,0.023184550822609,0.054631663486361504,0.05121634083075656,0.055801522452384233,0.06050951546058059,0.05881018905589978
validating obj,0.05418907224925028,0.0006738021960093951,0.0012820054220760034,0.0011790762986897284,0.0004718064216528243,0.001055457800248405,0.0005363281367560072,0.0006806101599876354,0.0006590142737776558,0.0007909622149276806,0.00073908449303417,0.000792041748758897,0.0007970866952544182,0.00039152300046730996,0.000520227806797872,0.0006040723892510869,0.0004945558256521407,0.0005222338909839487,0.000421253201946254
testing loss,0.0,0.0014079271131777205,0.024500552413834108,0.04327380615664092,0.031010826747562434,0.025214034396953678,0.036194915442752676,0.05116661884696097,0.034786243042027626,0.05650111516887272,0.06942981682919167,0.05044307481698893,0.05699343267022758,0.020992796383546414,0.04930172878242022,0.050141755667691294,0.05160961977231342,0.056206523038044166,0.05664602294564247
testing obj,0.0532970473270964,0.00047023807407665144,0.0008898833408681172,0.0005241750111815998,0.0004949041878618929,0.00027947947150882885,0.0003814564919888948,0.0002876494523858324,0.00048470430192537606,0.0006844257042905303,0.00039763870488575384,0.0007262372878235387,0.0005734505767405435,0.0005458835575326875,0.000680161541134333,0.0007944396902284761,0.0007171998395524743,0.0007713111243336587,0.0008809715434688622
