Epoch, 20
training loss,0.0,0.0008303851497247724,0.016476210220899505,0.0005697986240157465,0.0005651314210148948,0.000569345213044275,0.0005669922465897923,0.0005704088648581448,0.0005723458721631152,0.0005683752336635199,0.0005690840216023692,0.0005674252477725603,0.0005715601029235176,0.0005685268752630709,0.0005735453244044181,0.0005751096044738969,0.0005672807417331747,0.0005675568069444339,0.0005643270907075573,0.000565125891700839,0.0005653551309888808,0.0005645625474440464
training obj,0.026631199871646423,0.0,0.0,0.0,0.0,0.0,0.0,0.0,0.0,0.0,0.0,0.0,0.0,0.0,0.0,0.0,0.0,0.0,0.0,0.0,0.0,-8.86415863551163e-05
validating loss,0.0,0.0005319466518914043,0.00046142139621628705,0.00042373584144823125,0.0004276472846969328,0.0004321589726209317,0.0004212161532753574,0.00042591601828058227,0.0004342986566270055,0.00042154416193322203,0.00042244415746810974,0.00042170006044115225,0.00042421323299398256,0.00042140984725038934,0.00042346238862794254,0.00042509564213509695,0.00042877909143296874,0.0004242151584953212,0.00042393995863676537,0.00042245086590103,0.0004224988873223386,0.0004232790473300459
validating obj,0.021508611091930006,0.0,0.0,0.0,0.0,0.0,0.0,0.0,0.0,0.0,0.0,0.0,0.0,0.0,0.0,0.0,0.0,0.0,0.0,0.0,0.0,-0.0035382041338986405
testing loss,0.0,0.0005449011936237897,0.0005066614027069787,0.00041680778721874467,0.000420568017403098,0.00042612912772243807,0.0004154444610518309,0.0004256370722106186,0.00043353416111966835,0.0004165647445719318,0.00041692320455449344,0.0004171797604244234,0.0004167255772552233,0.0004166190097945415,0.000422029939137566,0.00041937865687548373,0.00042012849637005175,0.00042031930929255934,0.00041867078490778677,0.0004179543806507403,0.00041587249585506005,0.00041735514182742134
testing obj,0.020134440157562494,0.0,0.0,0.0,0.0,0.0,0.0,0.0,0.0,0.0,0.0,0.0,0.0,0.0,0.0,0.0,0.0,0.0,0.0,0.0,0.0,-0.0035662598014381285
