Epoch, 26
training loss,0.0,0.000966001195717813,0.01595772235770139,0.00047832313236237194,0.0004797905985398364,0.00048116106794195195,0.00047933779418349776,0.0004813320648870157,0.00048108839994301,0.00047987587901183825,0.00048255831399514776,0.0004831229641008666,0.0004820350614917355,0.00048151434397475574,0.00048212671160809784,0.00048472153199220297,0.0004771877413754826,0.00047730127500436343,0.00047702073000026774,0.00047735816777133675,0.0004772129537670088,0.0004778846523692539,0.0004774421800724596,0.00047766986600061715,0.000477171649082961,0.00047715322856960234,0.00047687202911451916,0.0004768685949766579
training obj,0.02507369757410796,0.0,0.0,0.0,0.0,0.0,0.0,0.0,0.0,0.0,0.0,0.0,0.0,0.0,0.0,0.0,0.0,0.0,0.0,0.0,0.0,0.0,0.0,0.0,0.0,0.0,0.0,-0.0005455896775375175
validating loss,0.0,0.000618567497238271,0.0004753487559759782,0.0004791321714745007,0.0004732000949540331,0.00047426728684109147,0.0004737348905716014,0.0004772047436239922,0.00047466141626904975,0.0004742813697602186,0.00047329574246961984,0.0004734069463868056,0.0004768877877520734,0.0004738302248167909,0.00047813753169773717,0.0004742256472430502,0.00047322715747415915,0.00047305379282786616,0.00047370928384932794,0.0004732732648133404,0.00047372711439190124,0.00047367352211343433,0.000473426179572319,0.000473482598560319,0.0004738495606741506,0.00047323666310856223,0.0004742707240236794,0.0004735709038262333
validating obj,0.02401480281777266,0.0,0.0,0.0,0.0,0.0,0.0,0.0,0.0,0.0,0.0,0.0,0.0,0.0,0.0,0.0,0.0,0.0,0.0,0.0,0.0,0.0,0.0,0.0,0.0,0.0,0.0,-0.0022242162570667765
testing loss,0.0,0.0009304283165555397,0.0005548467249625262,0.0005598892694743463,0.0005529294021717096,0.0005531919436966622,0.0005518414827010192,0.000562585169383375,0.0005540231567637593,0.0005573180212711639,0.0005527055952886774,0.0005536835979492517,0.0005576989366287504,0.0005537238312417931,0.0005587130641239079,0.0005546456650827659,0.0005539617393239767,0.0005523000481598256,0.0005522637851803715,0.0005534832761858943,0.0005532169621752424,0.0005511617676568898,0.000555986793777855,0.0005524649811402039,0.0005562278001397735,0.0005538618217444211,0.0005543855566773689,0.0005531593600903147
testing obj,0.027066183956088247,0.0,0.0,0.0,0.0,0.0,0.0,0.0,0.0,0.0,0.0,0.0,0.0,0.0,0.0,0.0,0.0,0.0,0.0,0.0,0.0,0.0,0.0,0.0,0.0,0.0,0.0,-0.0017694312232747875
