Epoch, 23
training loss,0.0,0.0012113053397293768,0.013999054267518588,0.0005739229970940334,0.000572128939943379,0.0005721138181066707,0.0005727917215599697,0.000573468956795028,0.0005721871095410475,0.000573605213339404,0.0005741354786247636,0.000572989319163539,0.0005739422562685064,0.0005750149075003505,0.0005733990065659872,0.0005737728080038876,0.0005709310767854856,0.0005706843932891977,0.0005704301586328987,0.0005710784541032112,0.0005707763160257052,0.0005710544529731623,0.0005710965898412956,0.0005712312610258403,0.0005713626511814985
training obj,0.059289670929166614,0.0,0.0,0.0,0.0,0.0,0.0,0.0,0.0,0.0,0.0,0.0,0.0,0.0,0.0,0.0,0.0,0.0,0.0,0.0,0.0,0.0,0.0,0.0,0.0006426537288729485
validating loss,0.0,0.0009182850739711688,0.0005497311968712085,0.0004180341853094029,0.0004177744726297937,0.00042071418202896084,0.0004188885937360788,0.00041854583671213023,0.0004177877504439999,0.0004235947110121035,0.00041892055055036,0.00041929601603543334,0.00041843351795655,0.00041809003010308114,0.0004185993960466779,0.00041910986227675393,0.000417820052259938,0.0004178962753940141,0.0004196536188424539,0.00041777933640534885,0.0004182248036765183,0.000418659343267791,0.00041837717152601626,0.000418191060008313,0.0004186046030049005
validating obj,0.042648233421560794,0.0,0.0,0.0,0.0,0.0,0.0,0.0,0.0,0.0,0.0,0.0,0.0,0.0,0.0,0.0,0.0,0.0,0.0,0.0,0.0,0.0,0.0,0.0,-0.0009174802988935779
testing loss,0.0,0.0009386488362341314,0.0007231743047422906,0.00045295248909914753,0.00045479610403040044,0.00045394308275521127,0.00045575895244444445,0.0004526194541638786,0.0004534463120787247,0.00045598995923166904,0.00045428085355229703,0.0004523828085586649,0.0004524552153491862,0.0004564460922100241,0.00045267756846639,0.00045477282981517273,0.0004536643167296928,0.0004525983263069852,0.0004526135775990583,0.00045329269139344705,0.00045214913365811837,0.0004523324846436358,0.0004519877279440029,0.00045410545228790125,0.0004520506563248755
testing obj,0.04662214770812441,0.0,0.0,0.0,0.0,0.0,0.0,0.0,0.0,0.0,0.0,0.0,0.0,0.0,0.0,0.0,0.0,0.0,0.0,0.0,0.0,0.0,0.0,0.0,0.0003743113452770017
