Epoch, 14
training loss,0.0,0.0014869547939822807,0.012906011384135734,0.0006866378328756101,0.0005558478092008919,0.0005569038914223247,0.0005565478736374929,0.0005574074666690328,0.0005579416021789132,0.0005592551120036446,0.0005569999819272197,0.0005575739758319733,0.0005592971220703833,0.0005572832948197245,0.0005569482556322827,0.0005631651789264972
training obj,0.058862650332351524,0.0,0.0,0.0,0.0,0.0,0.0,0.0,0.0,0.0,0.0,0.0,0.0,0.0,0.0,0.0003731846642753511
validating loss,0.0,0.0011874070995771843,0.0015915252325713583,0.0004463174528710725,0.0004461814294498052,0.00044731841767821205,0.0004464768309036218,0.00044665000152437843,0.00044720885368102853,0.00044626853701225226,0.0004467279177333694,0.00044812600329654134,0.0004489365653878647,0.00044640852825573855,0.00044634332738900813,0.0004464228249061206
validating obj,0.050376322146298155,0.0,0.0,0.0,0.0,0.0,0.0,0.0,0.0,0.0,0.0,0.0,0.0,0.0,0.0,-0.0008512793833182917
testing loss,0.0,0.0012291093672329963,0.0019259620494267438,0.0004268366880038426,0.00042672291292055397,0.0004281189020902447,0.0004276526021410088,0.0004274067356852135,0.00042722042623633596,0.00042680682767044147,0.0004272592986789941,0.00042895625990019433,0.0004303585626346191,0.00042691748859470936,0.0004287941692136637,0.0004271502254375043
testing obj,0.04535965996517523,0.0,0.0,0.0,0.0,0.0,0.0,0.0,0.0,0.0,0.0,0.0,0.0,0.0,0.0,-0.002645930161265455
