Epoch, 14
training loss,0.0,0.0018607855067981004,0.014708608054092574,0.0006137806688225371,0.0006125643003079127,0.0006127977774275339,0.0006106820652277355,0.0006126872308503188,0.0006121350759035433,0.0006131142742792601,0.0006135438055435752,0.0006126926969919426,0.0006126352359441465,0.0006164802568045892,0.0006159300024520752,0.0006142542018827882
training obj,0.03796364287024035,0.0,0.0,0.0,0.0,0.0,0.0,0.0,0.0,0.0,0.0,0.0,0.0,0.0,0.0,0.00038599698831710746
validating loss,0.0,0.0012137199745565238,0.0005092648350708057,0.0004135275101159803,0.0004143186488363426,0.0004136643819947494,0.00041490937817596004,0.000412915813891838,0.00041295400903133367,0.00041511998177965224,0.0004179621642429589,0.0004236747902016052,0.00042212181849916105,0.00041334774606285564,0.0004127205894393329,0.00042763310213760834
validating obj,0.029646358789048262,0.0,0.0,0.0,0.0,0.0,0.0,0.0,0.0,0.0,0.0,0.0,0.0,0.0,0.0,-0.0017831198411941943
testing loss,0.0,0.00142872058613402,0.0005791613127528124,0.0004461815656828254,0.00044966115505352765,0.00044149443616530533,0.00043924789359742726,0.0004463967746454039,0.0004480982208553689,0.00044455435184047657,0.00043660084456614395,0.00043872479068955434,0.00044820859398601604,0.0004424717109351469,0.0004507370496277282,0.00045024727247387953
testing obj,0.029049743942261952,0.0,0.0,0.0,0.0,0.0,0.0,0.0,0.0,0.0,0.0,0.0,0.0,0.0,0.0,-0.0006457777926698327
