Epoch, 14
training loss,0.0,0.0016476092953691443,0.04149216886828928,0.040545603092394626,0.03772117931614904,0.04529268857749069,0.045821393668359404,0.050419378879607894,0.052333007080882205,0.04847209111732595,0.04927953605120088,0.04803545053536985,0.04321338033997545,0.03992260274495564,0.03883411470873683,0.04171917052829967
training obj,0.054176084584026944,0.0003708345921540076,0.0003132123785155058,0.0005100709750823786,0.0007059410617312453,0.0005256161141647574,0.0006272259985231429,0.0006664181346137661,0.0008174140853453519,0.0005610084633671623,0.000390386195652479,0.0007505145828426797,0.0006084033404191609,0.0006462206901678833,0.0007517280795511004,0.0005756358402625968
validating loss,0.0,0.0013496331682997858,0.013823854581763348,0.02214900078251958,0.01825466129877087,0.03252201449746887,0.02903424943279889,0.029157823805386823,0.042013035259313054,0.03318975123369859,0.039151806539545454,0.02559813665640023,0.028165332817782957,0.03645450674876985,0.02113684812664158,0.020148391149834625
validating obj,0.04542961183728443,0.0002159135138855264,0.0004475059500287494,0.0002073002211141607,0.00031040028584862337,0.00014323114050461704,0.00014389141789352935,0.00043061953409859497,0.00024998743255208764,0.0005996957596734217,0.00018169480083290383,0.00012333580727701902,0.00011612750838847003,0.00023738889164330126,-0.0002933227693170516,0.00016141392835480574
testing loss,0.0,0.0015417901890327197,0.023093963249561353,0.029928466028256995,0.024817785912042332,0.03423593849623324,0.03335126194901563,0.028623111763138424,0.046184736165545276,0.04990355776169816,0.04615986505775033,0.03905557596905006,0.04303055687027203,0.045125338777497005,0.03127410535297885,0.029007308166222396
testing obj,0.04755819637982829,0.0003120136190429204,0.0002855436002907998,0.0006172615317769374,0.0002888387458074863,9.956531033133836e-05,0.00023390216134627022,0.00039520216877635166,0.0005625261493716263,0.0004991954978125963,0.00017889429924449556,8.733521079537584e-05,0.00023565147480317014,0.0005516659535665845,0.0004474774218947828,0.0005411369829498408
