Epoch, 26
training loss,0.0,0.0009483934695120244,0.014888630691212693,0.0006083442757788397,0.0005786751511514726,0.0005787801599260146,0.0005790914653249167,0.0005790154957817411,0.0005796339506381556,0.0005827463599630658,0.000581445186638602,0.0005805533276168931,0.000579326665904898,0.0005825180438371128,0.0005811639785950355,0.0005836071208428692,0.0005762958281539956,0.0005763505375487547,0.0005764673500950676,0.0005761530403534006,0.0005762710822797518,0.000576734424747901,0.0005763434204210153,0.0005767149872411334,0.0005763405962794673,0.0005767138523201449,0.0005768634498321369,0.0005762069777547902
training obj,0.03908560555245654,0.0,0.0,0.0,0.0,0.0,0.0,0.0,0.0,0.0,0.0,0.0,0.0,0.0,0.0,0.0,0.0,0.0,0.0,0.0,0.0,0.0,0.0,0.0,0.0,0.0,0.0,5.274317227303982e-05
validating loss,0.0,0.0006990355405933871,0.0005094073114580371,0.0004789298311354489,0.00047875737840917683,0.0004795930975281711,0.00048399866763146647,0.0004835592582013406,0.0004790172368100482,0.0004894076306906451,0.00047927135589513153,0.0004812157852332651,0.0004836025794550854,0.00047976074771819793,0.0004909476429020287,0.00048023317706085637,0.0004788152453127421,0.0004789423255715519,0.00047892288300014724,0.00047877642908942007,0.00047920360884745605,0.00047928714512737416,0.0004785982067308699,0.00047900011062059394,0.00047929228902729746,0.0004793986663571559,0.0004790458592146428,0.00047858570906100795
validating obj,0.037277855832750596,0.0,0.0,0.0,0.0,0.0,0.0,0.0,0.0,0.0,0.0,0.0,0.0,0.0,0.0,0.0,0.0,0.0,0.0,0.0,0.0,0.0,0.0,0.0,0.0,0.0,0.0,-0.0005956207104544672
testing loss,0.0,0.0007626368620745976,0.000503854842758596,0.0004408014000718312,0.0004410176128215893,0.00044317832239234905,0.0004446197998166443,0.00044434667580463684,0.0004416762953828643,0.0004517359078867279,0.000442824231524011,0.0004468731188574787,0.0004515428384341224,0.00044107256783447793,0.0004509517791145324,0.000443890661060593,0.00044188575835456457,0.0004417421717064556,0.00044113020747907876,0.00044079247699473117,0.00044085856687751083,0.00044114965989924587,0.00044139936968300343,0.0004409153084821269,0.0004414181087151912,0.00044159794600312345,0.0004409609226894571,0.0004411384560060813
testing obj,0.026746980355096026,0.0,0.0,0.0,0.0,0.0,0.0,0.0,0.0,0.0,0.0,0.0,0.0,0.0,0.0,0.0,0.0,0.0,0.0,0.0,0.0,0.0,0.0,0.0,0.0,0.0,0.0,-0.0016758673434221262
