Epoch, 12
training loss,0.0,0.001235118797893508,0.04236288668186057,0.04119541469011821,0.037393072035674955,0.03249236274437577,0.030159318702770214,0.027101185256797892,0.02348703007925959,0.023731474373854842,0.02970982329079918,0.028820109652245747,0.030790410950487734,0.02965355687135575
training obj,0.05502896476171765,0.00022263437641930638,0.00023624018096027202,0.0003204416332414885,0.00038959909117479316,0.0004134152311713015,0.0004694304792221873,0.0009582030045909479,0.0007467248494161621,0.0009991260623221524,0.0007902608485321752,0.0006811812267793964,0.0008030689764293094,0.0007733347679045526
validating loss,0.0,0.0010524847530177794,0.02879758018793331,0.02510862456013759,0.020699812849569652,0.016880285719202623,0.017156852525658906,0.012079211262365183,0.009906273710334467,0.017070237728249695,0.017296457326867513,0.017428817408573296,0.018890903719390433,0.0192071245983243
validating obj,0.04484249589343866,0.0005377402396536329,0.0006556180038993867,0.0008986490716375152,0.0009973738981190966,0.0008649560533942551,0.0008701790486358934,0.0009954670321248057,0.0005261382951478785,0.0006963929643259487,0.0006852308001220485,0.0006098609762072252,0.00041741894811922166,0.0008281949323847786
testing loss,0.0,0.0010753864319397238,0.03246732538163259,0.031100241026866274,0.021323668468441512,0.019289886673308304,0.019496033024797972,0.013702802133519907,0.009470030246931757,0.01620650979237178,0.01724641093027753,0.01594456600818179,0.017603812852522004,0.018781786142672237
testing obj,0.04191888220658576,0.0005617480698699208,0.000561086815700086,0.0007343452338859237,0.0007822506567872306,0.00037641709314885775,0.0006167747405187756,0.0003538537016169898,0.0004901212305412628,0.0006555982260112147,0.0005979075000583622,0.0005881265584517874,0.0005215678556359726,0.00035174611784404496
