Epoch, 14
training loss,0.0,0.001235118797893508,0.013896734069338909,0.0006623758239227612,0.0005751842211312204,0.0005757146395255546,0.0005750237075142863,0.0005759585492128013,0.0005756114941522908,0.0005772534142677472,0.0005775243221518502,0.0005760654654723647,0.0005762574736139618,0.0005826097336431107,0.0005786942324359153,0.0005790106783559382
training obj,0.05502896476171765,0.0,0.0,0.0,0.0,0.0,0.0,0.0,0.0,0.0,0.0,0.0,0.0,0.0,0.0,0.00034568932140816694
validating loss,0.0,0.0010524847530177794,0.0007575561226581663,0.0004906344410200189,0.0004931903010098418,0.0004898076422250597,0.0004913275089266892,0.0004899377418041695,0.0004901023324540196,0.0004921695439811123,0.0004922569741110136,0.0004916111263608198,0.0004906654598420977,0.0004901945657264958,0.0004927361308849262,0.0004904514785771931
validating obj,0.04484249589343866,0.0,0.0,0.0,0.0,0.0,0.0,0.0,0.0,0.0,0.0,0.0,0.0,0.0,0.0,0.00021658338179501394
testing loss,0.0,0.0010753864319397238,0.0007987145096145419,0.0004613408695936291,0.00046473654701667083,0.0004589320748424585,0.0004601838722796733,0.00045965786252840973,0.0004594499840931275,0.00046390613922109905,0.0004614791555591305,0.00046236144329226146,0.0004610692465920127,0.00046054634741095297,0.0004646616183202462,0.0004602529185610144
testing obj,0.04191888220658576,0.0,0.0,0.0,0.0,0.0,0.0,0.0,0.0,0.0,0.0,0.0,0.0,0.0,0.0,0.0010446537706082233
