Epoch, 14
training loss,0.0,0.00096581978058584,0.014854680914797035,0.0005700440415810091,0.0005678694711498204,0.0005698534109636539,0.0005684712707543262,0.0005676962278313095,0.0005724102353983029,0.0005711238809453789,0.0005714841908033407,0.0005727099785729603,0.000570959992996102,0.0005713867545173521,0.0005699095542213935,0.0005723077664322987
training obj,0.038681209560337604,0.0,0.0,0.0,0.0,0.0,0.0,0.0,0.0,0.0,0.0,0.0,0.0,0.0,0.0,0.00019362401753645754
validating loss,0.0,0.0007427973323501647,0.000482020633676762,0.0004606264790507137,0.00046255681688004796,0.00045914761823142826,0.00046184083900395007,0.00046036432609576476,0.0004595634893323424,0.00046510891439134464,0.0004666377060655375,0.0004644469499908155,0.00046659190936932445,0.0004598803591054295,0.0004595921202255542,0.000460024396589789
validating obj,0.03561962967635029,0.0,0.0,0.0,0.0,0.0,0.0,0.0,0.0,0.0,0.0,0.0,0.0,0.0,0.0,-0.000942219672853955
testing loss,0.0,0.0007412661417785441,0.0004942265009909484,0.0004431425272864667,0.0004471622873884248,0.0004420639490146297,0.00044368524642187686,0.00044338075541246153,0.0004422047456279649,0.0004525179992433058,0.0004478870533431119,0.000451052827269745,0.0004521703871727663,0.000443619232199224,0.0004431441345848332,0.0004425027479580446
testing obj,0.02862321728890812,0.0,0.0,0.0,0.0,0.0,0.0,0.0,0.0,0.0,0.0,0.0,0.0,0.0,0.0,-0.0006240473157959059
