Epoch, 23
training loss,0.0,0.0005567441619538894,0.0006034349335880274,0.0005475727661641762,0.0005461057539351339,0.0005454985050378395,0.0005441309984627308,0.0005424240162634912,0.0005405092437000598,0.0005381335043257066,0.0005374995125035354,0.0005345552143647664,0.0005307020596114408,0.0005269064058095454,0.0005223826257005225,0.0005181769031218673,0.0005136991878708952,0.0005081535844867318,0.0005045065335591561,0.0004960510417517713,0.0004923458168894856,0.00048457317224900035,0.00047877850481788353,0.0004673337859190617,0.0004681887755663518
training obj,0.02002213931843346,0.0,0.0,0.0,0.0,0.0,0.0,0.0,0.0,0.0,0.0,0.0,0.0,0.0,0.0,0.0,0.0,0.0,0.0,0.0,0.0,0.0,0.0,0.0,-0.03352983285325999
validating loss,0.0,0.0004902285242375607,0.0004766479873473549,0.00047799296226003207,0.00047889948190358054,0.0004778367118787072,0.0004747525902833634,0.00047470272935849306,0.00047212339167243853,0.00046782651063242357,0.00047094547234236315,0.0004746628619614057,0.0004856303540792497,0.00047124337147074077,0.0004734475098505047,0.0005233552144798321,0.0004635281246818421,0.0004717121211999458,0.0004853569815976597,0.0005082572586414042,0.0005163560367186114,0.0006072364756417099,0.0005676673441080817,0.00047215958511515055,0.0005544985653816386
validating obj,0.017994127572617598,0.0,0.0,0.0,0.0,0.0,0.0,0.0,0.0,0.0,0.0,0.0,0.0,0.0,0.0,0.0,0.0,0.0,0.0,0.0,0.0,0.0,0.0,0.0,-0.03822136147775584
testing loss,0.0,0.0004224283373430906,0.00042490624774300896,0.0004585842495568638,0.00043179244425413637,0.00041751831923721584,0.0004739376281823088,0.0004679665351038755,0.0004464925616441571,0.0004541704424686818,0.0004899117533617804,0.0004441674373083515,0.0005503893593708494,0.000534823747256195,0.0005426846417666073,0.0005988215841195622,0.0004982677785085036,0.00044960822944287084,0.0005977959263947088,0.0006498436311163902,0.0005772782287503769,0.0007409850302399325,0.0007159725347584164,0.000537329779281454,0.0006285135661184196
testing obj,0.01667131413705647,0.0,0.0,0.0,0.0,0.0,0.0,0.0,0.0,0.0,0.0,0.0,0.0,0.0,0.0,0.0,0.0,0.0,0.0,0.0,0.0,0.0,0.0,0.0,-0.040553214531895275
