Epoch, 12
training loss,0.0,0.0005030674333463356,0.0005069749573025227,0.0004972926399249727,0.0004967853508140223,0.000496920822338836,0.0004951100101375744,0.000494236628536526,0.0004922223177298945,0.000491695086967255,0.0004887281222443533,0.0004871485501311976,0.0004855653468972195,0.00048411060114338854
training obj,-0.0037424820367360757,0.0,0.0,0.0,0.0,0.0,0.0,0.0,0.0,0.0,0.0,0.0,0.0,-0.052279365478364544
validating loss,0.0,0.0005947892619197713,0.0005927338031321808,0.0005901734684466079,0.0006284015679106686,0.0006171296130730162,0.0005946606088904112,0.0007275203210924056,0.0010280378599443504,0.0007152569681814582,0.0007834898306824332,0.0006622261509846007,0.0007526194542881756,0.0008675457212658962
validating obj,-0.002314127060007884,0.0,0.0,0.0,0.0,0.0,0.0,0.0,0.0,0.0,0.0,0.0,0.0,-0.05116431985153562
testing loss,0.0,0.000508248932552578,0.0005037064378650433,0.0004988833027986991,0.0005130830646277444,0.0005072282364852138,0.0005015337692775841,0.000582426806954455,0.0008525315300797324,0.0005755026320414498,0.0006250120674447006,0.0005284571515514657,0.0005955455008084808,0.0007182121770618734
testing obj,-0.003674728813117912,0.0,0.0,0.0,0.0,0.0,0.0,0.0,0.0,0.0,0.0,0.0,0.0,-0.05364755487066282
