Epoch, 12
training loss,0.0,0.0005170157084013931,0.0005155092738033778,0.000506532388574524,0.0005053802952272982,0.0005034544267852834,0.0005020611525674795,0.0004997549533675485,0.0004982496649911754,0.0004957461124191339,0.0004941363706428063,0.0004921709701901902,0.0004896267452626403,0.00048762892553413104
training obj,0.01178590158419408,0.0,0.0,0.0,0.0,0.0,0.0,0.0,0.0,0.0,0.0,0.0,0.0,-0.04123807796786853
validating loss,0.0,0.0005788842815103994,0.000576878076153473,0.0006104997521049623,0.0005951462020279009,0.0006299821602168112,0.0005947707766759859,0.0006169040557623448,0.0007680641675005815,0.00073560443949762,0.0006192514581258761,0.0006827680618575916,0.0008192437021644862,0.0010245782631717478
validating obj,0.01233779552157414,0.0,0.0,0.0,0.0,0.0,0.0,0.0,0.0,0.0,0.0,0.0,0.0,-0.0434753411613843
testing loss,0.0,0.0004789562490055912,0.00047714272905584933,0.0004993037853108257,0.0004955316449522234,0.0005097445527210042,0.0004893590488221429,0.0005056685456616777,0.0006321946360452762,0.0006195034901654086,0.000489496429997421,0.0005452425871813319,0.0006694235048011762,0.0008874274564995318
testing obj,0.01109036538075085,0.0,0.0,0.0,0.0,0.0,0.0,0.0,0.0,0.0,0.0,0.0,0.0,-0.04355044344283012
