Epoch, 12
training loss,0.0,0.0005712366913583394,0.0006987547954172352,0.0006519909847103168,0.0006886429460970319,0.000734978346336706,0.0007980679342746918,0.0008999335022606686,0.0010824605722126422,0.0011723681101940718,0.0012538614374695018,0.001262721559261063,0.0012878318782895803,0.0012694866343985732
training obj,0.012631766846878272,-0.04890177372258668,-0.03765587759587695,-0.027567315662243203,-0.027536319517621807,-0.027554156233136562,-0.02724596639255098,-0.027090614546528634,-0.02682101662617688,-0.026810545211329178,-0.026082315485851437,-0.02583569686713756,-0.025134440785383478,-0.024691149017170948
validating loss,0.0,0.00043448068370505806,0.0005014785419916734,0.0005316547924141762,0.0005670680406587457,0.000627087493841019,0.0007069901855882361,0.0009152782683183128,0.000945938342030988,0.0010323407526205604,0.001194712406787504,0.0011146063544502896,0.0011911171863579915,0.0012355532817309722
validating obj,0.01080512961683174,-0.04344009675292505,-0.02524261070518858,-0.025134205378385052,-0.025140863442276087,-0.025396825124820072,-0.025438401511766844,-0.025047641454471484,-0.026388939728753433,-0.026630881940945983,-0.026186816148563392,-0.02587557423652874,-0.02597004514084094,-0.02553277377349635
testing loss,0.0,0.00046190401996215304,0.0005333688389549246,0.0005681555943541556,0.0006017142293638097,0.0006624796294852638,0.0007552503233750325,0.0009511810549648126,0.0010286520755963047,0.0011035654539670293,0.0012789005806946472,0.00119022122109183,0.0012953268140680283,0.001356705347535427
testing obj,0.009738991685161317,-0.04769126489456441,-0.03061867768347666,-0.030091028169703646,-0.030159935543968064,-0.03003385977668537,-0.030356951007569157,-0.02935612533946295,-0.030587662225337448,-0.03142613967930948,-0.03077467848118898,-0.031150273878026654,-0.03054374408580967,-0.030744243866285763
