Epoch, 17
training loss,0.0,0.0005033904852643541,0.0005050411433972944,0.0004960514847602354,0.0004941904177045016,0.000491993107876136,0.0004895067306630688,0.00048708423425543237,0.00048500435093299624,0.0004833179654748735,0.00048059019063370596,0.0004783589947997194,0.000476040591366642,0.0004747149495517466,0.00047226952138687285,0.0004627000208409163,0.00045929453468628565,0.0004576332273139659,0.0004564697131565438
training obj,0.02303856879718881,0.0,0.0,0.0,0.0,0.0,0.0,0.0,0.0,0.0,0.0,0.0,0.0,0.0,0.0,0.0,0.0,0.0,-0.03448638186998541
validating loss,0.0,0.000504809681229071,0.0005280297123623615,0.0005043787075661624,0.0005953037032473246,0.0006875133288753941,0.0005892556497597966,0.0005980010008107899,0.0006299434700730228,0.0005138577810370011,0.0007589707980564857,0.0005905925623086042,0.0007829900912706463,0.0007071908156198786,0.0006574448098759464,0.0006862936663064923,0.0008261284386500664,0.0006460868060892161,0.0009588847501098886
validating obj,0.022537272046465155,0.0,0.0,0.0,0.0,0.0,0.0,0.0,0.0,0.0,0.0,0.0,0.0,0.0,0.0,0.0,0.0,0.0,-0.04077106222645686
testing loss,0.0,0.00047769735777235055,0.0004898932137638378,0.0004764783523243747,0.0005348163171354846,0.0006188963719079809,0.000530608661741845,0.0005333816673378812,0.0006001579785805072,0.0004806345108631604,0.0006853009312393696,0.0005492400387443803,0.0007108854618977548,0.0006355245539440358,0.0006052739683422661,0.0006227276426278738,0.0007598363499115253,0.0006122817623734766,0.0008912723029165395
testing obj,0.022334816026470902,0.0,0.0,0.0,0.0,0.0,0.0,0.0,0.0,0.0,0.0,0.0,0.0,0.0,0.0,0.0,0.0,0.0,-0.04162703883047127
