Epoch, 28
training loss,0.0,0.0005559405460885232,0.0005961431301936197,0.0005389618021082224,0.0005370418159359628,0.0005358320011474265,0.0005334764431395075,0.0005326463275659811,0.0005297474373090903,0.0005276829165214782,0.0005241778123651303,0.0005219619647273338,0.0005209310264748922,0.0005165385902407305,0.0005144500559682081,0.0005106542890608383,0.000507544815328027,0.0005030010402312173,0.0004998814647300534,0.0004957640283928235,0.0004927025937849619,0.0004888642342206474,0.0004822770547630795,0.000480028542640902,0.0004779715073870166,0.0004722145079593996,0.0004672382420668488,0.0004641092825491511,0.0004613675438746463,0.00043985934987408567
training obj,0.034961029631542226,0.0,0.0,0.0,0.0,0.0,0.0,0.0,0.0,0.0,0.0,0.0,0.0,0.0,0.0,0.0,0.0,0.0,0.0,0.0,0.0,0.0,0.0,0.0,0.0,0.0,0.0,0.0,0.0,-0.026459886224976942
validating loss,0.0,0.00046376781534086657,0.0004505216186064192,0.00045016122951185226,0.00045249874892761,0.000469038458201491,0.000455224878047981,0.00049346005026665,0.0005032798659764618,0.0004761782832550428,0.0004490794356873569,0.0004544285358052649,0.0004446124585228972,0.0004921448538273884,0.0005077479161425597,0.0005391277993314563,0.0006087974411962528,0.00044092929985911015,0.00045980154411356326,0.0005331440798828327,0.00048073365420956787,0.0005732112687029359,0.00044639853432373557,0.0006553078007224636,0.0006605045998892618,0.0006342938019467207,0.0005292476293511249,0.0007521684967489111,0.0008884255807465201,0.0009299645474432813
validating obj,0.03077898407354951,0.0,0.0,0.0,0.0,0.0,0.0,0.0,0.0,0.0,0.0,0.0,0.0,0.0,0.0,0.0,0.0,0.0,0.0,0.0,0.0,0.0,0.0,0.0,0.0,0.0,0.0,0.0,0.0,-0.033038215064961046
testing loss,0.0,0.0004490125757001806,0.00044428254123714223,0.00047824879731853944,0.0005165292021882959,0.000509687917754589,0.00048150088214488524,0.0006407863450452144,0.0006623539558023441,0.0005950222149368603,0.0004841772700987152,0.00045760166422287757,0.00045624631122730017,0.0005874875878853836,0.0005088117265856725,0.0006246215643595615,0.0007510485312023602,0.00043400159798644334,0.0005303108521951111,0.0006178679784195108,0.0005986290918765401,0.0006855014138194305,0.0004897640773796829,0.000763703396325975,0.0008127477227095074,0.0007843218118068762,0.0006844145396285426,0.0009223474335158244,0.0009658308146164338,0.0009908950540537607
testing obj,0.029405642263087874,0.0,0.0,0.0,0.0,0.0,0.0,0.0,0.0,0.0,0.0,0.0,0.0,0.0,0.0,0.0,0.0,0.0,0.0,0.0,0.0,0.0,0.0,0.0,0.0,0.0,0.0,0.0,0.0,-0.035106771600407524
