Epoch, 12
training loss,0.0,0.0005670106722391211,0.0006046271724877513,0.0005481070288749156,0.0005450296472511528,0.0005427121424444897,0.0005408550630319023,0.000539104150084313,0.0005378863681792555,0.0005365544374845008,0.0005322469278540024,0.0005319918515834062,0.0005294821802047355,0.0005277653661894374
training obj,0.0352002485162195,0.0,0.0,0.0,0.0,0.0,0.0,0.0,0.0,0.0,0.0,0.0,0.0,-0.02545971378464909
validating loss,0.0,0.0004954187032934795,0.00048538524606556166,0.0004896918231275373,0.0004898669321846683,0.00048411738801708754,0.0005242041990843265,0.0004944714791134982,0.000504871351949987,0.0005438764013282101,0.0005210999527965517,0.0005214230380564308,0.000556783442233508,0.000531799036252778
validating obj,0.030953612100953858,0.0,0.0,0.0,0.0,0.0,0.0,0.0,0.0,0.0,0.0,0.0,0.0,-0.03155169643772145
testing loss,0.0,0.00045345768503958007,0.00044080598476088,0.0005194652939452853,0.0005182196898228565,0.0005225989546955601,0.0005989579966243016,0.0005666481238959759,0.0005284074421168141,0.0006558084417003949,0.0005999983505053269,0.0006397694649766325,0.0006824489275852495,0.0006364702976252129
testing obj,0.02931222299466262,0.0,0.0,0.0,0.0,0.0,0.0,0.0,0.0,0.0,0.0,0.0,0.0,-0.028173166943865048
