Epoch, 12
training loss,0.0,0.0005131618182142113,0.0005060169299363843,0.0004964474217243023,0.0004955824223430445,0.0004942916997699798,0.0004928882969841623,0.0004911944169183648,0.000489545871940754,0.00048728498931980576,0.00048530376381813675,0.0004826553204236977,0.0004812681202241036,0.00047847986301657555
training obj,0.0067207954776440275,0.0,0.0,0.0,0.0,0.0,0.0,0.0,0.0,0.0,0.0,0.0,0.0,-0.03479552658778088
validating loss,0.0,0.0005872639175287929,0.0006529188738058516,0.0006378089177544482,0.0007178862513079039,0.0006763119997567848,0.0006032375329463931,0.0006928563412141126,0.0007810761464283775,0.0006920020724656817,0.0007495138202590471,0.0007617121891567329,0.0007274328349277,0.0006318464345133752
validating obj,0.006905661862839825,0.0,0.0,0.0,0.0,0.0,0.0,0.0,0.0,0.0,0.0,0.0,0.0,-0.03478166573136323
testing loss,0.0,0.00048011857016027503,0.0005149953859768449,0.0004998573602344813,0.0005709172824707557,0.0005342362841374639,0.00048542865339239617,0.0005483742485847965,0.0006169346874255587,0.000555468541779896,0.0005868445737076513,0.0005948645682428285,0.0005693969888788553,0.0005104575911697109
testing obj,0.005803972566035446,0.0,0.0,0.0,0.0,0.0,0.0,0.0,0.0,0.0,0.0,0.0,0.0,-0.036213646049766755
