Epoch, 12
training loss,0.0,0.0005325348393168086,0.0005159164795637638,0.0005047635320814052,0.0005042058627770289,0.0005030737505072803,0.0005026921618410549,0.0005015845908220315,0.0005003379343157877,0.0004988597754757265,0.0004971712196717407,0.0004945058347436748,0.0004929964531926749,0.0004898258849630693
training obj,-0.003469095541268984,0.0,0.0,0.0,0.0,0.0,0.0,0.0,0.0,0.0,0.0,0.0,0.0,-0.051859048771519485
validating loss,0.0,0.0005711551121752072,0.0005480560869831776,0.0005696723678219374,0.0005500239416864554,0.0005539339356621683,0.0005910608039236451,0.0005824387557128852,0.0006214013171827768,0.0006819608984518092,0.0006416903267837405,0.000842524895576537,0.0008996819229764304,0.0010086997883647331
validating obj,-0.003003160623917324,0.0,0.0,0.0,0.0,0.0,0.0,0.0,0.0,0.0,0.0,0.0,0.0,-0.05259936708299553
testing loss,0.0,0.00052117522460891,0.000503845028918738,0.0005152610631296656,0.0005049007178839805,0.0005066641528590327,0.0005316054332333039,0.0005294559518328753,0.0005574599026142109,0.000612996614589428,0.000567906562604558,0.0007631210098198372,0.0008295747784562766,0.0009370741566752622
testing obj,-0.0036666995073106018,0.0,0.0,0.0,0.0,0.0,0.0,0.0,0.0,0.0,0.0,0.0,0.0,-0.05212259437029672
