Epoch, 15
training loss,0.0,0.0005316725302762672,0.0006362573901509784,0.0005397256345638787,0.000553430239276221,0.0005624935218257437,0.000585130212130025,0.0005788552901803461,0.0006102605472323394,0.0006361114875699951,0.0006705541615077642,0.0007379729225980483,0.0007791553756938882,0.0008333120202330653,0.0008781983104520751,0.0009452133018331712,0.0009824306139147238
training obj,-0.002923244652429632,-0.0765211545661384,-0.05902097254041948,-0.054000244114328834,-0.053852738914828675,-0.053352975363240525,-0.052121319753282214,-0.050850809759953444,-0.050525688842012015,-0.05004481047976251,-0.04957938877610015,-0.049012230369536315,-0.04785741009183374,-0.046721722759014254,-0.0459096227060346,-0.045545881427824494,-0.04384305991195873
validating loss,0.0,0.00040579545687554247,0.00040498681482858956,0.00041277259252739087,0.00040367743935752916,0.0003979222463183558,0.00042017500113110547,0.00043802440025804873,0.0004694845594915225,0.0005450879911626948,0.0005186565306050599,0.0007040744834133269,0.0005970934958491449,0.0007387213730301786,0.0007972399404631384,0.0008455570997385723,0.0005779334188547283
validating obj,-0.004977262229658663,-0.07222119284172852,-0.056025690140409604,-0.05668511034713851,-0.05749894533720282,-0.05551439171863927,-0.05460672489263945,-0.05437708035525349,-0.054430058122509055,-0.05570776460485326,-0.05585788800898525,-0.05587599410985907,-0.05773009261530307,-0.05847719249626001,-0.05806404476364454,-0.058798693482660584,-0.05736396394463049
testing loss,0.0,0.0005111280228742839,0.0005197133729804616,0.0005378326184998858,0.0005543739861349348,0.0005495803725844362,0.0005363927795425863,0.000647821662553454,0.0007093588791502878,0.0008432537197714319,0.0008059073467872647,0.000939498250207524,0.0008569010716274608,0.0008799716747858298,0.0009390245919545319,0.0009883032278692652,0.0007373245766880369
testing obj,-0.003523763646749226,-0.0787504205882952,-0.056990241153618774,-0.058414511344823485,-0.058467264564053434,-0.057745128064542205,-0.05393876743226035,-0.05562900877683549,-0.05466172412490925,-0.05663521186373121,-0.05566149645459813,-0.05701101996709366,-0.05689049515923535,-0.058044705993017635,-0.057709896483936825,-0.05787846977142869,-0.05543043957771482
