Epoch, 12
training loss,0.0,0.0005591017739646429,0.0006438143628959854,0.0005819449167842429,0.0005974368877336839,0.0006229931718895814,0.0006464293219751733,0.000710146012145332,0.0007805497320505845,0.0008465911856368549,0.0008786826166233011,0.0008977012910797973,0.0009325950688399447,0.0009978866025431119
training obj,0.013161771471484326,-0.04787196827796744,-0.036724996902779035,-0.02679390938149071,-0.026574077241707083,-0.02647765242111157,-0.02630518168831865,-0.025883313816259888,-0.0251552712427927,-0.02485661768153602,-0.024161190859169936,-0.02358289343469283,-0.022946506735010475,-0.02224773172763925
validating loss,0.0,0.00043126932501359586,0.000456071149730835,0.0004683972468531768,0.0004890920075316293,0.0005470781502986534,0.0005741583623199,0.0006683032390558057,0.000751791002888543,0.0008747528303906114,0.000766468841498459,0.0008345303932502349,0.0009367788718211361,0.001039422723503473
validating obj,0.011579511118017964,-0.04741032644071513,-0.02411715566025426,-0.02398215089407232,-0.023935416131280363,-0.024316734711950023,-0.02413002250250429,-0.024165926869803418,-0.024136600834834907,-0.025956037337891757,-0.025527124797614913,-0.024937651391762,-0.028431217522463866,-0.02635033682195677
testing loss,0.0,0.00045987757589869405,0.0004854342345473973,0.0004980012424828208,0.000516631786406317,0.0005756313434717044,0.0005990641726089667,0.0006986766608394179,0.0007821327827342257,0.000917848217697512,0.0007945510513161787,0.0008568866744738172,0.0010415607783314143,0.001110076453187503
testing obj,0.010111435851384257,-0.04801728145999683,-0.02633562991143884,-0.026869001672477334,-0.027232781568592466,-0.026837394717527,-0.026988282787135325,-0.026811545236489258,-0.027474356148190594,-0.028566046995488373,-0.029254373106350366,-0.02752931242355624,-0.028074787552090915,-0.029497399208815517
