Epoch, 12
training loss,0.0,0.0005498067816826698,0.0007082875990925138,0.0006825149248185221,0.0007189649974415991,0.0008067965824796143,0.000908847318450902,0.0009996905446956483,0.0010679058779679313,0.0011059839806893805,0.0011449831540185009,0.0011392073582529145,0.0011218829660256413,0.001158827711946751
training obj,0.016941314501067003,-0.03771700856148028,-0.031212711668408968,-0.021292060386279926,-0.02111551401150577,-0.020990652726123146,-0.020543090342635326,-0.019787106493159252,-0.019646737870632435,-0.019141756622668576,-0.01850042886045926,-0.018078781742894765,-0.017453739742803225,-0.01673851512628151
validating loss,0.0,0.0004496903748076875,0.0005602463218868555,0.0005892583762437829,0.0006412291618794876,0.0007835442819567914,0.0008800379720115517,0.0009614759587242992,0.0010126933937297305,0.001050412410727909,0.0010129338916158304,0.0010612632710641872,0.0010547829782202218,0.0010730819162240045
validating obj,0.016139886173833575,-0.04095434912273453,-0.023684858706676297,-0.023653479758650064,-0.023805506605034072,-0.02359146310482174,-0.023649190733623173,-0.023513549874122772,-0.024890941347823374,-0.024260499850950308,-0.02479312411095533,-0.026117909906638995,-0.023824475446922913,-0.02545802952307794
testing loss,0.0,0.00038147836125603673,0.0005062000589630869,0.0005378704895642964,0.0005930224173966594,0.0007537719231205867,0.0008476969697103659,0.0009515827027703257,0.0010134054881180763,0.0010874621173668955,0.0010279185575986834,0.001069997508877989,0.0010816287147070005,0.0011027648980490158
testing obj,0.012790517654974718,-0.04084107678735981,-0.02150920534355415,-0.021419529035385396,-0.0219758460738671,-0.021979870683689777,-0.021784924650313082,-0.022367549172879475,-0.022190055684060662,-0.02286069848373331,-0.023268424188466492,-0.024498902059890127,-0.022319056861404632,-0.02333952794229058
