Epoch, 12
training loss,0.0,0.0005412701415480114,0.0005762157343697789,0.0005227849794798257,0.0005210914983192696,0.0005202158101276248,0.000518307044723199,0.0005166258912889615,0.0005145825078144815,0.0005127562382018796,0.0005096113152617095,0.0005076295936162875,0.0005044613249814503,0.000501906335628911
training obj,0.027701640970931918,0.0,0.0,0.0,0.0,0.0,0.0,0.0,0.0,0.0,0.0,0.0,0.0,-0.029639005777882595
validating loss,0.0,0.0005033129034725587,0.0004915841279095426,0.000488275101815816,0.0004875297385701237,0.0004901976299152011,0.0004943351674834654,0.0005220799790145571,0.0005024805901080577,0.0005473003422796157,0.0005115240003053461,0.000490246998096053,0.0005854723555482148,0.0005922465233096671
validating obj,0.027345874450272985,0.0,0.0,0.0,0.0,0.0,0.0,0.0,0.0,0.0,0.0,0.0,0.0,-0.03451619897451666
testing loss,0.0,0.00044019552877069,0.0004563558648294782,0.00047647015614800056,0.0005021610532649729,0.0005270385728500834,0.0005461796013027983,0.0005843745535900313,0.0005969049589357628,0.0006396215962799819,0.0006164760677681959,0.0005394327160280915,0.0006925462378579116,0.0007124583004239154
testing obj,0.023078403989406856,0.0,0.0,0.0,0.0,0.0,0.0,0.0,0.0,0.0,0.0,0.0,0.0,-0.033653194537839375
