Epoch, 18
training loss,0.0,0.0004968078507146526,0.0004936136533229671,0.0004851500332938351,0.0004837409995276387,0.0004817755424567351,0.000479598267627043,0.00047738537173953855,0.00047507590180830304,0.00047288147392647427,0.00047139262452511956,0.0004691503887062803,0.0004677555864710041,0.0004656626566551606,0.00045611721038202357,0.00045322863200362377,0.00045178947666804837,0.00045078498415758694,0.0004498740906924279,0.0004491239949774599
training obj,0.018167904631420234,0.0,0.0,0.0,0.0,0.0,0.0,0.0,0.0,0.0,0.0,0.0,0.0,0.0,0.0,0.0,0.0,0.0,0.0,-0.03658414285430681
validating loss,0.0,0.0005009265755736035,0.0005214532555573802,0.0005574599836675441,0.000548334750337776,0.0005694094283089757,0.0005917732566863961,0.0006092012384602281,0.0008046676075946222,0.0006789676252423035,0.0006016833039837894,0.00054736932653311,0.0005426900707918202,0.0006272285576553485,0.0008061929479591624,0.0007126011985048384,0.0006093352074452086,0.0008546715451422176,0.000768250483501087,0.0005784192634655798
validating obj,0.018608892426719714,0.0,0.0,0.0,0.0,0.0,0.0,0.0,0.0,0.0,0.0,0.0,0.0,0.0,0.0,0.0,0.0,0.0,0.0,-0.038873326594080895
testing loss,0.0,0.0004600423254297983,0.0004764452227416349,0.00048771471617630764,0.0004777336709309336,0.0005010664005572074,0.0005136951255458692,0.000528461161368024,0.0007234791660117925,0.0005785100438014729,0.0005274039517839944,0.00047045640355045587,0.0004798964489247468,0.0005265032216306338,0.0007207168794228862,0.0006288737546416719,0.0005289364347213129,0.0007677915652811315,0.0006804142852782484,0.00050407842108536
testing obj,0.017542544059878578,0.0,0.0,0.0,0.0,0.0,0.0,0.0,0.0,0.0,0.0,0.0,0.0,0.0,0.0,0.0,0.0,0.0,0.0,-0.03841949734923377
