Epoch, 19
training loss,0.0,0.0005098008588410781,0.0005084393219467654,0.000499547345049817,0.0004969713166693622,0.0004944127249150343,0.000491750441154915,0.0004886501280292994,0.00048665816031977433,0.0004840227237741018,0.00048204963065384937,0.00047946917704888965,0.0004778362157795443,0.00047696419046740316,0.0004741197680531867,0.0004731983541955249,0.00047173459093447265,0.0004700485488401987,0.00046824475514497106,0.0004669961496821721,0.0004655744049471828
training obj,0.02618404737909286,0.0,0.0,0.0,0.0,0.0,0.0,0.0,0.0,0.0,0.0,0.0,0.0,0.0,0.0,0.0,0.0,0.0,0.0,0.0,-0.03496204683634304
validating loss,0.0,0.0005403972840949508,0.0006348003624282032,0.0005441734380702847,0.0005959632714107998,0.0006146445463122083,0.0006502388736357385,0.0005730531037377055,0.0005335049888083452,0.0005224895789743173,0.0005323979673911391,0.0005874436494548302,0.0006547376578209469,0.0005286509646532798,0.000740585487648006,0.0005624518968996948,0.000545454801087047,0.0006399704170091864,0.0006768033756378226,0.0005495128025988417,0.0005727911504820573
validating obj,0.026601281057347166,0.0,0.0,0.0,0.0,0.0,0.0,0.0,0.0,0.0,0.0,0.0,0.0,0.0,0.0,0.0,0.0,0.0,0.0,0.0,-0.03638478012426811
testing loss,0.0,0.0004674721257602828,0.0005419046462932481,0.0004628615947702752,0.0004957375339270556,0.0005076724837338568,0.000549265038840819,0.0004988335094759489,0.00046583567245057087,0.0004557887321068459,0.00046767917937047505,0.000500927399122597,0.0005501562440768886,0.0004644497304116079,0.0006483870003489247,0.0004912912315881784,0.00047476534938468583,0.0005352916538872854,0.0005895384325262756,0.0004808229513089361,0.0004988021564729217
testing obj,0.024965108017214348,0.0,0.0,0.0,0.0,0.0,0.0,0.0,0.0,0.0,0.0,0.0,0.0,0.0,0.0,0.0,0.0,0.0,0.0,0.0,-0.0365334012603352
