Epoch, 15
training loss,0.0,0.0005325828332513315,0.0006877919332599085,0.0006795771987241346,0.0007398286157552445,0.0008525363578205453,0.0010183747401278393,0.001210594528318182,0.0014114172914631519,0.0016303968834964668,0.001726800951120608,0.0018030780787561453,0.0018876762467199097,0.0019276689062369804,0.001961026914125564,0.001950826039811706,0.001974701030892046
training obj,0.024139507953077555,-0.02122834724574989,-0.023750762421382115,-0.014117254515854168,-0.014290264401329206,-0.01431694848042931,-0.014250144754152963,-0.014187599053862049,-0.013820716088601187,-0.013857839986061056,-0.01360780038213467,-0.01321443177339639,-0.012958264028580458,-0.012347800424322486,-0.011956284384188406,-0.01120360994839347,-0.010654456001322936
validating loss,0.0,0.000445259007998781,0.0005849718929514185,0.0006141978641001818,0.0007066731769656246,0.0008676259846348936,0.0010472252987609762,0.0012463242197150572,0.0014266736866880415,0.001613739405810419,0.001708400548927279,0.0018033787427056166,0.0018750742828059527,0.001921533794504487,0.0019133592237873624,0.0019987301137815747,0.0020050720292298743
validating obj,0.022449996503483918,-0.021315749450069334,-0.014150627009156678,-0.014460882488896864,-0.014236383566943308,-0.014145407955058746,-0.014008509861822758,-0.013985072624766164,-0.014759930898435414,-0.01485885875687624,-0.013617866297459437,-0.014302892959676683,-0.01466735531317277,-0.014531379901907511,-0.015533663034956489,-0.015365696641513042,-0.015154202830874257
testing loss,0.0,0.0004447998932871112,0.0005837585208733013,0.0006200332018370564,0.000701790749460358,0.0008649165766483575,0.0010479198370720387,0.0012476619567432616,0.0014288128633681383,0.001626261291282906,0.001717482042196836,0.0018150898788401202,0.001889727748552891,0.00192469112556176,0.0019346878870163818,0.0020094045761947497,0.002018090579784601
testing obj,0.02039930091012974,-0.021649150479886983,-0.014499798794654576,-0.015384505757734784,-0.014964958017289236,-0.015111123903881054,-0.014777866245650157,-0.014958176878280938,-0.015665962448897394,-0.015224789631099918,-0.014396721100736712,-0.015215634009674997,-0.015510585646749148,-0.014832553790403984,-0.016572241123916732,-0.015770782014933992,-0.01591950935009565
