Epoch, 12
training loss,0.0,0.0005199105024289832,0.0006157937458220997,0.0005452919020956637,0.0005588323845443608,0.0005882011784135602,0.0006518868417319312,0.0007725543633569032,0.000894361410710011,0.000978860874345307,0.0010571459609576884,0.0011043304693885148,0.0011354816100541867,0.0011642058094616468
training obj,0.015758354564690415,-0.035510690813409344,-0.031160553836939383,-0.022147107484074783,-0.022130972581605117,-0.022114366959488273,-0.022058805311098696,-0.02165100136771798,-0.021182587711761396,-0.021204364723434635,-0.020571721284924186,-0.02008996634908459,-0.019498379340431853,-0.019226402866051477
validating loss,0.0,0.00046028478209336754,0.0004889436778386072,0.0004949538148745584,0.0005178507567001765,0.0005462039011440033,0.0006758763071654054,0.0008056509209887332,0.0008099369612561228,0.0009986684841957565,0.001060600833928523,0.001055242800955764,0.000986442558415648,0.001214259134333891
validating obj,0.015401288466010656,-0.03822486037905845,-0.022911225704269275,-0.02142783965811961,-0.02163952379487455,-0.021724671487592988,-0.02221865095715556,-0.020645122561189864,-0.023431437478090327,-0.021661720316236217,-0.021738531029162306,-0.022543796415751178,-0.024272688548080623,-0.0220857210095144
testing loss,0.0,0.00041481495252417125,0.00043767977518114465,0.00044469569429811845,0.00047324021186402723,0.0004982826627580122,0.000625178605086812,0.0007565965190863337,0.0007570832267693068,0.0009543465244319492,0.0010034665921577126,0.0010251951556514345,0.0009958366332481288,0.0011610841461948144
testing obj,0.013105771526367077,-0.037771638495394506,-0.024664068204426282,-0.023546394401204748,-0.024419561997559423,-0.023813518267628307,-0.024259431111450132,-0.023846998508717562,-0.02623380854021053,-0.023954559325215383,-0.025526502811526124,-0.02491036957331203,-0.026760112066325302,-0.023761130579923455
