Epoch, 17
training loss,0.0,0.0005320448881356439,0.0005883419209282033,0.0005246281570197977,0.000523828369363864,0.0005220507733539824,0.0005221290841148528,0.0005193634508674116,0.0005176061313535434,0.0005164600825011411,0.0005124491016128256,0.0005141878836844162,0.0005079107929001717,0.0005022823858227782,0.0004958656412211484,0.0004891147792531068,0.00048344821572719217,0.000472542791477263,0.00046686294701751596
training obj,0.006739456953444317,0.0,0.0,0.0,0.0,0.0,0.0,0.0,0.0,0.0,0.0,0.0,0.0,0.0,0.0,0.0,0.0,0.0,-0.03423860842982928
validating loss,0.0,0.0004374692351929197,0.00043894382876411936,0.0004290272780862223,0.000425548625066262,0.0004352850125239153,0.0004276307049116844,0.00042554754893191985,0.0004229336571168258,0.00042585465639098804,0.00043344410904764017,0.00042168368539326667,0.00042948533913052717,0.0004403870977209105,0.00043320919626744906,0.0004461002350176892,0.0004474764551155709,0.00045448188292438217,0.0005385733329603681
validating obj,0.006345703783962462,0.0,0.0,0.0,0.0,0.0,0.0,0.0,0.0,0.0,0.0,0.0,0.0,0.0,0.0,0.0,0.0,0.0,-0.0332669681067475
testing loss,0.0,0.00043378597203283444,0.00044132345189880015,0.0004298561970416985,0.0004272560464242643,0.00043491240447454747,0.0004257267626451574,0.000432869298468152,0.00044150900351736265,0.00043967865781883737,0.00045362175837539864,0.0004848422332862675,0.000467617066189288,0.0004931674488820922,0.00044394159989236424,0.0005235708968275749,0.0004894712753436604,0.0005382769205253508,0.0006479483280280554
testing obj,0.004756238446822642,0.0,0.0,0.0,0.0,0.0,0.0,0.0,0.0,0.0,0.0,0.0,0.0,0.0,0.0,0.0,0.0,0.0,-0.03702537906733719
