Epoch, 23
training loss,0.0,0.0005630205629630855,0.0006015971425108101,0.0005452836344392933,0.000543279522018708,0.000540700181576825,0.0005398945750522556,0.000537225214779313,0.000534923008486729,0.0005326518683361035,0.0005301014609536722,0.0005258317524053649,0.0005228995449108291,0.0005168480509846453,0.0005118950006755197,0.0005109823929481482,0.0004920974574976272,0.00048125046630636517,0.00047502816291229217,0.00047017008733282815,0.00046614022661849635,0.00046172003237777114,0.0004578791895433895,0.0004545873450743053,0.000450756517752512
training obj,0.02383304070316109,0.0,0.0,0.0,0.0,0.0,0.0,0.0,0.0,0.0,0.0,0.0,0.0,0.0,0.0,0.0,0.0,0.0,0.0,0.0,0.0,0.0,0.0,0.0,-0.03139929461712931
validating loss,0.0,0.0004523342047630447,0.0004382962387252418,0.0004497185891523259,0.00043604889813448407,0.0004464063466811139,0.00044405180334352836,0.00044320504740527313,0.0004594288180265317,0.0004397278927273065,0.0004494580379186017,0.00045589713287578587,0.0004615490939209445,0.0004649738247179711,0.0004360176834678795,0.0004616415487059082,0.0004559592921901236,0.00045071318062481523,0.0004965958645091936,0.0005344517774372232,0.0004858124041978347,0.0005671497476416536,0.00045498301228184975,0.0005220848991787838,0.0005355675113807794
validating obj,0.021524216695171263,0.0,0.0,0.0,0.0,0.0,0.0,0.0,0.0,0.0,0.0,0.0,0.0,0.0,0.0,0.0,0.0,0.0,0.0,0.0,0.0,0.0,0.0,0.0,-0.04142178646806213
testing loss,0.0,0.000498111576382291,0.00048419894035858405,0.0005112661708915619,0.0005122521324665286,0.0005305011164219232,0.0005846185079929923,0.0004936105994872649,0.0006002786950203527,0.0005568468321242206,0.0005243508592782844,0.0005319441456899891,0.0005134708924349586,0.0005666669261503361,0.0004881845204697645,0.0005289802033370801,0.0004995788628081287,0.00048653091761406285,0.0005966988209292066,0.0006667266848003114,0.0006152056264761848,0.0007195803003481627,0.0005581345114380285,0.0006527354164211067,0.0006896431885842183
testing obj,0.021988969315095124,0.0,0.0,0.0,0.0,0.0,0.0,0.0,0.0,0.0,0.0,0.0,0.0,0.0,0.0,0.0,0.0,0.0,0.0,0.0,0.0,0.0,0.0,0.0,-0.03702816148162694
