Epoch, 12
training loss,0.0,0.000582167293389063,0.0006199532598211412,0.0005604266149662983,0.0005592433578225181,0.000556823477053709,0.0005544021990442393,0.0005530952846325532,0.0005512164176074222,0.0005475887628420548,0.0005476638150867074,0.0005418316339879918,0.0005400339538955093,0.0005368679564151748
training obj,0.024945863781898628,0.0,0.0,0.0,0.0,0.0,0.0,0.0,0.0,0.0,0.0,0.0,0.0,-0.029919317408519632
validating loss,0.0,0.00047147454077073943,0.00046811187409427174,0.00046947760205916385,0.00046537885484415,0.0004828230705445296,0.0005276377800732411,0.0005106829733752724,0.0004856478165796337,0.0004860149814097288,0.0004989025470018128,0.0005046954447607277,0.000578560468663151,0.0005021966282785999
validating obj,0.021666403226036992,0.0,0.0,0.0,0.0,0.0,0.0,0.0,0.0,0.0,0.0,0.0,0.0,-0.038012802238679595
testing loss,0.0,0.0004712033608214099,0.0004719129099464988,0.0004959667324304039,0.0004888337590838657,0.0005804548051634589,0.0006237132459048282,0.000575630381963738,0.0005835058096587041,0.0006082248687193527,0.0005964514371904394,0.0006036056614460462,0.0007457385913152688,0.000614359399863846
testing obj,0.02058332194448323,0.0,0.0,0.0,0.0,0.0,0.0,0.0,0.0,0.0,0.0,0.0,0.0,-0.03415788248231685
