Epoch, 19
training loss,0.0,0.0005110003603064207,0.000509140153817444,0.0004998294796201067,0.0004974552367301296,0.0004953703022409502,0.0004935158059148985,0.0004917827958871803,0.0004891726080894172,0.00048774216684143226,0.00048571695607984243,0.00048302208602867176,0.00048176647629423805,0.0004794838071035257,0.00046994032780552287,0.0004670785900670174,0.0004655187058502504,0.00046446705386711924,0.00046355631689065906,0.0004627260255708676,0.0004619752375869215
training obj,0.015492259780095644,0.0,0.0,0.0,0.0,0.0,0.0,0.0,0.0,0.0,0.0,0.0,0.0,0.0,0.0,0.0,0.0,0.0,0.0,0.0,-0.039406623692698116
validating loss,0.0,0.0005184706768348683,0.0005165428179573021,0.0005584734420729744,0.0006625187026442933,0.0006730595324027343,0.0005964941498000702,0.0005461402324600924,0.0006068486294944393,0.0006649303382316364,0.0006831931487043231,0.0007019580888478722,0.0005754712124474573,0.0005377482601562693,0.0008539641790857754,0.00087622007054539,0.0009326696223592439,0.0008573756584023314,0.0009791383819719437,0.0005443745534189302,0.0007620916791757928
validating obj,0.01573399846461379,0.0,0.0,0.0,0.0,0.0,0.0,0.0,0.0,0.0,0.0,0.0,0.0,0.0,0.0,0.0,0.0,0.0,0.0,0.0,-0.04064868370580219
testing loss,0.0,0.00047657676994514636,0.00047263503852960567,0.00049443669490091,0.0005854399195525005,0.0005920365026014598,0.0005354533180764358,0.0004894196237365294,0.0005397279647834861,0.0006042286233404726,0.0006001364720645464,0.0006287896114384938,0.0005114087621246487,0.00048523681551272533,0.0007745872112481956,0.0007819328882779386,0.0008624546943183727,0.0007665309890625912,0.0009121027646658733,0.0004871451406485532,0.0006900629909594785
testing obj,0.014815023213804486,0.0,0.0,0.0,0.0,0.0,0.0,0.0,0.0,0.0,0.0,0.0,0.0,0.0,0.0,0.0,0.0,0.0,0.0,0.0,-0.043181461411914604
