Epoch, 12
training loss,0.0,0.0005108771688328865,0.0005114142261449253,0.0005012319271467764,0.0004996749848852578,0.0004984770294855656,0.0004972622808528022,0.0004954043860679474,0.0004931936885062739,0.0004899884691169218,0.0004887759799111708,0.0004863999971165701,0.00048379282123339236,0.0004820922964800281
training obj,0.011812520442581947,0.0,0.0,0.0,0.0,0.0,0.0,0.0,0.0,0.0,0.0,0.0,0.0,-0.04409415790277554
validating loss,0.0,0.0005536314280818267,0.0005700989341679324,0.0005623030872522268,0.0006089778958415374,0.0006216128880447494,0.0006494279273236405,0.0008040262896476545,0.0006658404466566576,0.0007871307700049256,0.0007091441130831356,0.0007647974078873193,0.0007583856757415643,0.0008474981000432043
validating obj,0.01225228309486332,0.0,0.0,0.0,0.0,0.0,0.0,0.0,0.0,0.0,0.0,0.0,0.0,-0.04218692634460938
testing loss,0.0,0.00048708043812786947,0.0004926371822465674,0.00048592195780844616,0.0005149347229494847,0.0005256554473619992,0.0005419814535121617,0.0006764425162050437,0.0005534141672328924,0.0006553066529725015,0.0005829664444995294,0.0006459884065338218,0.0006381148140526937,0.000737281663147398
testing obj,0.012027352399524564,0.0,0.0,0.0,0.0,0.0,0.0,0.0,0.0,0.0,0.0,0.0,0.0,-0.04358170828790037
