Epoch, 14
training loss,0.0,0.0006102786783480506,0.000660220767980825,0.0005919116587285638,0.0005891453586467405,0.000588466404473829,0.0005862126269265918,0.0005831201129088488,0.0005768363787473052,0.0005760811931252772,0.0005680793211664138,0.0005643396862889823,0.0005541344884299107,0.0005509865068911584,0.0005377621030692906,0.0005294894128561353
training obj,-0.0025095673478847625,0.0,0.0,0.0,0.0,0.0,0.0,0.0,0.0,0.0,0.0,0.0,0.0,0.0,0.0,-0.05144757270886033
validating loss,0.0,0.00041209579244928644,0.00040283332752248196,0.0003994632855513676,0.0003953724498286546,0.00039926855990617897,0.00040076398302820354,0.0003972929347987196,0.0003968089278916725,0.0004070178488796551,0.0003972460719726061,0.00041361405247799767,0.0004258740692522325,0.00045280125535403687,0.0003987380195111554,0.0004067718067138533
validating obj,-0.0029949887733285627,0.0,0.0,0.0,0.0,0.0,0.0,0.0,0.0,0.0,0.0,0.0,0.0,0.0,0.0,-0.0503092206393679
testing loss,0.0,0.00044288061685251334,0.0004370281616551487,0.0004376537143233125,0.00046163618154005726,0.00045010767831086385,0.00045837538036229907,0.0004463130727664385,0.00046919857767706335,0.0005108914627124102,0.0004579604647005908,0.000561848082528544,0.0004977568553570293,0.0005488742520085636,0.0004670687748010686,0.0004391059533805379
testing obj,-0.003473991182053814,0.0,0.0,0.0,0.0,0.0,0.0,0.0,0.0,0.0,0.0,0.0,0.0,0.0,0.0,-0.05133650086920809
