Epoch, 12
training loss,0.0,0.0005541095626255151,0.0007843011010360593,0.0007766574478534726,0.0008667521411553025,0.000984375153476482,0.0012277646503849502,0.0014130394179921817,0.0015901809494358067,0.0016961218990093354,0.0017758033544226896,0.0018287769258570146,0.001853591002359548,0.0018982705970605215
training obj,0.03979779312058407,-0.011143182637169957,-0.013531071544789216,-0.007000777487387406,-0.006796488928718164,-0.006536984420381487,-0.006404072364025256,-0.005854458922027227,-0.005618856675174161,-0.005138308557170425,-0.004515339722674267,-0.004127500153502778,-0.003574759050674152,-0.0031437316064850665
validating loss,0.0,0.0004769803753232635,0.0006530406357746364,0.0007387445657514036,0.0008486788946255627,0.0009315458559689836,0.0012559735850017103,0.0014019367162189963,0.0015791477118101385,0.0017186168374286757,0.0017529610098184396,0.0017867655131138032,0.0018322102647895615,0.001829286972578201
validating obj,0.0358550016147395,-0.010172093028409613,-0.006425648258300498,-0.0064138171890388345,-0.006497844484531217,-0.006765848969937199,-0.006650304709587039,-0.006969721596558682,-0.00650367724786823,-0.006594416155065928,-0.006922409740380115,-0.007308276189077232,-0.007054466327341895,-0.007102527209402372
testing loss,0.0,0.0004487487198816411,0.0006245465432388104,0.0007107101669503578,0.0008216982902455571,0.0009153874998446554,0.0012319300392944668,0.0013860579787728351,0.0015656197729923234,0.0017075581771850183,0.001755214179866016,0.0018063144934539858,0.0018425038559488148,0.001854645775794681
testing obj,0.0339468061873639,-0.010989606495304787,-0.006992886365215118,-0.007132517817316929,-0.007447773312231073,-0.00758024150933567,-0.007329129573033267,-0.007739846138409464,-0.0072449671397161845,-0.007412528115752581,-0.0076726729733038795,-0.007777135227681012,-0.007685949059983564,-0.007675918276937729
