Epoch, 12
training loss,0.0,0.0004916304038125943,0.00048708858143919285,0.0004779454899785889,0.0004769748004038749,0.00047521526498022133,0.00047295007547581486,0.0004714135438306938,0.00046967246669977884,0.00046807754247929983,0.00046651637849047333,0.0004647045841443601,0.00046288372009464025,0.00046113229393652795
training obj,0.014978109026342425,0.0,0.0,0.0,0.0,0.0,0.0,0.0,0.0,0.0,0.0,0.0,0.0,-0.04294990771541949
validating loss,0.0,0.000553370065638972,0.0005639499769323331,0.0005948199612431101,0.0005720621416239296,0.0006696445415806345,0.0006365775919387844,0.0007147313070251481,0.0006758578533899267,0.000651784763771861,0.0006405001394401319,0.0006889958061078672,0.0006741392912473457,0.0006133224504957923
validating obj,0.015898090819457616,0.0,0.0,0.0,0.0,0.0,0.0,0.0,0.0,0.0,0.0,0.0,0.0,-0.044761333812775805
testing loss,0.0,0.0004889987508335857,0.0004861627433342032,0.00050574815652872,0.0004955743690873011,0.0005598843966906977,0.0005331753316993998,0.0006096411241416714,0.000571373585448931,0.0005430111158886149,0.0005383083126192617,0.0006003782221243061,0.0005632473353396504,0.0005241303262536225
testing obj,0.014838084219449973,0.0,0.0,0.0,0.0,0.0,0.0,0.0,0.0,0.0,0.0,0.0,0.0,-0.04337093886629183
