Epoch, 25
training loss,0.0,0.0005362650841775844,0.0005748708815743014,0.0005181378138813136,0.0005174314366241543,0.00051612496421976,0.00051422991632089,0.0005121913470622317,0.0005089270116620944,0.0005063256426736046,0.0005060237697976203,0.0004989121798037861,0.0004959656946548242,0.0004850503985996029,0.00048118431241520884,0.0004628177184392424,0.0004458067726113322,0.0004355015662012567,0.00042679064576719506,0.00042021358351442304,0.0004141724970038779,0.000407045667787886,0.0004015329933049632,0.0003950904219927193,0.00038899022648704475,0.00038343879245004764,0.0003774153746324409
training obj,0.006670750498625578,0.0,0.0,0.0,0.0,0.0,0.0,0.0,0.0,0.0,0.0,0.0,0.0,0.0,0.0,0.0,0.0,0.0,0.0,0.0,0.0,0.0,0.0,0.0,0.0,0.0,-0.03292250853287531
validating loss,0.0,0.00040602825801114604,0.00039102000219928514,0.0003875682459693053,0.0003877524650306441,0.0003890176792790751,0.00040451631907166704,0.00039145559175166354,0.0003957950115768148,0.0004160994198577504,0.00040226186350385734,0.00039490192436157184,0.00039998255286061775,0.000422217447218524,0.0004314984198572347,0.00038525955571660434,0.00047560557312762184,0.0004923922650858811,0.000424392360299761,0.0003968528361737198,0.0005427036907753467,0.0005638614891520572,0.0005291323751508673,0.0005162525244991735,0.00048581897155802127,0.0005106855801891976,0.0011799961127204976
validating obj,0.004801590241388314,0.0,0.0,0.0,0.0,0.0,0.0,0.0,0.0,0.0,0.0,0.0,0.0,0.0,0.0,0.0,0.0,0.0,0.0,0.0,0.0,0.0,0.0,0.0,0.0,0.0,-0.034153705980214805
testing loss,0.0,0.0005154179680421539,0.0005075515520139881,0.0005061355636949098,0.0005128719770967822,0.0005160489498037448,0.0005414413654098344,0.0005136051676763109,0.0005121038649195799,0.000540126918978687,0.0005452987055881798,0.0005258485188942113,0.0005367674028191785,0.0006178634466778021,0.0005719307479700325,0.0005253411671563643,0.0006474037812015897,0.0006225523512340087,0.0006545970906724531,0.0005503192384109039,0.0007474710939670724,0.0007656864563122744,0.0007766034055699443,0.000676730548572802,0.0007460347197912917,0.0007654512349266017,0.0013767695856733702
testing obj,0.00676067397501823,0.0,0.0,0.0,0.0,0.0,0.0,0.0,0.0,0.0,0.0,0.0,0.0,0.0,0.0,0.0,0.0,0.0,0.0,0.0,0.0,0.0,0.0,0.0,0.0,0.0,-0.036852706412507874
