Epoch, 13
training loss,0.0,0.0005628856553384514,0.0006012174476899079,0.0005487431616690146,0.0005474920207965552,0.0005443037559898049,0.0005421313716414813,0.0005401739299094176,0.0005380904993930301,0.0005348577757746064,0.0005332543264147734,0.0005286452074976884,0.0005268711072002428,0.0005228717507242097,0.0005202116620471227
training obj,0.029084070815759547,0.0,0.0,0.0,0.0,0.0,0.0,0.0,0.0,0.0,0.0,0.0,0.0,0.0,-0.030646064433762256
validating loss,0.0,0.0004694711733463919,0.00045940468994053337,0.00045850063947404525,0.00045752345269849885,0.0004804765016564892,0.0004893932818959001,0.00046121490514552634,0.00048324321990852087,0.00046471659071458917,0.0005008661127148015,0.000515994792092695,0.0004987302086697633,0.0005182857518472398,0.0004848868763171292
validating obj,0.026409303717729118,0.0,0.0,0.0,0.0,0.0,0.0,0.0,0.0,0.0,0.0,0.0,0.0,0.0,-0.03231741193061074
testing loss,0.0,0.00043398377896959866,0.0004187899766957098,0.00043173508812607316,0.00044758687255199293,0.0005440296176734468,0.0005701903470695912,0.00047383195959736367,0.0005750084050846084,0.0005173818085372536,0.0005878623971413519,0.0006045141751717499,0.0005864711528301012,0.0006099302048135763,0.0005099708702088006
testing obj,0.023685078149994935,0.0,0.0,0.0,0.0,0.0,0.0,0.0,0.0,0.0,0.0,0.0,0.0,0.0,-0.03644473698443255
