Epoch, 12
training loss,0.0,0.0005018582190444426,0.0005005765166649274,0.0004897791334454141,0.0004891219674199378,0.0004881037841969338,0.0004868044441696422,0.00048500996573172436,0.00048374678125721285,0.0004807305974247833,0.0004796978355030979,0.0004768930827282752,0.0004755214532681262,0.00047167825336329026
training obj,-0.003939294797015658,0.0,0.0,0.0,0.0,0.0,0.0,0.0,0.0,0.0,0.0,0.0,0.0,-0.05191601992881429
validating loss,0.0,0.0005364985827516296,0.0005315557622056089,0.0005314525426133813,0.0005401021026234605,0.0005651729323504054,0.000531296172144488,0.000566129721506784,0.0005373866873338922,0.0006353846634222033,0.0006288526875924526,0.0005918459262634739,0.0006718852708526447,0.0007863751636319762
validating obj,-0.003468292921613966,0.0,0.0,0.0,0.0,0.0,0.0,0.0,0.0,0.0,0.0,0.0,0.0,-0.052094051775532196
testing loss,0.0,0.0005011797884419856,0.0004941169433445504,0.0004943345269622989,0.000499563062238287,0.0005188750917760302,0.0004933791103859078,0.0005194894619152914,0.0004979257189512225,0.0005623629836580428,0.0005752326969819531,0.0005447100581028303,0.0006093446951039018,0.000708458622151466
testing obj,-0.003875204111912677,0.0,0.0,0.0,0.0,0.0,0.0,0.0,0.0,0.0,0.0,0.0,0.0,-0.05196635545954339
