Epoch, 15
training loss,0.0,0.0005448788865846034,0.0005810533603710378,0.0005245955194707266,0.0005234499735011281,0.0005220521350993829,0.0005217182807802387,0.000519076845889418,0.0005174701727524984,0.0005154472238763108,0.000511728930709354,0.0005102094519636868,0.0005080277049701715,0.0005032969401023972,0.0004991120366920608,0.0004920969237562032,0.0004881421126900058
training obj,0.019318115185288823,0.0,0.0,0.0,0.0,0.0,0.0,0.0,0.0,0.0,0.0,0.0,0.0,0.0,0.0,0.0,-0.036229787606234645
validating loss,0.0,0.0004845515122724464,0.0004716468805175585,0.0004739112504871122,0.0004747237332291358,0.0004715325764360993,0.00046965928171024035,0.00047420948127789114,0.00047267304519967485,0.00047106867168622557,0.0005145612164293804,0.00047205007225178025,0.0004718479716151099,0.0005064429604115301,0.00048687619043145486,0.0005430379347267768,0.0006607815962019635
validating obj,0.018348638550378382,0.0,0.0,0.0,0.0,0.0,0.0,0.0,0.0,0.0,0.0,0.0,0.0,0.0,0.0,0.0,-0.03888419275689456
testing loss,0.0,0.00046139054550597367,0.0004483287466919629,0.0004465537112500405,0.0004553289296824447,0.00048382274109974024,0.0005187324444508507,0.0005709443974263047,0.0005417248895674995,0.0005324920215620345,0.0006462210494154951,0.0005218507345440181,0.0005812974699978981,0.0006515615297413771,0.0006218678269785439,0.0007167775932159841,0.0008148721957499023
testing obj,0.016194122856029787,0.0,0.0,0.0,0.0,0.0,0.0,0.0,0.0,0.0,0.0,0.0,0.0,0.0,0.0,0.0,-0.04488648844228403
