Epoch, 12
training loss,0.0,0.0005430303396875102,0.0006742724225178415,0.0006083489765182558,0.0006271198367090512,0.0006666488546305154,0.0006799632015149565,0.0007135271849156375,0.0006902693972840686,0.0007023008689215845,0.0006811984858073879,0.0006979621621533571,0.0006674782084826125,0.0007201365399512225
training obj,0.007363207484869396,-0.05504038939435108,-0.04500149858604167,-0.037022295448125575,-0.03602943708207093,-0.0359921314023143,-0.03553780469787764,-0.03509174566168119,-0.03449705972646674,-0.03416071540730841,-0.033150984397998046,-0.03221917799947893,-0.031811853640658014,-0.031094066508333473
validating loss,0.0,0.000423474280978553,0.000483531687981061,0.0004926419888862357,0.000522983353019097,0.0005573923254915928,0.0006246435433341605,0.0006146420928416774,0.0006068282293401555,0.0005988150619992262,0.0006671555044401126,0.0005398963686376293,0.0006569160157394233,0.0006952545510203992
validating obj,0.005587888428837889,-0.058369283150467605,-0.04122929870047503,-0.040362876969286136,-0.04206832079216838,-0.0406463677322285,-0.042407193324632116,-0.042038242875908814,-0.04203424300067127,-0.04171036546015077,-0.043399363859660096,-0.04434867658548885,-0.04328403870264689,-0.04305601231236425
testing loss,0.0,0.0005255947793606587,0.0005930655498633388,0.0006137482080186994,0.000653006084109153,0.0006879309738586606,0.0007553482546181594,0.000762581494691895,0.0007917721975261245,0.0007554174676565831,0.000819320406810368,0.000726299116551574,0.0008491081161254615,0.0008086241658610241
testing obj,0.006819478041064498,-0.057828001401110274,-0.03895085968228208,-0.03717990836279618,-0.03696672905337166,-0.03715990719108565,-0.03639886941055994,-0.036704186098398386,-0.03686243353562581,-0.03678011556936277,-0.03795963500601214,-0.03818172617890948,-0.037961892808812694,-0.037030721032941666
