Epoch, 13
training loss,0.0,0.0005418868980104533,0.0008085231793765892,0.0005793614723313344,0.0006165495185425742,0.0006033148154029714,0.0005887545839262505,0.0005955264568340271,0.0005671943196063569,0.0005669882281925347,0.0005824681769202774,0.0005824931310295748,0.0006003548669076396,0.0006300934902266782,0.0006184040027494798
training obj,0.013158171061499446,-0.03259681866449468,-0.02926303926015309,-0.02666228400616377,-0.026276169633310215,-0.026522531663524168,-0.026207333341167836,-0.02650386868044734,-0.026349423959047772,-0.026400388262289413,-0.02653042451095055,-0.02638429923202185,-0.026224981975175587,-0.0263561203327103,-0.02607997837932963
validating loss,0.0,0.00041227101590063993,0.0005304260949843512,0.00044180157642080705,0.0005280753830447793,0.00041856852011632227,0.0005235487911300475,0.00042155278828835837,0.00042733988448162563,0.0004332128901296528,0.00045040096766671113,0.0004916653567003474,0.00048321979940940056,0.0005071932553417153,0.0005073140833297253
validating obj,0.011609001136902306,-0.03286656434647739,-0.028404930606484413,-0.02698303145977358,-0.026954234771740932,-0.026877129605660837,-0.02633067567108406,-0.027363658442886338,-0.026952241042939324,-0.027188897313964035,-0.027996675395924184,-0.027355165634718206,-0.027015907094917364,-0.028618247675088544,-0.027569184170311525
testing loss,0.0,0.00038270893246344467,0.000583854790445027,0.0004821132588895617,0.0006071460162717345,0.00040427890525205766,0.0006200125312839314,0.00041462908730200316,0.0004389248102056995,0.0005024633855272614,0.000542649245904318,0.0005944443157106336,0.0005444279623908507,0.0006003953078745965,0.0006043539039170797
testing obj,0.009445576494358279,-0.03123233953138461,-0.026791399558754387,-0.026057160906241956,-0.026117097951371123,-0.02603969760742542,-0.02585449697751854,-0.026373705814114294,-0.02569300911666171,-0.026352066672532946,-0.026469784813958244,-0.027110367849771236,-0.026650992008177814,-0.027195669307902053,-0.027009432880535117
