Epoch, 18
training loss,0.0,0.0006030552005184148,0.0006668565698526115,0.0005875566350689897,0.0005864584561113232,0.00058597815142432,0.0005825925250617587,0.0005798134751624757,0.0005805672616178544,0.0005754348882713683,0.0005680868572181128,0.000569499408076951,0.0005641733007174551,0.000556661806038784,0.0005447829201989853,0.0005337975944783858,0.0005217653570962641,0.0005176737558441328,0.000502525049737682,0.0004893757960149635
training obj,-0.0023308849345673533,0.0,0.0,0.0,0.0,0.0,0.0,0.0,0.0,0.0,0.0,0.0,0.0,0.0,0.0,0.0,0.0,0.0,0.0,-0.051927595837589574
validating loss,0.0,0.00048402228094346356,0.0004761941662662947,0.0004634164811755505,0.0004568958637618279,0.00045518601493515435,0.000447434543174394,0.0004794428023160435,0.0004555897907670846,0.0004547335110045323,0.0004594189888141247,0.00045067767597275734,0.00044436262113675993,0.00048754172308286396,0.0004646706222249324,0.00047980648297299113,0.0004780664506445949,0.000510604835653794,0.00048443585789452,0.0004903941365531258
validating obj,-0.003872605739161372,0.0,0.0,0.0,0.0,0.0,0.0,0.0,0.0,0.0,0.0,0.0,0.0,0.0,0.0,0.0,0.0,0.0,0.0,-0.05392722035240796
testing loss,0.0,0.0005330856131115217,0.0005336794721999369,0.0005198620367721289,0.000527083656600774,0.0005254843582480209,0.0005365557498825601,0.0005396109657807314,0.0005302694615828521,0.000533489043674136,0.0005276055059299766,0.0005422012173103458,0.0005451149243379257,0.0005948444294689752,0.0006523855716148171,0.0006276862419523437,0.0005890046620176715,0.0007340966447962863,0.000623632542851123,0.0005719274208909279
testing obj,-0.0033659430573115476,0.0,0.0,0.0,0.0,0.0,0.0,0.0,0.0,0.0,0.0,0.0,0.0,0.0,0.0,0.0,0.0,0.0,0.0,-0.05175328602057856
