Epoch, 12
training loss,0.0,0.0005051164265537141,0.0006859991187572151,0.0006490047731751795,0.0006608854885117206,0.0006598853036491931,0.0006705537175316839,0.0006750153959158114,0.0006769441699896775,0.0006661388144814683,0.0007011209345792475,0.0007312812490900065,0.0007779729263811354,0.0008605703370253026
training obj,-0.004446456990405625,-0.06884627546749864,-0.05725529632512845,-0.05210705694979897,-0.05191014286897638,-0.05187298269832835,-0.051364530308866035,-0.05128319088150473,-0.050569437641431306,-0.05028411890288778,-0.04945625841763674,-0.04865818944777928,-0.04761095339176701,-0.04663963096545023
validating loss,0.0,0.0004505036283969983,0.0005642395242628279,0.000591357584198704,0.0005979625065164226,0.0005955508899609817,0.0006613251914839364,0.0006248145889710739,0.0006580243170901667,0.0006098424192815502,0.0007082767802381164,0.0011530221947598169,0.0006186950271916834,0.0005744541578880873
validating obj,-0.0022378350970231825,-0.06323861454923947,-0.04646380840697222,-0.0466948966236992,-0.04768534651440051,-0.045971439194141164,-0.04841799379533364,-0.04698073993333512,-0.04780813197915753,-0.0472888279085358,-0.049119420918739505,-0.04973856173455715,-0.04951975049657954,-0.04903353799858855
testing loss,0.0,0.000439064286527699,0.0005772918221073514,0.0006210159557962765,0.000610586122855091,0.0005978367791268849,0.0007069781554368878,0.0007053158909469415,0.0007531044288338602,0.0006568568325648714,0.0008326051204160132,0.0011563950215900517,0.0006129098149579698,0.0005680070731810898
testing obj,-0.004413000251342719,-0.07745916079226378,-0.05748350588554466,-0.05700205646555971,-0.05759924559577091,-0.05708061052939376,-0.05969699640833848,-0.05758517942819241,-0.05751965484405692,-0.05685181837730311,-0.05839630266701853,-0.057940219075897255,-0.0576441469350578,-0.05778350940326581
