Epoch, 14
training loss,0.0,0.0005268186606711015,0.0005795897370690535,0.0005204297231673491,0.0005192739313369042,0.000519928591629472,0.00051780520112587,0.0005158740015616002,0.0005154012325196983,0.0005134762868977964,0.0005111451662064521,0.0005085019845864735,0.000507556720535207,0.0005051438250994383,0.0004963130786028854,0.0004920211716785607
training obj,0.012340425939171338,0.0,0.0,0.0,0.0,0.0,0.0,0.0,0.0,0.0,0.0,0.0,0.0,0.0,0.0,-0.03715599203372703
validating loss,0.0,0.00045198476436780766,0.0004491033111359381,0.0004440648424659028,0.0004472445788350241,0.00044405187226301577,0.0004403736846951587,0.00044451279447659745,0.0004420463297315615,0.00044347840897292673,0.00045839713149891596,0.0004517040245749134,0.0004476173538326596,0.0004679223766288487,0.000448850240597191,0.00048800383087331685
validating obj,0.010553279652311984,0.0,0.0,0.0,0.0,0.0,0.0,0.0,0.0,0.0,0.0,0.0,0.0,0.0,0.0,-0.03794521975537969
testing loss,0.0,0.00044484696602897176,0.00044692508777803303,0.0004426169462267599,0.00044441814886365163,0.000450324391233546,0.0004532990527435244,0.0004597465115177722,0.0004584797909440051,0.0004918467453732061,0.0005675949586155774,0.0004548172909307067,0.0005380858594828562,0.0005933007558121824,0.000511928090123252,0.0006571767584368039
testing obj,0.009686544820716654,0.0,0.0,0.0,0.0,0.0,0.0,0.0,0.0,0.0,0.0,0.0,0.0,0.0,0.0,-0.045943920336965774
