Epoch, 12
training loss,0.0,0.0005688095490268989,0.0006226111903065341,0.000557179131111993,0.0005557607183422364,0.0005533191636227546,0.0005527488602263689,0.0005503387772763494,0.0005517233184518238,0.0005482032221134789,0.0005445137929557092,0.0005397297170894294,0.0005361575815329036,0.000532180367079883
training obj,0.017345574748355384,0.0,0.0,0.0,0.0,0.0,0.0,0.0,0.0,0.0,0.0,0.0,0.0,-0.03654731322152942
validating loss,0.0,0.0004666279558781146,0.00046394133924978733,0.0004671055568097573,0.0004713083611325904,0.000464442224458455,0.0004680435615430017,0.0004930139095651814,0.00047926689553100406,0.0004748165623216967,0.0004908715420444625,0.0004700309875463265,0.00048060885577190976,0.00046437891008584603
validating obj,0.015216781822447147,0.0,0.0,0.0,0.0,0.0,0.0,0.0,0.0,0.0,0.0,0.0,0.0,-0.04077297368914717
testing loss,0.0,0.00041300509021950985,0.00041181974429983293,0.0004182011149611286,0.0004176582194820701,0.0004166024193821343,0.000435699077422976,0.00046939409671845295,0.00045384376681869144,0.00041239640189372505,0.0004989833836884212,0.00046828764528539533,0.0005344433688937774,0.00042423493426680135
testing obj,0.012837491602309653,0.0,0.0,0.0,0.0,0.0,0.0,0.0,0.0,0.0,0.0,0.0,0.0,-0.04238427398298439
