Epoch, 15
training loss,0.0,0.0005607078821020539,0.0006048765456345042,0.0005501621747766073,0.0005489354693660668,0.0005482809896599136,0.0005465916120823857,0.0005449816505264893,0.0005439694373076325,0.0005419768340538676,0.000539165684027716,0.0005344985680672906,0.00053230492708013,0.0005285679426057921,0.000522301380902611,0.0005193320193725145,0.0005129191282036368
training obj,0.020102411028289913,0.0,0.0,0.0,0.0,0.0,0.0,0.0,0.0,0.0,0.0,0.0,0.0,0.0,0.0,0.0,-0.034733420539209074
validating loss,0.0,0.0004697728794174812,0.0004639725411834661,0.00046827228895078105,0.00046225376617156953,0.0004617910138525379,0.0004674583057446095,0.0004650916465228268,0.0004681372694095545,0.00046237029346229974,0.0004674907844067396,0.00046377595531844743,0.0005053434949028693,0.0004775169024166341,0.00048028078365152597,0.00046358782553094596,0.0004877455463024995
validating obj,0.018913599740092952,0.0,0.0,0.0,0.0,0.0,0.0,0.0,0.0,0.0,0.0,0.0,0.0,0.0,0.0,0.0,-0.03996264065305392
testing loss,0.0,0.00042283177759059443,0.00042509840602940894,0.00043174085265097864,0.0004289706421577894,0.00042348320705452744,0.0004372637566219153,0.00045759954696837375,0.0004527853547482959,0.00047709676496074155,0.000455456006052004,0.0005008457402574415,0.00057060844188232,0.0004772747975162142,0.0005646712215329407,0.0005279586039250717,0.0005424371788772201
testing obj,0.015835746858470345,0.0,0.0,0.0,0.0,0.0,0.0,0.0,0.0,0.0,0.0,0.0,0.0,0.0,0.0,0.0,-0.04495342965615359
