Epoch, 16
training loss,0.0,0.0006048014806069927,0.000614207909215931,0.0005540217190761776,0.0005516695023021277,0.0005487413951235723,0.0005472948039966343,0.000543474758588298,0.0005421093015933829,0.0005392094515092835,0.0005347016588476596,0.000531103839531687,0.0005255492196381823,0.0005266133580281508,0.000518355773494798,0.0005122507265803185,0.0005036736918983104,0.0004991530657029145
training obj,0.020030580267456233,0.0,0.0,0.0,0.0,0.0,0.0,0.0,0.0,0.0,0.0,0.0,0.0,0.0,0.0,0.0,0.0,-0.042206867696607815
validating loss,0.0,0.0005228646213153196,0.0004811833427488131,0.0004821164265093911,0.0004955689795072734,0.0004855843087878182,0.0005031062899231781,0.0005079004826661225,0.0004978271212571093,0.0005623706844441282,0.0004809728672828189,0.0005809848274414738,0.0005141859722546845,0.0006100648695590078,0.0005966938915662467,0.0006706920836829037,0.0005405359435018101,0.0005025000832069458
validating obj,0.020099555685495336,0.0,0.0,0.0,0.0,0.0,0.0,0.0,0.0,0.0,0.0,0.0,0.0,0.0,0.0,0.0,0.0,-0.04709915780565805
testing loss,0.0,0.0004988934351540347,0.0004924820896121673,0.0005149487257546531,0.0005146843324984877,0.0005451181394754393,0.0006233404589717818,0.0006268561653111672,0.0005783336943037481,0.0007294343198048631,0.0005814945129591128,0.0007540510524523672,0.0006573784247283018,0.0007771949209642559,0.000758351126195693,0.00084368093421044,0.0006789236442174926,0.0005970411841337556
testing obj,0.015743472367978177,0.0,0.0,0.0,0.0,0.0,0.0,0.0,0.0,0.0,0.0,0.0,0.0,0.0,0.0,0.0,0.0,-0.053172291143218406
