Epoch, 15
training loss,0.0,0.0005577874321127585,0.0006042171729609882,0.000546805622619942,0.0005460043362451388,0.000544209538687331,0.0005432464925380534,0.000540731490878434,0.0005389535627567539,0.0005364373942047321,0.0005342429443878834,0.0005304673048051293,0.0005269529432624432,0.0005231483512747504,0.000518779064427066,0.0005155738675681527,0.0005105257818963854
training obj,0.02537830199991517,0.0,0.0,0.0,0.0,0.0,0.0,0.0,0.0,0.0,0.0,0.0,0.0,0.0,0.0,0.0,-0.028754223580015642
validating loss,0.0,0.0004960374068711341,0.0004900302549989041,0.0004960935940390401,0.0004903407680103555,0.0004930623925045236,0.0004899511425012153,0.0004974869635690185,0.0004936504515676966,0.000494681529138082,0.0004922900463700191,0.0005217150709439819,0.0004985581082211058,0.000497353175887838,0.0005054303619544953,0.000513819360599478,0.0005052931181934481
validating obj,0.023414731724187732,0.0,0.0,0.0,0.0,0.0,0.0,0.0,0.0,0.0,0.0,0.0,0.0,0.0,0.0,0.0,-0.0316025676826636
testing loss,0.0,0.00041340116773868875,0.00041606881638251033,0.00045249435808383733,0.00041834280936863915,0.00043553953917187363,0.0004248897973436239,0.000505110255904288,0.0004983591431015599,0.0005302660684301864,0.000533314974155793,0.0005736618182414237,0.0004858221592085839,0.0005309364630709358,0.0005243184213877366,0.0005722506865748909,0.0004873093859862058
testing obj,0.019886957267551002,0.0,0.0,0.0,0.0,0.0,0.0,0.0,0.0,0.0,0.0,0.0,0.0,0.0,0.0,0.0,-0.032283670803834055
