Epoch, 12
training loss,0.0,0.0005466643763379668,0.0007726853156996453,0.0008440923450204233,0.0010029935478871944,0.0012060336647646537,0.0014593476230990799,0.0016955921878380811,0.0018340755203811853,0.0019349611775182625,0.001996888790517023,0.002037251311098682,0.0020519015415772506,0.0020560038718851464
training obj,0.024080580852779688,-0.026058710921628803,-0.024262301460383277,-0.014529662943609497,-0.01417473751102008,-0.014319181909748152,-0.014010251995504779,-0.01391454337840425,-0.01362760837335943,-0.013439995968970013,-0.012793526076255184,-0.012478977822534302,-0.01197110030425749,-0.011470816695295713
validating loss,0.0,0.0004538301396274215,0.0006728494926291104,0.0008257408715305954,0.000976442742588309,0.001208146696121225,0.001504349415578569,0.0016783191111042267,0.0017354610576553063,0.0018428303560035096,0.00194176951643183,0.0018827690057353014,0.001967621520937731,0.0020015717826835397
validating obj,0.02404402514609198,-0.024965482220674556,-0.01512896938301209,-0.01494402855557079,-0.015536989745063087,-0.014847092317520745,-0.015077831786281118,-0.015632128252440855,-0.017081849665070575,-0.01625810528639704,-0.01573479376060681,-0.015516954512956241,-0.017195211969212525,-0.016966601109339133
testing loss,0.0,0.0004312542874391216,0.0006622955697821453,0.0008221607949471454,0.0009724104665282711,0.0012106403489785924,0.0015168160678365745,0.001695030293351895,0.0017692126424957973,0.0018703228120717245,0.0019555360698644574,0.0019079143892520585,0.00198903532912703,0.002036939436456541
testing obj,0.02041914765219632,-0.02703462213252646,-0.014827770385513635,-0.015316175916735586,-0.014921455260215176,-0.015125742619479628,-0.015766808983391604,-0.01592089849952105,-0.016002457979059703,-0.01569876293148342,-0.016007955919170903,-0.015858383484285424,-0.01719681538226133,-0.01679341944966566
