Epoch, 15
training loss,0.0,0.0005450498971542545,0.0006824263296770297,0.0006751811603773568,0.0007603875881827929,0.0008770969073178575,0.0010263247773799973,0.0012080153046340187,0.0013609107405714253,0.0015602684894795804,0.0016702421698901876,0.00173971440834815,0.001734917354313474,0.0017431675479290824,0.0016919502504535164,0.001696629880690107,0.0016440119941298868
training obj,0.03104794759522466,-0.016042892887786615,-0.016326893089960017,-0.010519801886460069,-0.01013985505857158,-0.009934613306769261,-0.009735482931137084,-0.009331331655437893,-0.009022737529092268,-0.008605185891592912,-0.00813819039978233,-0.007564974575321756,-0.006764561260648656,-0.0063242929535644015,-0.005776236924415856,-0.004988458003465306,-0.004527617806075688
validating loss,0.0,0.00048761502431362815,0.0005795028276528077,0.0006717698318728557,0.000758514089587455,0.0008754110030066739,0.0010659971255032967,0.001231324622899087,0.0014920753957186309,0.0016199037587891023,0.0016978630220465776,0.001780883124512103,0.0017478360613394114,0.0016806626356103355,0.0016855334559093332,0.0016974100694319026,0.001597108102739892
validating obj,0.029333128593862057,-0.01749606030837943,-0.011456655577704724,-0.01028052796350999,-0.010266791382390592,-0.010811810000126975,-0.010249096298745522,-0.010581568873021752,-0.009908416405475387,-0.010097999662523054,-0.01008059050137591,-0.011629291887705525,-0.010639109092557596,-0.011061001142176488,-0.012064410457646267,-0.011804625909361575,-0.01153176562446687
testing loss,0.0,0.00045048419594201513,0.0005421933137522255,0.0006356702162176245,0.0007253658133433075,0.000844609148476298,0.001029403297375334,0.0012148445994417008,0.0014591339402957946,0.001589897566953221,0.0016763668799949054,0.0017831610308053929,0.0017356762262942219,0.0016907481460932744,0.0017141358992965841,0.0017131239071966626,0.0016226779317130913
testing obj,0.026886232008503097,-0.015216370025095908,-0.010368391676378009,-0.010096439654385118,-0.010314874977150277,-0.010778992826974875,-0.010128285550210323,-0.010542979709350982,-0.010112051896096484,-0.009965079053103723,-0.010018569826324647,-0.011767695012905106,-0.010546730456848603,-0.010511718278222188,-0.012146735500947043,-0.011194700164393195,-0.011459663409639049
