Epoch, 12
training loss,0.0,0.0005542933339978952,0.0006505668802157173,0.0005472662953395105,0.000546806039232715,0.0005461740801989685,0.0005491826112619509,0.00055256337261252,0.0005530339100468885,0.0005514500345680954,0.0005534667269196635,0.0005632157655496735,0.0005538467973797107,0.0005642802983821443
training obj,0.01243222294576174,-0.05008398095036254,-0.03841354352075095,-0.02738712701727362,-0.02728240263155278,-0.026884612304103724,-0.026566078459077023,-0.026126853990204195,-0.025802482321274047,-0.024882619749462487,-0.024759852977506085,-0.023911921497361332,-0.023412043931802698,-0.022708888180261733
validating loss,0.0,0.00043057807569210936,0.00043238116611771856,0.00043322194323991425,0.00043453485118839633,0.00043726306668961316,0.0004386914560099184,0.00043859883428214945,0.00043734197222672973,0.0004388170899700425,0.00044874463633782905,0.00044770512330513966,0.0004531699806749303,0.00044981596551628574
validating obj,0.009831147158466693,-0.05219105791507496,-0.03065633328838481,-0.031179640519743163,-0.031513870486782655,-0.030962699584455952,-0.031157272945468623,-0.03107270802785125,-0.030965860131093197,-0.03129778504889044,-0.0327036754331655,-0.03183190170158115,-0.032460648799315095,-0.03163609242377182
testing loss,0.0,0.000483137494361349,0.0004860017780211402,0.0005155460475597883,0.0005399690261755668,0.0004914278902720685,0.0005387276683609958,0.0005238488001113355,0.0005432683033546169,0.000548777624636706,0.0005449858706285611,0.000575738086686092,0.0006521623155906029,0.0006128620440683113
testing obj,0.011588123564079806,-0.04597850611458558,-0.02925612957443337,-0.028882462934062287,-0.02909958068080045,-0.02935252767811353,-0.02945824166306773,-0.02850872659552339,-0.028520552970066265,-0.02932109797021022,-0.030543993793528627,-0.03020891811497308,-0.03084137922505269,-0.029139074887073523
