Epoch, 14
training loss,0.0,0.0005808177289972994,0.0006406676652498872,0.0005815542551549608,0.0005794243203554823,0.0005790711233880846,0.0005772934733791843,0.0005751959226258538,0.0005736755919368828,0.0005697614019713821,0.0005645150998116507,0.0005645837858216563,0.0005564977221308486,0.0005521692528917829,0.0005463565955698655,0.0005420758875141688
training obj,0.019766494706638302,0.0,0.0,0.0,0.0,0.0,0.0,0.0,0.0,0.0,0.0,0.0,0.0,0.0,0.0,-0.03468083710427962
validating loss,0.0,0.0005021563714156704,0.0004898883859520234,0.0004892093404325553,0.0004885829625386072,0.0004872053207994516,0.0004835514981904352,0.0004830414444667339,0.0004866701140902781,0.0004889442219185488,0.0004876024069946854,0.0004883400656075941,0.000498388948269874,0.0005184022229514085,0.0005191188136248254,0.0005100605536022664
validating obj,0.018872841235457197,0.0,0.0,0.0,0.0,0.0,0.0,0.0,0.0,0.0,0.0,0.0,0.0,0.0,0.0,-0.03924489492136571
testing loss,0.0,0.00045128109942762986,0.00044485076186656197,0.0004458453036637071,0.0004478380366423595,0.0004443620789577442,0.0004495849050825298,0.00045290728087058743,0.0004674255760619417,0.0004716821356457847,0.0004540598369990098,0.000472176223706196,0.0004750563886183364,0.0005415109764136425,0.0004938851091759028,0.00048440998196727723
testing obj,0.017796628825316154,0.0,0.0,0.0,0.0,0.0,0.0,0.0,0.0,0.0,0.0,0.0,0.0,0.0,0.0,-0.042284103060090866
