Epoch, 13
training loss,0.0,0.0005822744865059469,0.0007365452172462919,0.0007053152488272948,0.0007473111356946403,0.0007957561853496978,0.0008648741603418089,0.0009808765175323203,0.0010666876609035422,0.0011328507285546876,0.0011987621489656613,0.0012195202423825715,0.001235301733272625,0.0012604505996968525,0.0012478923664756996
training obj,0.019700340059238906,-0.028110165479501674,-0.028009449268746024,-0.019605201150418496,-0.019313948856228415,-0.01897810345844311,-0.018940430959942293,-0.018631218057856256,-0.017965475037036573,-0.017531208553369725,-0.016993525854366667,-0.016606075235405096,-0.015874730784665135,-0.014762810300853031,-0.014488985569344139
validating loss,0.0,0.00048757579376494203,0.0006062772202615937,0.0006479959940608953,0.0007047836661513429,0.0007492433481578095,0.0008646572532597929,0.000995125075051975,0.0010084130303261594,0.0011019571328587416,0.0011506069228441145,0.0012418160767992958,0.0011788380652433261,0.0012072302132663834,0.0011024690886390293
validating obj,0.01731101604592469,-0.027076003555622365,-0.01891206929253207,-0.01825322404814263,-0.017889366924969688,-0.01808915353224923,-0.017697966114307444,-0.019366259065767128,-0.01842756073973659,-0.01889257664637019,-0.02076818531430844,-0.018547975781580642,-0.018828585821514327,-0.020449504282118544,-0.020312387599713273
testing loss,0.0,0.0004698006392769654,0.0005565714771462906,0.0005924882407762689,0.000643633262764008,0.0006845390767872183,0.0007972420127181387,0.000921315941849497,0.0009385008589880592,0.0010348515360100144,0.001082095009199268,0.001162618527667144,0.0011114925232627807,0.0011740645230118487,0.001067077273792411
testing obj,0.018316013719634833,-0.025982137555508194,-0.018435525122677553,-0.01831989786335947,-0.019092172415725684,-0.018331112742826745,-0.018664839576829125,-0.01851515462496192,-0.018950716095246577,-0.0196843669196037,-0.020060278380893776,-0.018876858244373185,-0.01916343332394152,-0.02066028630360961,-0.019319113136294322
