Epoch, 17
training loss,0.0,0.0005678318337196092,0.0006203535038010016,0.0005634611086861696,0.0005616854299053861,0.0005596263042831446,0.0005588737033095266,0.000556361984690382,0.0005536186519248968,0.0005523104775028175,0.0005495010973604889,0.0005459004632475804,0.0005421841535066693,0.0005430544266595925,0.0005366850827818316,0.0005316284926284068,0.0005278098105918616,0.0005256984516403035,0.0005211260888209639
training obj,0.028485651096949973,0.0,0.0,0.0,0.0,0.0,0.0,0.0,0.0,0.0,0.0,0.0,0.0,0.0,0.0,0.0,0.0,0.0,-0.028967725171470175
validating loss,0.0,0.0004677725276754548,0.0004659828351173524,0.00046726245919772837,0.0004605120280353327,0.0004692074419128605,0.0004631861637689225,0.00047285161114511237,0.0004727686822055451,0.00047353827459220256,0.00045973349895373557,0.0004633145375313082,0.00046273519648012653,0.0004998106422944046,0.0005055108969018976,0.00048043001859494124,0.0005178222777936349,0.00048560282771682576,0.0004697775487632801
validating obj,0.024106871931710176,0.0,0.0,0.0,0.0,0.0,0.0,0.0,0.0,0.0,0.0,0.0,0.0,0.0,0.0,0.0,0.0,0.0,-0.03007945568404264
testing loss,0.0,0.0004431202209702492,0.0004352765289375974,0.00043751594028042354,0.0004531819085477272,0.00056812943119046,0.00043826060563505225,0.000534422298015498,0.00048162679819585254,0.0005464880608063115,0.00043511334680826276,0.00045358247292382213,0.00044245402672016563,0.0005931303495418507,0.0005048277565259235,0.0005472038777755901,0.0005445812705540841,0.0005542790612388352,0.0005135935639987725
testing obj,0.022802708274055575,0.0,0.0,0.0,0.0,0.0,0.0,0.0,0.0,0.0,0.0,0.0,0.0,0.0,0.0,0.0,0.0,0.0,-0.03566959621133031
