Epoch, 12
training loss,0.0,0.0005518131415466961,0.0007330505382817457,0.000746462116641102,0.0008250616893729232,0.0009119358845055103,0.0011743523990826717,0.0013879157061798169,0.0015810188960612697,0.0017140033426603265,0.001786441414379606,0.0018427125972640865,0.0018599174505866626,0.001871522994456338
training obj,0.03186450665999277,-0.014005906630636137,-0.018570207446521405,-0.010125103707918349,-0.010031048580091082,-0.01008577735126749,-0.009897921666247296,-0.009510958993661346,-0.009150404737824027,-0.00863608302658095,-0.008375364187739643,-0.007960648841096781,-0.007399373858089687,-0.006683000241059299
validating loss,0.0,0.0005052671361530278,0.0006598425566658585,0.0007273285502580822,0.0008130417336360551,0.0009657558208952347,0.0012468848597361809,0.0014038454569850324,0.0016383346163719478,0.0017115826906067217,0.0017933159704423612,0.0018221978486205141,0.0017799563421350387,0.0018337826671389241
validating obj,0.03046700562764373,-0.01341059933313065,-0.009090755813910315,-0.008849528909195215,-0.008822397778405704,-0.009158909941713015,-0.009338646254036576,-0.009036834474601265,-0.009946289721281372,-0.009756823788241794,-0.009888709241446728,-0.0106524160817369,-0.009922288487561874,-0.009514918641394211
testing loss,0.0,0.0004235945755656733,0.0005904337722804976,0.0006596534658456221,0.0007469803578616749,0.0009021645661984646,0.0011872925340965692,0.001347612076741014,0.0015900652018702916,0.001677901655548831,0.0017621183887476454,0.0017946868052555096,0.001732575601734523,0.0017941417251210157
testing obj,0.02521618111436633,-0.013110369727065837,-0.010285671075138994,-0.010350533226202871,-0.010370320004939631,-0.01082474781464584,-0.010919487594652015,-0.010810535662253765,-0.01074679398191841,-0.01125396230899905,-0.011395063531282987,-0.011454642489174934,-0.011242147289669595,-0.010903454039598236
