Epoch, 15
training loss,0.0,0.00052262565289971,0.0005651925065595766,0.0005118047761760524,0.0005102816274944309,0.0005089714088563935,0.0005089049783076489,0.0005062806304754214,0.0005043111194562003,0.0005023635085272675,0.0005006372101728202,0.0004972941252430354,0.0004933772131563255,0.0004879018095237495,0.00048632337882950464,0.00048115376172491405,0.0004752259171058826
training obj,0.024198725532886444,0.0,0.0,0.0,0.0,0.0,0.0,0.0,0.0,0.0,0.0,0.0,0.0,0.0,0.0,0.0,-0.03214088049625941
validating loss,0.0,0.0005059885928252091,0.0004942136796065218,0.0004968432606094413,0.0004912279154167562,0.0004988203747618374,0.0004903610269037825,0.0004884529595680457,0.0004846777628699783,0.0004838937271011269,0.0004906275232012073,0.0005120467532025133,0.0004956255460355249,0.0005822148879006919,0.00048582135867844854,0.0005191858051855686,0.0005433415725646126
validating obj,0.025571594739125833,0.0,0.0,0.0,0.0,0.0,0.0,0.0,0.0,0.0,0.0,0.0,0.0,0.0,0.0,0.0,-0.032304657260990806
testing loss,0.0,0.00046955602620319287,0.00046384937042996563,0.00046240313236626824,0.0005219384714822612,0.0005563471375451725,0.000540638200421912,0.0005510859377249584,0.0005597700644127169,0.0005297117830785872,0.0006130704093044875,0.0006604162582654091,0.00048570423402722826,0.0007228683492497579,0.000587184456349319,0.0006460093196388649,0.0007228764956675445
testing obj,0.02192677542995158,0.0,0.0,0.0,0.0,0.0,0.0,0.0,0.0,0.0,0.0,0.0,0.0,0.0,0.0,0.0,-0.040656290243606306
