Epoch, 12
training loss,0.0,0.0005255809610032741,0.0007149886427214369,0.0006995389483385153,0.0007395761314660822,0.0008190933336485542,0.000900165733023017,0.0009643824861211447,0.0010067058403008416,0.0010582250033907008,0.0010899421955257946,0.0011221485803652482,0.001125981606424366,0.0011567540361783375
training obj,0.019319363624113156,-0.029083654421436435,-0.027879067008182698,-0.018707084673109883,-0.018473076767415976,-0.018199492663181587,-0.017863480619830535,-0.017354738053080496,-0.017084431303117206,-0.016536133915332017,-0.015780076819161572,-0.015313214459913033,-0.01462643363640881,-0.014186131397225693
validating loss,0.0,0.000522767402799218,0.0006608689986428039,0.0007032200248633873,0.000758442971143975,0.0008517322841928237,0.0009221794332713924,0.0009382125798664573,0.0010043105026448353,0.001076357146505163,0.0011441713577369228,0.0011461953529053265,0.001124257668076704,0.0011455079204299385
validating obj,0.01874972322386586,-0.028328148518792458,-0.019777201853382092,-0.020263856509700418,-0.019593481440097094,-0.02004934785266717,-0.021149555466965668,-0.022977713624843292,-0.02357408696682089,-0.020327712887794606,-0.020861884540257353,-0.02029653952922672,-0.02282347007551127,-0.02338411589153111
testing loss,0.0,0.0005106989426929284,0.0006412194303954271,0.0006824811392328451,0.000735916819099362,0.0008231906719408249,0.0008885460016687363,0.000924015642266494,0.0009712085337850038,0.001038205306080321,0.0010909223738299507,0.0010935638968697498,0.001085290704174219,0.001130216573663937
testing obj,0.018346889108117367,-0.027414172793411323,-0.018300653265386418,-0.01833282657773108,-0.017863931115464988,-0.01841047469753067,-0.019382592492006922,-0.020215393547472114,-0.020478206000769057,-0.018813729777026014,-0.01900628986265007,-0.018920311383349268,-0.019590815302689333,-0.02036135888507439
