Epoch, 16
training loss,0.0,0.0005388131343352143,0.0006353204301501368,0.0005517447710707191,0.0005515882039474616,0.0005535330826829772,0.0005613251368106598,0.0005875374340308446,0.0006094784566598451,0.0006062102087490334,0.0005827027464322016,0.0005678408894763218,0.0005485693428507897,0.000547209716722707,0.0005578567679656451,0.0005922317816750329,0.0006380441412843271,0.0007030862582705951
training obj,0.012611457415144233,-0.04361332474897305,-0.040321612244873656,-0.03230011711152745,-0.0289075012081394,-0.026235733093584283,-0.02581422778540382,-0.025383007478918515,-0.024827670039353416,-0.02443868028474789,-0.023260281470549458,-0.022964077190879513,-0.022220344799479434,-0.021271362776557605,-0.02061918756066292,-0.019702561141229143,-0.018960154730388347,-0.01842404139209904
validating loss,0.0,0.00042590014961913566,0.00043537565994079667,0.00043390050622191565,0.00044121057564754866,0.00044772953899357363,0.0004591278155001217,0.0005121165057870611,0.000504393959393686,0.0005148977074390536,0.0004628007431569535,0.00043495650627139385,0.00041986174811528245,0.0004517347921743446,0.00044792245110632695,0.0005192439441291046,0.000598101100978157,0.0006180380684478829
validating obj,0.010485616771297323,-0.04129473365739816,-0.032622655698408685,-0.03200959908362064,-0.025489564157194562,-0.02509806040001826,-0.024807007246029873,-0.02603332336164183,-0.025479197631486587,-0.02474911799395664,-0.025363614834431145,-0.02464331483416673,-0.02535969049980243,-0.027283435532202322,-0.025484006890716653,-0.02986770837257306,-0.028128027993564803,-0.027820848032004304
testing loss,0.0,0.0005358237157378352,0.0005439347548196344,0.000541484966733323,0.0005487515068002598,0.0005570586585530986,0.0005698251610541578,0.0006327701082006348,0.000627117501288602,0.0006258808252577846,0.000564487980670025,0.0005444692952379055,0.0005333179041544272,0.0006447790746205026,0.0005942882886006988,0.0006342362905490665,0.0007182468449369677,0.0007482926713065181
testing obj,0.011894241510261153,-0.04471975295628245,-0.0358612194179079,-0.03223647550377693,-0.02840909915598663,-0.028663714730961097,-0.027877784906760662,-0.027612853940022556,-0.029013814983537067,-0.028420660940527514,-0.02864878486237816,-0.02888277212686434,-0.028680113465147646,-0.030491691724573437,-0.029271402540994255,-0.0321781890517151,-0.03086439600667438,-0.029931121719749394
