Epoch, 12
training loss,0.0,0.0005253840907529343,0.0006737446898078619,0.0006728546382338904,0.0007409019193694215,0.0008433919827974237,0.001025469343442762,0.00115000865120879,0.00128279486579784,0.0013513944114047084,0.0013954293836529056,0.0014456876763599177,0.001457498764719668,0.001469847723823406
training obj,0.027729147141251492,-0.01708826158907922,-0.01930465606388216,-0.012085477880421368,-0.011726874611614382,-0.011700147205014147,-0.011218331277589588,-0.010995855981337966,-0.01060203183259742,-0.00990478146054289,-0.009319223954305783,-0.008683969117883666,-0.008207895107768183,-0.007638650850447661
validating loss,0.0,0.0004884746225191824,0.0006058368477776336,0.0006559838689604981,0.0007260784841491841,0.0009118168753856379,0.0010420981626440254,0.0011786442369662432,0.001267638065554719,0.0013442549890088332,0.0013980036375061092,0.0013667531958263782,0.0014703431515954435,0.0015084989524135988
validating obj,0.026075633889478114,-0.015696697124642216,-0.010799094918183982,-0.011122180142491642,-0.011825951437155405,-0.0107762982046956,-0.010910198448174115,-0.01115044807213255,-0.012602174285954485,-0.01190545380814001,-0.01253640181514331,-0.013462497542301813,-0.01237203392924534,-0.012148313444211252
testing loss,0.0,0.00042044050300122564,0.0005433215557934238,0.000595040583190181,0.0006687793191648214,0.0008547748069316652,0.000987761763295763,0.001127291064885621,0.001240252112069897,0.0013177725163955442,0.0013805915502441192,0.0013607739521240866,0.0014581201406120247,0.0015031872049754333
testing obj,0.023788645423042612,-0.016230957009955436,-0.011482541528027001,-0.011514209953413622,-0.012206497520359384,-0.011548497770736748,-0.012051333667005639,-0.01191198469038952,-0.013615597722221267,-0.012642491593126309,-0.013029128780299043,-0.014675615893399998,-0.013408776586623612,-0.01326482170387297
