Epoch, 13
training loss,0.0,0.0005360742541561908,0.000585530377986074,0.0005264964652037723,0.0005246873068173562,0.0005244667984501861,0.0005231940356430178,0.0005210865431638691,0.0005201160484883825,0.000517634736424239,0.0005153951909354267,0.0005141147526207051,0.0005103471461516878,0.0005055135149935571,0.0005017373911173576
training obj,0.019668075155612884,0.0,0.0,0.0,0.0,0.0,0.0,0.0,0.0,0.0,0.0,0.0,0.0,0.0,-0.037985120091002945
validating loss,0.0,0.0004970634104716333,0.0004910993173123441,0.0004933401992780596,0.0004977151212288947,0.0004888507743695906,0.00048450459325977135,0.0004874741429779937,0.0005260083796909183,0.0004962983093719231,0.0004986064133037063,0.0005374767012350882,0.00048392769693034806,0.0004917976515975574,0.0004929904409638968
validating obj,0.020607942844637565,0.0,0.0,0.0,0.0,0.0,0.0,0.0,0.0,0.0,0.0,0.0,0.0,0.0,-0.04385287609572212
testing loss,0.0,0.00048347154291617254,0.0004941553227065408,0.0005402539726354597,0.0005706098777040638,0.0006037492571891022,0.0005369712543560545,0.0005967834257643443,0.0006511489200174519,0.0006369947095171901,0.0006139052835547969,0.0006965269108273001,0.0006257294502378303,0.00051624749402116,0.0005961958367324032
testing obj,0.017814369016402477,0.0,0.0,0.0,0.0,0.0,0.0,0.0,0.0,0.0,0.0,0.0,0.0,0.0,-0.04468592932145741
