Epoch, 12
training loss,0.0,0.0005712689311693276,0.0008631935199339162,0.0008828945128091921,0.000946044726708137,0.0010948908298422455,0.0012507490891342362,0.0013765830553465468,0.0014918529405715127,0.001580296940508061,0.0016730767483001247,0.0017388304211564509,0.0017862514022043815,0.0018327290374858707
training obj,0.02832276923034121,-0.019671694472359093,-0.026080259536484292,-0.012057520275679873,-0.011872271494026861,-0.01186408782286533,-0.011634608142662282,-0.011428978584487649,-0.01121992634554558,-0.010930372206676824,-0.010573409611870553,-0.010312327520702692,-0.00981688177231334,-0.00952378161224153
validating loss,0.0,0.0005414869269265586,0.0008401468407504985,0.000884276661155228,0.0009814096596932763,0.0011580616378018425,0.0012845672754338011,0.0013983312431567658,0.0015316693235136983,0.0016347440250683576,0.0017004550059532954,0.001756046310118917,0.0018280115069097115,0.0018738990895346636
validating obj,0.028020398536076147,-0.018857879240790174,-0.01181595527385879,-0.01142414105642173,-0.011877225750746826,-0.011620218108873814,-0.012393671120258255,-0.012029212808960842,-0.012295045333707498,-0.011811714871631315,-0.012494413744813452,-0.012266518257092685,-0.012654611355780313,-0.01208693245684521
testing loss,0.0,0.0004360577415256459,0.0007410689372714056,0.0007860583227247352,0.0008853091221189479,0.0010658024143226244,0.0011961712837030456,0.0013163770687439152,0.0014565068806798474,0.0015563505899941397,0.0016365162257381992,0.001700629892356291,0.0017628773002306352,0.0018362382260100865
testing obj,0.02192510081757162,-0.021412105293239694,-0.014090186431752267,-0.013584106053049499,-0.013484096396840303,-0.013601748448972767,-0.01409818634321611,-0.013878744548639736,-0.013579677862769647,-0.013586687149064665,-0.013834890387197202,-0.013916011660586338,-0.0142385569004644,-0.014063833607046085
