Epoch, 13
training loss,0.0,0.0005650245281953282,0.0007693066400379929,0.0008364646131738874,0.0009206533001726675,0.0010925788892314349,0.0013122820519093498,0.0014290530798390653,0.0015384491868591045,0.001619626310946164,0.001690569119619242,0.0017323476367392667,0.0017504245613464246,0.0017386469999145643,0.0017452006442837563
training obj,0.02425412391768951,-0.02226476190776071,-0.023040141067558938,-0.013967347145080567,-0.013646616248012174,-0.013710576379854305,-0.013333650595307642,-0.012662413725446837,-0.012453376578039252,-0.011916324270743073,-0.011461220124699906,-0.010877981351907639,-0.010442832336012347,-0.009888756182957805,-0.009427184983631414
validating loss,0.0,0.00046167908173326094,0.0006647420474716151,0.0007703279124042536,0.0008585215344080805,0.001143123480788846,0.0013061823184317392,0.0013698017137357965,0.0014969868643675,0.0015844839411632468,0.001654330818888007,0.001615107958463745,0.001642042754812994,0.0016628925125890721,0.0015274817738423331
validating obj,0.0212906120189776,-0.021447776415799227,-0.01429828963915093,-0.012990208795397647,-0.013397336116112355,-0.013719676301762875,-0.013543729650943229,-0.013388440252229985,-0.013678560718997486,-0.014056285979071012,-0.013562322296719585,-0.014810069011420839,-0.014361445248747865,-0.014035504647634096,-0.016145228460017178
testing loss,0.0,0.0004138957642803812,0.0006303064099582214,0.0007354697968489868,0.0008256976088395695,0.0011118683913672292,0.0012812087252559896,0.0013439832986772966,0.0014788238787897736,0.0015725359144444402,0.0016375857537511635,0.0015937379133459683,0.001630635032228924,0.0016396830481401569,0.0014909086953471037
testing obj,0.01899774359992227,-0.02274640550132136,-0.018026827796790247,-0.015195860694212889,-0.015441499571819362,-0.016618909534519992,-0.0160203965827571,-0.016030643789752108,-0.016258878595623617,-0.017034653593106446,-0.015783890119023824,-0.01764990099881952,-0.017210413104023884,-0.016276322821205533,-0.019432540120859
