Epoch, 27
training loss,0.0,0.0005494828842119222,0.0005687732976523465,0.0005165993659437506,0.0005148109774488737,0.0005129859954239709,0.0005110429911178026,0.0005101925959666808,0.0005089600405863522,0.0005067546873903542,0.0005044947545827074,0.0005020406754577861,0.0005006117582453561,0.0004972382487418751,0.0004957052331483996,0.0004936350281829672,0.0004890894887092359,0.0004863280599523683,0.0004846564562552992,0.00047942415397961204,0.0004790971225684545,0.0004733299984888849,0.0004724694088936838,0.00046725926293612587,0.0004656422860160306,0.00044758484999000953,0.0004399108545233806,0.0004360875219800601,0.0004336077045688095
training obj,0.03862300036365495,0.0,0.0,0.0,0.0,0.0,0.0,0.0,0.0,0.0,0.0,0.0,0.0,0.0,0.0,0.0,0.0,0.0,0.0,0.0,0.0,0.0,0.0,0.0,0.0,0.0,0.0,0.0,-0.024735079484754334
validating loss,0.0,0.0004910717264768513,0.0004700921035691863,0.0004731195856745924,0.00047328421048102126,0.000473524583261072,0.00046915457298584643,0.0004795859361668893,0.0005115474050398916,0.0005114244138692609,0.00047183094425741327,0.00048113624507095665,0.0005206342787763182,0.00046404955092940427,0.00047179333483250555,0.0005098677601280441,0.00047320673446746595,0.0004942788174149529,0.00048131023747070384,0.00048434282952156436,0.00051952022800429,0.0004854668554293716,0.0004819539897451048,0.0005146819649881865,0.0005220044363846278,0.0004983615674266022,0.0005383518028894388,0.0005006052449769211,0.0006369900381994537
validating obj,0.03672163579095569,0.0,0.0,0.0,0.0,0.0,0.0,0.0,0.0,0.0,0.0,0.0,0.0,0.0,0.0,0.0,0.0,0.0,0.0,0.0,0.0,0.0,0.0,0.0,0.0,0.0,0.0,0.0,-0.03314901308880912
testing loss,0.0,0.00046138525391831316,0.00043425362535934846,0.0004382637420644027,0.0004638311601829136,0.0004909540285872346,0.0004345056276596969,0.0005002515757262921,0.0005954248507977527,0.0006005485882122082,0.00048703560654807053,0.0005605348602772652,0.0005587075488497125,0.0005100081561485658,0.0004817692509252968,0.0005755666391672315,0.00043995430914455446,0.0006015325796741652,0.0004896161933445271,0.0004660116883806532,0.0005750279114353534,0.0004981544025704843,0.0004592198359180632,0.0005602483943221159,0.0005354921556096775,0.0005238150006334763,0.0005322532545235574,0.0005041193956433719,0.0007058100562898215
testing obj,0.03286477757265439,0.0,0.0,0.0,0.0,0.0,0.0,0.0,0.0,0.0,0.0,0.0,0.0,0.0,0.0,0.0,0.0,0.0,0.0,0.0,0.0,0.0,0.0,0.0,0.0,0.0,0.0,0.0,-0.03201230769549068
