Epoch, 12
training loss,0.0,0.0005016295989997922,0.0004979348950610702,0.0004884160696754307,0.0004878620203411489,0.0004862953541084968,0.00048523510414903514,0.0004834099486665037,0.00048156645877804545,0.00048012664866458574,0.00047733929570646855,0.00047618416722832515,0.00047307887168174673,0.0004707156221286929
training obj,0.006132194887285527,0.0,0.0,0.0,0.0,0.0,0.0,0.0,0.0,0.0,0.0,0.0,0.0,-0.035534949362446985
validating loss,0.0,0.0005275750390172793,0.000514615983693179,0.0005105709408758938,0.0005224150469220303,0.0005140606748411685,0.000553299901842532,0.0006075772740637479,0.0005500786269593591,0.0005457310764232625,0.0006769206037772675,0.0006490733890808719,0.0005878858678584683,0.0006700144491383402
validating obj,0.007051153060139051,0.0,0.0,0.0,0.0,0.0,0.0,0.0,0.0,0.0,0.0,0.0,0.0,-0.03473877338821449
testing loss,0.0,0.0005019983920189968,0.0004865387158550067,0.00048606106237443334,0.0004882568795118351,0.00048660483959187244,0.0005044453512846068,0.0005560120785870472,0.0004978573088072923,0.0004936487948162156,0.000602368572849698,0.0005775146752611631,0.0005233696908414276,0.000605090437101558
testing obj,0.006425105621990156,0.0,0.0,0.0,0.0,0.0,0.0,0.0,0.0,0.0,0.0,0.0,0.0,-0.03602202076195593
