Epoch, 13
training loss,0.0,0.0005204126806873236,0.0005205110314038403,0.0005128402892961963,0.0005119674378650826,0.0005107612037701349,0.0005092623144863662,0.0005069789405762853,0.0005057467903724065,0.0005035384929385488,0.0005015290026493691,0.0005002662410737491,0.000496706035673619,0.0004950705695482324,0.0004929430089411977
training obj,-0.003224890200027193,0.0,0.0,0.0,0.0,0.0,0.0,0.0,0.0,0.0,0.0,0.0,0.0,0.0,-0.052135769505590145
validating loss,0.0,0.0005372341359182217,0.0005484619847001652,0.0005281702897043748,0.0005336351440586013,0.000538113934938221,0.0005570876490870357,0.0005342753286681712,0.0006334921785322732,0.0007202698311551553,0.0008047695400472891,0.0007683334410619385,0.0007605988742250129,0.0007796890668819334,0.0007304228122165236
validating obj,-0.0027724434879437656,0.0,0.0,0.0,0.0,0.0,0.0,0.0,0.0,0.0,0.0,0.0,0.0,0.0,-0.052459907205614255
testing loss,0.0,0.0004939241595027276,0.0005030510054707684,0.00048681781893104544,0.000487803089935574,0.0004913829929412646,0.0004992496196697839,0.000492363919472754,0.0005470289329478184,0.000634895117131199,0.0007369938233368916,0.0006857513499684103,0.0006595498059349589,0.000703094796326398,0.0006498512612370882
testing obj,-0.0027956714791128744,0.0,0.0,0.0,0.0,0.0,0.0,0.0,0.0,0.0,0.0,0.0,0.0,0.0,-0.052424473096512374
