Epoch, 17
training loss,0.0,0.0005087611618321409,0.0004960028117968942,0.0004851150383002444,0.0004806039766718772,0.0004777501356937718,0.0004753172017204361,0.0004730717291588449,0.0004705489539803698,0.00046959922948285146,0.0004676845854324671,0.00046611000864989666,0.00046455257731702,0.00046371749809242694,0.0004620986943584457,0.0004613934328610925,0.00046012714724464563,0.00045903595844512166,0.0004512846742268329
training obj,0.03695533671952496,0.0,0.0,0.0,0.0,0.0,0.0,0.0,0.0,0.0,0.0,0.0,0.0,0.0,0.0,0.0,0.0,0.0,-0.03206862241725017
validating loss,0.0,0.0005408924972379876,0.0005751521914519022,0.0007960531349837898,0.0005324175137980957,0.0008275724412858483,0.0005315511384981911,0.0006073539374747867,0.0005598857395094538,0.0005860047047299367,0.0005768916661317169,0.0006380901393571435,0.0006692361093631173,0.000666618001006103,0.0005834947900262913,0.0006042615018124776,0.0006894875422369239,0.000875091210505051,0.0007381994886455532
validating obj,0.037766283642255725,0.0,0.0,0.0,0.0,0.0,0.0,0.0,0.0,0.0,0.0,0.0,0.0,0.0,0.0,0.0,0.0,0.0,-0.03330356571307747
testing loss,0.0,0.00048328201570169415,0.000502993573056251,0.0006892274832352996,0.0004736596717791838,0.0007344544432265243,0.00046752409853915587,0.0005423983734662295,0.0005039116644271767,0.0005153743742662402,0.000514390725659374,0.0005582690810209233,0.0005795464547162755,0.0005932288741623873,0.0005219129233943858,0.0005273884986143054,0.0006034033467648303,0.000776678420599869,0.0006550743220155685
testing obj,0.03614647953775864,0.0,0.0,0.0,0.0,0.0,0.0,0.0,0.0,0.0,0.0,0.0,0.0,0.0,0.0,0.0,0.0,0.0,-0.03356634541062026
