Epoch, 19
training loss,0.0,0.0005530747301949589,0.000607759493355201,0.0005484059092636658,0.0005477116085838882,0.0005480694826509731,0.0005452033514373789,0.0005435681875336312,0.0005404011226845814,0.00053950328689169,0.0005366244897196142,0.0005346190808089815,0.0005312874866421244,0.0005255936345373116,0.0005203255465198262,0.0005146992391126011,0.0005087535726631233,0.0004993169875495939,0.0004701061547772648,0.00045232338172853835,0.0004414111054525254
training obj,0.007797732597728278,0.0,0.0,0.0,0.0,0.0,0.0,0.0,0.0,0.0,0.0,0.0,0.0,0.0,0.0,0.0,0.0,0.0,0.0,0.0,-0.03357310529579135
validating loss,0.0,0.00042416384733062133,0.0004218424025263327,0.00042076049622765923,0.0004174627908165955,0.00041160728829304897,0.00041023002813744824,0.00042088340776697604,0.0004116472612925766,0.0004138262394109107,0.0004312881814661927,0.00041536641563450557,0.0004232800967858768,0.0004161256864689575,0.0004572763456154563,0.0004982875116184005,0.0005139367929384914,0.00047992574521534454,0.0006423873346648179,0.0006006888919121897,0.00041343462200731866
validating obj,0.008199687943690352,0.0,0.0,0.0,0.0,0.0,0.0,0.0,0.0,0.0,0.0,0.0,0.0,0.0,0.0,0.0,0.0,0.0,0.0,0.0,-0.030985438057945833
testing loss,0.0,0.00040454260871794414,0.00040109873372932417,0.0004454686049202054,0.0004504940153384342,0.0004460915077141033,0.0004313573216849535,0.0004637467005719569,0.0004473966634848054,0.0004732280962147146,0.0005600128979249102,0.0005104205711914629,0.00055237297763941,0.0005431122950245186,0.0005904804660334579,0.0006367803145769505,0.0006571573806935261,0.0006713601044769323,0.0008334773265232798,0.0007922029230079765,0.0005357684609849899
testing obj,0.0061113585315242,0.0,0.0,0.0,0.0,0.0,0.0,0.0,0.0,0.0,0.0,0.0,0.0,0.0,0.0,0.0,0.0,0.0,0.0,0.0,-0.031046234486574256
