Epoch, 15
training loss,0.0,0.0005808177289972994,0.0007574760681474764,0.0007432827132516632,0.0008027686845903815,0.0008973630925859598,0.001052404905888526,0.0012154913991324458,0.001408662176097506,0.0015532355041097045,0.0016270987201007267,0.0016749925158150933,0.001694837766790799,0.0016892849212037581,0.0016575540393116135,0.0016682862998077682,0.0016041722559534451
training obj,0.019766494706638302,-0.03598489148140538,-0.031376416174074016,-0.01853299050445796,-0.018253295521671865,-0.01817378185086829,-0.017869915743814965,-0.017547613068246374,-0.01743750488202946,-0.0168460761251695,-0.0162952346042456,-0.015557344316267499,-0.015121143702965448,-0.014336454437351695,-0.013883744594732336,-0.011776831220178044,-0.010533462773424153
validating loss,0.0,0.0005021563714156704,0.0006101034317301431,0.000660154417548458,0.0007472686977255055,0.0008902533405085301,0.0009743663475900474,0.0011265693255053419,0.0013753040143961294,0.0015444351884070784,0.001537802946081178,0.0015915550207460506,0.0016383474026547952,0.0015382586215208801,0.0015474811629650907,0.0015317451680958685,0.0015148468001926732
validating obj,0.018872841235457197,-0.03243312632871999,-0.020256972884655826,-0.019076054708825216,-0.02028086631455355,-0.019911883243670065,-0.019580089603550732,-0.01973558917072498,-0.022059981504248247,-0.019428087618305452,-0.019979640750938818,-0.022226393533249695,-0.021093372022733092,-0.0218913732872655,-0.023125159709403913,-0.023728683332188263,-0.022730469186272886
testing loss,0.0,0.00045128109942762986,0.0005714806415002189,0.0006242544383181863,0.0007136145605063821,0.000866667552759896,0.0009535286304968837,0.0011198151309194195,0.0014003006248999186,0.0015439123255074829,0.0015664373404925336,0.0016306098141531285,0.001675553379165059,0.0015867385317923854,0.0016012941833233108,0.001584724516834359,0.001572794735595282
testing obj,0.017796628825316154,-0.03599271224811673,-0.019839861405056877,-0.01891369482728879,-0.019244400186564873,-0.01882695549520085,-0.018751858607740014,-0.019840332207496505,-0.0205781688485798,-0.0191367340299326,-0.019990183903860884,-0.02071949848401788,-0.020359731222679082,-0.021206652915507957,-0.0223501648854565,-0.02279321792082408,-0.022241204964450083
