Epoch, 27
training loss,0.0,0.0005350269068217398,0.000588751270455153,0.0005304661110630168,0.0005297985364735474,0.0005285937447493494,0.0005270182391897976,0.0005253952025668695,0.0005246567855162235,0.0005229818200699382,0.0005213852911016575,0.0005178162090790768,0.0005155453772578552,0.0005126521335150042,0.0005104949945234693,0.0005065183966436569,0.0005036406609624642,0.0004976198859010622,0.0004966262531096992,0.0004904417934263691,0.000489898325216856,0.00048098105163423016,0.00047932792242100534,0.0004731235264996797,0.00046878756465066186,0.0004661653187427231,0.00046071336087063136,0.0004555009017862818,0.00043856924318128683
training obj,0.03070592780907949,0.0,0.0,0.0,0.0,0.0,0.0,0.0,0.0,0.0,0.0,0.0,0.0,0.0,0.0,0.0,0.0,0.0,0.0,0.0,0.0,0.0,0.0,0.0,0.0,0.0,0.0,0.0,-0.02659237736142149
validating loss,0.0,0.0004901327310007117,0.0004871462161746523,0.0004887599217100716,0.0004869538038797651,0.0004964071914501903,0.0004861306141618924,0.0004960632019598658,0.0004876739923121123,0.0005254861094322728,0.0005009352613948673,0.0004867073289965952,0.0005229419546392617,0.0005287409197383871,0.0005107541560897112,0.0005082669536528152,0.0004807577701689701,0.00048173909474118974,0.000484146459105735,0.0004869061710148041,0.0005033807465224527,0.0004917214543335527,0.0005333063351523984,0.0007076047044797128,0.0004944155955147127,0.0005421121050959402,0.0006049850473775425,0.0006240586373880635,0.000721397896995768
validating obj,0.029527861754306488,0.0,0.0,0.0,0.0,0.0,0.0,0.0,0.0,0.0,0.0,0.0,0.0,0.0,0.0,0.0,0.0,0.0,0.0,0.0,0.0,0.0,0.0,0.0,0.0,0.0,0.0,0.0,-0.031119675634221897
testing loss,0.0,0.00043781115252656763,0.00043717212424412166,0.0005092041244859354,0.00043821582821200954,0.000538767462834634,0.0004702787947600292,0.0005399258179995986,0.0004784752814590025,0.0006118263325432152,0.00050079195932847,0.0004434617999445559,0.0005676073836897362,0.0005856646954221966,0.0004802291170218834,0.000515503999800736,0.0005171866610613211,0.00046109280368467363,0.00048177857172197183,0.0005190418312456648,0.0005376041608050818,0.00045422925137933597,0.000623105361080741,0.0007872114025254583,0.00046650750192458036,0.0006444860002768503,0.0006997861043625587,0.0006915543811840975,0.0007952716057204541
testing obj,0.025601667890048307,0.0,0.0,0.0,0.0,0.0,0.0,0.0,0.0,0.0,0.0,0.0,0.0,0.0,0.0,0.0,0.0,0.0,0.0,0.0,0.0,0.0,0.0,0.0,0.0,0.0,0.0,0.0,-0.034971676162771276
