Epoch, 23
training loss,0.0,0.0005041947586979141,0.0005022208450484041,0.0004918148844711587,0.000489054359434361,0.0004856180157389869,0.0004826968996745829,0.0004804426690664906,0.0004781285623393208,0.0004756376114011757,0.00047389568324153795,0.00047291510016641625,0.0004708433928264292,0.0004694480202626322,0.0004680934904975974,0.00046641754949186065,0.00046519467081599703,0.0004639530175324923,0.0004629400050873419,0.00046200329210087165,0.0004609385771404143,0.00046033196957022225,0.00045937739825524857,0.000458217717264601,0.0004574883592971031
training obj,0.03236630457155847,0.0,0.0,0.0,0.0,0.0,0.0,0.0,0.0,0.0,0.0,0.0,0.0,0.0,0.0,0.0,0.0,0.0,0.0,0.0,0.0,0.0,0.0,0.0,-0.03159759638011749
validating loss,0.0,0.0005152859611966032,0.0005765507361829679,0.0006232302890365232,0.0006865144618868442,0.000728220294247209,0.0006538891419884145,0.0006017343703174809,0.0005361548116673138,0.0005448396240822667,0.0007067981049592468,0.0005497554171522057,0.0005545381433929672,0.0006300495074497766,0.0005137116147524872,0.0005453691287631866,0.0005898980824766232,0.00053972417308331,0.0005630897300406101,0.0007164117249977013,0.0005865900404771442,0.0005996982339242108,0.0007468082776634952,0.0006361385614493988,0.0006577752128861374
validating obj,0.032414170729711804,0.0,0.0,0.0,0.0,0.0,0.0,0.0,0.0,0.0,0.0,0.0,0.0,0.0,0.0,0.0,0.0,0.0,0.0,0.0,0.0,0.0,0.0,0.0,-0.03202856820605205
testing loss,0.0,0.00046554228431225006,0.0004987900312711435,0.000535918653799079,0.00058989300069195,0.0006355221873480288,0.0005670392320834208,0.0005242502887112332,0.0004887082388838144,0.0004853404275410754,0.0006208515785089109,0.0005065807996044439,0.0005063394349199746,0.0005744240312359581,0.0004707182739811117,0.0004943828988121421,0.0005391290742190028,0.0004934206601238201,0.0005189778594176021,0.0006285682354094248,0.000537038431408955,0.0005340439488440263,0.0006549559637125026,0.0005615914274342102,0.0006023598848397261
testing obj,0.03153222637081105,0.0,0.0,0.0,0.0,0.0,0.0,0.0,0.0,0.0,0.0,0.0,0.0,0.0,0.0,0.0,0.0,0.0,0.0,0.0,0.0,0.0,0.0,0.0,-0.031871387531432656
