Epoch, 13
training loss,0.0,0.000532687062086017,0.0005611843692296295,0.000498631259417344,0.0004973588911668105,0.000496689421518514,0.0004937461064757515,0.0004933888235730895,0.0004913161429702122,0.0004890665196809078,0.0004857893523305892,0.00048281561412652225,0.00047860818395194796,0.00047777676461241664,0.0004726777432427066
training obj,0.016259806679890437,0.0,0.0,0.0,0.0,0.0,0.0,0.0,0.0,0.0,0.0,0.0,0.0,0.0,-0.04251814592702716
validating loss,0.0,0.0004954022535659735,0.00046495779356013774,0.0004619873618341646,0.00045978806883795187,0.0004645172658557486,0.00046518690093459253,0.00046067359774800326,0.0004712223059565683,0.0004760031984511039,0.0004647485841107684,0.0005073739921499509,0.0004764635224192817,0.0005011844995250511,0.0004774236088754454
validating obj,0.016657614964060485,0.0,0.0,0.0,0.0,0.0,0.0,0.0,0.0,0.0,0.0,0.0,0.0,0.0,-0.05265288950047559
testing loss,0.0,0.00043716531468522297,0.0004089351541797687,0.0004092654611717129,0.00041831493596160925,0.0004143211830327149,0.00046371308918743444,0.0004366107454237912,0.00044876181109921654,0.0005227783700271126,0.0005060411899034374,0.0005883526022001673,0.0004718489816622349,0.0005823290308841466,0.000508341275555132
testing obj,0.012564015851632969,0.0,0.0,0.0,0.0,0.0,0.0,0.0,0.0,0.0,0.0,0.0,0.0,0.0,-0.047810180150475855
