Epoch, 12
training loss,0.0,0.0004924610150359355,0.000489817583362719,0.00048113197333220345,0.0004810666723167121,0.0004798348155943958,0.00047932738015346154,0.0004778495386319759,0.0004769600015662167,0.0004751228485829899,0.00047288540241349585,0.0004703270119032579,0.0004686710845311415,0.00046649589660072524
training obj,-0.003813863728132055,0.0,0.0,0.0,0.0,0.0,0.0,0.0,0.0,0.0,0.0,0.0,0.0,-0.0520337156182673
validating loss,0.0,0.0005155135005196697,0.0005186407282125933,0.0005237829831344636,0.0005091577586363924,0.0005752378907647817,0.000550784196508855,0.0006279054983005622,0.0006542941864483139,0.0006483520688706603,0.0006511627908841993,0.0006313920015895983,0.0006101356024732434,0.0006556112397302814
validating obj,-0.0033375516785212043,0.0,0.0,0.0,0.0,0.0,0.0,0.0,0.0,0.0,0.0,0.0,0.0,-0.052064863990695834
testing loss,0.0,0.00048484996611153943,0.00047877874801218113,0.00048002315975477494,0.0004705313843599919,0.0005029091509998058,0.00048703592395380987,0.0005408785269136733,0.0005641317130819597,0.0005556796942995578,0.0005623689937962719,0.0005463321122986853,0.0005243374524543282,0.0005583012079084527
testing obj,-0.003460570568741394,0.0,0.0,0.0,0.0,0.0,0.0,0.0,0.0,0.0,0.0,0.0,0.0,-0.051486814889909374
