Epoch, 20
training loss,0.0,0.0005121966897143553,0.0005060529194337293,0.0004943516872169493,0.0004899901141937171,0.00048659026088419865,0.00048363226151070134,0.00048101083499003917,0.00047870183374635835,0.0004770588038055937,0.00047504566528202267,0.0004736534847055866,0.0004723155516276919,0.00047111540653429595,0.0004702886196195739,0.0004683239344011256,0.0004678773135755502,0.000467478522243983,0.0004654643870649044,0.00046448167959672236,0.00046409861659473846,0.00045569158648120636
training obj,0.03746965656372033,0.0,0.0,0.0,0.0,0.0,0.0,0.0,0.0,0.0,0.0,0.0,0.0,0.0,0.0,0.0,0.0,0.0,0.0,0.0,0.0,-0.03199257569353572
validating loss,0.0,0.0005236618620555793,0.0005722093577989157,0.0005861048082485521,0.0007145285355779149,0.0005682141699942609,0.0005499907483838807,0.0006220576258934753,0.0006892537179467056,0.0005306014666508216,0.0006145373272595147,0.0006041801843632481,0.0005714819395557573,0.0005989077963840512,0.0005969577975856957,0.0007133103227750382,0.0006824713372410909,0.0010486165621061325,0.0006347917911864875,0.00077340871579647,0.0006647790530340015,0.0006902805203828714
validating obj,0.036705673617475176,0.0,0.0,0.0,0.0,0.0,0.0,0.0,0.0,0.0,0.0,0.0,0.0,0.0,0.0,0.0,0.0,0.0,0.0,0.0,0.0,-0.03229542151834674
testing loss,0.0,0.00046496622729946325,0.0004970807614487298,0.0005094707444601327,0.0006035269876197561,0.00048285805992792137,0.00048519143405015356,0.0005364406472471244,0.0006030959759892177,0.00047035901854586146,0.0005480804010780777,0.0005138843525339338,0.0004990444245407893,0.0005316632337975011,0.0005053312148031335,0.0006132964437222649,0.0005867382864248995,0.0009250705304069495,0.0005395575758758428,0.0006786340347198363,0.0005765524752381063,0.0005982417572179402
testing obj,0.035540410363966546,0.0,0.0,0.0,0.0,0.0,0.0,0.0,0.0,0.0,0.0,0.0,0.0,0.0,0.0,0.0,0.0,0.0,0.0,0.0,0.0,-0.033141997203602745
