Epoch, 26
training loss,0.0,0.000552158668470642,0.0006133973147656184,0.0005450777865988522,0.0005447515692960187,0.0005424319028594147,0.0005411987517636233,0.0005390729752309876,0.0005377428434668201,0.0005355747759869487,0.0005329233863306524,0.0005284730491100573,0.0005247363129313396,0.0005221001972505987,0.0005160228918219789,0.0005119627562474788,0.0005120908701392895,0.0005025850118745082,0.0004987014523209712,0.0004931422957394948,0.0004865138316138958,0.00048270132118726476,0.0004755267574378819,0.0004696005263694507,0.00046611688660192944,0.0004616256799564843,0.00045375725115745274,0.00044814745568003795
training obj,0.025085158953808393,0.0,0.0,0.0,0.0,0.0,0.0,0.0,0.0,0.0,0.0,0.0,0.0,0.0,0.0,0.0,0.0,0.0,0.0,0.0,0.0,0.0,0.0,0.0,0.0,0.0,0.0,-0.03151657457700839
validating loss,0.0,0.00047327794527518563,0.00047239178012306284,0.00047043647787682456,0.00046936847603420675,0.00046679343965176184,0.00046608347838628106,0.000474161220659476,0.00047587474930171284,0.00046684388871653937,0.00047989601767363236,0.000536704146725242,0.00047405178197045135,0.00046514314312339085,0.00045950658224885247,0.0004629194516180885,0.0004631002118710765,0.0004638392033989981,0.0005119307610988875,0.00046867521066613134,0.00045773175811013463,0.0005241723708119631,0.0004705292196578941,0.0004900066410805772,0.000539671855626188,0.0007402366973110475,0.000587591809461527,0.00046978867936155037
validating obj,0.024132853063444298,0.0,0.0,0.0,0.0,0.0,0.0,0.0,0.0,0.0,0.0,0.0,0.0,0.0,0.0,0.0,0.0,0.0,0.0,0.0,0.0,0.0,0.0,0.0,0.0,0.0,0.0,-0.03209715506010172
testing loss,0.0,0.00044396256674411453,0.00046528595329790905,0.0004470572168576984,0.0005019959692593122,0.0004810199214851899,0.0004895746091819632,0.000571551724656397,0.000527821959572926,0.0005575360288226826,0.0006152263835050493,0.0006958539785488471,0.0006120408262005012,0.0005992802616674453,0.0005211299120108723,0.0005229217597327472,0.000538281951850041,0.0006173672862476795,0.0006803557479469344,0.0006044737722707371,0.000564864254261625,0.0006972705937310034,0.0005973791667202022,0.0006408807532499997,0.0007126264416099828,0.0009017549307680236,0.0007909493556449102,0.0006055937450877831
testing obj,0.019713834708405507,0.0,0.0,0.0,0.0,0.0,0.0,0.0,0.0,0.0,0.0,0.0,0.0,0.0,0.0,0.0,0.0,0.0,0.0,0.0,0.0,0.0,0.0,0.0,0.0,0.0,0.0,-0.03803020000860498
