Epoch, 19
training loss,0.0,0.000553842978985688,0.0005939532952741537,0.0005393564926207011,0.0005379769040041092,0.0005365291997269892,0.0005350942973118257,0.0005328774859948431,0.0005312126144988225,0.0005299145431433549,0.0005283473274389775,0.0005249376234132796,0.0005233954733828831,0.0005201833538640309,0.0005182166251139351,0.0005140826952365209,0.0005114704218131545,0.0005071240268401144,0.0005027434793494953,0.0004979401905039399,0.0005005248906444667
training obj,0.036198776302968756,0.0,0.0,0.0,0.0,0.0,0.0,0.0,0.0,0.0,0.0,0.0,0.0,0.0,0.0,0.0,0.0,0.0,0.0,0.0,-0.028206803322787962
validating loss,0.0,0.0004724692446163519,0.00046267013264393125,0.0004627809424467462,0.00046406624258250103,0.0004641813441897587,0.000475487922408825,0.0004646909886408442,0.0005167021661489141,0.0004946415166260623,0.0004760459198425653,0.0004962062972077143,0.00048223901649180334,0.0004598312021294583,0.0006577594997199614,0.0005088962376855003,0.0004789127051481046,0.0006560594499913148,0.0005461444106913405,0.0005746602520149383,0.0006878807022682546
validating obj,0.03127838976474272,0.0,0.0,0.0,0.0,0.0,0.0,0.0,0.0,0.0,0.0,0.0,0.0,0.0,0.0,0.0,0.0,0.0,0.0,0.0,-0.0287659990394281
testing loss,0.0,0.0004414218936880069,0.0004299638787562946,0.0004275470206709075,0.0005012993731086042,0.0005105317887264883,0.0005446714188823338,0.00045240187751620104,0.0006142372108730047,0.0005805582500092773,0.0005710956338097694,0.0005926897343620973,0.0005708581094851881,0.0005391934049642972,0.0007721120805276645,0.0006170416086820911,0.0004657268468322031,0.000806593413840715,0.0006789288524266118,0.0007195795180843954,0.0008262380034540076
testing obj,0.02997971620612048,0.0,0.0,0.0,0.0,0.0,0.0,0.0,0.0,0.0,0.0,0.0,0.0,0.0,0.0,0.0,0.0,0.0,0.0,0.0,-0.030753752027915138
