Epoch, 14
training loss,0.0,0.0005995265291501567,0.0006455152168557248,0.0005848869276758028,0.0005823489178974163,0.0005816867559356158,0.0005791945422043129,0.0005750752648786075,0.000578330356345795,0.0005712745963155256,0.0005702651455067098,0.00056574020900549,0.0005643451876548009,0.0005596935268840752,0.0005565279302091392,0.0005553565260283101
training obj,0.026730636260746156,0.0,0.0,0.0,0.0,0.0,0.0,0.0,0.0,0.0,0.0,0.0,0.0,0.0,0.0,-0.029372541089633518
validating loss,0.0,0.0004784911769901454,0.0004740192016470246,0.0004692044803960016,0.000467967001693776,0.0004725213586627635,0.0004689463051666583,0.0004696459780259627,0.00047039935513263725,0.0004894535854368263,0.000562673301020469,0.0005543278752560986,0.0008287743124431776,0.0004690227318254377,0.0004927041049490476,0.0004978779185573027
validating obj,0.020680729260978598,0.0,0.0,0.0,0.0,0.0,0.0,0.0,0.0,0.0,0.0,0.0,0.0,0.0,0.0,-0.029617630592029955
testing loss,0.0,0.00046957730837921436,0.0004794787186059497,0.0005501754547711587,0.00047643071740969536,0.0005772843802775684,0.0005507140137794793,0.00048480852579027795,0.000553086755177434,0.0006376956472514714,0.0007267739189980628,0.0006514999497724332,0.0009356102250544732,0.0005721517179178616,0.0006012801829972493,0.0004771543351887738
testing obj,0.02132989133305445,0.0,0.0,0.0,0.0,0.0,0.0,0.0,0.0,0.0,0.0,0.0,0.0,0.0,0.0,-0.03460250795516815
