Epoch, 15
training loss,0.0,0.0005012948742348094,0.0004943949657591247,0.0004839051376581308,0.00047997185538406484,0.00047647687769899647,0.0004737993261042208,0.0004718461905876923,0.0004693527938568454,0.0004681953814078898,0.0004659989378759185,0.00046465528420550864,0.0004629860448177605,0.0004624363226736037,0.00046111068062371064,0.0004599549717426436,0.000458882984776479
training obj,0.036634999578561506,0.0,0.0,0.0,0.0,0.0,0.0,0.0,0.0,0.0,0.0,0.0,0.0,0.0,0.0,0.0,-0.033051625639418346
validating loss,0.0,0.0005243619097071252,0.0006092812556656203,0.0006366710042073206,0.0005747544456020144,0.000552019504476262,0.0005438496828180735,0.0005458842921917686,0.0005463999577369549,0.0005239730736072164,0.000602628462622627,0.000653028190814206,0.0006301512915131903,0.0006390803702371791,0.0006129683888156593,0.0006064779868384277,0.0006551668630736867
validating obj,0.03655573990877563,0.0,0.0,0.0,0.0,0.0,0.0,0.0,0.0,0.0,0.0,0.0,0.0,0.0,0.0,0.0,-0.028666755028236592
testing loss,0.0,0.00047824374348634096,0.0005436266552467138,0.0005514555192668121,0.0005049685639815254,0.0005007682405177763,0.0004821651544421511,0.0005034114953392268,0.000505123682219532,0.0004784661076649668,0.0005661144689536572,0.0006065520809210653,0.0005806279530247398,0.0005926077265938401,0.0005421923948443361,0.0005499417919135795,0.0005724588836481748
testing obj,0.035751899563276214,0.0,0.0,0.0,0.0,0.0,0.0,0.0,0.0,0.0,0.0,0.0,0.0,0.0,0.0,0.0,-0.030973211117569684
