Epoch, 14
training loss,0.0,0.000553703753251409,0.0005826968299373345,0.0005160692516701779,0.0005122368759247383,0.0005107456049254146,0.0005062694570013121,0.0005022223768630248,0.0004982437817471139,0.0004948091524876836,0.000487431795002468,0.0004808179564076686,0.0004759798397928677,0.0004644915987549158,0.00045556800800042373,0.00044588683727745184
training obj,-0.0036881909358735176,0.0,0.0,0.0,0.0,0.0,0.0,0.0,0.0,0.0,0.0,0.0,0.0,0.0,0.0,-0.05313866607041336
validating loss,0.0,0.0005264074782947622,0.0004908570378271785,0.0004822036175432408,0.0005143459503516271,0.00048514841687897895,0.0004940301270026895,0.0005446365850932327,0.0004819131481781369,0.0005341758911122775,0.0005688722519860474,0.0006319011378460951,0.0005253853727885548,0.0006019519789535681,0.000520099159378636,0.0004818082464529046
validating obj,3.991883972452747e-05,0.0,0.0,0.0,0.0,0.0,0.0,0.0,0.0,0.0,0.0,0.0,0.0,0.0,0.0,-0.04591438996916016
testing loss,0.0,0.000409892169684738,0.0004035212351064311,0.0003823263537629533,0.000499818150962489,0.0004373911218174947,0.0004634407642033939,0.0005380107451511887,0.0004730022686802644,0.0005252353048244668,0.0005706950119142799,0.0006477154118918996,0.0005294991706004775,0.0005810359891895771,0.0005876268510906517,0.0004237015183281147
testing obj,-0.005306270030150945,0.0,0.0,0.0,0.0,0.0,0.0,0.0,0.0,0.0,0.0,0.0,0.0,0.0,0.0,-0.052686342491290054
