Epoch, 16
training loss,0.0,0.0005640229417265657,0.0007299355520266473,0.0006347043747618776,0.0006462976816977721,0.0006624426108079634,0.0006666398265367081,0.0007010463018577509,0.0007089423523604066,0.0007381933764098029,0.0007639564616564551,0.0007711596202045935,0.0007570771077606718,0.0007400953347849495,0.0007791682807888434,0.0007767671305462535,0.0007930031255704771,0.0007794677593183758
training obj,0.008218215145718525,-0.0619491221784961,-0.04970064370655546,-0.04184262123616303,-0.03959147473979814,-0.03701440808454565,-0.03466800102124027,-0.03436748427795429,-0.03361836212376754,-0.03347114108356775,-0.03251868993153467,-0.032089389765671654,-0.031411580206351535,-0.030584046082096358,-0.029791086786152686,-0.02927605572941841,-0.028276716696792374,-0.02783056699908247
validating loss,0.0,0.00042610581153389323,0.00048453433232174977,0.0004914130638806253,0.0005047229383813424,0.0005456344960192735,0.0005788973016428321,0.0005447380111339347,0.0005637782342091668,0.0007102479006183179,0.0007798534146180222,0.0007650581460944118,0.0006469494385075652,0.0007027080023868217,0.000806493777620037,0.0007248886120376281,0.0007417735970294517,0.0011819351724019118
validating obj,0.005418018813038038,-0.06257197105636199,-0.04610462714400557,-0.045083010776175395,-0.04258465947997239,-0.03898307549146315,-0.03875077487383452,-0.03725778218358755,-0.03812198943665458,-0.038267039952592716,-0.03973825529424681,-0.0384842550330278,-0.03903287136927247,-0.03929224328344895,-0.04081814280814595,-0.040544133374674454,-0.040985977820431195,-0.04165804142960244
testing loss,0.0,0.0003621208822575706,0.00043691449113916986,0.0004563271012975255,0.00048401049836585926,0.000565654352563748,0.0006358836633168992,0.0005362329521213305,0.0005644591009193981,0.0007959486567808592,0.0008742919532311577,0.0008817841932083153,0.0007181058805341505,0.000746069906666447,0.0009504806087509653,0.0008674652509963946,0.0008730730840250397,0.0011772366053412191
testing obj,0.0035636490431135972,-0.0631922148168087,-0.040014609694480896,-0.03945706623631555,-0.03801456437370664,-0.036119999263334916,-0.03546925267909427,-0.03449618656540642,-0.03434623796744524,-0.03545649645447328,-0.037115783078243605,-0.03573288083881945,-0.03529091390806276,-0.03502238784740503,-0.0380752285363505,-0.03581599775399711,-0.03632526462142532,-0.03845534414506039
