Epoch, 13
training loss,0.0,0.000593793700796132,0.0007108205668605389,0.0006748014160514097,0.0007300212464578377,0.0007785327939143149,0.0008583678867366603,0.000947703893168592,0.0010074388797340148,0.0010899763798578551,0.0011498918357378274,0.001177984245998018,0.0011755648404633736,0.001153256744146347,0.0011354431160725653
training obj,0.041456614358021934,-0.011093876318659122,-0.010328778543728677,-0.006729411235417002,-0.006257789839040853,-0.005811866759961727,-0.005313880412437606,-0.0048574835413555595,-0.004220106049815157,-0.003948062640276975,-0.003498813991809227,-0.003026255156717026,-0.002628791619402667,-0.0019971316657485623,-0.0018896865859335545
validating loss,0.0,0.0005221962413391642,0.0005875959343231645,0.0006341902028200113,0.0006737443602307596,0.0007479505729861557,0.0008497825393634331,0.0009049434787205731,0.0009537753843081495,0.0010472489957464859,0.0010554848947019007,0.0011593795206863433,0.001147303400405993,0.0010915994692671422,0.001128225422386701
validating obj,0.03707294432549841,-0.011228780760171099,-0.006833385323665829,-0.006834038484763975,-0.006686303295686634,-0.006872500936474858,-0.006327384209726006,-0.006762920390529972,-0.006534237501909956,-0.007546570313732243,-0.007276535916995878,-0.0070082858696372975,-0.006712968027891798,-0.007327895689134796,-0.007975850619712017
testing loss,0.0,0.00048021952534327284,0.0005565931319693305,0.000606815929082537,0.0006488310055165375,0.0007342819393474005,0.000834061747268975,0.0008985945479818494,0.0009472842660191393,0.0010630253126618226,0.001077964566836788,0.0011648245901498642,0.0011657546966563205,0.001106275657720461,0.0011451713334945206
testing obj,0.031849426834063756,-0.01139848875479672,-0.007732245457560025,-0.008101124505235537,-0.007960233242704055,-0.007978066924732883,-0.008014111449262378,-0.008372590315490458,-0.008428627088653377,-0.009510573196363309,-0.00942496330213003,-0.008888592959280956,-0.008873480501131632,-0.009118964071259708,-0.010028728759042113
