Epoch, 14
training loss,0.0,0.0005302662976307557,0.0005761316912671022,0.0005249417139851835,0.0005236076627054489,0.00052376822260318,0.0005212889745998124,0.0005201900458333137,0.0005188437517134327,0.0005162816708131383,0.0005151966690569751,0.0005134631626253181,0.0005093554035685134,0.0005043671153401317,0.0005042545602134173,0.0005002229851978721
training obj,0.02750555065040495,0.0,0.0,0.0,0.0,0.0,0.0,0.0,0.0,0.0,0.0,0.0,0.0,0.0,0.0,-0.031339460890740155
validating loss,0.0,0.0005166413462171073,0.0005164515081964459,0.0005174274590697476,0.0005225306928574961,0.0005132245823915582,0.0005169498506600374,0.0005161658882570919,0.0005139268479170925,0.0005297113770615801,0.000542781862451294,0.000532007039307953,0.0005242804622361695,0.0005153159866798281,0.000575436802844504,0.0005098118029612427
validating obj,0.027215484633213945,0.0,0.0,0.0,0.0,0.0,0.0,0.0,0.0,0.0,0.0,0.0,0.0,0.0,0.0,-0.03509572981339362
testing loss,0.0,0.0004744204622536042,0.00048237526769642845,0.0005169745025931341,0.0005418793414326108,0.0005153757484623458,0.0005548929387972552,0.000539880154876202,0.0005618111302012678,0.0006021368823673362,0.0006345251262049518,0.0006041495039794796,0.0005093772336761971,0.0005547769114609518,0.0006912009442670309,0.0004912191048001783
testing obj,0.02468712838064577,0.0,0.0,0.0,0.0,0.0,0.0,0.0,0.0,0.0,0.0,0.0,0.0,0.0,0.0,-0.0342204742435668
