Epoch, 13
training loss,0.0,0.0005632391457266731,0.000697636415790447,0.0006348514362745097,0.000665553019886526,0.0006945460141115986,0.0007201983146574896,0.0007529936005548556,0.0007640626662132312,0.0007694322155336576,0.0007975455210315904,0.0008374865625656265,0.0008279974595187049,0.0008100917901816394,0.0007534736585369625
training obj,0.007945215427225419,-0.05646896896262964,-0.04526767201502534,-0.037908765659028405,-0.034330426202173914,-0.03395481225030095,-0.033967987679894646,-0.03335819761542713,-0.0328147947185618,-0.03251787372956089,-0.03181016047795614,-0.031238861792885205,-0.030651960489066207,-0.029812789323064044,-0.029140050537592055
validating loss,0.0,0.00047899863835078175,0.0005598148424420893,0.0005918338121975668,0.0006332932926953719,0.0006547356513490538,0.0006668037244202828,0.0006894294917098401,0.0007415487642800952,0.0007665398556532131,0.0007312556117540225,0.0007557334861808664,0.000744056955429389,0.0007878652880511557,0.0006875659673823975
validating obj,0.007913124948067384,-0.05358795697490374,-0.03902748449602061,-0.03384896114261614,-0.03259673230867419,-0.03352392739098933,-0.03433021134696901,-0.03383642750688725,-0.03302805477546321,-0.034679562526030674,-0.035282048345026046,-0.03499440297794839,-0.036655551495237484,-0.036555803225686155,-0.03646856774058607
testing loss,0.0,0.0004697432816740459,0.0005292108466705571,0.0005560710384530909,0.000606692935410113,0.0006169283887838655,0.0006535108142408127,0.0007226371057481014,0.0006859816765771373,0.0007879968812827625,0.000743879853256953,0.0007793032906389468,0.0008004696434442382,0.0007779874592685972,0.0007236700708941695
testing obj,0.006341141075953035,-0.05697042530251516,-0.041603336790324866,-0.03650655218626599,-0.03595682468919738,-0.03684945803488026,-0.03544661312087162,-0.03617765409620227,-0.0358505371605625,-0.03675120364169817,-0.035835758279505615,-0.036472305416356064,-0.03754529604889654,-0.03663443873409886,-0.03764522842106384
