Epoch, 12
training loss,0.0,0.0005604272385586656,0.0006089102019020585,0.0005496248744962298,0.000547187398735653,0.0005475611620389756,0.0005436718924708354,0.0005415887879173491,0.0005401158129269092,0.0005378366212301211,0.0005346058229299481,0.000532634403726643,0.000529463572328335,0.000526809665647235
training obj,0.03115089640167414,0.0,0.0,0.0,0.0,0.0,0.0,0.0,0.0,0.0,0.0,0.0,0.0,-0.03007659547615285
validating loss,0.0,0.0004684480928618642,0.0004644364465396696,0.0004641273432450059,0.00046159020469834405,0.00046104525548192515,0.00046347701087749255,0.0004813824842939438,0.0004683205182421564,0.00048246272146772954,0.0004693274099231025,0.0004816515512276156,0.00046432319504674524,0.0004972877019705871
validating obj,0.027709210213894647,0.0,0.0,0.0,0.0,0.0,0.0,0.0,0.0,0.0,0.0,0.0,0.0,-0.03206805318283538
testing loss,0.0,0.0004631113408470048,0.00046573288980997294,0.0005272601606643671,0.0004570039264099496,0.0005042429662795699,0.0004736036739691249,0.0006043625665345619,0.0005611002012989735,0.0006224349010546968,0.0005900234332452906,0.0005349209018891703,0.0005475465096006283,0.0006037388161899258
testing obj,0.027592629011770762,0.0,0.0,0.0,0.0,0.0,0.0,0.0,0.0,0.0,0.0,0.0,0.0,-0.03395578014739865
