Epoch, 12
training loss,0.0,0.0005122011279426613,0.0005064793897727428,0.0004970173460742354,0.0004950331491789299,0.0004925598057496646,0.0004904286411586541,0.00048815976925909176,0.00048575403427373833,0.0004844498758036116,0.000482060111349689,0.0004805282169597342,0.00047812522875780657,0.00047599770475569134
training obj,0.02290784826274195,0.0,0.0,0.0,0.0,0.0,0.0,0.0,0.0,0.0,0.0,0.0,0.0,-0.04086968864895646
validating loss,0.0,0.0005222261153280559,0.0005434874734375223,0.0005975236944036734,0.0006799293599350485,0.0006541282054087007,0.000709566976747171,0.0009259476042819889,0.0007883053969012397,0.0006315780270427376,0.000776470756385021,0.0007280917460646498,0.000768000860752902,0.0005593997702565669
validating obj,0.02251106778411098,0.0,0.0,0.0,0.0,0.0,0.0,0.0,0.0,0.0,0.0,0.0,0.0,-0.0418838501092575
testing loss,0.0,0.0004905501529137587,0.000494427361656888,0.0005284411412387847,0.0005949741380594562,0.0005714427498441747,0.0006213476778131372,0.0008317444524298969,0.0007038309147795153,0.0005619962897489634,0.0006916013559387242,0.0006446187017773432,0.0006876282786458359,0.0005111854490972819
testing obj,0.022700491426640837,0.0,0.0,0.0,0.0,0.0,0.0,0.0,0.0,0.0,0.0,0.0,0.0,-0.042886985255895814
