Epoch, 23
training loss,0.0,0.0005143329304697596,0.0005021439318673633,0.0004941656220481962,0.0004916573543398988,0.0004887979031482102,0.0004864407702286642,0.0004840667355986228,0.0004823189670012588,0.00047936064796638505,0.0004774051121318898,0.0004752172570409056,0.000473385177296262,0.0004715621961348211,0.00047025632547544185,0.0004684475842797221,0.0004666927508100329,0.0004657604812379617,0.00046379098974543036,0.000462485147493858,0.00046160229722688474,0.00045110103661245306,0.0004480754747774456,0.00044678121038445746,0.00044596851124129483
training obj,0.025912791549393913,0.0,0.0,0.0,0.0,0.0,0.0,0.0,0.0,0.0,0.0,0.0,0.0,0.0,0.0,0.0,0.0,0.0,0.0,0.0,0.0,0.0,0.0,0.0,-0.033598078917771675
validating loss,0.0,0.0005325212437647618,0.0005676922482836373,0.000572883018976175,0.0005605104575982997,0.0006608447928773562,0.0005672511311049958,0.000614713338666167,0.0005448546086777982,0.0005200977953967387,0.0005824107173192806,0.0006008256789166754,0.0005882709599368936,0.0005345110683227611,0.0006438949072919223,0.0006054735317256078,0.0005715184778539637,0.0005436016725379068,0.000613348075058988,0.0005606603165194199,0.0006698447979886365,0.000701214238219499,0.0006266825529530195,0.0006610862492820551,0.0005150356203818953
validating obj,0.026786250062286854,0.0,0.0,0.0,0.0,0.0,0.0,0.0,0.0,0.0,0.0,0.0,0.0,0.0,0.0,0.0,0.0,0.0,0.0,0.0,0.0,0.0,0.0,0.0,-0.03335171933753164
testing loss,0.0,0.0004775134483383862,0.0004899634593776539,0.000503683508974508,0.00048649270537588063,0.0005647103407337765,0.00048763747043380066,0.0005415432613943411,0.00048407701823871226,0.00046473434127172134,0.0005081510034791737,0.0005371970579797252,0.0005300527643663316,0.0004815285770408288,0.0005610573611499921,0.0005459865363963548,0.0005108182419858582,0.0004909658065569072,0.0005382083183949033,0.0005001544990225053,0.0006093073854146352,0.0006262789568150489,0.0005552759234567165,0.0005917157774505894,0.0004616119697696121
testing obj,0.025392261811447124,0.0,0.0,0.0,0.0,0.0,0.0,0.0,0.0,0.0,0.0,0.0,0.0,0.0,0.0,0.0,0.0,0.0,0.0,0.0,0.0,0.0,0.0,0.0,-0.03273551777428378
