Epoch, 16
training loss,0.0,0.0006047776996103279,0.0007577972323405465,0.0006758982487429189,0.0006936172471100957,0.0006983673429417917,0.0007170160530436346,0.0007386058477648333,0.0007488863960401538,0.000746933206306387,0.0007489090093740207,0.0007499180678803218,0.0007417272274181539,0.0007134725918934004,0.0007365785484366557,0.0007196007020812592,0.0006884356836249651,0.0007051865490354305
training obj,0.007987216013648055,-0.050718837662362584,-0.04492921768596359,-0.03821432527300774,-0.03756095670601901,-0.0366770499842424,-0.03475739754298154,-0.03361744215967608,-0.033056163188873555,-0.03250103062201364,-0.03185286749081284,-0.030952739637052896,-0.030138687241603346,-0.030156647167442475,-0.02909079235704506,-0.028492587457831,-0.02770751094189929,-0.027047940027699165
validating loss,0.0,0.00046672536720709305,0.0005219976891466002,0.0005419033687859257,0.0005466608462383091,0.0005654393058244346,0.0005477343555766209,0.0005306269819508694,0.0005873440952402436,0.0006278405894085558,0.0005063025857654995,0.0005876080350491167,0.0006281900192940763,0.0005550826194343648,0.0005586227258997193,0.0005393517201607918,0.00057048539808117,0.0005427764311510449
validating obj,0.008787475164151855,-0.05293335372375117,-0.038199296686798334,-0.03802922463768886,-0.03675935152245478,-0.03589362669218746,-0.034126115057410464,-0.034796001803543836,-0.03570909908093098,-0.03520101445934011,-0.03473863585127725,-0.03526898386836466,-0.03604334742865629,-0.03720880646465553,-0.03638169893787967,-0.0366943326468269,-0.03591647922682265,-0.03534678871639901
testing loss,0.0,0.00040811091074263804,0.0004848540676804889,0.0005123391906759148,0.0005165050545631832,0.0005420842443945239,0.0005188370196265168,0.0005020672869176377,0.0005771469324237252,0.0005906540184671915,0.0004744446411456699,0.0005788490317000478,0.0005910663395125821,0.0005277795968828974,0.00053010886738382,0.0005393148377471654,0.000561241260977506,0.0005369056477345137
testing obj,0.004858138926981672,-0.04886519611888641,-0.035073823547242464,-0.03599356971932827,-0.03492482175194734,-0.033086019731756,-0.03348264909928312,-0.03443607935883306,-0.03404703472010993,-0.03319014714577714,-0.03472281757087724,-0.035249604554091755,-0.035983915793130525,-0.03651599322974279,-0.03677831976548643,-0.037735746556741966,-0.03860480421398942,-0.03552376896747061
