Epoch, 15
training loss,0.0,0.000568770830532052,0.0007106336737599443,0.0006995125270822981,0.000782285650276725,0.0009031934786916656,0.0010498298514707415,0.001217141257388992,0.0013381325119339368,0.0014529045148496973,0.0015131866586778095,0.0015787158604236501,0.0016040380802188141,0.0016286260055779827,0.0016163246014484149,0.0015759539199244304,0.0015481200354520743
training obj,0.01896968175857967,-0.037776213194079256,-0.030213165246680673,-0.0194168148471006,-0.01886612184108326,-0.018853085619561814,-0.018563831723569072,-0.018384521573270654,-0.01820315336443338,-0.017527199966613862,-0.017498638919171167,-0.016923124174240464,-0.01638204326542715,-0.01578992521390319,-0.015150098026930993,-0.014541374030979532,-0.01385361155604615
validating loss,0.0,0.000449111426658217,0.0005337144450297476,0.000631688268185826,0.0007076272571187777,0.0008762676629380116,0.0010354541995588483,0.0012007723982808078,0.0013077905168756843,0.0014337087001573916,0.0015281038730689841,0.0015112421032325882,0.0015191686042170557,0.0015993266456967427,0.0015373702723688136,0.0014959894663964708,0.0013568008046907682
validating obj,0.01667370825695495,-0.035384493983454175,-0.017632533511560824,-0.018002076979933515,-0.01767459291861289,-0.01731867733825412,-0.016967115082985,-0.016906352623158857,-0.016736425666345492,-0.016814843570399616,-0.016602192669072084,-0.017702823401325278,-0.01795890611699886,-0.01703935999992407,-0.017606747892892197,-0.017110859250856772,-0.016779573052190244
testing loss,0.0,0.000511984549194568,0.000590166102385312,0.0006906423478613835,0.0007646711011467552,0.000928169274089128,0.0010823895014205795,0.0012506455831179345,0.0013539657434071036,0.0014791640050306513,0.0015728344190614047,0.0015506869106477982,0.0015648025232744781,0.0016377942708975359,0.001571165193249849,0.0015436218614136247,0.001405413290863303
testing obj,0.017903228680527693,-0.03603854718794291,-0.019363268741054106,-0.02011364420586442,-0.020232015805369295,-0.019720949182236516,-0.02028187766444643,-0.01967405719758087,-0.019544057793462195,-0.019509191926870798,-0.019324716891640344,-0.01992535637376981,-0.020332496757996647,-0.020023693909516204,-0.021093468549913046,-0.02043305342463223,-0.019841356998989108
