Epoch, 12
training loss,0.0,0.0005502340185522175,0.0006017534864333678,0.0005367831953181474,0.0005353421336336645,0.0005332959934129772,0.0005311019559289265,0.0005291900266955981,0.0005276311177380301,0.0005241877811261242,0.0005211557226264666,0.0005182221608622201,0.0005161541805279615,0.0005111640285844367
training obj,0.013546888849825836,0.0,0.0,0.0,0.0,0.0,0.0,0.0,0.0,0.0,0.0,0.0,0.0,-0.039728605466
validating loss,0.0,0.00044507960936041654,0.00044943346943505783,0.00046446305087657593,0.0004578941232264495,0.0004581901237341097,0.0004563080540012581,0.0004915356544693673,0.0004558384805730182,0.0004859235062516139,0.0005050685035207102,0.0004745378885976,0.00047991010412968334,0.0004864867388379126
validating obj,0.010099348534519473,0.0,0.0,0.0,0.0,0.0,0.0,0.0,0.0,0.0,0.0,0.0,0.0,-0.04322212210132016
testing loss,0.0,0.00041311956684276575,0.00040116774245099214,0.0004084294467591806,0.00041909155073438807,0.00042378262554160066,0.00044499709931826784,0.0005000633128794427,0.00046394579092865005,0.0004893824869312182,0.0005438771631570244,0.0005058003411544927,0.0004560784944112891,0.0005561436465123316
testing obj,0.009560875972179143,0.0,0.0,0.0,0.0,0.0,0.0,0.0,0.0,0.0,0.0,0.0,0.0,-0.0423005225162047
