Epoch, 13
training loss,0.0,0.0005214825391543427,0.0007337024132378728,0.00083721970874524,0.0010315627286521098,0.0011853156097726349,0.001309269752727785,0.0014633926346112845,0.0015294370592991804,0.001570738977113483,0.0015889182796373087,0.0016174170645136458,0.0016032924537784329,0.0016026531081354501,0.0016289027384938854
training obj,0.019002974730934583,-0.0256638055977722,-0.023905999211630984,-0.017852383667566613,-0.017695834329717008,-0.01740738370492324,-0.017419024634485445,-0.017040410263500377,-0.016740642715355053,-0.016387290838996278,-0.015995705660943892,-0.015488910550872485,-0.015068371210466412,-0.014585520734316577,-0.014005736976533251
validating loss,0.0,0.0005055483472662874,0.0007720958941111652,0.0009467144595368558,0.0011074468752162324,0.0012347328544516738,0.0014256051298515457,0.0015196505636494192,0.0015966345413794948,0.001592325680475268,0.0016526068987635274,0.001637088959493364,0.0016645601782430378,0.001650872743792004,0.0016409336725094665
validating obj,0.019708336990637083,-0.028541585598658357,-0.021555473846900795,-0.02147722104564309,-0.02116839068993512,-0.02078479216692762,-0.021318351591212883,-0.020344687742181122,-0.021503559533610113,-0.02176092562472655,-0.021450923626414604,-0.022108353001789913,-0.021835909470812313,-0.022737585835986666,-0.022517379347441926
testing loss,0.0,0.0003831248008823054,0.0006522442067885218,0.0008275925875578478,0.0009967534884659421,0.0011224160639481066,0.0013171210861450213,0.0014130646981160484,0.0014935233677435364,0.0014810777879697649,0.001557344918428744,0.0015400681798849757,0.0015719464690600697,0.0015529574341820302,0.0015626170128156002
testing obj,0.01510529373646588,-0.02761640619939646,-0.019670756942768756,-0.020015329053323413,-0.01900262895317094,-0.020080635034655396,-0.019371775444597006,-0.019703124819726154,-0.019187051173601602,-0.02011059014428709,-0.019899809783374942,-0.019831796743076394,-0.019244919002458855,-0.02054604787593456,-0.0205052239329529
