Epoch, 13
training loss,0.0,0.0005522074638957195,0.0007229127085712902,0.0007134988673451339,0.0008767530856215778,0.0010979683601808753,0.0015153655487879672,0.0018577449073941977,0.002050829691100208,0.0021441378744830398,0.0021977066144566325,0.0022220731858967565,0.0022315268943488013,0.0022308018569852793,0.0022224740531551195
training obj,0.031859438347758035,-0.014002405540268941,-0.016704398715485107,-0.010401171241777347,-0.010344159536465418,-0.010212318407481208,-0.01012540259740918,-0.010079942927147974,-0.00967683309196111,-0.009469378416371696,-0.009145352141886,-0.008745135446809525,-0.008327375554625748,-0.0077910449784979515,-0.007383438058234021
validating loss,0.0,0.00046780488001887634,0.0005881965027785756,0.0006783323115087114,0.0008710184580801675,0.001229802958227487,0.0015461714453219126,0.0018834566710413331,0.001983602618565783,0.002098856173688546,0.002129665339857133,0.002082351410839086,0.002155337540898472,0.0021175910628193784,0.002139735837570495
validating obj,0.02918721218076017,-0.0145219052145775,-0.010322290705516934,-0.010097266394748457,-0.010142288972727127,-0.010435414539339641,-0.010602452216618177,-0.010346199308211604,-0.010144745956899391,-0.010203940548106201,-0.010701169647897283,-0.010559157035054846,-0.010852635825156338,-0.012055520964269009,-0.012081580210684074
testing loss,0.0,0.00047282483884938866,0.0006060664230529723,0.0006978029732881869,0.0008952003483647934,0.0012584066323659106,0.001578194189917397,0.0019200606384893527,0.002025173986456483,0.002142230314643097,0.002175194744612216,0.0021286216954625138,0.002197751767518049,0.00215479133122072,0.0021858604835673563
testing obj,0.025637486059143132,-0.013185312059028325,-0.010563420471609445,-0.01069182255368277,-0.01063932858193545,-0.011140843718060973,-0.011249859446055582,-0.01061948508691244,-0.010403489423412326,-0.01043949613970629,-0.010616107966524322,-0.010643587891339651,-0.010893004889776176,-0.01168255736214436,-0.01147376758367377
