Epoch, 24
training loss,0.0,0.000499566519601923,0.0004986411897112178,0.0004892276384261053,0.0004864270544781092,0.00048327205742027267,0.0004802054934545121,0.00047760322520833294,0.0004754360425803205,0.00047395917140536953,0.00047195813259301526,0.00047056018258043137,0.0004687743670212469,0.0004675941582526279,0.00046632800815627325,0.00046546167807842806,0.000463849165821584,0.00046247221165384545,0.0004543917083442887,0.00045222468906295983,0.0004512957268692686,0.0004506396902801448,0.00045003981806893904,0.0004495909113441357,0.00044923474650085903,0.00044886400564343515
training obj,0.03240568571840757,0.0,0.0,0.0,0.0,0.0,0.0,0.0,0.0,0.0,0.0,0.0,0.0,0.0,0.0,0.0,0.0,0.0,0.0,0.0,0.0,0.0,0.0,0.0,0.0,-0.03461295288378516
validating loss,0.0,0.0005219882415394278,0.0005816256769535624,0.0005720053001436458,0.0005665895436492838,0.0006883699018239313,0.0005364641731241992,0.000781263506478448,0.0007657684518405394,0.0006656934552558917,0.0005968210214028332,0.0005633548572124748,0.0007512703561908839,0.0006689793186385715,0.0005845227939773401,0.0005936669369167157,0.000664204697499888,0.0005907098743355605,0.0006301748838057543,0.0008471304884277708,0.0007123965746340435,0.0007741683374280288,0.0007912011114904813,0.0006859313297855054,0.0006781070049101677,0.0007377085197020272
validating obj,0.03218375790580643,0.0,0.0,0.0,0.0,0.0,0.0,0.0,0.0,0.0,0.0,0.0,0.0,0.0,0.0,0.0,0.0,0.0,0.0,0.0,0.0,0.0,0.0,0.0,0.0,-0.03655924466293576
testing loss,0.0,0.000469897863962906,0.0004978686827507929,0.0004928063765383989,0.0004897993175997042,0.0005827905453939717,0.00047463484161621377,0.0006807326044101952,0.0006484796809773028,0.0005816080725667461,0.0005138257893967813,0.0004904957131093741,0.0006442151132435758,0.000570868213913532,0.0004995193252548445,0.0005301187467448659,0.0005757357487830205,0.000530767064436033,0.0005452045901144414,0.0007312058036539402,0.0006077882763574008,0.0006598417762133053,0.0006828251802017363,0.0005940592827677339,0.0005854479262429284,0.0006350588783364913
testing obj,0.031285354034837315,0.0,0.0,0.0,0.0,0.0,0.0,0.0,0.0,0.0,0.0,0.0,0.0,0.0,0.0,0.0,0.0,0.0,0.0,0.0,0.0,0.0,0.0,0.0,0.0,-0.038341785448470285
