Epoch, 12
training loss,0.0,0.0005792517213301515,0.0006254234421694669,0.0005728648391132261,0.0005708061984264264,0.0005691729047433838,0.0005675487201740765,0.0005654049465460155,0.0005623694176000415,0.0005595966666827307,0.0005570911315290312,0.0005523708272056527,0.0005506749887774954,0.0005465913738304403
training obj,0.02963586117634002,0.0,0.0,0.0,0.0,0.0,0.0,0.0,0.0,0.0,0.0,0.0,0.0,-0.02781419927144752
validating loss,0.0,0.00044098735169326473,0.00043451496316669765,0.00043489888311240874,0.0004329003026618415,0.0004324781360386017,0.0004436669443950652,0.0004619228228774672,0.0004499025370831886,0.0004666977775842598,0.0005252804854131278,0.00047339434119445894,0.00044824849464930594,0.0005955687437461973
validating obj,0.02554044613821639,0.0,0.0,0.0,0.0,0.0,0.0,0.0,0.0,0.0,0.0,0.0,0.0,-0.03303319800438152
testing loss,0.0,0.0004340925543392832,0.0004316480929422117,0.0004371473081158222,0.00045012963508614466,0.0004835247011608255,0.0004994285602053325,0.0004962296163186595,0.0004905324491807511,0.0005309593432537293,0.0006435745910149873,0.0005957727524809023,0.0005675925792791138,0.0007784838320780231
testing obj,0.02380716532619821,0.0,0.0,0.0,0.0,0.0,0.0,0.0,0.0,0.0,0.0,0.0,0.0,-0.037897582732241704
