Epoch, 17
training loss,0.0,0.000553703753251409,0.0006595458841355353,0.0005555401409533349,0.0005881214135454273,0.0006494676723663111,0.000660480997854999,0.0006623939415280177,0.0006874217802724874,0.0007247995383188348,0.000756181006128078,0.0008152495634824256,0.000832159191201094,0.0008652373980593813,0.000897843710959469,0.0009553103341364904,0.0010011227101808888,0.0010399550302228069,0.0010237227012540268
training obj,-0.0036881909358735176,-0.07891476584561899,-0.06294188691193567,-0.05815777490098102,-0.057859743481465414,-0.057318831949184336,-0.05702321901917458,-0.054379302402045214,-0.05201385865243627,-0.05153924687674233,-0.05025201595077912,-0.049265975351719296,-0.04904590875421669,-0.04726153551144343,-0.045756205916404724,-0.04465046134941718,-0.043826949848409964,-0.04244972929066303,-0.04030695887392058
validating loss,0.0,0.0005264074782947622,0.00051730101242558,0.0005405396544423032,0.0005918254705142721,0.0006437487287864011,0.0006074321047183023,0.0007521919788915613,0.0006809347636994466,0.0006459927826654166,0.0006978408214814004,0.0007902803788763575,0.0006840141209573226,0.0009501588372384302,0.0008337401436114709,0.0007667473455512663,0.0011448292332513826,0.001376640253713251,0.0009497336884831182
validating obj,3.991883972452747e-05,-0.07077710175265868,-0.05136948156480988,-0.05386551523891588,-0.05180398059181041,-0.052506831681562796,-0.051430034916847944,-0.048647431294537254,-0.04820123526992069,-0.048958693630993366,-0.04795017952306403,-0.049563580916987524,-0.04836636357423332,-0.05245785109905733,-0.05154480169423752,-0.04979119646466441,-0.05367833458715015,-0.05502853123471141,-0.05027301930305031
testing loss,0.0,0.000409892169684738,0.0003972438084314785,0.00042650255405484084,0.00048225523091418465,0.0005683948933732903,0.0004876706605844791,0.0007195022376804814,0.0006293118146729555,0.0006306997731027533,0.000643720315172293,0.0008059495454732756,0.000640499492874369,0.0008786771395534743,0.0007963099702661763,0.0006788139525687675,0.0009980542898709835,0.001189051390365175,0.0008393102059041692
testing obj,-0.005306270030150945,-0.07664052779610092,-0.057851259319766146,-0.05948117632116821,-0.05819980347075978,-0.05972526866841961,-0.0582610884479977,-0.05484115886124405,-0.05392851129274916,-0.054405260529067065,-0.05524854888082356,-0.05621137744369539,-0.054863533118387334,-0.05788726027350168,-0.05592182743035861,-0.05684175173676497,-0.059282745184326496,-0.058857809752225876,-0.05935317815306622
