Epoch, 17
training loss,0.0,0.000610260872011114,0.0006785573687261158,0.0006033574192306511,0.000601171361317849,0.0005987048511337444,0.0005982191386697106,0.0005972872712471358,0.0005904107984736352,0.000587158317113576,0.0005877284046137527,0.0005787677257495827,0.000571928076854366,0.0005666380804648404,0.0005551227040425646,0.0005491914988655765,0.0005379474302126076,0.0005273616024436813,0.0005136653516720067
training obj,-0.0020964741944244094,0.0,0.0,0.0,0.0,0.0,0.0,0.0,0.0,0.0,0.0,0.0,0.0,0.0,0.0,0.0,0.0,0.0,-0.05177869331456867
validating loss,0.0,0.0003891126422483164,0.00039117879795311537,0.0003906484831127778,0.0003899566274614901,0.00039972649756236933,0.0004085985959439616,0.00039231847040355206,0.00040587274452263955,0.0003992744774829286,0.0004056990548835731,0.0003850749548696007,0.00041074501031188347,0.0004338810364667249,0.00044056361346318026,0.0004517450442007329,0.0005552385195591745,0.0004972791626237773,0.0003981395847303146
validating obj,-0.004709737323638465,0.0,0.0,0.0,0.0,0.0,0.0,0.0,0.0,0.0,0.0,0.0,0.0,0.0,0.0,0.0,0.0,0.0,-0.057642783814420305
testing loss,0.0,0.00046158677375658316,0.00046841212635037073,0.00047448371225146803,0.00046762335659877863,0.00047593307278254323,0.0005121449826342665,0.0004915156479074614,0.0005463102026771741,0.0005779699732138888,0.0005756063188970517,0.0005489731346323104,0.0005773799153708702,0.000588268701215605,0.0005821985999048322,0.0006290174312468751,0.0006368665121585395,0.0006590736270850726,0.0005002971699247388
testing obj,-0.004081936836293018,0.0,0.0,0.0,0.0,0.0,0.0,0.0,0.0,0.0,0.0,0.0,0.0,0.0,0.0,0.0,0.0,0.0,-0.05451075512462774
