Epoch, 11
training loss,0.0,0.0005036892768713318,0.0004921717828963582,0.0004817892130482771,0.00047919554577150906,0.00047635981271990183,0.0004737489689970713,0.00047098464779755564,0.00046863835688183117,0.00046631072191428817,0.00046476963128256753,0.00046251347281299493,0.0004610659217972868
training obj,0.02851810962851738,0.0,0.0,0.0,0.0,0.0,0.0,0.0,0.0,0.0,0.0,0.0,-0.034253549889507066
validating loss,0.0,0.0005406715006624537,0.0005887859537022286,0.000609469805662053,0.0007094063315587682,0.0007041832961986578,0.0005685403951445544,0.0006228838866235363,0.0006226796889627291,0.0008539794121086832,0.0009014027579997708,0.0006500439672217467,0.000626999337032194
validating obj,0.029598215952592943,0.0,0.0,0.0,0.0,0.0,0.0,0.0,0.0,0.0,0.0,0.0,-0.03355535662291526
testing loss,0.0,0.0004892988796331864,0.0005092837763626129,0.0005310340229213068,0.000613628362226366,0.0006062261321335545,0.0005085328384713317,0.0005370579446256085,0.0005508775012644782,0.0007726388160205845,0.0008102600464137293,0.000568316700307922,0.0005400285818424215
testing obj,0.02823186363774815,0.0,0.0,0.0,0.0,0.0,0.0,0.0,0.0,0.0,0.0,0.0,-0.03539227040583932
