Epoch, 25
training loss,0.0,0.0005131964353584971,0.0005007175195158707,0.0004904412560797837,0.0004871893495038301,0.0004840095759949156,0.0004809910008838562,0.00047851064937097146,0.00047663236127523277,0.0004744688129198814,0.00047277778034386674,0.0004712760909689814,0.0004695678925235921,0.0004678204600517907,0.00046666876649834434,0.0004652546625485342,0.00046372264263395957,0.00046295280975740954,0.00046102360095662015,0.00046051062745176125,0.00045942863638471343,0.0004587734200665291,0.00045749629040303685,0.0004565102549663759,0.00045576905035859833,0.0004547934477858899,0.00045347813413183606
training obj,0.03223115782169864,0.0,0.0,0.0,0.0,0.0,0.0,0.0,0.0,0.0,0.0,0.0,0.0,0.0,0.0,0.0,0.0,0.0,0.0,0.0,0.0,0.0,0.0,0.0,0.0,0.0,-0.03291398296291119
validating loss,0.0,0.0005250859248665786,0.000591273121572032,0.0007767827055903609,0.0005673254337883836,0.0006493988394423849,0.000591336000573968,0.0006726349110662322,0.0006251722280250074,0.0005349776993391255,0.0008554836649353621,0.0005034802690722172,0.0006324184474409002,0.0006589898873706853,0.0005083221349510514,0.000543024441703955,0.0006334925425819172,0.0006194828072058079,0.0005975138123692408,0.0005461960479296473,0.0005747195480070738,0.0005313653577463322,0.0004979631038808432,0.0006213690738269622,0.0007067792995418559,0.0006170566678655441,0.0006280676966919169
validating obj,0.03291905056491855,0.0,0.0,0.0,0.0,0.0,0.0,0.0,0.0,0.0,0.0,0.0,0.0,0.0,0.0,0.0,0.0,0.0,0.0,0.0,0.0,0.0,0.0,0.0,0.0,0.0,-0.03454877166754234
testing loss,0.0,0.0004767720971536813,0.0005107024768478616,0.0006729545392789926,0.0004917402404689381,0.0005604312740014457,0.0005222786530606262,0.0005957246586601666,0.0005706229921074291,0.0004863884614976107,0.0007886546116176809,0.00045889340323909374,0.000555531465914401,0.0005824881429578019,0.00046290701683294094,0.000495764593432578,0.0005587391276005195,0.0005459984705259758,0.0005310599446786999,0.0004986207255857785,0.0005214745138494119,0.00048233078147973764,0.00045337520238503386,0.0005693932664814075,0.000631802315909793,0.0005673112042607714,0.00057978767454532
testing obj,0.03146124862394137,0.0,0.0,0.0,0.0,0.0,0.0,0.0,0.0,0.0,0.0,0.0,0.0,0.0,0.0,0.0,0.0,0.0,0.0,0.0,0.0,0.0,0.0,0.0,0.0,0.0,-0.033852730912561954
