Epoch, 6
training loss,0.0,0.0005008897394521602,0.0007367781046270513,0.0013283681613473495,0.0018254962790076835,0.001783332192404214,0.0018809331235194787,0.0019254685230658773
training obj,0.02233243017701737,-0.01499936460628481,-0.014945672484056444,-0.01479005801991543,-0.014741306973408166,-0.014826602469652127,-0.014695015563195593,-0.01469075784059168
validating loss,0.0,0.0005546439508847074,0.001020795787836886,0.0016629825604783056,0.0018660154553761892,0.002025517172205897,0.0020649422227588697,0.0020999148589555677
validating obj,0.02339512086312277,-0.014391820919683855,-0.01402403906980291,-0.013804969886981698,-0.01369847878765405,-0.014094165894509032,-0.013939745041822119,-0.014086643316876465
testing loss,0.0,0.0004777041927643546,0.0009373196165466909,0.0015722013993522156,0.001783463970289955,0.0019363254735890692,0.0019822398582537517,0.002019896651473916
testing obj,0.02148566468620413,-0.015539704932408045,-0.015541936364265322,-0.015142636659768331,-0.015202505992711064,-0.015572407593062587,-0.015323463834584938,-0.015380497437961105
