Epoch, 11
training loss,0.0,0.0005383041858366079,0.0007101120612716448,0.0006512453975886399,0.0006701733135759793,0.0007039753760110733,0.00074681651232965,0.000809568349915721,0.0008310481791804526,0.0008245562208935107,0.0008163011632859706,0.0008106064019432547,0.0007934801297618405
training obj,0.016547981362022898,-0.03726885438914977,-0.0329869122993128,-0.021926267243300875,-0.021685342996509052,-0.021590185990812732,-0.021181113117684922,-0.02073201638116848,-0.02013833087996817,-0.019454417366753605,-0.019016281012263075,-0.0182965075998914,-0.017743420236579637
validating loss,0.0,0.0005226267454013901,0.0006225894354025109,0.0006440004120425632,0.000666476756224357,0.0006893101405391159,0.000758786086710946,0.0008002396498341113,0.000824871057476331,0.0008291979740735971,0.0008004898392957532,0.0007855598006345746,0.0007731865068005087
validating obj,0.01509801194899612,-0.037396675596634545,-0.023650140398078494,-0.024136229858009353,-0.02544499437014262,-0.02472253579698089,-0.025803165807802644,-0.02437594044022262,-0.025006414675671194,-0.023537230664967664,-0.026354171051126387,-0.026135214397476778,-0.026472243532124493
testing loss,0.0,0.0005275449084119582,0.0006137936035048444,0.0006436966792239833,0.0006666964152434564,0.0006891497939029028,0.000745482889387121,0.000792983292273208,0.0008097890816783105,0.0008112182258628309,0.0008059845947443407,0.000798623107265165,0.0007822139144794877
testing obj,0.01612658696752545,-0.0366276430620535,-0.021371576098121098,-0.021649407310965093,-0.022698225994669908,-0.022744549557919037,-0.02291680098435766,-0.02229937439079623,-0.022082842112443334,-0.022018310261537898,-0.023429485251875343,-0.0235953895073082,-0.023847575362369016
