Epoch, 8
training loss,0.0,0.0005486613131235537,0.0005855666917769293,0.0005368630846336886,0.0005355582687223111,0.0005339160955604623,0.0005317649283610723,0.0005293937432511216,0.0005275479409165736,0.0005256155854737039
training obj,0.040003163842301744,0.0,0.0,0.0,0.0,0.0,0.0,0.0,0.0,-0.024904007616215477
validating loss,0.0,0.00045688830404186674,0.00045393764008218166,0.0004483014868633796,0.00044800292926083785,0.0004481884300023214,0.0004526839408451148,0.000522910901862714,0.00046376655174956087,0.00045523329249085183
validating obj,0.03473435608773596,0.0,0.0,0.0,0.0,0.0,0.0,0.0,0.0,-0.020953137789749436
testing loss,0.0,0.0004563312478067756,0.0004897194431160224,0.00046353703284104404,0.000502163585986489,0.0005190471715035823,0.0005650906994658824,0.0006066697610918169,0.000612198394338594,0.0005153891469416447
testing obj,0.034108196146081425,0.0,0.0,0.0,0.0,0.0,0.0,0.0,0.0,-0.0209744373097311
