Epoch, 9
training loss,0.0,0.0005385548958156236,0.0007271600424510271,0.001121896855653729,0.0013797967372376277,0.0016939865690263362,0.0017795912086257814,0.001898081286356158,0.0019204035904834826,0.001861891554162472,0.0018665470144492381
training obj,-0.003682780665294056,-0.07402293130716849,-0.05721658844541193,-0.054466682166610596,-0.05261293529643984,-0.05259764306724836,-0.052454241326435135,-0.0524401955179782,-0.052225710322191345,-0.05209416124640911,-0.05190298600623814
validating loss,0.0,0.000570331390477414,0.0010095322081677383,0.0012023597331330901,0.0016925025181071414,0.001784940183097835,0.0018512900218014706,0.0022337656923542347,0.0020496445362759063,0.0019562982808414664,0.001874739849906911
validating obj,-0.002770754022066156,-0.07106994749224103,-0.0536672066394433,-0.051236714761717095,-0.05114155343917414,-0.05169995491325236,-0.05083574950501683,-0.05078428580867172,-0.05170982973940129,-0.051368444165453366,-0.05203090645179513
testing loss,0.0,0.000502564841968806,0.0009375530980441642,0.0011426408711232552,0.0016471103801337518,0.0016992749006272232,0.0018054662288764488,0.00219068225604809,0.002005923796400449,0.001884355272784374,0.0018043829740128094
testing obj,-0.004316197636115674,-0.07614970389792051,-0.05678493889744382,-0.05357454761240805,-0.053614636405456086,-0.05426616084292249,-0.053654322734105815,-0.05349006168480174,-0.05411566028983786,-0.05449676604239389,-0.05404744249497654
