Epoch, 7
training loss,0.0,0.0005873189542862569,0.0006291573663474992,0.0005749235398766092,0.0005739951635226972,0.0005728377582843178,0.0005708635042537935,0.0005701309493993975,0.0005678971658127529
training obj,0.03423295592268308,0.0,0.0,0.0,0.0,0.0,0.0,0.0,-0.02510556493721464
validating loss,0.0,0.00046396790296259697,0.00045481624369535386,0.0004541719261194683,0.0004563704122928256,0.0004560870741746233,0.00046760478694017767,0.00046199349890230224,0.0005105396804639087
validating obj,0.029160381915668648,0.0,0.0,0.0,0.0,0.0,0.0,0.0,-0.0291605607037329
testing loss,0.0,0.0004592166101124226,0.0004626247218520557,0.00046317858770536887,0.000490765615010074,0.0005040560930423011,0.0005419730221399584,0.000537331205516632,0.0006669104063680483
testing obj,0.026296524161070183,0.0,0.0,0.0,0.0,0.0,0.0,0.0,-0.029236107598990202
