Epoch, 12
training loss,0.0,0.0005542933339978952,0.0008434077273419712,0.0006869031528955983,0.0006694105990212776,0.0006627822088251146,0.0006515395514297244,0.0006884344704517657,0.0007548166960523482,0.0007814641219025076,0.0008017990691359064,0.0008128811692015506,0.000685118315752833,0.0007004859615870587
training obj,0.012432212988827743,-0.03449981236538174,-0.028345502220897698,-0.027564357683135598,-0.0277593473191647,-0.027651983972492754,-0.027710979148818583,-0.027640519334989434,-0.02761483318628926,-0.027403273197877057,-0.027607014137959362,-0.02759857290862676,-0.02752155280288528,-0.0273853332808643
validating loss,0.0,0.00043057807569210936,0.00046928242591093294,0.0005352212081359337,0.000473403590755576,0.000500538622266807,0.0005496697546429156,0.0006196544487061652,0.000650046054539012,0.000676117921506779,0.0007210127684326532,0.0006282783857993005,0.0005578532331532592,0.0005631969708904055
validating obj,0.009831168048549443,-0.03839281454889311,-0.031333866690854646,-0.031078126294434898,-0.030922482592157192,-0.029791539250355627,-0.030773536754875548,-0.0319898808763052,-0.03121314249518845,-0.03005519716276063,-0.030690041655260656,-0.032162207359862,-0.03030856246025198,-0.03085863222885463
testing loss,0.0,0.000483137494361349,0.0006098068182394412,0.0006632655777384816,0.0006193100680074831,0.0006182909861751328,0.0006434662567256522,0.0007476048560567653,0.0008043572646833176,0.0008454459921513508,0.0008332558315266175,0.0007595341747809151,0.0006222275537643204,0.000648428600028195
testing obj,0.01158813912597661,-0.03473102083631061,-0.029163002980419912,-0.02855878368624159,-0.027841672458610422,-0.02811881886618967,-0.028470111004001385,-0.028425128564137866,-0.028869691065739136,-0.028301940035276318,-0.02865759967322889,-0.02910517419159815,-0.029643712250666844,-0.028227912614474427
