Epoch, 10
training loss,0.0,0.000504683741027718,0.0006311593591301019,0.0009752052724297127,0.0012901707194918671,0.0016568504877551963,0.0017693490435757822,0.0019026674047003167,0.0020166813441611004,0.001967653637846998,0.002059598932207123,0.002156773613328647
training obj,0.032178579233550046,-0.009612112175292084,-0.009619501523438866,-0.009262312704954881,-0.009201575408614363,-0.009102812674171172,-0.009097567326226226,-0.009060081660105062,-0.008968186388685436,-0.008987927335401477,-0.008941308032049424,-0.008917695089542772
validating loss,0.0,0.0005268977536578384,0.0007484059428720039,0.001233894908663762,0.0014322427382199641,0.001475566716954937,0.0017058061674288813,0.0022133310771769617,0.0021588974511476434,0.002109981916609597,0.0019584257867844668,0.002175628419910722
validating obj,0.03313322759081954,-0.008687211659005408,-0.008963008164500682,-0.00870703161165608,-0.008361781168258572,-0.008540975723083688,-0.008287461427407772,-0.008280004433494796,-0.008163979033710737,-0.00871067023336578,-0.008279706947231555,-0.008412911644073326
testing loss,0.0,0.00046291710318866863,0.0006664261946500929,0.0011592923144396338,0.001343649194600692,0.0014026693966906524,0.0016233223124139536,0.0021485723631228873,0.0021022079124158686,0.0020561963321782148,0.0018953588160424912,0.002114125051761684
testing obj,0.03086781225258584,-0.00984331217262631,-0.009747240548310625,-0.009511754332910165,-0.009229888757025557,-0.009407500888697046,-0.009210157059870416,-0.009153150279105364,-0.009142551617817104,-0.009213328435447985,-0.009150793496599476,-0.00918818589379264
