Epoch, 11
training loss,0.0,0.000572470173182071,0.0008477421814128391,0.0007171595164953604,0.0006198207697404238,0.0005954720131543866,0.0005909726050780519,0.0005842192041717342,0.0005929385165811754,0.00060176690700852,0.0006013184462847444,0.0006301629796736034,0.0006249410983668092
training obj,0.025656110302125123,-0.016715546689160605,-0.016495129845890345,-0.015010018799198317,-0.014913145407997801,-0.015055286920830316,-0.015033356387022079,-0.014946100109384632,-0.01503821035627933,-0.014840639025593797,-0.015106308872026264,-0.015100817477294044,-0.015127935732587004
validating loss,0.0,0.0005115670454769214,0.0006756937271145742,0.0005727165385501899,0.0005520199283637339,0.000500303705848637,0.0005208610075189628,0.0005244511576165678,0.0005568356007441051,0.000598128374096834,0.0005168693927165199,0.0006032666848720206,0.0005326590799086262
validating obj,0.02349727122216589,-0.016575709645015497,-0.015691263620586444,-0.014765499754705362,-0.015529323757315675,-0.014315997302118275,-0.014574088628352102,-0.014265559665444825,-0.013438094471995201,-0.01396086101885885,-0.014778296838307546,-0.01443669838934309,-0.014006399310245696
testing loss,0.0,0.0004900872343175768,0.0007458427257055568,0.0006453606434857844,0.0006157148425306848,0.0005103826731371826,0.000630970449787423,0.0006147970245266963,0.0006818005617419289,0.0007036293684143095,0.0005761178507708717,0.000732389937773995,0.0006339059359684266
testing obj,0.021347816542697115,-0.01664263801019941,-0.01543111537860052,-0.014935063053476246,-0.015303669918982967,-0.01452356278015351,-0.014510742989620445,-0.014202503323857044,-0.014054069046963108,-0.014459056811205842,-0.014701406383333174,-0.01461828831029502,-0.014591476401767216
