Epoch, 8
training loss,0.0,0.0005023221669899331,0.0004952966486709818,0.0004869677218768873,0.0004848290535751824,0.0004831160990286041,0.0004809443955248697,0.0004784769540471035,0.0004769987123963837,0.00047362088644580013
training obj,0.01788604803038008,0.0,0.0,0.0,0.0,0.0,0.0,0.0,0.0,-0.03858454562094489
validating loss,0.0,0.0005224739376166118,0.0005618234822593241,0.0005067150571584343,0.0005207117029986785,0.000535985901356118,0.000721862991400378,0.0005247196063574945,0.0007527050369402642,0.0006289361339579272
validating obj,0.018550542622295475,0.0,0.0,0.0,0.0,0.0,0.0,0.0,0.0,-0.037324802311955854
testing loss,0.0,0.0004962036544074371,0.0005118915489248121,0.00047553824329207346,0.0004837966764434129,0.0004954448246725235,0.0006305804390508542,0.00048202712124839934,0.0006726288147781975,0.0005621082690158613
testing obj,0.018398905461077,0.0,0.0,0.0,0.0,0.0,0.0,0.0,0.0,-0.03878225769010884
