Epoch, 13
training loss,0.0,0.0005460245520796389,0.0007757528198828154,0.0007693171279742291,0.0008022443245292879,0.0008563733092445296,0.0009095173281179193,0.0009834010088953244,0.0010664341051368883,0.0011294793364975382,0.0011792187606367995,0.0012172591244783617,0.0012680104689435194,0.0012502064465033803,0.0012145220308893306
training obj,0.040367684476808004,-0.011210104200404648,-0.013037622268494291,-0.0069176614270819465,-0.006330040628638338,-0.006022811824382812,-0.005738469944152908,-0.005289348025861032,-0.004869424294013822,-0.004432800258327202,-0.004075786419778916,-0.0035838400347012224,-0.0031989970783173455,-0.0027314611160488543,-0.002259907923300988
validating loss,0.0,0.0004713707668189373,0.0006677591421369774,0.0007230293518255672,0.0007638459937879816,0.0007910057174740359,0.000876515276710658,0.0009494105955430617,0.0010441908735730168,0.0011080377670522365,0.0011557307395075138,0.0011711920184704165,0.0011597490552554114,0.0012221976325640248,0.001141942220985786
validating obj,0.035634980278296605,-0.00982534791627485,-0.006934252467342756,-0.0069360242309307475,-0.006936453625611547,-0.007170751137891784,-0.007091472410441686,-0.006845133010453234,-0.006845014803628955,-0.00742574766304137,-0.0065851608265398275,-0.006359958203069659,-0.007579943559701658,-0.007068472823852466,-0.006594339915965166
testing loss,0.0,0.0004626482286029558,0.0006595088658237679,0.000716852187415006,0.0007616279782834337,0.0007851407469904705,0.0008703190656347402,0.0009423968204410394,0.0010322132423155111,0.0011000067705124919,0.0011594747971881785,0.0011640718227214609,0.0011529676849022508,0.0012210739723003997,0.0011421361555836189
testing obj,0.03410377909706251,-0.010315048964568288,-0.00748926869631317,-0.007530173318259217,-0.007444165352845212,-0.007588464513458815,-0.007783440495463642,-0.007705707526199419,-0.007545502986947729,-0.007976841422213192,-0.007297099596267012,-0.007711368356516736,-0.008656192114702551,-0.007895411014229664,-0.008360828993514785
