Epoch, 6
training loss,0.0,0.0005006144248866497,0.0004907740213267712,0.00048273626769988103,0.0004816670391486287,0.0004807492077941849,0.00047870783630913916,0.00047742927324611944
training obj,0.011442336231434288,0.0,0.0,0.0,0.0,0.0,0.0,-0.0424147628532921
validating loss,0.0,0.0005326441326873477,0.0005153075213821816,0.0005465486999496393,0.0006072084974265129,0.0005463776839158867,0.000560325137988578,0.0005818899274732398
validating obj,0.011972961774914425,0.0,0.0,0.0,0.0,0.0,0.0,-0.042703973045604866
testing loss,0.0,0.0004963599008446613,0.0004802381423710851,0.0004928869262293904,0.0005374191076328546,0.0004949659802736021,0.0005024003189669945,0.0005132828100394396
testing obj,0.011335812771144657,0.0,0.0,0.0,0.0,0.0,0.0,-0.04068072175081313
