Epoch, 15
training loss,0.0,0.0005137259315854359,0.0006101046470375052,0.000918601151656291,0.001237010760803402,0.0015790669881076051,0.001822908025136662,0.0018890002781214814,0.0019554307158940877,0.0019791929192608682,0.0020145099058782195,0.0021567236980206575,0.0020583427301171754,0.0020512170621002903,0.001968099316800219,0.002012915192199485,0.0020379508397527246
training obj,0.03228986378197964,-0.009778923738501687,-0.009576993758713962,-0.009286936342783264,-0.009281474671060682,-0.009234727848844954,-0.009078664389894485,-0.009149325535200073,-0.009050714240357312,-0.009055027936372164,-0.009026974067872636,-0.009026690964179235,-0.008982517232480542,-0.008971445201985681,-0.00896734140520705,-0.00903453501817381,-0.008954260406324077
validating loss,0.0,0.0005376793857904354,0.0007029564863483335,0.001206331283730619,0.0014432222915935784,0.0017030604741984018,0.0019856557732602664,0.0018488249127595173,0.0011761394455955625,0.002206298217312739,0.0020840843312867684,0.002321829437681032,0.002303484496161032,0.00208931544974485,0.002154680073283819,0.002033311565516188,0.0021020067250678335
validating obj,0.032461808216161896,-0.009117713213372963,-0.008534935986619946,-0.009337374802346898,-0.008494191735364162,-0.008810089529688538,-0.00817068593913309,-0.008338461007284819,-0.008609859937895412,-0.008339088452032488,-0.008214985868397287,-0.008319679175980492,-0.008057913025132151,-0.008099552273756751,-0.00833524358668284,-0.008247143276773753,-0.008350140973039384
testing loss,0.0,0.0004819683194635941,0.0006194347117966596,0.0011319360430689011,0.0013767954381062567,0.0016469360803487982,0.001924830658173769,0.001789490288069789,0.0011065407098251317,0.0021535271364737066,0.002033374416553728,0.002268590901059815,0.0022536584253466194,0.0020355769543685723,0.0021139958754371013,0.0019822877420195843,0.0020635818532409975
testing obj,0.03170222840183727,-0.009853586052198174,-0.009262821925427323,-0.009998132853220551,-0.009373257927902735,-0.009510875443315612,-0.008916135734706964,-0.009269157954549382,-0.009469783667349954,-0.009333887619764678,-0.009072461712399334,-0.009137128201063254,-0.008777580537757934,-0.009064449309155011,-0.009194708736445081,-0.009098364710895963,-0.00908678003186889
