Epoch, 4
training loss,0.0,0.0004992727183511149,0.0011304887413259993,0.002271101552523724,0.002511922025862949,0.0025782017633126024
training obj,0.03684928982185211,-0.011779710135013471,-0.007670359434271773,-0.005961594010689029,-0.005416064736588548,-0.005029820514211653
validating loss,0.0,0.0005136274475448002,0.001967597873655879,0.0024868891067693338,0.0026174129750644046,0.002615302706872045
validating obj,0.0360575966781914,-0.011847095791198907,-0.005981580566358672,-0.0057013323629245966,-0.005409175864014787,-0.005168456675252751
testing loss,0.0,0.00046835319984527127,0.001924264723220247,0.0024446447701682297,0.002571538823661547,0.0025716369752026773
testing obj,0.03577477421864816,-0.012016007836415992,-0.006762081129025995,-0.006503215630994805,-0.0061100688344188255,-0.005871494673452983
