Epoch, 8
training loss,0.0,0.0005437893213478246,0.0005825604351212307,0.0005352824971458747,0.0005331815754271149,0.0005312021295015024,0.0005290729379482276,0.0005278973694943239,0.0005257042733765226,0.0005247393511715071
training obj,0.044729747893471346,0.0,0.0,0.0,0.0,0.0,0.0,0.0,0.0,-0.021805144379865013
validating loss,0.0,0.0004794722741886896,0.00047602753814620274,0.00047492857184907835,0.00047609492725718557,0.00047178445452623744,0.00047592331045759946,0.0004866807495192107,0.0004710481781431655,0.0004761230544924426
validating obj,0.03919923002831638,0.0,0.0,0.0,0.0,0.0,0.0,0.0,0.0,-0.020285000157956447
testing loss,0.0,0.0004405408044230835,0.0004471633752424119,0.0004429133739511206,0.0004686604248441605,0.00047009527809899047,0.0004863491524923341,0.0005268568429282577,0.00044386332474705587,0.0004539591239803043
testing obj,0.036834075002352126,0.0,0.0,0.0,0.0,0.0,0.0,0.0,0.0,-0.020841153964677173
