Epoch, 9
training loss,0.0,0.0005498067816826698,0.0007009165982405345,0.0007013866563747619,0.0007512309312290859,0.0008266419674470729,0.0009280444976563255,0.001004889941495825,0.0010512700611405878,0.0010609513461388939,0.001065368978215345
training obj,0.016941291722012503,-0.03771755986426975,-0.03131831998151599,-0.021465151872047606,-0.021241495650553822,-0.0212508006952703,-0.020784894632650357,-0.02029740080493046,-0.01994113674953434,-0.01958570825392563,-0.01870036124087432
validating loss,0.0,0.0004496903748076875,0.0005695226880359567,0.000613938531589358,0.0006738819574820809,0.0008137164226759018,0.0008758817396786375,0.0009491009388713994,0.0009673530843833254,0.0009887260239338502,0.0009150509277888988
validating obj,0.01613990997429937,-0.04095666389912367,-0.02523669599193252,-0.023656308521620102,-0.023891450837254524,-0.02361326292157173,-0.02358000790182915,-0.023851965347097978,-0.025398047796140116,-0.024662916561485164,-0.024822302990489535
testing loss,0.0,0.00038147836125603673,0.0005046936376193362,0.0005630513443139609,0.0006253143262772544,0.000774135478029682,0.0008326103427837527,0.0009300220345549688,0.0009475351001349958,0.0009992404280834504,0.0008960615476196934
testing obj,0.012790516283161737,-0.040841839691573706,-0.022461571441208188,-0.021375104319304228,-0.021952451307427238,-0.021838216828434048,-0.021700995231701714,-0.022127362628895288,-0.022210207232903387,-0.0221885542410451,-0.0230942110128298
