Epoch, 11
training loss,0.0,0.0005506482132392087,0.0008806242408943088,0.0008321531329249196,0.0007927157423075508,0.0007249878137372435,0.0007198888125975488,0.0006992763691289606,0.0007023488169115986,0.0007747226125359827,0.0007856405519323387,0.0007703485147680576,0.0007132444235692532
training obj,0.041710607210795086,-0.007895046657444362,-0.00824119224276978,-0.007898905295330811,-0.007900052636350487,-0.007904645581455792,-0.007924445858225226,-0.007951292737989741,-0.007601526787495423,-0.0075847836298064564,-0.007713022646859434,-0.007771309313145193,-0.00738401904738709
validating loss,0.0,0.0004648638326519479,0.0007813219352909881,0.000675636238156585,0.0007162608348557518,0.0006479235914108964,0.0005774542538953634,0.0005866385504810347,0.0005866636828512936,0.0007774771761938205,0.0006643267818920625,0.0005658759295733438,0.0007212953508618133
validating obj,0.03690541165673898,-0.007794571788205455,-0.007982400174821831,-0.008444152280895246,-0.008402083560617434,-0.00739400051922227,-0.007714736197764675,-0.008502296107407246,-0.007626574129163701,-0.007673672743193392,-0.009708375353107436,-0.007733248038372646,-0.00783521392602577
testing loss,0.0,0.000450491071132018,0.0007831702094188438,0.0006689593275360814,0.0006918881223788736,0.0006661558253580477,0.0005764794532788565,0.0005728974878415151,0.0005872996134220975,0.0009202325122345969,0.000748801305284409,0.0005617006836227783,0.0007302812975123399
testing obj,0.03306093289693062,-0.008556896119026115,-0.008658070777970794,-0.008175097684363357,-0.007982707036520681,-0.007598067365580465,-0.008240706549258903,-0.008590580470784492,-0.00806645372240628,-0.007979640306124615,-0.008584626354088352,-0.007871564148887488,-0.007425822122525927
