Epoch, 8
training loss,0.0,0.0004995012563214924,0.001215242110381061,0.0022133834008173374,0.002524626903861386,0.0026071530643251724,0.002611768639304802,0.002609017625160853,0.0025683152108201554,0.002508902566884488
training obj,0.0369550907477843,-0.010947568959584533,-0.008079666057809373,-0.006005434523591693,-0.005478003540167473,-0.005083053660652733,-0.004711070684938833,-0.004368723150794128,-0.00409546535697153,-0.0038050750343790792
validating loss,0.0,0.000528433293316257,0.0017877266066355121,0.002477506252576091,0.002641401086872682,0.0026665834933970525,0.002675117726621434,0.0026581500331423276,0.0026256842724012154,0.002484855372587599
validating obj,0.03733682172907884,-0.010419334782042563,-0.006508834947667578,-0.005492505164265916,-0.005350991825945353,-0.005188606522137873,-0.0050621490698359315,-0.004956633006432013,-0.004845101476943436,-0.005488696803981728
testing loss,0.0,0.00047754937488814734,0.001739437741960003,0.0024273413321221323,0.002591464804764356,0.0026151329421609795,0.0026278299237032406,0.002607002208753138,0.0025731135875454716,0.0024370894736887665
testing obj,0.036949640505413384,-0.010939406578688724,-0.007115283090017716,-0.006202306885656175,-0.005977487795474889,-0.005822636110134256,-0.0056348116279951585,-0.005711130858475115,-0.005562123779821403,-0.006170008391347873
