Epoch, 9
training loss,0.0,0.0006074546146669936,0.0009610630041125285,0.0009310074706388382,0.0008277368064691295,0.0009260638652360249,0.0008260034605080043,0.0009008248438761916,0.0009172064276165603,0.0008966390819599231,0.0008714981580280936
training obj,0.008717801401793372,-0.04193141311772314,-0.03776679274206068,-0.036778853121487536,-0.036582044764038396,-0.03681481865545114,-0.03652271970960439,-0.03653540278912759,-0.03666176705201175,-0.03648246146702007,-0.03675979972433518
validating loss,0.0,0.0005584069762739495,0.0010784450722793634,0.0008522285121822885,0.0009165006203046585,0.0007669783091033525,0.0007290434122195519,0.0010360106367039003,0.000867986354326907,0.000767813472217919,0.001013298032881317
validating obj,0.007999142800043855,-0.04306594737701946,-0.03790977982700699,-0.03749701874848041,-0.0355101992479629,-0.035652038615403905,-0.03546873749130302,-0.03521864821151313,-0.03592259328191479,-0.036482550798811846,-0.036869227730979524
testing loss,0.0,0.0004517141205724329,0.0008875825715713782,0.0006936639762677038,0.0007463395945583092,0.0006866606470154964,0.0006228252069204982,0.0009825787368557743,0.0008534864888084436,0.000753235324294577,0.0009438340208804663
testing obj,0.005731173797284026,-0.0409742833643749,-0.03630171128473169,-0.0361548115222438,-0.035764481293389924,-0.03558885280949038,-0.035376455666295985,-0.035951834417426505,-0.035209753739370686,-0.035645874254908914,-0.03517973537531656
