Epoch, 10
training loss,0.0,0.0004998180232642743,0.001288223795892319,0.0023327402009801386,0.0025469561826614055,0.0026202079290877736,0.002652521830357986,0.0026717150798095004,0.0026779829660390137,0.002679805347674822,0.0026698920710923435,0.0026553429633790456
training obj,0.028863050892014106,-0.01458365492191151,-0.010911175493459553,-0.009736953939541281,-0.009379461244347045,-0.009059810814290643,-0.008738606507133113,-0.00845477608488542,-0.008208333153100373,-0.007965511156815973,-0.0077131839239573995,-0.007545520550239816
validating loss,0.0,0.0005246862460414808,0.002110454649019948,0.0025237085479778917,0.002598909002964008,0.0027237427646494036,0.0026923542403999496,0.0027536568280219207,0.0027172920337610695,0.002706438498764869,0.002678288126712388,0.0027058650167484906
validating obj,0.029891421589807038,-0.014006351219058346,-0.00984641292396688,-0.009930807302357906,-0.009645669759737786,-0.009269654721418028,-0.00906019800005861,-0.009178284202399422,-0.009258562698960304,-0.008785366067005432,-0.0088801113026584,-0.0090251418795746
testing loss,0.0,0.0004766686761849652,0.002069189284748611,0.002485835633806487,0.002562364381008658,0.002687765182382243,0.002654664478907538,0.002719539262133165,0.002678204108215548,0.0026749530061758835,0.002645962328606777,0.002676862592547619
testing obj,0.02907033766845879,-0.014358166635289738,-0.010253788268982262,-0.010281884975862816,-0.009833887040297695,-0.009718367282706737,-0.009496010670225215,-0.009587334308463907,-0.009856334945552448,-0.009269580267259143,-0.009257585089573582,-0.009308623743288398
