Epoch, 15
training loss,0.0,0.0005360590715723696,0.0008687210914121905,0.0008106118210194194,0.0006087552663623629,0.0005798627535684728,0.0005761916324891168,0.0005781093301872412,0.0006454888800291491,0.0007014517610157639,0.0007264045813559171,0.0007267571639328939,0.0007443091430354352,0.0007006721118551807,0.0007265772612870434,0.0006916185288562202,0.0007450023242592008
training obj,0.031187542918704306,-0.011953765133797539,-0.011800271195962149,-0.011572649806518766,-0.010780081378442108,-0.0107472604136074,-0.01094143991130313,-0.010620314678560724,-0.01056768441134516,-0.010716334751387144,-0.010919954782972733,-0.010658262557277054,-0.010601537297114584,-0.010560666242906568,-0.010606010696467232,-0.0103733473576094,-0.010423467613701873
validating loss,0.0,0.000493232267116481,0.0007244172536755084,0.0006356392530304018,0.0005701349218725227,0.000537736564486598,0.0005127728941766287,0.0005534156803656111,0.0006798766064295907,0.0006357378467024924,0.0006570169951171718,0.0006918180523724812,0.0007015020972984429,0.0006860790179214544,0.000616613914139129,0.0006723076261955106,0.0007895054376503038
validating obj,0.02900819426092009,-0.012124465600613298,-0.011868480786991617,-0.010770748938537307,-0.010973464419496141,-0.011658237910726003,-0.010664810633493794,-0.011269614773078097,-0.011152824031240825,-0.012462248353080617,-0.011151780833541933,-0.010747571029545119,-0.01051381456394059,-0.010601052975592514,-0.010850333078350458,-0.010831415239307616,-0.011223289138999663
testing loss,0.0,0.0004683407030431743,0.0007555627891781262,0.0005913614904047053,0.0005486269071076782,0.0005180525666809124,0.00048437831257517146,0.0005322453594212798,0.0007626475700227594,0.0007416243667673396,0.0007173409543906313,0.0006841172077189627,0.0006786292116786983,0.0006617234703790509,0.0006340512192911921,0.0006828815239714459,0.0007853154165786691
testing obj,0.027340240499659163,-0.012203547814105814,-0.01185436239088508,-0.011558035108562861,-0.010759645188856568,-0.011662272701820207,-0.011027129071236059,-0.010424376449648392,-0.010604540600340712,-0.012184776299683427,-0.010207873709323639,-0.011012099519674037,-0.011005352650819396,-0.010573716173451897,-0.01042273679018222,-0.010318905712935972,-0.010563612959624545
