Epoch, 6
training loss,0.0,0.0005467098275617258,0.0005872871445128968,0.0005374093540012837,0.000536421113236643,0.0005343896980561754,0.0005315418753204593,0.0005291418279418448
training obj,0.04551842633415671,0.0,0.0,0.0,0.0,0.0,0.0,-0.02074982062639559
validating loss,0.0,0.00047826047618097317,0.00047402875760680117,0.00047289899177687604,0.0004843049523009944,0.0004905015141250462,0.00047465956130407803,0.0005606363053326883
validating obj,0.039747596692500844,0.0,0.0,0.0,0.0,0.0,0.0,-0.0242478478855143
testing loss,0.0,0.00045224342633249563,0.00046322231611230637,0.0004732395396245379,0.0005325865090157635,0.0005889805252081715,0.0005798319843715699,0.0007088639220062367
testing obj,0.03616280821026177,0.0,0.0,0.0,0.0,0.0,0.0,-0.02176245584505031
