Epoch, 11
training loss,0.0,0.0005006648761794202,0.0009321448156640039,0.00234960409757751,0.0025691063559721583,0.0026464914195597745,0.002660422062380074,0.002667183645438822,0.002656310118279738,0.002645314292060542,0.002640438574128389,0.0026331889304526232,0.0026135139047449244
training obj,0.017791631972762578,-0.03727713176033219,-0.02063159545467013,-0.019122429874370194,-0.018938101610192694,-0.018820754036535114,-0.018616520737011272,-0.0183347986081819,-0.018121497093307688,-0.01793964935192945,-0.017675135113827928,-0.017536297624221684,-0.017302896657199057
validating loss,0.0,0.0005384768036552253,0.0019970572582578166,0.002540315063122441,0.0026544570410463016,0.002682083429346525,0.002743214774863943,0.0027128991890041265,0.002722836657069546,0.0027347590563219413,0.002677643286131941,0.002679260148325207,0.002766090471001026
validating obj,0.01880257527882098,-0.03730711622073422,-0.01973592767018219,-0.019354344062848746,-0.019419714288019082,-0.01902508093640337,-0.01872816706192277,-0.01847713232559239,-0.018591605857575383,-0.018409193332297374,-0.01879314455899787,-0.018621900997037602,-0.018481093160743634
testing loss,0.0,0.0004937729604949809,0.0019613254820148936,0.002491613530206034,0.0026076842508584953,0.002634777304581759,0.0026984548277547023,0.0026685109854116397,0.0026777953455679876,0.0026915226956803783,0.002631400026366589,0.002631296070489757,0.0027223266128181332
testing obj,0.017761222813390643,-0.036525811001389144,-0.01934430672965059,-0.01945017840233976,-0.019495015335950532,-0.019471827698486783,-0.018979465958410664,-0.018861834393419877,-0.01851372267143631,-0.018749914137268255,-0.018579640347196395,-0.018487976799060217,-0.018361211142049087
