Epoch, 8
training loss,0.0,0.0005463555031490293,0.0005776688526156267,0.0005331343438478607,0.0005314058384244038,0.0005294107354084012,0.0005269035446176798,0.0005254835197953142,0.0005240448941157071,0.0005219284931252547
training obj,0.043391087914214414,0.0,0.0,0.0,0.0,0.0,0.0,0.0,0.0,-0.02313502646672229
validating loss,0.0,0.00046798291461729806,0.00046438049381928675,0.00046653336883335013,0.00047865647583320324,0.00046234941853779473,0.0005302517088744531,0.0004922012079380996,0.0005136440783341337,0.0004921087648755121
validating obj,0.03872414802511533,0.0,0.0,0.0,0.0,0.0,0.0,0.0,0.0,-0.0217812809213582
testing loss,0.0,0.000447664220995943,0.0004838839551076809,0.0004764244556615784,0.0005633423228376872,0.0004999636837817741,0.0006633887834952377,0.0006112811394347306,0.0006351610300535449,0.000598966556690111
testing obj,0.03665230426987683,0.0,0.0,0.0,0.0,0.0,0.0,0.0,0.0,-0.022298242512939347
