Epoch, 12
training loss,0.0,0.0005044061755309879,0.0005688509826159026,0.0008675474190311387,0.00183092977787796,0.0021095345278051947,0.002174334259530625,0.002399374528708124,0.002455355001545072,0.0022562902741188355,0.0022569989952138446,0.0024146208733860294,0.0023852041389226465,0.002315668212683849
training obj,0.015020497243151553,-0.026078343440326668,-0.02318727958803221,-0.023141885333013937,-0.023084174759554654,-0.023066698391673832,-0.023037437444733716,-0.023077722313364735,-0.023037587167581274,-0.02297166602502814,-0.023018049578599382,-0.0230017788106616,-0.02301886073473007,-0.02308332122376931
validating loss,0.0,0.0005113689228036331,0.0006240964775532806,0.0013027860824128285,0.002142181053232389,0.002126586932050883,0.0023213936786157657,0.0024846429416142844,0.002298641319074072,0.002328774499848717,0.002359112761721376,0.0024502312407625845,0.0025037318237680155,0.0022554374674567147
validating obj,0.016019509858725703,-0.025190320785985584,-0.02178766713703251,-0.021974423180807987,-0.02226462004590251,-0.022763410088474052,-0.02233434339927245,-0.02226249854463865,-0.021585565625938063,-0.022209236454734237,-0.02193526264157623,-0.021630365105030032,-0.022222055442901942,-0.021950757986572682
testing loss,0.0,0.00047672179644872684,0.0005921398734775246,0.0012809294192785664,0.0021289901678865574,0.0021128991008423615,0.0023096621206043074,0.002474472049115588,0.0022786222999392914,0.002312626804484827,0.002347952986405377,0.0024367286062281636,0.002488606902145542,0.0022460253864747958
testing obj,0.015460808609136206,-0.026257655289979483,-0.02273399206463459,-0.02319280486618026,-0.02320136814883136,-0.024317858976323204,-0.02310538875410356,-0.023222111514969866,-0.022708321239465843,-0.023087003215403648,-0.022972074690757387,-0.022805486929966794,-0.02297995408208281,-0.02316404283752027
