Epoch, 12
training loss,0.0,0.0005503697405983124,0.0005180537315221061,0.0005062357006287915,0.0005054639791999473,0.0005043595960091852,0.000503154536322143,0.0005020029158744906,0.0005003210556153289,0.0004991918992006703,0.0004968887798906357,0.0004949690656261417,0.0004932210135839466,0.0004919697097131532
training obj,0.006426861943999449,0.0,0.0,0.0,0.0,0.0,0.0,0.0,0.0,0.0,0.0,0.0,0.0,-0.03530164789344153
validating loss,0.0,0.0005882148366238379,0.0005560772859847502,0.0005707169819030481,0.0005774560903361555,0.0005841870779193943,0.0007216509792855643,0.0005612073909511643,0.0006505304405675793,0.0006005286980933142,0.0011967811116412568,0.0007890606597684256,0.0007741660757633216,0.0007264244717192937
validating obj,0.006513454451847654,0.0,0.0,0.0,0.0,0.0,0.0,0.0,0.0,0.0,0.0,0.0,0.0,-0.03551905457845609
testing loss,0.0,0.0004952646097375309,0.0004554608512582941,0.0004617768446034223,0.00046494199346405133,0.0004656078028516173,0.0005648212866581537,0.00045583680913012785,0.0005329206302472396,0.0004752879600994279,0.0009966082701647074,0.0006215546226283522,0.0006120021577541582,0.0005725518272379265
testing obj,0.005743687792493611,0.0,0.0,0.0,0.0,0.0,0.0,0.0,0.0,0.0,0.0,0.0,0.0,-0.03596623033355671
