Epoch, 2
training loss,0.0,0.0005087611618321409,0.0010677358224471117,0.0021950329817634964
training obj,0.03699933551596312,-0.01067391989521427,-0.007408500084323079,-0.005927843308933649
validating loss,0.0,0.0005408924972379876,0.0019150091009697905,0.0024581423619839406
validating obj,0.03776634620844183,-0.009983891804918493,-0.0061860178094953425,-0.005390253065840364
testing loss,0.0,0.00048328201570169415,0.0018537560908248882,0.0024009785827701323
testing obj,0.03614677867664604,-0.01077520636029753,-0.006835613463261516,-0.006340917915674071
