Epoch, 8
training loss,0.0,0.0005464343370655187,0.0005871150888589339,0.0005385155603803201,0.0005373776715429153,0.0005356107021261956,0.0005331877714328869,0.0005307291982200124,0.0005295706834408966,0.0005262823988553411
training obj,0.03495098885660078,0.0,0.0,0.0,0.0,0.0,0.0,0.0,0.0,-0.027655090603466128
validating loss,0.0,0.0004760166098599762,0.000468458367726675,0.00046701140329080063,0.00046423182397524617,0.0004648893932931565,0.00047553409705061413,0.00046835398946617107,0.0005082781545853424,0.0004648788009136398
validating obj,0.0331736051529232,0.0,0.0,0.0,0.0,0.0,0.0,0.0,0.0,-0.024250096460390422
testing loss,0.0,0.000436468909233431,0.00044520696345087444,0.00047064430770193656,0.0004906752349327419,0.0004940101939978745,0.0005635776606386817,0.0005227247866797198,0.0006457532229408546,0.0005369579066118112
testing obj,0.028911136808125553,0.0,0.0,0.0,0.0,0.0,0.0,0.0,0.0,-0.027414539098940992
