Epoch, 6
training loss,0.0,0.00049156395453134,0.0004954268808605183,0.00048743369802516166,0.0004858636002098019,0.0004853161775175998,0.0004836571765556765,0.00048285688756279495
training obj,-0.0032477383081630402,0.0,0.0,0.0,0.0,0.0,0.0,-0.051766170658578976
validating loss,0.0,0.0004500795767825237,0.00044393645647621574,0.00044443034290251075,0.00045453507937998495,0.0004713390844447698,0.0005470027953973822,0.0004627386736668442
validating obj,-0.003475100449753674,0.0,0.0,0.0,0.0,0.0,0.0,-0.05063478216193745
testing loss,0.0,0.0004984689317121426,0.0004949750062900008,0.0004956285009377188,0.0005013678571721108,0.0005101478882618357,0.0005633724710939177,0.0005039614083710958
testing obj,-0.003256200588341937,0.0,0.0,0.0,0.0,0.0,0.0,-0.05126455237867756
