Epoch, 10
training loss,0.0,0.0005052016580560477,0.0005490367044721988,0.0005397280223570724,0.0008845132138578133,0.001323903628301906,0.0017210293099806778,0.0017900711829687745,0.002000061026361038,0.002004351004504891,0.002204710933613119,0.0022389548989697095
training obj,0.022717508227248443,-0.015666913607500353,-0.015112318197050346,-0.01503526676088917,-0.014995590538999775,-0.014986202422726011,-0.015052144032734478,-0.015048014875469248,-0.015022835576345619,-0.01492999733903967,-0.014957516834404341,-0.014929894866404367
validating loss,0.0,0.000507981013851063,0.0005457191804843266,0.0006739447717556881,0.0011987198431408967,0.0016600859958104868,0.001759680336466942,0.00188384426292032,0.0020993067395541445,0.002123304751498631,0.0022758279268865096,0.0024149423347508926
validating obj,0.022755840284086015,-0.014889415989188432,-0.014026034343826575,-0.014495601498112598,-0.014585317378367416,-0.014716004035161698,-0.014224113138379678,-0.01433670628819112,-0.01397564905457147,-0.014641668207646964,-0.01452292927225027,-0.01431150210273668
testing loss,0.0,0.0004665370138894835,0.00050155539147,0.0006138898227926866,0.0011350679718857236,0.0016129369153793445,0.0016974945087386568,0.0018307843763323535,0.002041183683777584,0.0020686237485325943,0.0022207006680652524,0.0023609969753727138
testing obj,0.02206644552187568,-0.015901183717116303,-0.015090998423665685,-0.015046559971085591,-0.015220011092350529,-0.015620230683069452,-0.014966746133378676,-0.015127546340507647,-0.015002589201131473,-0.015724040539422283,-0.015015091276174593,-0.015190657526783632
