Epoch, 13
training loss,0.0,0.0005470130276437118,0.0005921225653426019,0.0005342192463942019,0.0005300782787112529,0.0005276966804790301,0.0005257938810459831,0.0005212947419946146,0.0005174595782306164,0.0005121059902925409,0.000507979015374611,0.0005010943114101275,0.0004940971349367151,0.0004846525150687918,0.000481619164972525
training obj,0.007225950036709215,0.0,0.0,0.0,0.0,0.0,0.0,0.0,0.0,0.0,0.0,0.0,0.0,0.0,-0.034552014255713595
validating loss,0.0,0.0004324310236067201,0.00042435764913130295,0.00042079312131843634,0.00042681545063613966,0.00042465553734574415,0.00041000616329256445,0.000419168833610052,0.0004133302083775763,0.0004075076530069863,0.00040740823533269577,0.0004415266054517512,0.0004691799163588763,0.00043041978521311347,0.00041315834257855185
validating obj,0.005358662727909784,0.0,0.0,0.0,0.0,0.0,0.0,0.0,0.0,0.0,0.0,0.0,0.0,0.0,-0.03714732621382508
testing loss,0.0,0.000507149491396204,0.0005025694080285501,0.0005180158261429971,0.0005959296031505801,0.0005122321804142179,0.0005132560472702608,0.000506459402311373,0.0005264016554802593,0.0005541984201290934,0.0005437301735730363,0.0006639066314902093,0.0006412695860293556,0.0006414320374657305,0.0005561922020255273
testing obj,0.006951039521703245,0.0,0.0,0.0,0.0,0.0,0.0,0.0,0.0,0.0,0.0,0.0,0.0,0.0,-0.03639116563607712
