Epoch, 7
training loss,0.0,0.0005696325044732029,0.0011575168683467542,0.0012300048943371604,0.0012956204319683215,0.001355215706679897,0.001443199131537375,0.0014987866576834051,0.0015807546908035875
training obj,0.04562258922367119,-0.009328184546172326,-0.020157665021114927,-0.006741796265922341,-0.005674334391997214,-0.005271662904095708,-0.004951953148131496,-0.0046105407920264295,-0.004263226345966698
validating loss,0.0,0.0004743983764557116,0.0011734818011367072,0.0011837551056588483,0.0012307084171981034,0.0013030114092139734,0.0013822470856313077,0.0014621670383753048,0.0015372735894440364
validating obj,0.03927316878818803,-0.008471507139296995,-0.007821942479090972,-0.006203810014994815,-0.006010364768573911,-0.005644907735081183,-0.005414695430469389,-0.005601908196695149,-0.005349638900952414
testing loss,0.0,0.00045874493868747803,0.001164556372394735,0.0011707880845721308,0.001218658997016531,0.0012962667749741592,0.0013797899796249898,0.0014521296095178539,0.0015323870387431737
testing obj,0.037066659374112215,-0.008983189633393006,-0.008802089999064905,-0.006200092029757798,-0.006173740391229355,-0.006249532046904032,-0.006140976485078903,-0.005924989299445941,-0.00580602336511318
