Epoch, 7
training loss,0.0,0.0005693598180739939,0.0006004329411856209,0.0005489959738470668,0.0005468745960160068,0.0005447870182608456,0.0005432841827688903,0.0005416406538821392,0.000540316838391043
training obj,0.045430193140226255,0.0,0.0,0.0,0.0,0.0,0.0,0.0,-0.022441053100149422
validating loss,0.0,0.0004706416610942041,0.0004573386193240165,0.0004675262777406412,0.000454133476725676,0.0004754559653924338,0.0004962846008614482,0.00045740353683261975,0.0004750039184323719
validating obj,0.03754035704251793,0.0,0.0,0.0,0.0,0.0,0.0,0.0,-0.023310583214172058
testing loss,0.0,0.00046826424452749935,0.0004972354695751533,0.0005677411236565849,0.0005160335261992972,0.0006014874435660769,0.0006475288465554587,0.000556637499873948,0.0005390142662666196
testing obj,0.0374339362858115,0.0,0.0,0.0,0.0,0.0,0.0,0.0,-0.02339618361706065
