Epoch, 9
training loss,0.0,0.0005589939155399014,0.0005964243117441405,0.0005450345574382821,0.0005434234357095442,0.0005422547875045269,0.0005395588110225028,0.0005381149455263535,0.0005358953717422635,0.0005341793411336017,0.0005318949542318781
training obj,0.0247530736905687,0.0,0.0,0.0,0.0,0.0,0.0,0.0,0.0,0.0,-0.03267246549218601
validating loss,0.0,0.00042503240021889925,0.000413184017411873,0.0004150468305144588,0.0004084958034379977,0.00040918458115710464,0.00040624101550040196,0.0004883224660766751,0.0004091872328394351,0.0004074430511940995,0.00041575953623072966
validating obj,0.020881028548400436,0.0,0.0,0.0,0.0,0.0,0.0,0.0,0.0,0.0,-0.030388605755029455
testing loss,0.0,0.0004422875835852874,0.0004355274490867364,0.00045074925858628104,0.00044000654973363427,0.00044141297208576314,0.0004354770711428058,0.0005460760724884962,0.0004335076346988727,0.00045489660280165136,0.00045904430963501736
testing obj,0.01956717641017324,0.0,0.0,0.0,0.0,0.0,0.0,0.0,0.0,0.0,-0.03631974389222828
