Epoch, 7
training loss,0.0,0.0005345949357576376,0.000577941817898011,0.000524341939137016,0.0005228481055454205,0.0005205888442087955,0.0005189999785073394,0.0005167086705720673,0.000514275557846607
training obj,0.024041624827420012,0.0,0.0,0.0,0.0,0.0,0.0,0.0,-0.03274017076062805
validating loss,0.0,0.00045694443946962967,0.0004476072772376938,0.0004461007134119023,0.00044560042846973776,0.0004636694090246844,0.000445260221668933,0.00044594787909267727,0.0004593931019674831
validating obj,0.024416026322998934,0.0,0.0,0.0,0.0,0.0,0.0,0.0,-0.03737267036922276
testing loss,0.0,0.00044198556133778766,0.0004333837911159404,0.0004647068423297684,0.0004630472075085571,0.0005893022817208721,0.0005169092655705754,0.0005409980522755004,0.0005348278214483258
testing obj,0.021107825261817592,0.0,0.0,0.0,0.0,0.0,0.0,0.0,-0.039213638438062894
