Epoch, 10
training loss,0.0,0.0005146092626557966,0.0006939413931839126,0.0010158078152827802,0.0015667040792846762,0.002003123930125466,0.001921512634680318,0.0020870029434577344,0.0021410694962810113,0.0020476254132618535,0.0020716420195250967,0.002051715155215236
training obj,0.0185079102966286,-0.021996080482179294,-0.01950803189503977,-0.01944768417964614,-0.019278692292243323,-0.01935469514081398,-0.019288805361168507,-0.019215069590774743,-0.019183011685247317,-0.01926692131598144,-0.019259730795962292,-0.019253473626716058
validating loss,0.0,0.0005665558288002767,0.0008648773634147259,0.0014388221551689955,0.001885156952421532,0.002262425144077327,0.0021508160207555937,0.0021086110041402665,0.001829514561936414,0.001884242098788154,0.0021307596986771763,0.002212578651517836
validating obj,0.019240369623894304,-0.021988316592164207,-0.01928727185936922,-0.018626135249483596,-0.01930791251264693,-0.019116680976486795,-0.018619798072275404,-0.018530991398100983,-0.018700813451640076,-0.01875612120849812,-0.019110213832246547,-0.019241692318668055
testing loss,0.0,0.00048144577093261717,0.0007786110167555101,0.0013376824729498828,0.0017846972082874604,0.002157983715964959,0.002043053952026503,0.002007713846552944,0.001721470472290663,0.0017728006063276026,0.002023752873543836,0.002114710228304457
testing obj,0.017553255977044956,-0.022030425456748465,-0.019506639909967396,-0.018956582879859202,-0.01922353100001158,-0.01932602676461978,-0.019130026001928827,-0.01912740448316665,-0.01920607622565378,-0.01927480008613427,-0.019682875379163408,-0.01957214419391782
