Epoch, 9
training loss,0.0,0.0005829889858717911,0.0006379142839161396,0.0005684786581196913,0.0005679728891289629,0.0005649290957365998,0.0005629159180292239,0.0005595537518863292,0.0005566242054948245,0.0005524381436379033,0.0005515514065194235
training obj,0.012197385553051443,0.0,0.0,0.0,0.0,0.0,0.0,0.0,0.0,0.0,-0.04066897037201652
validating loss,0.0,0.00048140717667087703,0.0004720462337799189,0.0004862108518055821,0.0004758426944641138,0.00047493534394662775,0.0004830352364580095,0.0004769421419849904,0.00047605636771347944,0.0004824378631585407,0.0004917605145035648
validating obj,0.01075107408946173,0.0,0.0,0.0,0.0,0.0,0.0,0.0,0.0,0.0,-0.04247969942581323
testing loss,0.0,0.0004712442300719763,0.00046687647468265697,0.0005098952667656311,0.0004818769795894843,0.0005017064726711691,0.0005025399794839039,0.0004981028268466125,0.0004765851471519626,0.0004734401148665269,0.0005682366878514782
testing obj,0.011522654686248987,0.0,0.0,0.0,0.0,0.0,0.0,0.0,0.0,0.0,-0.04653072001009777
