Epoch, 6
training loss,0.0,0.0005133187003843124,0.0005134041531914097,0.0005043539177521236,0.0005031157908935058,0.0005022306512131031,0.000500745233250946,0.0004996875008347077
training obj,0.0064602456975423345,0.0,0.0,0.0,0.0,0.0,0.0,-0.03612359672696633
validating loss,0.0,0.000541189954749866,0.0005671122996529297,0.0006069806845878633,0.0006646265833910311,0.0006334186223898305,0.00075971053350142,0.0006472060235471394
validating obj,0.007025370329205965,0.0,0.0,0.0,0.0,0.0,0.0,-0.03572506954970812
testing loss,0.0,0.000493113349315373,0.0005005391922168201,0.0005267501399558693,0.0005707828575508688,0.0005384697623492484,0.0006846927022024437,0.0005500387473361188
testing obj,0.006642708997282227,0.0,0.0,0.0,0.0,0.0,0.0,-0.03627729214481022
