Epoch, 6
training loss,0.0,0.0005599907280959408,0.0007561807279296987,0.0007467664964268824,0.0008006935604784053,0.0009122536870349637,0.0010835682877394206,0.0013219474766896489
training obj,0.028671183838855988,-0.016669217503501796,-0.021379800589170817,-0.011941412209953163,-0.011856636623212811,-0.01181241948038851,-0.011807547791806214,-0.011825616791953935
validating loss,0.0,0.0004714287707530376,0.0006260664550710418,0.0006623143102236403,0.0007342027383856475,0.000874272517749988,0.0010534793448944886,0.0013218367789199369
validating obj,0.027129047291560307,-0.018566904110937484,-0.012212447835028999,-0.01174257592841362,-0.012460308472832872,-0.012372623546980321,-0.011921926737866469,-0.012684073596675362
testing loss,0.0,0.0004576873716605651,0.0006309300336618656,0.00066886557623228,0.0007408714131137507,0.0008844132440768786,0.001069635059212561,0.001344430574996246
testing obj,0.023640341767286126,-0.015761531706949748,-0.011513531450308053,-0.01120510561756689,-0.01149049960076809,-0.011630177287057647,-0.011457236140739877,-0.011785050124131344
