Epoch, 10
training loss,0.0,0.0005659294740682669,0.0006093052869854385,0.0005585074849602511,0.0005567728313526102,0.0005551595871985032,0.000554316451341626,0.0005524040071702307,0.0005483141127293564,0.0005492847429373868,0.0005445185028114722,0.0005430483609077284
training obj,0.03217777451135072,0.0,0.0,0.0,0.0,0.0,0.0,0.0,0.0,0.0,0.0,-0.025583132511625688
validating loss,0.0,0.00043137677110078384,0.0004312347797773934,0.00042747705689786625,0.0004322331486845441,0.00042424612830574106,0.00043586472525526513,0.00042455092140395817,0.00043003093863565783,0.0005855520594195696,0.0004247014864328473,0.00046234766200036067
validating obj,0.02771361578359372,0.0,0.0,0.0,0.0,0.0,0.0,0.0,0.0,0.0,0.0,-0.029888291506924562
testing loss,0.0,0.00042907872940869875,0.00042323367567921713,0.00043225904694220327,0.0004982560529095133,0.00044043308623037554,0.0005052572328045121,0.0005159908766005616,0.0005553394792612478,0.0006867808169280997,0.0004582331549082065,0.0005801851759708763
testing obj,0.026127455000941817,0.0,0.0,0.0,0.0,0.0,0.0,0.0,0.0,0.0,0.0,-0.030176066189400247
