Epoch, 6
training loss,0.0,0.0005053668736310088,0.0005049120028902139,0.0004954666028927266,0.0004951235831369264,0.0004941920662685903,0.0004923596742614083,0.0004910438466701959
training obj,0.0068593919274895,0.0,0.0,0.0,0.0,0.0,0.0,-0.03508108895372129
validating loss,0.0,0.0005126550917414574,0.0005061059776830743,0.0005061062152468669,0.000514336024116661,0.0006485003026978356,0.0006816716249823726,0.000513958141782118
validating obj,0.006696378230520082,0.0,0.0,0.0,0.0,0.0,0.0,-0.034170545221896116
testing loss,0.0,0.00047569665339684315,0.00047419743195813103,0.0004727248448479088,0.0004837943821561482,0.0005739499632496164,0.0006081598660498481,0.00047540384445167325
testing obj,0.005771341931199889,0.0,0.0,0.0,0.0,0.0,0.0,-0.035340991952390814
