Epoch, 13
training loss,0.0,0.0005041252867495868,0.0004981908331962499,0.00048779075280182857,0.0004851334952520614,0.0004815184467545498,0.00047882932391520765,0.00047612627569306023,0.00047352268734671425,0.00047177776306935563,0.0004702887332310688,0.00046825583997311477,0.0004668196528138608,0.0004645078818807624,0.0004639167695834818
training obj,0.032265238557102734,0.0,0.0,0.0,0.0,0.0,0.0,0.0,0.0,0.0,0.0,0.0,0.0,0.0,-0.0322662537880297
validating loss,0.0,0.0005183069231383386,0.0005296574097405071,0.0007127217557725366,0.0006494248467738213,0.0005810518615397143,0.0005122450911144888,0.0006288136777408207,0.0005824368414310956,0.0005386576756659153,0.000581340876435716,0.0005889304901218843,0.0005447886597882162,0.0006817408268040636,0.0005602282995370597
validating obj,0.03214342557667242,0.0,0.0,0.0,0.0,0.0,0.0,0.0,0.0,0.0,0.0,0.0,0.0,0.0,-0.030210637376292458
testing loss,0.0,0.0004774471690732302,0.0004798549539443641,0.0006202623652748719,0.0005720496627405164,0.0005201876185823988,0.00047225316762101674,0.0005555388212688676,0.0005354283099902194,0.0004972954902737526,0.0005358852435346904,0.0005476819331779365,0.0004896022540045479,0.0006377275159935448,0.0005179644377612414
testing obj,0.03123930989397552,0.0,0.0,0.0,0.0,0.0,0.0,0.0,0.0,0.0,0.0,0.0,0.0,0.0,-0.03442323777709227
