Epoch, 14
training loss,0.0,0.0006262752369723018,0.0010296090068889088,0.0009697768864605357,0.0009690899138256688,0.0010272721120832013,0.000940646316203307,0.000998291486358343,0.0009563880126841147,0.0010547335979793513,0.0010596618340487647,0.001031179326088807,0.0009972715826805534,0.0010323893757053085,0.0009658258202869226,0.0008275349546274098
training obj,0.008345408674658222,-0.039296459717055164,-0.03606251103840038,-0.03458215319094997,-0.03487356704312797,-0.03464558071402066,-0.03477447908189075,-0.03486768077401554,-0.03497197190117018,-0.03447815491178749,-0.034805078875711735,-0.034619708981949326,-0.03454310794306152,-0.03475541313379711,-0.03493525864665999,-0.03480380928947353
validating loss,0.0,0.0004374427165506252,0.0007311020401377593,0.000644836129342568,0.0007519981522313578,0.0007559776370019083,0.0007001775837933463,0.0006700200453148378,0.000775813530102217,0.0008770371063696479,0.0008173248586697608,0.0008242231294085892,0.0009503893031958594,0.0008768788910755473,0.00046766497447000194,0.000592656216920457
validating obj,0.005416200431581173,-0.04603944749881824,-0.03875513348935379,-0.03895660867500636,-0.03866942749462194,-0.039048949644590415,-0.03813434449127979,-0.0395222130852441,-0.03818544918774731,-0.040412717705799475,-0.03833376266993582,-0.03887968202535477,-0.03867191596267124,-0.03876219061203301,-0.038989218003633946,-0.039446916741629444
testing loss,0.0,0.0004094132139938223,0.0007354454878745979,0.0006016126506044718,0.000755037526392403,0.0008455317168940186,0.0007226304261240404,0.0007302142017775819,0.0007937920608792165,0.0010030458662013927,0.0008268349036468961,0.0008848168500982276,0.0010109706079772976,0.0009653906802398253,0.0004998155660310609,0.0006005237354091494
testing obj,0.005052870485579243,-0.043216555744308875,-0.037666031750976235,-0.03776029599327091,-0.038170943282091536,-0.03787227596055616,-0.03747027000487858,-0.03761589759331498,-0.03784334162451528,-0.03849545344584496,-0.03733678257747276,-0.03787001302918872,-0.037877888355806875,-0.03728749596740346,-0.03760716755798942,-0.03757007620171518
