Epoch, 6
training loss,0.0,0.0005027550699679133,0.0010212573979085052,0.002159748332486791,0.002440101580675489,0.0025449929087509125,0.0025734489034407605,0.00258649887123992
training obj,0.031803750737728204,-0.012520724902810304,-0.009430701102791868,-0.007805276385022151,-0.007386718431750131,-0.007004992412407819,-0.006709374272938693,-0.00640074162395199
validating loss,0.0,0.0005207846255537532,0.0018264640841285044,0.0023576739988576583,0.0025224216636044704,0.002567186950025983,0.002672565598234173,0.0026441477496937484
validating obj,0.03242118395929415,-0.01143804976916437,-0.007669291253585149,-0.007091270009245866,-0.0071190016233011,-0.0067742122848805,-0.006669530709464245,-0.006704693458729446
testing loss,0.0,0.0004822268541619781,0.0017909135718761002,0.0023292238598051455,0.002496241139033216,0.002541529785732702,0.0026467371573303017,0.0026219286827655853
testing obj,0.0322692553879831,-0.012331035059096097,-0.008332264077049806,-0.007910599819666637,-0.007940476281182093,-0.007492417629716818,-0.007520903951228755,-0.007671093162455357
