Epoch, 14
training loss,0.0,0.0005036892768713318,0.0013738108930359727,0.0023586484836644072,0.0025124504516558827,0.00256759245743097,0.0025809271506440717,0.0025885913813122985,0.0025967723317765787,0.0025904127628555342,0.0025775672360327964,0.002571253931984265,0.0025550482161591083,0.002529542068677589,0.0025283342113794622,0.002509119476642206
training obj,0.02851810962851738,-0.01603564876401512,-0.011121253970587035,-0.009739433752253002,-0.00930440728518197,-0.008968453630561623,-0.008619476996663695,-0.008335792721194973,-0.00798508706785044,-0.0077751320764960635,-0.007583219806732117,-0.007361044039645763,-0.007175870202307239,-0.006992615494281017,-0.006887752987034306,-0.006737451895330234
validating loss,0.0,0.0005406715006624537,0.002255523058498813,0.0025110482935113737,0.0026143749508761825,0.0026216432967812956,0.0026330541445515974,0.002626706302249772,0.0026344273772709406,0.002689599394669376,0.002642596091359699,0.0026209287717616167,0.00260543436856109,0.002585662741159253,0.002587013249527212,0.0025721539068116347
validating obj,0.029598215952592943,-0.015194865932146724,-0.009114582249072982,-0.009356126696786564,-0.0086944398170524,-0.008909494219715208,-0.008761156841010422,-0.008733951514441791,-0.008531484505561241,-0.008159960441655482,-0.008833569265856926,-0.008345007246672772,-0.008323567282975649,-0.008601272939527118,-0.00826308092547123,-0.008684002437425785
testing loss,0.0,0.0004892988796331864,0.002207102656176894,0.0024639307202694366,0.002565699020358966,0.0025734594821122036,0.002584279034761215,0.0025813352507370784,0.0025891106401004296,0.0026465032498950137,0.0026084525420902722,0.002577904486393944,0.0025623045699821588,0.002550766916333244,0.0025469312194266744,0.002534730018280036
testing obj,0.02823186363774815,-0.015799885265458627,-0.009909382186350757,-0.010140542379939502,-0.009552205955047039,-0.00966342829553356,-0.009678772073190999,-0.00970899001631097,-0.00964386843861419,-0.009144768961817476,-0.009749259570294513,-0.009264202687084649,-0.009307425913181342,-0.009728452157294907,-0.009259678255293755,-0.009674754342594842
