Epoch, 11
training loss,0.0,0.00050834534525666,0.0005001873603785146,0.0004891499864967813,0.00048490448359639294,0.0004808790831729844,0.0004779608235408309,0.0004757254166243916,0.0004737112232914683,0.00047116970011749004,0.00046990114347662793,0.00046856677347966504,0.000467095743967657
training obj,0.04102581716601827,0.0,0.0,0.0,0.0,0.0,0.0,0.0,0.0,0.0,0.0,0.0,0.0
validating loss,0.0,0.0005248184289047487,0.0005586460072940552,0.0005846679334454827,0.0005448179930253365,0.0005704541327605011,0.0005508297109470064,0.0005785268968450362,0.0005668890639203222,0.0005351637571060766,0.0008419695715054388,0.0006646202038364303,0.0007180285939382216
validating obj,0.04024021057766511,0.0,0.0,0.0,0.0,0.0,0.0,0.0,0.0,0.0,0.0,0.0,0.0
testing loss,0.0,0.0004717310057802622,0.0004849380763834595,0.0005149974973821009,0.0004793565166407732,0.0005036176015658881,0.0004906284454924944,0.0005140943679598015,0.0004962239992685505,0.0004757975161933379,0.0007523897569902079,0.0005747167506373828,0.0006237628187149885
testing obj,0.03977210217327033,0.0,0.0,0.0,0.0,0.0,0.0,0.0,0.0,0.0,0.0,0.0,0.0
