Epoch, 6
training loss,0.0,0.0005671976393832844,0.000674454034928132,0.0006193860090171059,0.0006769901532428705,0.0007746231473991465,0.0008765327737337964,0.0009962080440292244
training obj,0.02002167121562011,-0.029421839227571207,-0.028385696505360745,-0.01882722991171713,-0.018926533629350803,-0.018799396881870194,-0.018668755867025433,-0.01845599812291124
validating loss,0.0,0.0005915967861559087,0.0006324149035208393,0.0006765503478365847,0.000753032529852741,0.0008651933547096431,0.000954565817664843,0.0011039842841758702
validating obj,0.02181709127034992,-0.0282062827092078,-0.01929481592701955,-0.01947956712036911,-0.01973015282096134,-0.01945550109182174,-0.01970956614241004,-0.020052783643930323
testing loss,0.0,0.0003983788284696513,0.0004394080343764791,0.0004841406358487753,0.0005630226357449853,0.0006802393803121271,0.0007732723453365317,0.0009300002145480264
testing obj,0.015102315933217068,-0.029085710172767978,-0.02097633118565018,-0.021130681025317392,-0.02024219908776718,-0.02072123496012913,-0.02118908184756701,-0.020790062152554054
