Epoch, 16
training loss,0.0,0.0005841954464724004,0.0007007210711177037,0.0006612054148218686,0.0007127468067326346,0.0008541425121674205,0.0009908013909772112,0.0011974374298006295,0.0012800143079777413,0.0013799113205487969,0.0014356577166301362,0.0014504614530368616,0.0014664411978503945,0.0014836711224679854,0.0014639254611478571,0.001419680108380157,0.0014081692375589674,0.0013890576206476372
training obj,0.01691881450367909,-0.03627736470935976,-0.030227949751504495,-0.021874897645822927,-0.022101249584161185,-0.021927001330015412,-0.0218410783429064,-0.02155646594679531,-0.021254849662164264,-0.021009542256155436,-0.02052233552048896,-0.020309816697137613,-0.01972204355121243,-0.0194034144684088,-0.017049831771017872,-0.016211455523529473,-0.015663578103789513,-0.015122377433284533
validating loss,0.0,0.00046036554683976446,0.0005528400498507027,0.0005991053237974282,0.0007064715965599236,0.0008405113912886009,0.0010666524677718473,0.0012275011055559542,0.0013564069183000054,0.0013871083760427104,0.0012450292269932106,0.0014543252942126452,0.0014240998150651446,0.0014368656815754042,0.0013366574922757638,0.001398140635703587,0.0012763933433840673,0.0013113698255943342
validating obj,0.014580654950502018,-0.0355461705993447,-0.0216195255310999,-0.02320830425661471,-0.02368884042112364,-0.022998921055760648,-0.022998175118118525,-0.02228048880998459,-0.023875392145580716,-0.022792792413383722,-0.023249336207906406,-0.022760883801513247,-0.024473859592237406,-0.023059039557766583,-0.022582808871650033,-0.024645045296185546,-0.02455138083961275,-0.024460922745573852
testing loss,0.0,0.00048636680770180866,0.0005635786905799791,0.0006096518871443648,0.0007136183353518514,0.0008433539038083541,0.0010664098985757478,0.0012267219804139255,0.001356655582345116,0.0013849445960069126,0.0012467344585692863,0.0014592139105425795,0.0014263160079969345,0.00144790526246652,0.0013399180347364195,0.0014152175572235137,0.001269758671106821,0.0013198452668163824
testing obj,0.013453184884998042,-0.03511468446939378,-0.021269456143616826,-0.021403612518632733,-0.021230724879313965,-0.021525307206084598,-0.021585717098787427,-0.021911705466541084,-0.02170012565958943,-0.022004698302496125,-0.021720590485209548,-0.021413942566141486,-0.0230668997895476,-0.02200212386889836,-0.021364063062277193,-0.023721575349997227,-0.022826133056770306,-0.023582885230614525
