Epoch, 9
training loss,0.0,0.0005214825391543427,0.0006961355666063872,0.0007382667800365929,0.0008699791093913874,0.0009862252436897846,0.0011374204908041101,0.0013364064623601734,0.0014002082670819672,0.0014402019789022413,0.0014641919867226891
training obj,0.019003015342077205,-0.025664225038067968,-0.023642653524510417,-0.017807674992318247,-0.017653051365678216,-0.017407883700056404,-0.017486204437948034,-0.01696303463267053,-0.0166438972403971,-0.016203473129437544,-0.015732615744220274
validating loss,0.0,0.0005055483472662874,0.0006801534105357456,0.0008020083809646571,0.0009231270685429788,0.0010515358363692132,0.001284076720670176,0.001394745987555426,0.0014522308467551032,0.001469003828889173,0.0015040160020968567
validating obj,0.019708286932048697,-0.028542738369045157,-0.02123629515214513,-0.021020514256734815,-0.021094424365502264,-0.020791404634817608,-0.021653140041356284,-0.020504491157933243,-0.021269117287981015,-0.021786605758178566,-0.022141576977446675
testing loss,0.0,0.0003831248008823054,0.000558826772494531,0.0006817129359586869,0.000809483471597117,0.0009375509697427922,0.0011725660202697523,0.0012879806808258935,0.001353173260262387,0.0013656630574071125,0.0014130564617320291
testing obj,0.015105267196918864,-0.027617798658792634,-0.019404041552538605,-0.01963542613855286,-0.01894759083468769,-0.019681482440540316,-0.020018368556692794,-0.019909077865147107,-0.019227060703309002,-0.02029850530261929,-0.020679854498421017
