Epoch, 7
training loss,0.0,0.00050073531976946,0.0006753912764752726,0.0007585965377756572,0.001277363988290393,0.0016159712291837908,0.001809989997629844,0.001983705095678597,0.00207025688407939
training obj,0.03235323648946635,-0.009631495252554719,-0.00941853149153643,-0.00913937154499937,-0.00901582346389532,-0.008896669075850497,-0.008905448294354922,-0.008906338488251656,-0.008862254190069477
validating loss,0.0,0.000520459639884239,0.0007309291653416061,0.0010338359436658324,0.0014904050136735876,0.0019380062231213937,0.002127000146020191,0.0021704693669678844,0.002180690433633446
validating obj,0.03317388199804718,-0.009167564630421414,-0.008628117501458546,-0.008124842835754594,-0.008298586063476917,-0.008428966802154962,-0.008309466403805905,-0.008321893396207283,-0.008438518348997491
testing loss,0.0,0.0004774624188229235,0.0006759044084582347,0.0009862979448828429,0.0014428999281982072,0.001888289303869881,0.0020785495094240046,0.002132675657319322,0.0021400109964155186
testing obj,0.0323132551171001,-0.009498773184773254,-0.009297588887815195,-0.008690918139951454,-0.008831942260622812,-0.008780409704586057,-0.008877907188572374,-0.008814534639279245,-0.008785979039229697
