Epoch, 15
training loss,0.0,0.0005208937527802404,0.0013108580258225848,0.002388736324100544,0.0025514417606464696,0.002593832612873461,0.0026100281311641767,0.002611985269619824,0.0025912611557012775,0.002576159304366089,0.002534379279658867,0.0025051428682810978,0.0024791596823829343,0.002448711154042859,0.0024353624531044944,0.0023774711131136607,0.002351273374581026
training obj,0.032080386786655514,-0.01244495265554137,-0.009172695439138507,-0.007970674759391476,-0.007493817871259673,-0.007138221227704902,-0.0068080202381069635,-0.0065249330986427104,-0.006252721488904952,-0.006026153851279124,-0.005804813275466392,-0.0055690137555210115,-0.005422868045527741,-0.00521220462985706,-0.00507303109433625,-0.004897804216183703,-0.004742599142164486
validating loss,0.0,0.0005517235483166965,0.002264863373969511,0.0025605829182857565,0.002672838566786123,0.0026502870893344334,0.002698553911374824,0.002674302093484874,0.0026339725857104294,0.0026582261204242605,0.0026065476349906216,0.002574369781827844,0.002570558979037414,0.0025746531822399645,0.002492421674848273,0.002586400466262134,0.002553345792633594
validating obj,0.03289974126062488,-0.012112538633178469,-0.007915413390625925,-0.007777321889954635,-0.0070909657467246884,-0.007224243361048504,-0.007147048963362731,-0.00715258526398275,-0.007064986255770762,-0.007088246348855379,-0.006913024555911087,-0.006799376340885888,-0.006668272670310081,-0.006796460852484545,-0.006846705354124978,-0.0069519830118400724,-0.006693991365162559
testing loss,0.0,0.00048169693976333935,0.0021890691672283484,0.0024864958268999027,0.0025978847238493255,0.0025772488324962263,0.0026245814757726174,0.00260095594878823,0.0025604420422501027,0.002585745124441288,0.002532794078164405,0.0025004669518984227,0.0024916935520144035,0.002498975419359227,0.002416679128706327,0.0025109575242653693,0.0024731946782899855
testing obj,0.031213687565305917,-0.01236443450131811,-0.00861345574828009,-0.008470997461173907,-0.00800029917823699,-0.007788269546944103,-0.0077853283579196785,-0.00792239056864077,-0.007754666138666389,-0.007717413535636566,-0.007461302966222475,-0.007378773423947278,-0.007295667264160096,-0.007374997783821756,-0.007555918443848647,-0.007584984121337636,-0.007375391311590878
