Epoch, 12
training loss,0.0,0.0005077378920214318,0.0007173828959105793,0.0011420330760502936,0.0017861312547621925,0.0020349949942851213,0.002107874616896513,0.0022901065353234345,0.0024120500191281086,0.0024700159722129966,0.0025356919718819027,0.0024918627372875818,0.0025458545651363992,0.0025775584626343117
training obj,0.022830851592584578,-0.01556250252362563,-0.015102269787479585,-0.01491046149163788,-0.014979832491865455,-0.014895612648511452,-0.014892211630279144,-0.014898718483984852,-0.014883277179750005,-0.01475537399367817,-0.01487657692649859,-0.014847220238748226,-0.01478381201488708,-0.014862779875082024
validating loss,0.0,0.0005517263153457537,0.0009507919270158536,0.00163138743004984,0.0021176668319844716,0.001958218394298506,0.002448822063100637,0.0025408900988201214,0.0025176698644887203,0.0026187311953004564,0.0026493509284745915,0.0026302030068342044,0.00258296013186979,0.002588315533754451
validating obj,0.023646905341517553,-0.014645940308365649,-0.013702641002782283,-0.014104516574932474,-0.013665817889053,-0.013786109817733145,-0.013874343462662198,-0.014040359736591011,-0.013509978257461247,-0.013791188259309344,-0.013680753738790184,-0.013778923982496544,-0.014155885130553715,-0.013698677296321645
testing loss,0.0,0.00047770947165318953,0.0008670851459911834,0.0015390599640398872,0.0020165987065937146,0.001850641035016389,0.002355656334721578,0.0024412249592846184,0.002405908268919654,0.0025335891244824007,0.002554394537382623,0.002554917543935758,0.002484211354839444,0.002483646751448781
testing obj,0.021638114189267442,-0.01594243070596377,-0.015051919938082744,-0.01529228844136487,-0.014974526175347488,-0.014902916015967368,-0.014926123959789768,-0.01506682137699025,-0.014770686324676194,-0.015119062694552612,-0.014880378853221922,-0.015023711465279893,-0.01512750576485891,-0.014834875908556831
