Epoch, 7
training loss,0.0,0.0005650245281953282,0.00076245903060315,0.0008228291902353293,0.0009044341089012211,0.0011188512783287569,0.0013861227203069218,0.0014890230395465944,0.0015900329310063492
training obj,0.02425405855893212,-0.022265370055010506,-0.023110208297878795,-0.01388045337197243,-0.013645009104819859,-0.013742065447948726,-0.013264525257160558,-0.012686440457279484,-0.012381168979895758
validating loss,0.0,0.00046167908173326094,0.0006549780413883531,0.0007514070126085749,0.0008494529538438655,0.001215277551738028,0.0013830444885469559,0.001425209840009403,0.0015408943290822208
validating obj,0.021290579086376563,-0.021448094229627814,-0.014161118862426115,-0.012973405964051684,-0.013314762217406597,-0.013581827114750113,-0.013424497479314191,-0.013465456211835973,-0.013851510354369465
testing loss,0.0,0.0004138957642803812,0.0006198206597095909,0.0007162316386883676,0.0008165094100026967,0.0011920895957627108,0.00136024401148756,0.001399618837781049,0.0015238247972258643
testing obj,0.01899765252538428,-0.022746131925315067,-0.017374167577489406,-0.015077807975152659,-0.015294016011663386,-0.016318683971877437,-0.01590214388419849,-0.015987784740187833,-0.016375740420551517
