Epoch, 16
training loss,0.0,0.0004966855467680251,0.0009266395692250767,0.0021494495371518255,0.0024740218784875022,0.0025604510056089127,0.002592566760998087,0.0025909719835435037,0.0025870301247541325,0.002585573798411524,0.0025796326263293375,0.002571428136606618,0.0025667517080432798,0.0025545848169914193,0.0025411676349696064,0.00253578903292686,0.0025285787737369904,0.002512459015759366
training obj,0.018131099367161563,-0.029896157811036706,-0.020383880490435314,-0.019043811905763573,-0.018941608556896205,-0.01863721338572822,-0.018418689485027638,-0.018144029666324325,-0.0179470703439765,-0.017750072580577595,-0.017532343151418887,-0.017340383991136177,-0.017182314989094564,-0.016972735511893093,-0.016858982601760074,-0.01663200304740388,-0.016515331909508688,-0.01637537422758955
validating loss,0.0,0.0005360563419914158,0.0016667454219084865,0.0024960593048122207,0.0026186950340428773,0.002695880932604514,0.0025630664152083565,0.0026615554064828065,0.002677105469903087,0.002674721041613719,0.0027376443548869198,0.0026530986156308167,0.0026758861503238343,0.0026603057504402776,0.002658256599083414,0.002630102376060425,0.0025971928312504425,0.0025936344680360236
validating obj,0.018578148711227833,-0.028471617606568397,-0.01876302028983625,-0.018646123029523655,-0.0185724297251591,-0.018078068795752515,-0.018337976630570876,-0.01817549366397609,-0.017975550513089373,-0.017786408689962282,-0.01809647034089948,-0.01788405397065809,-0.01787393003586151,-0.017865527740270414,-0.01771629257627141,-0.018301022967330105,-0.018309090966455457,-0.0179594547598974
testing loss,0.0,0.0004564156799974211,0.0015769397832690489,0.0024005889839680285,0.002523220572804971,0.0026018335351723656,0.002468257457404213,0.002569104839763933,0.0025840868829571594,0.0025820831123822834,0.0026467019021222545,0.0025614889864785766,0.00258614989710898,0.0025694694896204566,0.00256693920660796,0.0025379619913387295,0.0025097915456708834,0.002504106259162629
testing obj,0.016970880745578294,-0.02995782028867666,-0.019123043830902436,-0.019220512299421733,-0.01886015965101564,-0.01839861915392317,-0.018713417917445123,-0.018596421777336457,-0.018510312244308897,-0.018325056994523012,-0.01879164912912629,-0.01850942204339292,-0.018593081815341382,-0.01863509047176952,-0.01844759394411517,-0.019010924872430925,-0.018918881129887013,-0.018459186769409584
