Epoch, 10
training loss,0.0,0.0005128291175861944,0.0005028655696061269,0.000493667381912625,0.0004921155637101726,0.0004898542803509696,0.00048716857274675086,0.0004861181629539948,0.0004843532938381279,0.00048213843375599576,0.0004797423274834175,0.00047822469278104734
training obj,0.01801519937118923,0.0,0.0,0.0,0.0,0.0,0.0,0.0,0.0,0.0,0.0,-0.04077496782704798
validating loss,0.0,0.000550868783884212,0.0005370873044374654,0.0006256912663038401,0.0006708458665837727,0.0005865104695724462,0.0005979047090002049,0.0005912712467793064,0.0006454443463204295,0.0006199027848826556,0.0007635860927174373,0.0007223797625764177
validating obj,0.018922441445651972,0.0,0.0,0.0,0.0,0.0,0.0,0.0,0.0,0.0,0.0,-0.040485449019291
testing loss,0.0,0.00047249714681628623,0.0004589054094770865,0.0005130523653964334,0.0005476830916581619,0.00048505305325097074,0.0004849481329027517,0.0004921823575526272,0.0005309318085468079,0.0005080888316987231,0.0006317633937130319,0.000597708480437739
testing obj,0.017918151691908628,0.0,0.0,0.0,0.0,0.0,0.0,0.0,0.0,0.0,0.0,-0.04214274871969362
