Epoch, -1
training loss,0.0
training obj,0.04047072114408222
validating loss,0.0
validating obj,0.040561766685937306
testing loss,0.0
testing obj,0.03986406442508897
