Epoch, 11
training loss,0.0,0.000559951386236992,0.0006193703783769617,0.000555876411375471,0.0005562549199442169,0.000554034709642235,0.0005526353070665352,0.000550722684306047,0.000549421764941037,0.00054695084176024,0.0005457446030906045,0.0005430420778472633,0.0005408219307462466
training obj,0.013387881570002612,0.0,0.0,0.0,0.0,0.0,0.0,0.0,0.0,0.0,0.0,0.0,-0.040034405693557915
validating loss,0.0,0.0005068321767491094,0.0004968824214302003,0.0004962242805453974,0.0004977990904282908,0.0004960750008346319,0.0004895124806757343,0.0004928846291376329,0.00048733936475602805,0.0004949964351099981,0.0004925737696087001,0.0004962532665457628,0.0004980635313687446
validating obj,0.011778543806738324,0.0,0.0,0.0,0.0,0.0,0.0,0.0,0.0,0.0,0.0,0.0,-0.04544839961454272
testing loss,0.0,0.000447342012685604,0.0004470668962902572,0.000446175951494936,0.0004447854572955859,0.0004466509633710155,0.0004538935356469812,0.0004538657137615971,0.0004560957214208257,0.0005115395573296622,0.00044693089153411536,0.0005465108213782612,0.0005381955934107946
testing obj,0.011806649181085664,0.0,0.0,0.0,0.0,0.0,0.0,0.0,0.0,0.0,0.0,0.0,-0.046399186415648136
