Epoch, 14
training loss,0.0,0.0005608974494880029,0.0006066460868311754,0.0005525065204482434,0.000550707073382321,0.0005492943083677971,0.000548535433549927,0.0005470727611157367,0.0005442616675281897,0.0005435911943113394,0.0005409759292424674,0.0005384038415322007,0.0005366903420722605,0.0005366365710049685,0.0005321768834940432,0.0005289352442167572
training obj,0.03564670297006766,0.0,0.0,0.0,0.0,0.0,0.0,0.0,0.0,0.0,0.0,0.0,0.0,0.0,0.0,-0.026743649811867404
validating loss,0.0,0.0005028477458432058,0.0004984561730654807,0.0004972224521932529,0.0005043529090471566,0.0004963122638501874,0.0005150182573237948,0.0004982790526102892,0.0005016448002505866,0.0005008175163917864,0.0005052218578687947,0.0004986817877781707,0.0005081506941577471,0.0005369564571285284,0.0004982734155621276,0.0004962243656336796
validating obj,0.03497751191672352,0.0,0.0,0.0,0.0,0.0,0.0,0.0,0.0,0.0,0.0,0.0,0.0,0.0,0.0,-0.027163550516383514
testing loss,0.0,0.0004295055304454935,0.00042861751029016197,0.00044265904186947927,0.0005215985358911377,0.0004905791280868249,0.0004653600627608358,0.0005254930059694547,0.00045746417959595127,0.0004785681923896993,0.000500009348773322,0.000476666032202932,0.0005378414817961449,0.0006259512892692992,0.0005350363881498688,0.0004650527552675575
testing obj,0.028378935404927343,0.0,0.0,0.0,0.0,0.0,0.0,0.0,0.0,0.0,0.0,0.0,0.0,0.0,0.0,-0.02713736059848924
