Epoch, 10
training loss,0.0,0.0005712200173030736,0.0008499482812647543,0.0006146676613841954,0.0006034348984351656,0.0005740307974823129,0.0005861129628850476,0.0005926674314633048,0.0005748225435358928,0.0005671331563943942,0.0005717775402088449,0.0005625154726052035
training obj,0.028128460568248057,-0.013943530746973028,-0.0138430959070284,-0.012664168421179057,-0.012782510253600776,-0.01253937902111633,-0.012693533614533497,-0.01272366618344962,-0.012771217542353505,-0.01295666016236532,-0.012663796723948097,-0.012638734279236957
validating loss,0.0,0.0004837038149061199,0.0006845387348827595,0.0005323758960003033,0.00047614035530487954,0.0005066452237466971,0.0005133750368663135,0.0004943674571728075,0.0004854958127301264,0.0004762555901025836,0.0004707065781985875,0.0004726359731850809
validating obj,0.025721598882228136,-0.012010916601866484,-0.011359209104234146,-0.010839194809604023,-0.010696151610722559,-0.01065509954545026,-0.010492624721438106,-0.010224764765654173,-0.010317705668664226,-0.011312774932270663,-0.010826140292920172,-0.010665561305359006
testing loss,0.0,0.0004773153089666487,0.0008144190090919241,0.0006167619159552143,0.0004719773423857987,0.0005412996936167867,0.0005840832285734045,0.0005202429815285172,0.0005302012891538529,0.00047579226255136845,0.0004639214191253838,0.0004663038943780938
testing obj,0.024757386537621152,-0.014257414493005018,-0.013142720295896602,-0.01202330760959838,-0.012933351517957006,-0.011978857694319575,-0.01195949933340622,-0.012217586479351126,-0.012350390224742729,-0.012828985559502366,-0.01274624069196147,-0.01308505524679817
