Epoch, -1
training loss,0.0
training obj,0.04102581716601827
validating loss,0.0
validating obj,0.04024021057766511
testing loss,0.0
testing obj,0.03977210217327033
