Epoch, 13
training loss,0.0,0.0005055100692593271,0.0007529734117678985,0.0019258585582219553,0.0025384325128947833,0.0026444986387279025,0.0026931718066568935,0.0027105248655689444,0.0026903429626706707,0.002665012428276167,0.0026489547408471543,0.0026205697515818676,0.0026157254396677863,0.00261470606325321,0.002597559968855037
training obj,0.011630886870953466,-0.04373308187910894,-0.028896904848649166,-0.02743658583971288,-0.027341604613032214,-0.027209443138582593,-0.027126809008533405,-0.02701525508388932,-0.02690191183370562,-0.026682661935830347,-0.02650241703412696,-0.02631561316173667,-0.026173313921781283,-0.02608296424871461,-0.02586658978242339
validating loss,0.0,0.000545897489016538,0.0013489614627130691,0.002457171546014922,0.002680733530447016,0.002760383984473595,0.0027838783370086016,0.002729317318780225,0.0027440393655351445,0.0027527853102942085,0.0027340247290157374,0.00270950606666428,0.0027187448768364103,0.002705843466620854,0.002717456361037199
validating obj,0.012531774808978179,-0.04226963381544013,-0.026754664800171725,-0.026224646854269153,-0.025881957910490902,-0.02616769202524042,-0.025555440650086296,-0.025978375206923816,-0.026164987369417938,-0.025931906678543063,-0.025673889285952472,-0.025980877001998644,-0.02598790171359598,-0.026129990153878308,-0.025991375393727246
testing loss,0.0,0.00047605976563751723,0.0012731077408990317,0.00237662484228175,0.0025979642052581715,0.0026776783445628806,0.0027008138534095195,0.0026464216545762785,0.0026619987079004874,0.00267221586275429,0.0026539979973830372,0.0026289712861677222,0.0026377862723698125,0.0026307496372065323,0.0026400883506948252
testing obj,0.011636193971135196,-0.0444364908677101,-0.02853234201948609,-0.028034501010151307,-0.02796208089788199,-0.02816649853683072,-0.0275657289483538,-0.027456319571124863,-0.027857759324657425,-0.027341765140002135,-0.027262967681791154,-0.027798530735434538,-0.027335786495498813,-0.02744151976299368,-0.02777621721233307
