Epoch, 10
training loss,0.0,0.0005101261381125182,0.0005047022940953656,0.0004955581946329938,0.0004920497667769988,0.0004885517347037632,0.00048568415302050545,0.0004829612622753128,0.0004808172044595877,0.0004786826072759176,0.0004769347648229197,0.0004751769728710105
training obj,0.03281408386498771,0.0,0.0,0.0,0.0,0.0,0.0,0.0,0.0,0.0,0.0,-0.03203132315593932
validating loss,0.0,0.0005414644933225519,0.0006733872807583897,0.0006674419520350308,0.0005955727816921712,0.0007021864749514175,0.0006423383533083922,0.0005607696637519511,0.0007157612103913672,0.0008331112054972804,0.0009090639987555018,0.0005617311426406569
validating obj,0.03316556268523103,0.0,0.0,0.0,0.0,0.0,0.0,0.0,0.0,0.0,0.0,-0.03292251629658224
testing loss,0.0,0.00046937790671852377,0.0005601113907076745,0.0005789593504016446,0.0005013854201597449,0.0005947088029893519,0.0005455121349808023,0.00047903893243063806,0.000615622478519679,0.0007211131561139163,0.0007776755381689332,0.0004824806748663569
testing obj,0.030641047628644513,0.0,0.0,0.0,0.0,0.0,0.0,0.0,0.0,0.0,0.0,-0.03277268983333944
