Epoch, 11
training loss,0.0,0.0005069427246852166,0.000558707929089638,0.0005001990120017938,0.000498996231024149,0.0004980324699050364,0.0004961331244118686,0.0004977557392147206,0.0004918900439995067,0.00049017236114927,0.0004890680662641649,0.0004844850129516357,0.0004811501818396352
training obj,0.012152639917079724,0.0,0.0,0.0,0.0,0.0,0.0,0.0,0.0,0.0,0.0,0.0,-0.04058622138611242
validating loss,0.0,0.0004829136358037229,0.00048261254879536055,0.00048102991038629424,0.00048192308107293985,0.0004968024829092125,0.0004786011916924811,0.0004839832816085416,0.0004818118779641938,0.0005021861056270103,0.0004839916238981661,0.0004987227085722326,0.0005068393505401522
validating obj,0.011409585791019103,0.0,0.0,0.0,0.0,0.0,0.0,0.0,0.0,0.0,0.0,0.0,-0.04246563510969281
testing loss,0.0,0.000544304119397861,0.0005399131553752562,0.000546082051752475,0.0005430860066946873,0.0006216177637208995,0.0005628453032546236,0.0006059709924778184,0.0005721790082650448,0.0006564120405921524,0.0005458585295167035,0.0006510659673163114,0.0006425321906233974
testing obj,0.013027176978318272,0.0,0.0,0.0,0.0,0.0,0.0,0.0,0.0,0.0,0.0,0.0,-0.04319273700585236
