Epoch, 8
training loss,0.0,0.000572470173182071,0.000617146405934096,0.0005596896076253068,0.0005581012442217245,0.0005562525011305742,0.0005553951376093798,0.0005512113876808572,0.0005489126510641939,0.0005450914974133804
training obj,0.025656110302125123,0.0,0.0,0.0,0.0,0.0,0.0,0.0,0.0,-0.030080555392173577
validating loss,0.0,0.0005115670454769214,0.0004956543384145738,0.0004917496529136164,0.0004939659585135006,0.0004930509506569555,0.0004994027735342064,0.000497886569468796,0.0004968005602374129,0.0005031587077408201
validating obj,0.02349727122216589,0.0,0.0,0.0,0.0,0.0,0.0,0.0,0.0,-0.031809640013509326
testing loss,0.0,0.0004900872343175768,0.0004976984579804372,0.0005137664602689502,0.0005146984444640897,0.0005219545887607761,0.0005359927629281112,0.0005437206428551517,0.0004973158816888777,0.000537139487671477
testing obj,0.021347816542697115,0.0,0.0,0.0,0.0,0.0,0.0,0.0,0.0,-0.030568091752561363
