Epoch, 6
training loss,0.0,0.0005020364837202087,0.0004906975343166502,0.0004811215555475654,0.0004791304872439883,0.0004769279172929202,0.000474241232787347,0.0004719558140936942
training obj,0.02218914053784463,0.0,0.0,0.0,0.0,0.0,0.0,-0.03733376288580795
validating loss,0.0,0.0005250553945581965,0.0005063459659807963,0.0005504136192357566,0.0006049223343938811,0.0006354765889344005,0.0006895647520933761,0.0005950592147949946
validating obj,0.02279176601534226,0.0,0.0,0.0,0.0,0.0,0.0,-0.03764291057382488
testing loss,0.0,0.0004929969404680212,0.0004763785214646757,0.0004973736490988474,0.0005302659006770893,0.0005583016282891139,0.0006053112299738952,0.0005288297076814362
testing obj,0.02210174021134778,0.0,0.0,0.0,0.0,0.0,0.0,-0.03977096022191664
