Epoch, 7
training loss,0.0,0.0005204126806873236,0.000720759305580586,0.0008238202309191385,0.001271957292727675,0.0016915360304340537,0.0019540510042083746,0.002190868687506901,0.002364700816994665
training obj,-0.003224890696227411,-0.06767425605709457,-0.05332517166322564,-0.05308374325346194,-0.05309562672860002,-0.05316717818395934,-0.05297316126346301,-0.053127976032699545,-0.05312277598851186
validating loss,0.0,0.0005372341359182217,0.0007055032262469845,0.001101247241412802,0.001383361573341934,0.001711587638112436,0.002180633069077268,0.0023678081407401855,0.002365608105055704
validating obj,-0.0027724344985862502,-0.06962790571565652,-0.0533249950983842,-0.05272801973531506,-0.05325251381367342,-0.05230118435804303,-0.053154158283501965,-0.05339218596815032,-0.05362014123158059
testing loss,0.0,0.0004939241595027276,0.0006491459606972959,0.001050171804950587,0.0013529818966702626,0.0016946275341813413,0.00212055135265044,0.002309116717426366,0.0022982653333018447
testing obj,-0.0027956699458770006,-0.0696184312453471,-0.05331873029739742,-0.052660955345376737,-0.05350627548665629,-0.05251426422221525,-0.05360309191195618,-0.054171842962131546,-0.054113758824086026
