Epoch, 15
training loss,0.0,0.0005999037325119728,0.0007209646711856419,0.000650959403890952,0.0006869327201617553,0.0007140400216289266,0.0007369369319206396,0.0007547073692822938,0.0007762562998287453,0.0007957633779904641,0.000816329072375654,0.0008393651239720045,0.0008484933203469743,0.0008324757458039504,0.0008437447136898032,0.000791229237003398,0.0007522760260411922
training obj,0.04675081121351789,-0.009642155678468007,-0.00990635081281082,-0.005574727387340995,-0.005264172566068523,-0.004761164058593339,-0.004214066356950093,-0.0036981655042801127,-0.0031737152854546757,-0.002706441642287388,-0.0024322111234890624,-0.001847444005155315,-0.001387789008189358,-0.0011161498606716302,-0.0006001101468927135,-0.00015727717488748478,0.00036758511400251996
validating loss,0.0,0.0005102820521440461,0.0005455519442168426,0.0005862678359941734,0.0006230102153494954,0.0006519786741894981,0.0006782629756748469,0.0006768411533105084,0.0007273864450528183,0.000705053299801269,0.0007735945190587598,0.0007592998129742531,0.0007842987777419492,0.0007744057438685559,0.0007734434839221649,0.0007086446170837411,0.0006912355286961732
validating obj,0.03982693163885011,-0.010114230817028632,-0.005746675005260234,-0.006039593177976915,-0.006052465239513872,-0.0058674001613528365,-0.005360164818638522,-0.006194217179048185,-0.005700452610552829,-0.005764291977458116,-0.005842338261168657,-0.005916358236896081,-0.005362087905976093,-0.005813758855866682,-0.006637617224542838,-0.006308071286184713,-0.00709746695550469
testing loss,0.0,0.0004788614216424223,0.0005242494568134331,0.0005643805306061875,0.0006039422738910149,0.0006359859363402467,0.0006702894791709008,0.0006679771959662085,0.0007207808544941096,0.0006878153000945678,0.0007721366717895442,0.0007396882802650735,0.0007743866248150683,0.000760587931664132,0.0007652404786534356,0.0006944046885159018,0.0006715729112919369
testing obj,0.03560853052280239,-0.01015621581353952,-0.006538210079589909,-0.007227994130320243,-0.007050958842769064,-0.006945337713192645,-0.007052782491931843,-0.0076713763866447715,-0.007360965992022003,-0.007385052035789232,-0.007392660744576338,-0.0074573080181270035,-0.006924524189073693,-0.007392602079120037,-0.00838315807679366,-0.007813474868197699,-0.008225015246598804
