Epoch, 10
training loss,0.0,0.0005084291077005837,0.0004999178291319516,0.0004905592501929252,0.0004887904643605485,0.0004875172325007403,0.00048629775010770914,0.00048383824209302856,0.00048172991975923624,0.000479666266186778,0.0004776090240694148,0.000475230359743597
training obj,0.011432183397606868,0.0,0.0,0.0,0.0,0.0,0.0,0.0,0.0,0.0,0.0,-0.03994516863329685
validating loss,0.0,0.000508104360957568,0.0005067380456786919,0.000533932926250647,0.0006498631226721322,0.0005688663157997983,0.0005104059283442857,0.0006408982477220848,0.0005943411403164633,0.0005697394090870381,0.0007308946127063618,0.0007333456286275316
validating obj,0.01248112961707901,0.0,0.0,0.0,0.0,0.0,0.0,0.0,0.0,0.0,0.0,-0.03743659365909322
testing loss,0.0,0.00048746149283305823,0.00048179203162966925,0.0004949971066919132,0.0005883212184979602,0.0005195454933009653,0.0004805730763964456,0.0005748491376786336,0.0005309416948262243,0.0005110368263702501,0.0006608059661763309,0.0006722698146401451
testing obj,0.012015176593949585,0.0,0.0,0.0,0.0,0.0,0.0,0.0,0.0,0.0,0.0,-0.03951524904642171
