Epoch, 11
training loss,0.0,0.0005132650735459438,0.0011471773335048644,0.0023356292337542895,0.0025466368346533847,0.0026215666718367686,0.0026510255198298424,0.0026606694878197478,0.0026652516704305266,0.0026665782029887466,0.002657953143111546,0.0026512395796509315,0.0026363157492137424
training obj,0.029269258685720462,-0.017092295073218924,-0.011736432509336077,-0.009926872152898964,-0.00948348776708289,-0.009057981393660952,-0.008696703144238482,-0.008414076889187274,-0.008143764023537723,-0.007883335016697694,-0.0076832357346065545,-0.007450806596663117,-0.007264712284040349
validating loss,0.0,0.0005496432819690919,0.002074439305760559,0.0025092611342320496,0.0026732670774870263,0.0027309556227422295,0.0027545097277573856,0.002694979070759923,0.0027511925517120575,0.002784462268609283,0.002718135817653168,0.00272520771330693,0.002684559154237224
validating obj,0.029724924651113142,-0.0167447133118667,-0.009570869696922729,-0.009255407938804593,-0.009400744743606521,-0.00885680430910347,-0.008826315622924985,-0.008748645381035225,-0.00857997642488422,-0.009036632033168084,-0.008504522547438406,-0.008443312903150762,-0.008690923569598283
testing loss,0.0,0.0004852146680612901,0.001999390686632947,0.0024275235864197556,0.0025923322463847326,0.0026519628836358168,0.0026741317820393844,0.002620775299066623,0.0026779565567442453,0.002704105304278395,0.0026411317419517215,0.0026452089860240276,0.0026096726335719765
testing obj,0.02867936697770904,-0.017290214445320137,-0.0100388182261029,-0.009878510253210576,-0.009681379802448101,-0.009390059203749423,-0.009396998533135898,-0.009337042412670929,-0.00905200687322041,-0.009665641464812363,-0.009111913829150636,-0.009198847670018315,-0.009315307355299913
