Epoch, 10
training loss,0.0,0.0005650179552806852,0.0007220157027226306,0.0006758601337958894,0.0007002688821647133,0.0007431943362747666,0.0008241378133842612,0.0009166042323854259,0.0010006881906769658,0.0010855279986143988,0.0011890592408485199,0.001208222817456094
training obj,0.012060443372191752,-0.04243152274512777,-0.04016750015172304,-0.02853860268186705,-0.028495453433224967,-0.028449858389064376,-0.028434083020935457,-0.02799096024759552,-0.027769264072983288,-0.027397733305891354,-0.027226090102511293,-0.02678358569631682
validating loss,0.0,0.0004972461712087453,0.0005834673405236875,0.0006064140543458052,0.0006316194311592779,0.0006762200023836663,0.0007952125128617303,0.0008844880139804445,0.0009247041638850027,0.001148135097335196,0.0011820154904853553,0.0011211730436318451
validating obj,0.01184409965450565,-0.03856383957382706,-0.025906091853458848,-0.025728958904639714,-0.025988930732839637,-0.02671293479700883,-0.025292716273624036,-0.02573173970449716,-0.02493717793064813,-0.025632930660827294,-0.025800957758393552,-0.026577144486105278
testing loss,0.0,0.00046091109613150146,0.0005471966184346899,0.0005711462310156659,0.000598061279389013,0.0006426896007552214,0.000767091684424117,0.0008585489448631887,0.0009048455917886836,0.0011279301346606902,0.0011639555891019267,0.0011067187399414645
testing obj,0.010841133425364623,-0.04210120205440231,-0.028015999349992018,-0.027990701155283966,-0.028587303621493077,-0.027989715922976267,-0.026907410202044492,-0.028652530352308136,-0.028302894609451696,-0.02836641825332835,-0.027674431220401783,-0.028613287892595336
