Epoch, 6
training loss,0.0,0.0005030674333463356,0.0005069749573025227,0.0004972926399249727,0.0004967853508140223,0.000496920822338836,0.0004951100101375744,0.000494236628536526
training obj,-0.003742481403225478,0.0,0.0,0.0,0.0,0.0,0.0,-0.05240897592262749
validating loss,0.0,0.0005947892619197713,0.0005927338031321808,0.0005901734684466079,0.0006284015679106686,0.0006171296130730162,0.0005946606088904112,0.0007275203210924056
validating obj,-0.002314118800562352,0.0,0.0,0.0,0.0,0.0,0.0,-0.05120977690720538
testing loss,0.0,0.000508248932552578,0.0005037064378650433,0.0004988833027986991,0.0005130830646277444,0.0005072282364852138,0.0005015337692775841,0.000582426806954455
testing obj,-0.0036747295212276316,0.0,0.0,0.0,0.0,0.0,0.0,-0.05360696493149471
