Epoch, 9
training loss,0.0,0.0005131964353584971,0.0006181454110057523,0.0007139777403707268,0.0011606068822006003,0.0013674804436238537,0.0016153047753463975,0.001766082528207995,0.0018118243225132844,0.0019517097537427833,0.002004710909073779
training obj,0.03223115782169864,-0.010136650046928377,-0.009478962898295267,-0.009363297359767384,-0.009199290234915622,-0.00919105531541604,-0.009160819912905193,-0.008998592111949774,-0.009026090746670382,-0.008964124165408321,-0.009073018445403735
validating loss,0.0,0.0005250859248665786,0.0007539798587074851,0.0009688799200816383,0.001426046164738575,0.0015654807793907821,0.0018148750085286976,0.0018441596831385188,0.0019010237815296825,0.002020070214907294,0.0020496727073739144
validating obj,0.03291905056491855,-0.009166552729511498,-0.008823169624532822,-0.008218670711622196,-0.008542946756537037,-0.008362088776209671,-0.008340203078789153,-0.008158429207966686,-0.008624811117798347,-0.00839025023551239,-0.00824082112358722
testing loss,0.0,0.0004767720971536813,0.0006728974845004508,0.0008910514064964305,0.0013661684513271574,0.0015064138623969165,0.00175923625429653,0.0017870988685993571,0.0018555098559896552,0.001973009992089514,0.0019994532597682434
testing obj,0.03146124862394137,-0.010035009580229933,-0.009208033629172127,-0.008741718089759426,-0.008886444158555553,-0.0087582571189546,-0.00847490699945752,-0.008405007287521691,-0.008856039357222553,-0.008961692671636167,-0.008648651041508863
