Epoch, 6
training loss,0.0,0.0005425139229748096,0.000610067578122207,0.0005390992899586255,0.0005408808435330523,0.0005497417993348219,0.0005871538198655745,0.0006561660655778741
training obj,0.012755225897383165,-0.042468813598594245,-0.03622719669057166,-0.027978461399199624,-0.0278543403408691,-0.027891312817148135,-0.028010417004207186,-0.027916844914137734
validating loss,0.0,0.0004792236959474394,0.0004800513943337137,0.00048499565046869166,0.00048817205606610514,0.0005080304452146973,0.000572711039745223,0.0006895895284186634
validating obj,0.01297628589802318,-0.04438829398714006,-0.02766836491516895,-0.02772052542099522,-0.0282821012660861,-0.029351161741134193,-0.02936351692510976,-0.028766791594939098
testing loss,0.0,0.00048700702894633206,0.0004840324409825199,0.000486544852646074,0.0004920750553365733,0.0005063320378532218,0.0005722268568304669,0.0006857757583241658
testing obj,0.011716235929319786,-0.0435278180961472,-0.029818056591761274,-0.029709766279100568,-0.030046062745355272,-0.030681766896835855,-0.031249039768669253,-0.029833600667582172
