Epoch, 11
training loss,0.0,0.0005653937568650672,0.0008138705469558344,0.0007054111360476407,0.0007168975749450243,0.0007369620875596963,0.0007433457623633063,0.000802847688935478,0.0008989039331437179,0.0008639078157013464,0.0009301691963200403,0.0009514659731055372,0.0009175410730462959
training obj,0.03143484303362522,-0.012106969703317564,-0.012357193607763916,-0.011189669240083473,-0.010938456873683368,-0.010403054184736867,-0.010243629014539514,-0.010260706599436554,-0.010339045531445127,-0.010785181061182099,-0.010551131721220764,-0.010285593026920276,-0.010584473751905356
validating loss,0.0,0.0005151614374578154,0.0007359260590520636,0.0006516884414951266,0.0006620482312832286,0.0007126123055058997,0.0006975165039572554,0.0007987258092422659,0.0007952186836822269,0.0008241779990688277,0.000910207837781248,0.0007785300234293876,0.0008966271036317468
validating obj,0.02817515001839234,-0.012458930193032656,-0.010430443941408562,-0.011316925921063457,-0.010195282695349306,-0.010138103971257806,-0.010528076129655043,-0.00985280154660965,-0.010127377754542977,-0.01009681866142071,-0.009987814364851348,-0.01017512014368549,-0.010480346281029698
testing loss,0.0,0.00045769042618623053,0.0007510966443569978,0.0006016798840908057,0.0006655026241984357,0.0006755916596424917,0.0006926813589784984,0.0007541291199379122,0.0007536770519092553,0.0008001867964914119,0.0008602759541669937,0.0007273018671037642,0.0008809450581965566
testing obj,0.02611883436455517,-0.01262143043788603,-0.0114073562970687,-0.011750471756189457,-0.011744937013104759,-0.01125096730145349,-0.010976503164243154,-0.010996510914992541,-0.011272555777198962,-0.01088599520232025,-0.011146017095401278,-0.010799767776719621,-0.011491985783937413
