Epoch, 2
training loss,0.0,0.0004969146834316775,0.0010926570507736337,0.002233856306372291
training obj,0.03653629021204758,-0.011428346795145206,-0.007408073639356636,-0.005918363511202539
validating loss,0.0,0.0005231770668753824,0.0018921419289317561,0.00250459163349805
validating obj,0.03723383111602088,-0.010461975520260786,-0.006345117381680435,-0.0057483749568082105
testing loss,0.0,0.0004697383535135635,0.0018342811669978007,0.0024452293259628667
testing obj,0.03613200450312866,-0.010994595439828893,-0.006509574600246939,-0.0060791477934487815
