Epoch, 14
training loss,0.0,0.0005073429318995215,0.001189594393889043,0.0023724870783018766,0.0025505300946956173,0.0025897952279074145,0.0026112421589909963,0.002623068894632987,0.0026097359268694633,0.00259572689061437,0.0025865267435248567,0.0025663438457003713,0.0025426706218705337,0.002524348610968015,0.002525217461740025,0.0024927993481487394
training obj,0.026247018768752444,-0.016370482399510458,-0.01307548964967863,-0.011779236553351191,-0.011397520587545373,-0.01104818282301512,-0.010773182792588609,-0.010473152337856664,-0.010218041020292142,-0.009993687243255028,-0.009773420210017527,-0.009574132626524923,-0.00937103760054223,-0.0092048479361906,-0.009014923970607207,-0.008842656833702455
validating loss,0.0,0.000550350271299611,0.0022248684716246582,0.0025861873811072185,0.00267874805424298,0.0026614626879226996,0.0026993485768631773,0.002674455222734943,0.0026533850621767215,0.002724078675622449,0.0026486026885303763,0.002645936084808105,0.0026304376094882414,0.0026468702593566945,0.0026553324004796345,0.00255490637949916
validating obj,0.02719907036170389,-0.014874201217202218,-0.011199359561294111,-0.011208803890430882,-0.01096337363945649,-0.010781225981996443,-0.01071587813394563,-0.010508889276018708,-0.010532974441548661,-0.010639491350032311,-0.010313689077891744,-0.010262581585845218,-0.010263987835399987,-0.010572784153299864,-0.010366394785136165,-0.010647065073870457
testing loss,0.0,0.0004719261304829923,0.0021487237733713448,0.0025103167266458297,0.002603639154847256,0.002586011240249195,0.002625323572755501,0.0025992423929947325,0.0025781041500920017,0.002651284496089934,0.0025745009446016508,0.002570490417529135,0.002557245542402676,0.0025772653254015104,0.0025840466862092383,0.0024847464109795
testing obj,0.02463471055473241,-0.016470728891303767,-0.012151280327470855,-0.012125398447334753,-0.011833846829543066,-0.011974797745214425,-0.01169444479508303,-0.011603619131899202,-0.01157241948341659,-0.011563477449426861,-0.011412265760424947,-0.011257083586211959,-0.011365391672693077,-0.011766888288598308,-0.011443287177450584,-0.011537347782985107
