Epoch, 8
training loss,0.0,0.0005397329399391881,0.0005602424149401486,0.0005090588561085729,0.0005075093045460937,0.0005062932598543828,0.000504973533822397,0.0005018735292490901,0.0005014733453600795,0.0004991658278752356
training obj,0.02730659751915464,0.0,0.0,0.0,0.0,0.0,0.0,0.0,0.0,-0.027380382003006982
validating loss,0.0,0.000506122678214322,0.00047887718068927317,0.0004794286424940866,0.00047933307602458325,0.00047705698024300445,0.0005005805606843852,0.0004881303391610143,0.0004925719848769303,0.0005052885139270478
validating obj,0.027547982754185796,0.0,0.0,0.0,0.0,0.0,0.0,0.0,0.0,-0.028384443708798952
testing loss,0.0,0.0004427577228312116,0.0004150327328495002,0.00041721280806971637,0.00043487493894645013,0.00045353521479252803,0.0005420669733359466,0.0005355670233453762,0.0005382298294461105,0.0005534577977488044
testing obj,0.022772124502807856,0.0,0.0,0.0,0.0,0.0,0.0,0.0,0.0,-0.0298473332140192
