Epoch, 15
training loss,0.0,0.0005336429181625135,0.0007390904924535539,0.000632433838144803,0.0005587304379065138,0.0005658856088035356,0.0005626724021710163,0.0005652393294868115,0.0005819796365411843,0.0006436314273456696,0.0006844703560608312,0.0007132741249412956,0.0007690654212709371,0.0007671435808708125,0.0007409628149688097,0.0007337535580839305,0.0007504308871313126
training obj,0.01693715961723059,-0.02328822429602345,-0.023008154858561124,-0.022229875742877814,-0.022110812683754106,-0.022379890800106758,-0.0220812820099002,-0.022219302507080867,-0.022143175979784015,-0.022384776145804162,-0.022436730413898532,-0.02211305261863505,-0.022032955009490252,-0.021994805967836987,-0.022328639154632887,-0.02191603267200145,-0.02202867176018509
validating loss,0.0,0.00044918174080521567,0.0004953547603589767,0.0004865358487222693,0.0004921993844012226,0.0004898502411379013,0.0005803367906385878,0.0005322959718291208,0.0005263028550770185,0.0006096083424280449,0.0006425564448970059,0.0007362570225571593,0.0007055217631406978,0.0007413820171172523,0.0007222917233270386,0.0005953376611513603,0.0006943336552972647
validating obj,0.01395761620046364,-0.023584980181314878,-0.02205061467571391,-0.022387022721684642,-0.023233019824450214,-0.02245693105376429,-0.022281879636769492,-0.02138348185043368,-0.022067619642863672,-0.022260893433768716,-0.022263662786119513,-0.02214820258733299,-0.02225773344333801,-0.02214447597766088,-0.022640225037725434,-0.02246037924972673,-0.02234278720182677
testing loss,0.0,0.00039897042026151776,0.00046174170701478206,0.0004715270839074652,0.0005504228233680682,0.0005110534222842181,0.0006501610006199445,0.0005598652180098627,0.000550187574943364,0.0005603362621292723,0.0005853488617356414,0.0006852829187787516,0.0006825225520171099,0.0007169170456944738,0.0007303627953169289,0.0005427293003162344,0.0006455419904857597
testing obj,0.012792848862355223,-0.02316129652506395,-0.022968461120350135,-0.02279209782293922,-0.022728459997656377,-0.02303538509845935,-0.022394754143582808,-0.022037951042875648,-0.02268646491339078,-0.02279093353128111,-0.022890947658467938,-0.02248643234221114,-0.023110512505612663,-0.02252262380804766,-0.022777851696151333,-0.022326358751318342,-0.02318223949672805
