Epoch, 10
training loss,0.0,0.0005255191598039613,0.0005961519598321163,0.0005219557939020816,0.0005211726033331954,0.0005186265135325455,0.0005161692225574014,0.0005140367686359312,0.00050629757073087,0.0005072765899468305,0.0005024624613796214,0.0004978548175274102
training obj,-0.00273724421493563,0.0,0.0,0.0,0.0,0.0,0.0,0.0,0.0,0.0,0.0,-0.051399246270896176
validating loss,0.0,0.00042867620605749026,0.0004233786771692394,0.00040758077668417373,0.000413751015306237,0.00039949426294091,0.00039987825418090023,0.0004068382094778321,0.0004239934278808101,0.00048300442247434857,0.0004165719690010721,0.0004567932522958371
validating obj,-0.0029164382851579124,0.0,0.0,0.0,0.0,0.0,0.0,0.0,0.0,0.0,0.0,-0.05039322924696737
testing loss,0.0,0.0003871833112104985,0.00038434373070501623,0.0003970837510801298,0.00038718129203393675,0.00043744258206012044,0.0003898575390898308,0.0004576898998100267,0.0005267351841974085,0.0006101298569921857,0.0005473307360630684,0.0005985728162773445
testing obj,-0.0028707140968558757,0.0,0.0,0.0,0.0,0.0,0.0,0.0,0.0,0.0,0.0,-0.04893983155488968
