Epoch, 13
training loss,0.0,0.0004942790124103778,0.0011755599856665504,0.002309513471527411,0.002518120605424616,0.0025866723968877036,0.0026057278968189906,0.0026169449383258835,0.0026280407323566297,0.002635668172855555,0.0026259328489177136,0.0026255166325699795,0.0026117480962483956,0.0026199579118572807,0.002612031360098971
training obj,0.025595311161325383,-0.02094832137047958,-0.013098879043424789,-0.011841188058054123,-0.011472059023960106,-0.011077944117784684,-0.01076783184567145,-0.01051028821565931,-0.010256474482329999,-0.010011061507493488,-0.009783858968830378,-0.009628195329720826,-0.009439191592928883,-0.009242150423893543,-0.009098549373562703
validating loss,0.0,0.0005291843783738982,0.002025369193830292,0.002508955524274016,0.0025855138169595115,0.0026624469146145358,0.002652110062236656,0.0026829796956020654,0.0026978737349174016,0.0027201756759253444,0.002718358935472462,0.002720887804158986,0.0027153371635076804,0.0027032597659149282,0.0027047232555541304
validating obj,0.0265449431360696,-0.02072247912926812,-0.011717864585344302,-0.011573157980184113,-0.011265042146094221,-0.011152543246369023,-0.01120681021560731,-0.011137140445913926,-0.010977846783002562,-0.010839509137239063,-0.011021818808573185,-0.01093509732576403,-0.010895183438009817,-0.011144827457167415,-0.01100535178798731
testing loss,0.0,0.00046990064734229564,0.0019672960960650863,0.002448569351475423,0.002525756702431367,0.0026053056722385053,0.002592990622116756,0.002626450294139835,0.00264000419744494,0.002666950568864555,0.002661468188050756,0.0026685338597199695,0.0026586638936266405,0.0026493508530229253,0.0026507793940529997
testing obj,0.025563045960278755,-0.020483149637158787,-0.011982393892651837,-0.011769941597399518,-0.011562247722924216,-0.011215546337700099,-0.011499354226086705,-0.011239082108671727,-0.011311281410329646,-0.011252984381721655,-0.011206176334939153,-0.011170846858525107,-0.01105075364286423,-0.011284747798550432,-0.011163408445633577
