Epoch, 15
training loss,0.0,0.000511082127171871,0.0013123875448294374,0.0023442899272823063,0.0025359508548739237,0.00259372320922121,0.002620577231151487,0.0026265539120307792,0.0026144310796433136,0.0025960690668748263,0.002539091780152598,0.0025246801198996545,0.0024972924635092556,0.0024474043983697923,0.0024071368241303324,0.002358681972012754,0.002312149711817051
training obj,0.03213933515532357,-0.01190165870733875,-0.009652377207165573,-0.008058562416423028,-0.0075535928394578405,-0.0071866793561560565,-0.006865949020721018,-0.0065676624663619605,-0.006326163453633182,-0.006102341226027925,-0.00585418272644894,-0.005677568125221658,-0.005483813454806657,-0.005259671621966035,-0.005144123154629437,-0.004967387567429952,-0.004793813503300266
validating loss,0.0,0.000527632260559349,0.002120851788421687,0.0025099217009514727,0.0026282117827747106,0.002666383929337958,0.0026593032715178278,0.002656783193195155,0.0026395215506256143,0.0026394508804829476,0.0026432970404998758,0.0026047305666412964,0.002566105547557653,0.0025105794185166694,0.002424180939887041,0.00241942689947423,0.0023622261448908327
validating obj,0.031942441814601624,-0.011429225493006562,-0.008044521652635793,-0.007569073245032436,-0.007281725473740625,-0.007203478888998446,-0.007169304235522542,-0.006948464125101568,-0.007103583156324562,-0.007101486872875206,-0.006850235036068361,-0.00687524986575812,-0.006809299357338554,-0.0068173948743873655,-0.007208248000160169,-0.0068289965486224855,-0.007152361312726428
testing loss,0.0,0.0004836241171276317,0.002059983050493963,0.0024504385212926827,0.00256705483848072,0.0026043483169137047,0.002598114258797259,0.0025958637626787165,0.002578275534284274,0.0025798730754971557,0.0025819703526217845,0.00254663418643433,0.0025076780956328273,0.002447614109058658,0.002362798279265131,0.002357229643714536,0.0023028699247560846
testing obj,0.031526321073971596,-0.011766531111162777,-0.00851699940218284,-0.0081037225142817,-0.007895204129391598,-0.007820311440443444,-0.007855105506161648,-0.0076052767423778235,-0.007860221839533948,-0.007587957882407328,-0.0073590232886890155,-0.007624963790950928,-0.007433521097667015,-0.007408809974763972,-0.007922767289824426,-0.007345363586097507,-0.007726356050916491
