Epoch, 11
training loss,0.0,0.0005018582190444426,0.0005071422320775333,0.0004987413908189227,0.0007948415276850883,0.0014776377405404596,0.0017187546758007358,0.0019092446571276605,0.0019280244067037585,0.0019411166708643642,0.0017505224337902368,0.0016622320434636082,0.0015670484540324118
training obj,-0.003939293205891451,-0.06417167466960451,-0.0561247842691295,-0.05535320072164814,-0.05251298503352318,-0.05250623776656401,-0.05253044746704106,-0.05245763844997793,-0.052417333906468674,-0.05241783284302066,-0.052182786023846774,-0.05208769146765397,-0.051925541609397094
validating loss,0.0,0.0005364985827516296,0.0005341375516509036,0.0005519772436122158,0.0012194118429270208,0.0016303509070979476,0.0019670415616910067,0.0019231985279223576,0.0020396409827771124,0.0018939321307194737,0.0019606690639130462,0.0016066370595159544,0.0016421341944717928
validating obj,-0.003468297608841249,-0.06340244219712526,-0.05551188375646165,-0.052136184090174814,-0.05196366187468635,-0.05307096049228238,-0.05182381670045502,-0.05216895302622273,-0.05214323077325074,-0.05169694408916169,-0.052216231439481765,-0.052553439851218645,-0.05221504591740539
testing loss,0.0,0.0005011797884419856,0.0004973873948354676,0.0005216259654775302,0.0012055388910767243,0.0015929085363813463,0.0019489777657738766,0.001906105983808393,0.0020167604181955596,0.0018824407711213137,0.00193605702767139,0.0015976525987510485,0.0016227019720321293
testing obj,-0.00387520513861166,-0.062399942121707325,-0.05489439856767552,-0.05164100791819765,-0.051787400230278044,-0.052808803996702784,-0.051850699417280245,-0.05222409991018487,-0.05175683336419001,-0.05165141549044755,-0.052203432608735646,-0.05260983302631446,-0.051937037085065946
