Epoch, 6
training loss,0.0,0.0004999119405645551,0.0006175298449934721,0.0008311460423903243,0.0011203147290587698,0.0014630404494267006,0.0016573452864830057,0.0016820100943201555
training obj,0.022323658025692195,-0.01585601677399871,-0.01535584692297002,-0.015187971069648792,-0.015120608349564014,-0.01510878213520779,-0.01511928939829531,-0.015074370745560282
validating loss,0.0,0.0005124892231833655,0.000681703773574504,0.0010965912525097365,0.0013014397563358001,0.0017083844797972552,0.00165904875281573,0.0016055000256295848
validating obj,0.023195449521468636,-0.014589234430078661,-0.014035990960399739,-0.013427948327026101,-0.014021664228657693,-0.014037005006332454,-0.013820954384185555,-0.014064433872474158
testing loss,0.0,0.0004815737905490021,0.0006551997872699043,0.0010669258544473987,0.0012697455164272717,0.0016790548687730235,0.001640064940786249,0.001565703443831022
testing obj,0.02224739693728774,-0.015574466741263943,-0.014941881589107408,-0.014366711319140487,-0.015087458709008005,-0.014929182552163476,-0.01487292172812028,-0.01505482641390161
