Epoch, 6
training loss,0.0,0.0005489789367785823,0.0007395123919088613,0.0006674549810579229,0.000711341330544183,0.0007475013957660207,0.0007802082921889629,0.0008285057417107928
training obj,0.04500189964093414,-0.009653388028142645,-0.013259834282136724,-0.005716546468080624,-0.005233555477039487,-0.004885405099576376,-0.00451882709452298,-0.0040123635247879316
validating loss,0.0,0.0004777641010554766,0.0005881654021019737,0.0006115836505260733,0.0006626620444068168,0.0007012331479927525,0.0007144294601554672,0.000813657725100509
validating obj,0.04064797501390179,-0.008742384331223244,-0.006533575266884226,-0.006542301681798158,-0.005708614862265272,-0.005550150216246645,-0.006521074295354386,-0.005912058944684557
testing loss,0.0,0.0004327848878715854,0.0005566659308749729,0.0005828035103371116,0.0006331994612795628,0.0006708438611255858,0.0007028303371043876,0.0008074597693897935
testing obj,0.035148666252860346,-0.009202785297561236,-0.0072333887801505625,-0.006716458551661187,-0.006361313028940679,-0.006378774614564168,-0.006749070685268757,-0.006435449625289923
