Epoch, 10
training loss,0.0,0.0005507260433731454,0.0005846951656470386,0.000538200681473302,0.0005361199160403225,0.0005338949742829701,0.0005312047618003014,0.0005300401137883811,0.0005266712253739802,0.0005236673890441821,0.000522391414486657,0.0005199520610439519
training obj,0.044823555275797844,0.0,0.0,0.0,0.0,0.0,0.0,0.0,0.0,0.0,0.0,-0.02529187144748136
validating loss,0.0,0.00047595151712206035,0.0004670582028565049,0.00046161422182598873,0.0004704286552118396,0.0004726929338277033,0.0004752401218865998,0.00045674424210220523,0.0004726836982121717,0.0004893562781944638,0.0004841302504953799,0.000458254376199976
validating obj,0.039604112712873354,0.0,0.0,0.0,0.0,0.0,0.0,0.0,0.0,0.0,0.0,-0.019023487952330873
testing loss,0.0,0.00042975499948354537,0.0004665527939249768,0.00047050706106765083,0.00045650789026104895,0.0005550880807670576,0.0005501450790246521,0.0004913630058384828,0.0005362182657975338,0.0006026333722803503,0.0005951885260229401,0.0004205065494249071
testing obj,0.035998017816628154,0.0,0.0,0.0,0.0,0.0,0.0,0.0,0.0,0.0,0.0,-0.019617775184530263
