Epoch, 9
training loss,0.0,0.0005702391398931378,0.000768826994588416,0.0007867920376798686,0.0008523873640133031,0.0009142824366469594,0.0009720124241521618,0.001107530655366752,0.0011547156258066202,0.0011899800993976932,0.0011851370820830413
training obj,0.044925679956727166,-0.00912925311565107,-0.010587213958348787,-0.005670339717100575,-0.00516897969760512,-0.004733300333678284,-0.004220518023095221,-0.0037785224420219367,-0.0033312727537407887,-0.00282708790436314,-0.002389425353841016
validating loss,0.0,0.0004902062986123686,0.0006629632237794189,0.0007286821637535468,0.0008121713059760319,0.0008849265771762779,0.0009746856990710108,0.0010998767102137208,0.0011061149254803443,0.001140732589798669,0.0011395337011587496
validating obj,0.04085696597273151,-0.008639086206029687,-0.0070702591975633465,-0.007077131704944704,-0.006039766788793107,-0.005811598174558539,-0.005846073847755583,-0.005627818332868628,-0.005945483400460539,-0.006467899081245478,-0.005933182097376428
testing loss,0.0,0.0004515069567541768,0.0006230276721416394,0.0006914198189357145,0.0007800201966420974,0.0008545078791841563,0.0009363823282419125,0.001072299325322682,0.0010689038710945563,0.0011119998368510121,0.0011098220153095049
testing obj,0.03567254974985042,-0.0092389960395726,-0.0076783490854919565,-0.00783739730281554,-0.006674049267973247,-0.0061758075057327545,-0.006256873999420251,-0.006114609515911119,-0.00700948150148867,-0.007168189537510075,-0.006192741947047211
