Epoch, 10
training loss,0.0,0.0004897064378164368,0.00048218456263662775,0.0004734286555864355,0.00047050593197489816,0.00046806534116478835,0.00046564946244331,0.00046317149022955683,0.0004614568228246106,0.0004585925970368802,0.0004570180085510683,0.0004548948006107735
training obj,0.028458058103896986,0.0,0.0,0.0,0.0,0.0,0.0,0.0,0.0,0.0,0.0,-0.03521023012805157
validating loss,0.0,0.0005288935329325604,0.0006117319285656708,0.0006500820072121462,0.0006197690218903574,0.0006336965977699072,0.0006443011322130037,0.0005207640963386395,0.0007941317686144017,0.0006770022886749445,0.000557097289378406,0.0005709022765126801
validating obj,0.02962503754646617,0.0,0.0,0.0,0.0,0.0,0.0,0.0,0.0,0.0,0.0,-0.03445645414170355
testing loss,0.0,0.0004749985077908193,0.0005199668263049119,0.0005489733100403602,0.0005348806215291675,0.0005357467805209434,0.0005499614348201075,0.0004699273872066096,0.0006889872215346597,0.0005935256227411801,0.0004922190540953176,0.0005082251825433012
testing obj,0.028110882739429067,0.0,0.0,0.0,0.0,0.0,0.0,0.0,0.0,0.0,0.0,-0.03525195803922856
