Epoch, 11
training loss,0.0,0.0005131964353584971,0.0011089274322174244,0.0023355626437883766,0.002559464252234714,0.0026147452802342203,0.0026361644943106986,0.0026448848979920515,0.0026418957020031175,0.0026152532278372735,0.0026024803285040624,0.002568773157181424,0.0025302824841309853
training obj,0.03223115782169864,-0.01212909831174078,-0.009565452532509813,-0.008080257376463288,-0.007544909989017226,-0.00720406028083769,-0.006871294284153765,-0.006627035361124089,-0.006409749346933349,-0.006132916870255563,-0.005935646528474568,-0.00572314915806147,-0.005526773978235509
validating loss,0.0,0.0005250859248665786,0.0019768564152180066,0.0025396103967483892,0.0025982751863908708,0.0026466718691185273,0.0026846639312494377,0.002717563375721083,0.0026571886552736214,0.002644374702370703,0.0026919103725442733,0.0025631826649706773,0.0026411052856104493
validating obj,0.03291905056491855,-0.011723316197644494,-0.00822035567657732,-0.007592087689703363,-0.007234206683788719,-0.007092857361564922,-0.0072165358760055785,-0.007123942741927623,-0.007380769629140987,-0.007073058835375783,-0.007210111990732151,-0.007547222129004817,-0.007105859588254823
testing loss,0.0,0.0004767720971536813,0.0019354870957250284,0.0024969496971826597,0.0025575152580688825,0.0026078724431390144,0.002646257040906768,0.0026807038950222494,0.00261995084094855,0.0026066719446966036,0.002650572924366583,0.002523277784022863,0.002607054852523076
testing obj,0.03146124862394137,-0.012210515271647867,-0.008549264920498734,-0.007849851245478937,-0.00774033353547766,-0.007595558510732592,-0.007741068951904184,-0.007599567940174931,-0.007720572197098099,-0.007576161242537393,-0.007620077283264309,-0.008001491187978696,-0.007603367273022522
