Epoch, 6
training loss,0.0,0.0005021487079200317,0.0005017081321702844,0.0004910346483224206,0.00048793878712493553,0.00048499021935500565,0.00048133491296786985,0.0004788881774716326
training obj,0.03249371383904941,0.0,0.0,0.0,0.0,0.0,0.0,-0.03456898151963023
validating loss,0.0,0.0005382607606598933,0.0005937766722171039,0.0006906039314495584,0.0006789156064001608,0.0008249867535385571,0.0007460296814925896,0.0006785723869165141
validating obj,0.03352553955243842,0.0,0.0,0.0,0.0,0.0,0.0,-0.03472705178484836
testing loss,0.0,0.00047823964319619264,0.0005027316256269285,0.0005803962488708919,0.0005833071082726336,0.0006997793785501961,0.000633891759733445,0.0005812723355561838
testing obj,0.03183263956557914,0.0,0.0,0.0,0.0,0.0,0.0,-0.03389852972806988
