Epoch, 11
training loss,0.0,0.0005166280988246318,0.0006132049848324919,0.0016870231519940473,0.0023719903130563717,0.0025734102168153508,0.002645112441497243,0.0026610535029317314,0.0026499903787256273,0.0026072209070760874,0.0025796455522761287,0.002554932128154917,0.0025122911061749922
training obj,0.011830963896076825,-0.045035390377125506,-0.030394238602834765,-0.02800785897793781,-0.027777762360860735,-0.027664991086018244,-0.027578072015543263,-0.02744600677006755,-0.027287880232221496,-0.027148368682976834,-0.02697479100397345,-0.026830125364283912,-0.02665609945494891
validating loss,0.0,0.0005470277295502469,0.0009020043053232443,0.002276800729569602,0.0026116623083181087,0.0027043771934872783,0.002703587568097564,0.002691157330971559,0.0026986387507525952,0.002494929607709464,0.00264534982248406,0.002655512121567264,0.0026329752673301524
validating obj,0.012293068265903316,-0.044731023418475395,-0.02756930570598292,-0.027177213347971338,-0.027287071374982957,-0.027703033175293653,-0.027515757267418152,-0.02695058547379288,-0.027114740703383843,-0.02673304699213086,-0.02712356345889168,-0.02746318942451508,-0.026903606722434293
testing loss,0.0,0.0004628847354525406,0.0008118977665916412,0.00217676533124828,0.0025125117663922438,0.002599568610967629,0.0025989598486005055,0.0025837228221902158,0.002596570304699127,0.0023882910336741276,0.0025417631407462305,0.0025525393728695798,0.0025312433389164573
testing obj,0.01102462136018348,-0.0458577148657991,-0.027460895367319375,-0.02713770485080766,-0.027039998068302717,-0.027341811797499862,-0.027570655725723238,-0.027226310767547553,-0.027480883185596248,-0.026945535282695766,-0.027069584296602698,-0.027105662635112382,-0.0267411799710276
