Epoch, 13
training loss,0.0,0.0005105846773492921,0.0007515665485555599,0.0006106953370594876,0.0006189970704772528,0.0006527248750595997,0.0006928612901509611,0.0007432387398747617,0.0008591803748334082,0.0008449413044396423,0.0008926244896571791,0.0009975908063899945,0.0009337895208577096,0.0007839550990063479,0.0008040675657171318
training obj,0.023822662300046753,-0.016243388065520455,-0.015552783869754743,-0.01451139355023556,-0.014979151562404107,-0.014693988136508886,-0.014711566806277807,-0.014834404358749881,-0.014584401238928823,-0.014574216060596062,-0.014590194418697673,-0.014593208201375663,-0.01456126513087428,-0.01451635164044359,-0.01403920604555192
validating loss,0.0,0.00048259827942981955,0.0005770526705519943,0.0005667647185166263,0.0005797054177997375,0.0007256167260089165,0.0007201960324891843,0.0008318742313551613,0.0008261639191510363,0.0008728694697816132,0.0009478674053550801,0.0010076238540932536,0.0008121609862428159,0.0007926687459176821,0.0007966363805785982
validating obj,0.02291948503504197,-0.013959263309112025,-0.012441158779741576,-0.01311415205580286,-0.01306370456263216,-0.013375069687349929,-0.013294583490480565,-0.012849530192195542,-0.013257020049624972,-0.012880708440206945,-0.012591038539540023,-0.01273074019829639,-0.013160040091154061,-0.013464282570768975,-0.01285223680962291
testing loss,0.0,0.00043229375035947225,0.0005258632635239927,0.0005215318256838096,0.0005348009374732076,0.000766856232469247,0.0007554546818200097,0.0008602042767420613,0.0008541768592958515,0.0008337140292545932,0.0009276113178694268,0.0010014779541666645,0.0008781700384428699,0.0007586916991213739,0.0007544672706579739
testing obj,0.020568078261095326,-0.015675013935243762,-0.01409358943881769,-0.014693901087534992,-0.014770871361818266,-0.014116426794538024,-0.013901398998584497,-0.01405348173166449,-0.013987861913503022,-0.014217131274022363,-0.01412992346150851,-0.014036819643995448,-0.014063973734910423,-0.014530422508943121,-0.01411407777246692
