Epoch, 7
training loss,0.0,0.0005761266546780426,0.0007651481038420553,0.0009526065288239397,0.001212488950284965,0.001445429059037683,0.0016872391775798272,0.0018330344387019674,0.0019330789129633238
training obj,0.02466647269058169,-0.025215067497144143,-0.02239932902887756,-0.014547091421178158,-0.014177398159917372,-0.014090651746693194,-0.014140506179126747,-0.013866838108857764,-0.013535778573257665
validating loss,0.0,0.0004791083485745023,0.000705911022830858,0.0009447509526378579,0.0011678528858788519,0.0014290714979223493,0.0016632881080214349,0.0017548512874378099,0.0018162934607567473
validating obj,0.023001406458206475,-0.025157054808611672,-0.01771404103945113,-0.01693391339439485,-0.016518595123973984,-0.01760587281185306,-0.017093291247470513,-0.017553440676743373,-0.018152801332891814
testing loss,0.0,0.00045241135091133846,0.0007003163364306847,0.0009410063306662581,0.0011690227099304164,0.0014387685144823547,0.0016714578330818866,0.001774434237803861,0.0018320642175731828
testing obj,0.021355091603598685,-0.025073258898447495,-0.014510472991025529,-0.014245324667442489,-0.014429162162028858,-0.01484414647534691,-0.014223554269158962,-0.014769864451089824,-0.0147249773459358
