Epoch, 7
training loss,0.0,0.0005437893213478246,0.0009033030131831765,0.0009665505807645911,0.001053874994920311,0.0011751259174928362,0.0011944543645607637,0.0012048181552695586,0.0011402596847391597
training obj,0.044729747893471346,-0.007066858985789997,-0.006962740729909902,-0.006850079741493305,-0.006754365970618,-0.006852502680803631,-0.007033373017831906,-0.006701849957508053,-0.006872275504100995
validating loss,0.0,0.0004794722741886896,0.0007372785176913668,0.0006648911581174212,0.000975683959647237,0.0011244972168545548,0.0013529080266986664,0.0013884459129056064,0.0010885693918680772
validating obj,0.03919923002831638,-0.0071075798251614385,-0.007121853494835604,-0.006622356656912921,-0.006248232911780683,-0.006552571162400354,-0.007363848627493199,-0.006599268112849031,-0.007247629297328078
testing loss,0.0,0.0004405408044230835,0.0006922211111019793,0.0006499625569385653,0.001006410817845372,0.0011621280467118817,0.0014131021673312865,0.0015197219586666874,0.0012117448924392512
testing obj,0.036834075002352126,-0.007044492429436965,-0.007018198285918884,-0.006734104116755613,-0.006974803906789905,-0.007078561365503717,-0.007227909158147569,-0.006811135011957958,-0.007043086950402908
