Epoch, 7
training loss,0.0,0.0005788627798941818,0.0006241809318096642,0.0005546223673673904,0.000553174461831576,0.0005488631929277771,0.000547380061656369,0.0005370647946085014,0.0005387284918505626
training obj,-0.0020365841942382792,0.0,0.0,0.0,0.0,0.0,0.0,0.0,-0.05101940836392197
validating loss,0.0,0.00041168666919272963,0.0003989791666754172,0.00040087414698872535,0.0004075778216348327,0.0004170124450158457,0.0004096146032881936,0.0004183356049907161,0.0004094390547430117
validating obj,-0.0016104668741010958,0.0,0.0,0.0,0.0,0.0,0.0,0.0,-0.044572367850277156
testing loss,0.0,0.000484102717588964,0.0004901861618261162,0.000490515259976697,0.000493265293108699,0.0005257527752070706,0.0005132850441244758,0.0004755207930331282,0.0005455665794068262
testing obj,-0.004532787200013125,0.0,0.0,0.0,0.0,0.0,0.0,0.0,-0.05189207742443761
