Epoch, 10
training loss,0.0,0.0005078643603344154,0.0005705519593056155,0.0005984522444485649,0.0008505905606805511,0.0011115721584191176,0.0014111132425746534,0.0017297220819572784,0.002049942436309796,0.002047186386858754,0.002172418339733637,0.0021589936854325134
training obj,0.01829453421303363,-0.020696506107637486,-0.019295496953131458,-0.019108278026881937,-0.019075404188693988,-0.019177891026780053,-0.019077103997509986,-0.019170294344380195,-0.01912246882539845,-0.01906426178525189,-0.0189815299140925,-0.019024392704677325
validating loss,0.0,0.0005733128962605292,0.0007321228009918914,0.0008719931480476381,0.0009679409469257087,0.001275039090054709,0.0017513728009337062,0.0017251203615688895,0.002285218363382876,0.0023027240881973486,0.002376818327333095,0.0022928495351611845
validating obj,0.019264012617042938,-0.02028899657407898,-0.01891762841247976,-0.018465066059560203,-0.018734549666887028,-0.01846497395852497,-0.01836381416774281,-0.01856292639842908,-0.018290543403463585,-0.018485687195345966,-0.0185945439845272,-0.01850992453020311
testing loss,0.0,0.0004774038960416633,0.0005971826280083703,0.0007619094345522259,0.0008369527584899188,0.001150294405653858,0.0016567594138905406,0.0016034909221664289,0.002205303449964346,0.002201348710276199,0.0022730173422071745,0.002192688033685229
testing obj,0.017416091458695635,-0.020789543892899706,-0.019121952744027705,-0.01913320437825498,-0.019320377918511707,-0.019336088756884796,-0.019020017891683057,-0.018993008944322955,-0.01923119509151837,-0.01897238259341587,-0.019360949452036733,-0.01895488344097635
