Epoch, 6
training loss,0.0,0.00048554545625975186,0.0004884718422387259,0.00048023122998667415,0.00047909444233922146,0.0004786433297866014,0.00047700549771838074,0.00047582693202818016
training obj,0.006363375502417169,0.0,0.0,0.0,0.0,0.0,0.0,-0.03489531042776208
validating loss,0.0,0.00048827452229460375,0.000482457856935486,0.0004914563668752412,0.0005329711356979334,0.0005112884685246694,0.0005598280417068643,0.0006162964150383682
validating obj,0.006674295243771689,0.0,0.0,0.0,0.0,0.0,0.0,-0.03484298710978773
testing loss,0.0,0.0004858574443468211,0.00048335245843009346,0.0004917042530628671,0.0005131649454119763,0.0005018122746011446,0.0005301630615219959,0.0005952084452215792
testing obj,0.0063382467974727515,0.0,0.0,0.0,0.0,0.0,0.0,-0.035254696244614366
