Epoch, 9
training loss,0.0,0.0005148688504631585,0.0012842813680713988,0.002344249169462998,0.002600585507376843,0.0026517325026741805,0.0026718087050525557,0.0026705908199636304,0.002663881354230498,0.002650732385418038,0.00263217300706115
training obj,0.028670693516246314,-0.01471198168536143,-0.011978383522519303,-0.010085174557155905,-0.009687893187004477,-0.00930292866639591,-0.008971296336352127,-0.008702336665469311,-0.008457947018681668,-0.008157528267532249,-0.007955190354048437
validating loss,0.0,0.0005366707416771949,0.0019730725595534207,0.002599734679238297,0.002674094418218443,0.0027033945861365967,0.002711757688837893,0.002745067397822146,0.0027191074094557845,0.0026776342101678717,0.0027099438309733945
validating obj,0.029819981630079474,-0.014236991052841284,-0.009772876443125461,-0.009488197518867088,-0.009111197276611306,-0.009199444318164437,-0.008908412615836286,-0.008805417659560342,-0.008815457292745426,-0.008688002021960708,-0.008689505964917191
testing loss,0.0,0.00047692333455744525,0.0019071920712361442,0.002540909143993487,0.0026181655681071715,0.0026474340547119842,0.0026576146771954997,0.0026924505468342522,0.002665275312309344,0.002622320525918842,0.0026566570335373975
testing obj,0.027935721899467726,-0.014722752779371165,-0.010456805121636086,-0.010051035139711314,-0.009763809644718128,-0.009655890483593508,-0.009570311367825931,-0.009499919057379696,-0.009278739737819643,-0.009394574356978685,-0.009349549337484187
