Epoch, 9
training loss,0.0,0.000584725695522388,0.0006442850269605497,0.0005809283308575258,0.0005795928401080435,0.0005784573507958603,0.0005774473278114445,0.0005745914111863457,0.0005735430404527898,0.0005704177832847242,0.0005700047224629944
training obj,0.021519257402157082,0.0,0.0,0.0,0.0,0.0,0.0,0.0,0.0,0.0,-0.03393102045919673
validating loss,0.0,0.0004917935107692352,0.0004870214045998485,0.0004886561131974708,0.00048733082237756916,0.00048285242256598495,0.0004827387648320938,0.0004987822412658716,0.000488775241845158,0.0004859277105424553,0.0004895952060905984
validating obj,0.01973451895173639,0.0,0.0,0.0,0.0,0.0,0.0,0.0,0.0,0.0,-0.03363081070387529
testing loss,0.0,0.00046465542176077644,0.00046339940348155543,0.0004896369825252583,0.0004693530045187799,0.0004772897879553745,0.000532777895411552,0.0005393663933146682,0.0005336066075157047,0.0005916087701661052,0.0006014553487270983
testing obj,0.01690742902684252,0.0,0.0,0.0,0.0,0.0,0.0,0.0,0.0,0.0,-0.040020213965829964
