Epoch, 16
training loss,0.0,0.0005030674333463356,0.0006869761811463307,0.0010278401908053601,0.0015364081188781495,0.0018351472559117728,0.0021276336468786508,0.0023560987573522977,0.002575300633161066,0.002581204539653983,0.0025332958927273353,0.0021299454385848232,0.002328713267274234,0.0024777070060165696,0.0023038420138841117,0.0025329044814537513,0.0026085123610802186,0.0027516722213362086
training obj,-0.003742481403225478,-0.055967739611933895,-0.05333043687335809,-0.05326906680331531,-0.053277185609237214,-0.053195489975541126,-0.053203849862669496,-0.053304628932415055,-0.053325080551129916,-0.053273073863697326,-0.05319070114769754,-0.05326502349322269,-0.05327921871764538,-0.05331891934025511,-0.05313436855094533,-0.05308611502184825,-0.053237397168143935,-0.05318131423174152
validating loss,0.0,0.0005947892619197713,0.000807404372595701,0.0014754403775290403,0.0019676285186801816,0.0020746162937064637,0.0023639411584934975,0.00260107878637484,0.0027697582344063734,0.002780004230466475,0.0023461072359259876,0.002357182254697354,0.002636691069578475,0.002548477881923189,0.002755997535308572,0.0026637346751240297,0.002794822998615594,0.0029165207063553654
validating obj,-0.002314118800562352,-0.053783838940094704,-0.051879172219820704,-0.05254116732704495,-0.05370056303379136,-0.052832076174551844,-0.05240300950629695,-0.052237475970856664,-0.05230477577636089,-0.05168049327810021,-0.05162209402254193,-0.05195719994939735,-0.05221257908882051,-0.051955942789601826,-0.051854985105486064,-0.05254677536165838,-0.05237040693862009,-0.052325420935596355
testing loss,0.0,0.000508248932552578,0.0007219473976023149,0.0013951975399413485,0.0018734044322051531,0.002005257909651044,0.002292636416054198,0.002518460189197501,0.002669639153672116,0.0026874656619892013,0.002253078090559159,0.002308054223887882,0.002552876033356955,0.0024604621654289826,0.002669003461495606,0.0025721478176570904,0.002701208307191396,0.0028237250239609157
testing obj,-0.0036747295212276316,-0.05716318745332772,-0.05419138962845358,-0.0554562679086387,-0.05504478307892913,-0.055292911867638364,-0.05464747071702181,-0.05481485573962818,-0.05462532971701913,-0.0540988169443792,-0.05464012671034405,-0.05434509397046753,-0.05487253809934434,-0.054084953579493826,-0.054412844489855935,-0.05449859659538545,-0.05530286385724241,-0.055400245778083085
