Epoch, 9
training loss,0.0,0.0005548458699337846,0.0007354145959206839,0.0007067798961561137,0.0008009122730251037,0.0008939706955525074,0.001130431841182358,0.0013688252517478723,0.0015538969787075093,0.0017037089484944648,0.001786780600691689
training obj,0.028636459169872834,-0.017222925494698917,-0.020066002109909758,-0.012442084730548017,-0.012167563939503596,-0.012145023225057942,-0.01190436032975056,-0.011711145825592765,-0.011208756600378775,-0.010807257297211418,-0.010274825281207906
validating loss,0.0,0.0004875209930711814,0.0005941947852584741,0.000694741794884774,0.0007667220456318723,0.0009462459533501209,0.001171508176614427,0.0014108944354423632,0.0015550744008376366,0.0017304840762840791,0.0017805373483699644
validating obj,0.028481454006396234,-0.016980758376626506,-0.012127103516831994,-0.012184785148646269,-0.012669333243846066,-0.012033001196363734,-0.012155514365682999,-0.01231184212439176,-0.012849096706809683,-0.012233048250588277,-0.012867538931055201
testing loss,0.0,0.0004505518964661688,0.0005639613249317139,0.0006673052298169381,0.0007421787579644572,0.0009211799313905775,0.0011484364049219702,0.0013930810193808095,0.0015402064624091458,0.0017164969325971764,0.0017646122283327419
testing obj,0.02330874523928238,-0.01718675359655675,-0.01233351936664533,-0.012548722496658966,-0.013492074555943947,-0.01257820924228007,-0.01284757863440727,-0.012855024898198206,-0.013696078638974074,-0.01295743859058397,-0.01329317706561572
