Epoch, 6
training loss,0.0,0.0005101261381125182,0.0010203052240753817,0.0022245160718696445,0.002491179170627496,0.00256551855182435,0.002583239128167008,0.0025683821449804817
training obj,0.03281408386498771,-0.01225988429490453,-0.009160912802200204,-0.0078022714733953,-0.007201221133664956,-0.006858816911228537,-0.006552498750386326,-0.006223659367365781
validating loss,0.0,0.0005414644933225519,0.0019201380889508294,0.002506258203825272,0.002623200408508518,0.0026182999107728882,0.0026035761923100605,0.0026346250738510314
validating obj,0.03316556268523103,-0.01144442739284188,-0.007343372730675209,-0.007015209052885744,-0.006969298985319464,-0.006727667115338688,-0.006671650883835131,-0.006648112236277223
testing loss,0.0,0.00046937790671852377,0.0018481212582362242,0.002434009792308825,0.002549834745790226,0.002545950828094465,0.0025302483191274477,0.0025619797740394504
testing obj,0.030641047628644513,-0.012527399459571646,-0.008435015875618526,-0.008138626739350684,-0.008169813369354312,-0.007911284267822226,-0.007726389364934111,-0.007852719107678034
