Epoch, 15
training loss,0.0,0.0005501794945231785,0.0008537158950953288,0.0008275406726170331,0.0008808488021696023,0.0009473632475562101,0.0010112212270078267,0.0010908510510846243,0.001192433908855652,0.0013701636654635271,0.0014877053769761879,0.0015639089796619088,0.0016111714363682503,0.001644583132720607,0.0016528091667329563,0.001655960275663757,0.0016699069298292493
training obj,0.030920605494768594,-0.015321003957012412,-0.020217864068371116,-0.009866792432434273,-0.009473312270882375,-0.009292727474159762,-0.009007033575143592,-0.008764039164445564,-0.008356208386191843,-0.00800678552192289,-0.0075010160349455535,-0.0072077758756338385,-0.006672848619100656,-0.006207532657986032,-0.005770566539985,-0.005445323506479754,-0.0048535123225484115
validating loss,0.0,0.000460849717152693,0.0007183498342379204,0.0007719534454129947,0.0008327889792983317,0.0008962313230666849,0.0009719887538166302,0.0010478246307078127,0.0012854925848336683,0.0013535285898898211,0.0015058057389170346,0.0015675832012978692,0.0015819287930046106,0.001586700466254519,0.0015664270548667344,0.0016062213787032913,0.0016483042757802953
validating obj,0.026837442121985886,-0.016144734115288075,-0.011538723548356857,-0.01004395168274641,-0.010137906589079648,-0.010342202272214409,-0.010442136592852572,-0.010388055622267226,-0.010297442139643762,-0.009909060479710914,-0.01043751665727339,-0.009856484364718199,-0.010120951874543808,-0.010186932890469002,-0.010393065419824174,-0.011006273186972572,-0.010533754642690636
testing loss,0.0,0.0004387268450660191,0.0006842789915862266,0.0007391009921038121,0.0007995292973056486,0.0008614789836133856,0.000937335319011598,0.0010137309782785942,0.0012508200487826725,0.001318982453872072,0.0014763280160951654,0.0015430615308719713,0.0015468603107021063,0.0015607952184320704,0.0015333491044018316,0.0015918570287475312,0.0016400344603745317
testing obj,0.02627637126558536,-0.015162637655472232,-0.012339016523312879,-0.01044712433704754,-0.010588575969450176,-0.011182419257238507,-0.011138468320053574,-0.01109577844397643,-0.011237658075736585,-0.011087957215872971,-0.011613505002035684,-0.011380573734641075,-0.012072088385655268,-0.01177762370128688,-0.012578678216684508,-0.01297292619238834,-0.012596078843155221
