Epoch, 7
training loss,0.0,0.0005723484082195415,0.0006040503218993727,0.0005573383389085339,0.0005555822041488308,0.0005536701003067862,0.0005521585133786122,0.0005499899394492911,0.0005478533160331769
training obj,0.04580694055367334,0.0,0.0,0.0,0.0,0.0,0.0,0.0,-0.022386463480435458
validating loss,0.0,0.00047716649755279324,0.0004677709679930962,0.0004669563974554573,0.00046601881230243534,0.0004862801480258996,0.00047535950660757307,0.00046713360502003017,0.00046524409703528765
validating obj,0.03865248394302196,0.0,0.0,0.0,0.0,0.0,0.0,0.0,-0.02025451178714219
testing loss,0.0,0.000456061971203166,0.00046348188275383234,0.0004557424488027479,0.0005013559925459589,0.0005401194613187801,0.0005639439205461295,0.0005148507915618137,0.0005357142347477477
testing obj,0.035301516424059064,0.0,0.0,0.0,0.0,0.0,0.0,0.0,-0.02045516245306243
