Epoch, 16
training loss,0.0,0.0005113431690872551,0.001327160898180673,0.002492930646893923,0.002676027684488115,0.0026951816804496724,0.002693334623300553,0.0026805881747569067,0.002673077065425537,0.002660416021814048,0.0026498254815312157,0.0026433033085335412,0.002631615531167908,0.002619138727833919,0.002603522750732252,0.002611740518632736,0.0026060214558482186,0.002605373393220706
training obj,0.022807787169396503,-0.02057141083484622,-0.015868436926296182,-0.014913062015557534,-0.014667688836678825,-0.014470239289410786,-0.014100150190212504,-0.013825961130214727,-0.013529419774075702,-0.013261442880076862,-0.013047579903117909,-0.01283324429975672,-0.01264830396388505,-0.012450673710761492,-0.012233482140595832,-0.012081986223737832,-0.011921106046547883,-0.011757528681112399
validating loss,0.0,0.0005424350176616226,0.002230371455710291,0.0026647960912165552,0.002689073604264113,0.002755894570588859,0.0027623681768865218,0.002752150496738644,0.0027144307215862416,0.0027248318787264575,0.00269695196323303,0.002667954052995027,0.002743336451030417,0.002706545528353137,0.002652155518995849,0.0026993436922535144,0.002678644035340232,0.0026498450317571525
validating obj,0.023430899770891737,-0.019888565813555387,-0.014488905716597208,-0.014761016091853896,-0.01474346599306357,-0.014243841098756836,-0.013953693363345052,-0.014216026752078616,-0.013993847834842222,-0.013895668473681209,-0.014011062891947614,-0.014020471056201415,-0.013663862437125824,-0.013750060258439669,-0.013810140261213879,-0.013993823062950765,-0.014074132082481131,-0.014228267223770798
testing loss,0.0,0.0004867575978398405,0.0021746001689632306,0.00260928883429668,0.0026308345143954154,0.0026986129949007204,0.002707995378561382,0.0026971130630261105,0.0026543252943516445,0.002671117847464761,0.0026413363173344332,0.0026143855938652654,0.0026887548681053617,0.0026518416429890668,0.00259754240850272,0.0026518904139959413,0.0026285366454560843,0.002599454081333571
testing obj,0.022686360945296753,-0.02024804024432951,-0.014587169650961324,-0.015041716616815548,-0.014852680876232337,-0.01435381540885955,-0.014160535842494434,-0.014469030407768724,-0.014106343473867224,-0.014133444706317864,-0.014161678757229996,-0.013967933251062431,-0.013910057511671146,-0.013847268849335572,-0.014029611699145269,-0.014334908571164805,-0.014395248539194388,-0.014485684094835144
