Epoch, 14
training loss,0.0,0.0005137724009507471,0.0004997390328009224,0.0004874495161390932,0.00048310993376493485,0.0004794414368039273,0.0004768671824296628,0.00047410048624169755,0.0004719677136245889,0.00046996325591043043,0.0004684140633994493,0.0004672003736965695,0.0004658472478361669,0.0004640533145811249,0.00046324813478138146,0.0004614381820813149
training obj,0.040765617361027726,0.0,0.0,0.0,0.0,0.0,0.0,0.0,0.0,0.0,0.0,0.0,0.0,0.0,0.0,-0.03538133249860587
validating loss,0.0,0.0005352946631646647,0.0007350797550882669,0.0006760168173160061,0.0006569868042555704,0.0007483434120963922,0.0005399466989946408,0.0007600270716456743,0.0007171770562922338,0.000598990590047034,0.0006219169560410598,0.0006562288532619264,0.0006744446233594685,0.0007007747332571126,0.0008118305916666934,0.0005831242689467479
validating obj,0.03984319634580901,0.0,0.0,0.0,0.0,0.0,0.0,0.0,0.0,0.0,0.0,0.0,0.0,0.0,0.0,-0.029615053868365947
testing loss,0.0,0.0004821994440392038,0.0006350041087784443,0.0005851795107878427,0.0005562027938716156,0.0006467834616994318,0.00048408857445058647,0.0006599226091469325,0.0006179527838721634,0.000534969550662529,0.0005304277030342954,0.0005788355073727777,0.0005920651704818331,0.000611536559796485,0.0007147690179370958,0.0005078470576508451
testing obj,0.039777365424982856,0.0,0.0,0.0,0.0,0.0,0.0,0.0,0.0,0.0,0.0,0.0,0.0,0.0,0.0,-0.02989949808069689
