Epoch, 7
training loss,0.0,0.0005204002169621698,0.0005793613782574824,0.0005120872344146026,0.0005134825398985699,0.0005108549984345468,0.0005098521264895395,0.0005081092259120744,0.0005061146561809651
training obj,0.019497885187978254,0.0,0.0,0.0,0.0,0.0,0.0,0.0,-0.03572823470823613
validating loss,0.0,0.0004954575918721579,0.0004928917551296763,0.0004927626620580364,0.0004942683545879037,0.0004976249852512006,0.0005017379143181541,0.0004966383063826166,0.0005720559753778313
validating obj,0.01800192292365763,0.0,0.0,0.0,0.0,0.0,0.0,0.0,-0.04207136378520065
testing loss,0.0,0.0005075041508707973,0.000508836217360678,0.0005589753033033245,0.0005157449316332506,0.0005788700123171234,0.0006017592590855988,0.0005685015663353575,0.0007191637835333224
testing obj,0.01864909999248748,0.0,0.0,0.0,0.0,0.0,0.0,0.0,-0.04305672919931444
