Epoch, 14
training loss,0.0,0.0005018582190444426,0.0008063409108651574,0.0008443160958588008,0.0010842005841625042,0.0011603807962691976,0.0015723306974256043,0.0017653520331712058,0.001719124373550255,0.0019756326884953434,0.002199722871508567,0.0020498545078401816,0.002145706394380069,0.002199329227046982,0.0019768605261758204,0.0021483608387999377
training obj,-0.003939293205891451,-0.05965334060441159,-0.05314388100211224,-0.053008691629549194,-0.05300090406976339,-0.05283829408649105,-0.05301674676891894,-0.05286065014644069,-0.05283662755707282,-0.05284408026161793,-0.052873707886397676,-0.05291268342777102,-0.052910317248927474,-0.052888483932807574,-0.05269533801912027,-0.0530025348479674
validating loss,0.0,0.0005364985827516296,0.0008422249618599072,0.0008655713806065786,0.0013317187704632515,0.0012257241853029439,0.0018580279520077946,0.0016915269444171327,0.0018900737545459456,0.002162209663227536,0.0021367717939541776,0.002166869114378667,0.0019492646085120945,0.002275829152671369,0.002136030237216206,0.0023118809697775743
validating obj,-0.003468297608841249,-0.06015956590667522,-0.052349435210640456,-0.05253531204723466,-0.05590491049043241,-0.05298564232769825,-0.053403920803386656,-0.0520895993188797,-0.05245928625837226,-0.053009106477909435,-0.0523651586652163,-0.052416046575407875,-0.05245075318768981,-0.0524122993684145,-0.052484706875620006,-0.052549025395105246
testing loss,0.0,0.0005011797884419856,0.0008263571067681542,0.0008329554952001007,0.0013077305482577038,0.0012008508193673704,0.0018401525775611836,0.0016815727502476302,0.0018799803291869041,0.00214541276052062,0.002128896263000041,0.00215898864648486,0.0019393070501142315,0.0022615251259993693,0.0021093175586204007,0.002290804453255054
testing obj,-0.00387520513861166,-0.05995146361165223,-0.052500913801271205,-0.05181679308972291,-0.054852225332041614,-0.05339960005012519,-0.052650492122996335,-0.05232933288353548,-0.05271648563342025,-0.05285550126719341,-0.05194324895374079,-0.052115486950810724,-0.05212539027760802,-0.05208762970684087,-0.052405373823288796,-0.052527283927467416
