Epoch, 8
training loss,0.0,0.0005122011279426613,0.001362946159381126,0.002369914485334053,0.002560096795230285,0.002628024577836394,0.0026501740076504757,0.002650214942274119,0.0026400121344718162,0.002633982968938682
training obj,0.022914271064298282,-0.019852390507083657,-0.015397510706232144,-0.014216091114494038,-0.014045565311371714,-0.013760562926664935,-0.013536161280428179,-0.013239235573593359,-0.012979050253642377,-0.012789716905293366
validating loss,0.0,0.0005222261153280559,0.0021760936239959873,0.0025123587324506376,0.0026475692060727715,0.002654775637153626,0.0026927154022188386,0.002674355134561297,0.0026586398741739532,0.0026414002772021045
validating obj,0.02251099008634996,-0.019212372619562032,-0.01386284342141996,-0.013999379965054536,-0.013959351425932456,-0.013739367395117363,-0.013625517550366045,-0.013990072183033844,-0.014033830294443559,-0.013745820890970296
testing loss,0.0,0.0004905501529137587,0.0021520223199644746,0.002484141196574689,0.002620998168886734,0.0026292450767709343,0.0026666246596627617,0.0026523560079587255,0.0026374980013836786,0.002616342612367489
testing obj,0.022700408774567526,-0.019908098033477078,-0.014731014002933649,-0.014758184948125004,-0.014676345945472177,-0.014542069159473795,-0.014392836917658207,-0.014423596636246306,-0.014605082862043879,-0.014379890776470162
