Epoch, 11
training loss,0.0,0.0005016875737457498,0.0006531169468659989,0.000878978139526602,0.0012494673212608773,0.0015976889500039935,0.0016382610191374328,0.001894718711040556,0.0021889641973639137,0.0022554251939862877,0.002291254033573354,0.002399718997741937,0.002493654103769188
training obj,0.015025053707046042,-0.02406806745442435,-0.02306109998952432,-0.02274361702430299,-0.022742121942966802,-0.022783537614811396,-0.02277056663905599,-0.02277429022330743,-0.022716671268362,-0.022719763592826993,-0.022711920564699388,-0.02265890021875034,-0.022623797905832507
validating loss,0.0,0.0005250173884803053,0.0008083656326517991,0.0012100334674003937,0.0015581421736163767,0.001181955321588808,0.0018015539786813838,0.001994076387547472,0.0023789178974004815,0.002328786786901845,0.002426427621458847,0.0025546662839754744,0.0025280501665692506
validating obj,0.015984054492096895,-0.022680836376028336,-0.02105108357540567,-0.02174846750642189,-0.020965178356148226,-0.020757765754103454,-0.02127324556851289,-0.020878251397073475,-0.02111389555978012,-0.021059219362890947,-0.021090224892816225,-0.021808171818825613,-0.021201130324993992
testing loss,0.0,0.0004979424967146306,0.0007874140806060137,0.0011912411941005408,0.0015448864229606937,0.001146089461838054,0.001783043149539723,0.001988016765022878,0.0023671247040221335,0.0023348720082227723,0.0024203374272968987,0.0025473763769902867,0.002533134288617799
testing obj,0.015580288277179156,-0.02370187724105334,-0.02205136090375983,-0.022631733673873153,-0.022247094310348832,-0.022009903236441378,-0.022352229494428368,-0.022064707504037172,-0.022307511894336923,-0.022038193377898606,-0.022274703109194483,-0.022704035876857407,-0.022197777772860892
