Epoch, 8
training loss,0.0,0.0005007827086213576,0.0013620869081158097,0.0023747873466707127,0.0025623276192764705,0.0026037013189200335,0.0026098824565618482,0.0025877928168648815,0.002550322418027655,0.002475891049783236
training obj,0.03681049603854969,-0.009975389632498808,-0.007932978119746841,-0.006035651401772772,-0.005559161355799565,-0.005149311846687231,-0.0047457003598875246,-0.0043968990782328144,-0.004117306269392099,-0.0038340646004420475
validating loss,0.0,0.0005224717915741724,0.0021886908397671465,0.0025214693101387226,0.002660092387741567,0.00269098936299758,0.002664723948359644,0.002646951471329715,0.0026391641612271022,0.0025042368817726427
validating obj,0.03714963368697666,-0.008944189127222038,-0.006225748188232932,-0.005990869807124551,-0.00552257958632027,-0.005366560884599919,-0.005422448960356865,-0.005051159381078537,-0.0051732738927299975,-0.005825710022067941
testing loss,0.0,0.0004730930127489093,0.0021264085395056465,0.0024560992044946515,0.0025963238228061164,0.0026290644094085066,0.0026056987142090956,0.0025872529725577817,0.0025778916534581406,0.002444033414604729
testing obj,0.036521088654133727,-0.009700556495066624,-0.0068239417027685274,-0.0064821058879053406,-0.005995206083828285,-0.005886598510816758,-0.005791994240319296,-0.005828788618215724,-0.005884339892475348,-0.006259124872728336
