Epoch, 6
training loss,0.0,0.0005440516502644374,0.0005901762829607298,0.0005364266248173355,0.0005342917851521633,0.0005329077580872941,0.0005300138232140693,0.0005283808047191568
training obj,0.043726791346482205,0.0,0.0,0.0,0.0,0.0,0.0,-0.02082442006132766
validating loss,0.0,0.00045923676548732654,0.00045984263912638806,0.0004589414436648238,0.00046581053296298097,0.0004595648103228693,0.000487625677326125,0.00046926870426331233
validating obj,0.037530269732491836,0.0,0.0,0.0,0.0,0.0,0.0,-0.020725558744743466
testing loss,0.0,0.0004372320234668567,0.00045034881210036427,0.0004949392563060895,0.0005213542880901023,0.0005154235614345698,0.0005756798985916052,0.00059094704527131
testing obj,0.03557795167875451,0.0,0.0,0.0,0.0,0.0,0.0,-0.016466512508388306
