Epoch, 10
training loss,0.0,0.0004937663018535325,0.0005697178366828856,0.0005883049688894849,0.0009580658823744251,0.0013503136590715128,0.0017108386524535507,0.002132996075400436,0.0022035480026983247,0.0019905417434287055,0.001857768158508507,0.002050970326656755
training obj,0.006147354682223207,-0.038578561759054206,-0.03616025902115495,-0.03610702898124641,-0.03606428630618816,-0.036127580023697654,-0.036012844330194006,-0.03605840647298313,-0.036025949134546494,-0.035972721309399255,-0.03599483606426681,-0.03600644399444122
validating loss,0.0,0.0005396410507937711,0.0006278048378061326,0.0007631522269998468,0.0011523619396281734,0.0015917523261755834,0.0019949247418487104,0.0023728763490470585,0.0020745546499808614,0.0020778118391041114,0.0019868296042574525,0.0020834700785300154
validating obj,0.0062615926382309115,-0.038354585269485375,-0.03570987086962251,-0.035697036135980416,-0.035457994917787894,-0.03540325734222946,-0.03572283761582263,-0.035414939607690155,-0.035053022163936215,-0.035840351390732925,-0.03603227329069819,-0.03574089743648124
testing loss,0.0,0.000466097566975792,0.0005654237742820096,0.0006645279622661982,0.001051133071334284,0.0014773301980394082,0.0018682774687714863,0.0022465818983994795,0.001948109442623021,0.001954454036586615,0.001858522859442075,0.0019557234466880584
testing obj,0.006199683979227369,-0.03894628590716629,-0.03570166931338544,-0.03569301916927535,-0.03544357346880559,-0.03528219706534365,-0.03607035123962723,-0.03545839527843075,-0.03487603454698333,-0.035837009326328814,-0.03572174507432109,-0.035644708826445465
