Epoch, 6
training loss,0.0,0.0005092389275664958,0.000504098811418016,0.0004942895856647935,0.0004904437272468495,0.0004874144314714776,0.0004844256670709661,0.0004822596475019081
training obj,0.03285191095405657,0.0,0.0,0.0,0.0,0.0,0.0,-0.03675447324432315
validating loss,0.0,0.0005216505242532577,0.00054853560722628,0.0006220218737889242,0.000847289693442328,0.0006479135141130916,0.0007562373497717326,0.0007037416548111877
validating obj,0.03235386357285005,0.0,0.0,0.0,0.0,0.0,0.0,-0.03355859805407666
testing loss,0.0,0.00046378206458411994,0.00047091482678776337,0.0005341942954501706,0.0007485861124927875,0.0005461129573057706,0.0006472710202128579,0.0006006910211650399
testing obj,0.030983985132391912,0.0,0.0,0.0,0.0,0.0,0.0,-0.03517506647335683
