Epoch, 7
training loss,0.0,0.000555589082639427,0.0009237480435438236,0.0008198964063708177,0.0008358217920770175,0.000957715010279607,0.00098757496738222,0.0010213629897300373,0.0010676931306792825
training obj,0.04494246963922884,-0.009905383124144055,-0.014507083750476001,-0.0060577184795036765,-0.005614658360433418,-0.005201643971981956,-0.0046539240089866025,-0.004209660407950115,-0.00388469245586106
validating loss,0.0,0.0004749804197167072,0.0007834085133961505,0.0007435567499164285,0.0008345284990759359,0.0008975435177692109,0.0009235351753886789,0.0009628217618834848,0.0010070622293925327
validating obj,0.039184307446703315,-0.009834607248194516,-0.006158006500401016,-0.005847861563476424,-0.005683175724698231,-0.005858974489254049,-0.005595783108017511,-0.005644447648794287,-0.005726271654970737
testing loss,0.0,0.0004453690576278982,0.0007520678210877688,0.0007201060609470398,0.0008232189453288762,0.000876562948326102,0.0009068346596511736,0.0009576059284783598,0.0009950834847168644
testing obj,0.03713479071754862,-0.008978210008904539,-0.0072051583509262955,-0.006659075677571063,-0.006773690726117206,-0.006138856660392186,-0.006416194535779288,-0.006551687813338799,-0.006730001470910989
