Epoch, 18
training loss,0.0,0.000495447112860767,0.0004981585584887551,0.0004891806957863006,0.0004876547336607473,0.0004862753975676439,0.0004853181994005616,0.0004833699394537194,0.0004814079169953786,0.0004794714718421506,0.0004770307092523502,0.0004745649539185632,0.0004733401673936903,0.0004714103707292506,0.0004690392929902621,0.000467590406373512,0.00045740804126568214,0.0004538149812430676,0.00045221107625393036,0.0004510547953096653
training obj,0.01146111109374822,0.0,0.0,0.0,0.0,0.0,0.0,0.0,0.0,0.0,0.0,0.0,0.0,0.0,0.0,0.0,0.0,0.0,0.0,-0.0412566134503159
validating loss,0.0,0.000566491766108295,0.000568396255201648,0.000572379680917293,0.0005645255974760186,0.000645962959056447,0.0005651173926748909,0.0007481892472685913,0.0006331309570454965,0.0007551066733225632,0.0007398465001664791,0.0006275830353364698,0.0007325717244799987,0.0007453825541718172,0.0007155150638892844,0.000659489006620379,0.0008472729269672945,0.0008454951558510449,0.0009624451743211246,0.00080941746642144
validating obj,0.01258388212495274,0.0,0.0,0.0,0.0,0.0,0.0,0.0,0.0,0.0,0.0,0.0,0.0,0.0,0.0,0.0,0.0,0.0,0.0,-0.042205730960688276
testing loss,0.0,0.0004644848119734791,0.0004619985161133879,0.00046183146095935657,0.00046002772153718255,0.0005179469759638939,0.00045844919935816365,0.0005959941461355615,0.0004988100620012401,0.0006041229847638179,0.0005874103144644868,0.0004945165740266236,0.0005902273096799912,0.0005896561714524917,0.0005660102917925373,0.0005183405946511792,0.00070183230845018,0.0007078524575141044,0.0008172006636760105,0.000663949464225986
testing obj,0.011020246519676686,0.0,0.0,0.0,0.0,0.0,0.0,0.0,0.0,0.0,0.0,0.0,0.0,0.0,0.0,0.0,0.0,0.0,0.0,-0.0424095443970878
