Epoch, 12
training loss,0.0,0.0005019348291368226,0.0007911605962129751,0.001207496752656277,0.0015604200432994596,0.0017963626886501219,0.0020461403350901463,0.0022142152319762384,0.002230657696899824,0.002235254058529415,0.002302868443052606,0.002333010011570734,0.0022772794406970363,0.00229785983806386
training obj,0.02891268390570666,-0.011923163625135232,-0.01107175388803735,-0.010772726463011138,-0.01079271523174242,-0.010722518172099014,-0.010761646169611607,-0.010713220929636948,-0.010643483960049969,-0.010640564795167423,-0.010647777026127455,-0.010613733112751883,-0.01061828474965841,-0.010605490724962568
validating loss,0.0,0.0005114595306562711,0.0010182092509677177,0.0014844809322066888,0.0016730772814742422,0.0019054700959647867,0.002098051220751416,0.0021267704773214116,0.0022377622334744177,0.002310116518132556,0.002267777800685275,0.0022853325042252472,0.0023221532948344147,0.002195142382189106
validating obj,0.028679359004958483,-0.011386209596141813,-0.010556227491707718,-0.010826157917555384,-0.010477107338072365,-0.010511959709588013,-0.010349776253432912,-0.010648739813411266,-0.010058707826300348,-0.010224338157656748,-0.010045854672048382,-0.010812177570137135,-0.010239630174230152,-0.010195326958347925
testing loss,0.0,0.00046874996171493796,0.0009853705225220646,0.0014631325523180665,0.0016551869289216981,0.0018836314941831766,0.0020838433257688842,0.0021091418060483714,0.0022244668339672473,0.0023048806929738034,0.0022442497543148253,0.002247466663060559,0.002310472800989079,0.002152860139420684
testing obj,0.028050287108926066,-0.012000115291157772,-0.011085028199097478,-0.011285993004884576,-0.011039372817685317,-0.011131923770164934,-0.01132761445834194,-0.011136163798923862,-0.010527423492403582,-0.010756750374097896,-0.010647074691310088,-0.011030655062321426,-0.010654509380514286,-0.010576998748818152
