Epoch, 6
training loss,0.0,0.0004953216148333264,0.0005003685134471077,0.000491417815848128,0.0004901219155432526,0.0004885474962396001,0.0004866898541669073,0.0004855311930588628
training obj,0.011865163744446551,0.0,0.0,0.0,0.0,0.0,0.0,-0.04514854705935671
validating loss,0.0,0.0005239209055701782,0.0005234390896302728,0.0005236544361855443,0.0006003752460072435,0.0005973718398686492,0.0006776108203638485,0.0006114884937550852
validating obj,0.012219380449574557,0.0,0.0,0.0,0.0,0.0,0.0,-0.04716249012024139
testing loss,0.0,0.0004866488614271771,0.00048527549015786484,0.00048288691100338235,0.0005313443013499154,0.0005316751226997195,0.0006058873887499033,0.0005472085882351865
testing obj,0.01191864088866956,0.0,0.0,0.0,0.0,0.0,0.0,-0.04791566584156682
