Epoch, 6
training loss,0.0,0.0004937663018535325,0.0004954432835095649,0.0004854975907761235,0.00048541503718340517,0.0004843107576553064,0.000483194121665816,0.0004816204324621746
training obj,0.006147354682223207,0.0,0.0,0.0,0.0,0.0,0.0,-0.035331370115314134
validating loss,0.0,0.0005396410507937711,0.0005414822960928425,0.0005735849474879403,0.0006264390274069625,0.0005574478478737701,0.0005863791436860684,0.0005527858579043697
validating obj,0.0062615926382309115,0.0,0.0,0.0,0.0,0.0,0.0,-0.035131658018150956
testing loss,0.0,0.000466097566975792,0.00045894992485650047,0.00047432340878366915,0.0005072791941803375,0.0004637507348303445,0.0004809598403552222,0.00046525978849537147
testing obj,0.006199683979227369,0.0,0.0,0.0,0.0,0.0,0.0,-0.03525766088561557
