Epoch, 6
training loss,0.0,0.0005039173666312396,0.0005011393757927297,0.0004905415746495364,0.0004871114351126326,0.00048345544034564014,0.0004808045446341753,0.00047812754259125834
training obj,0.03698200447033885,0.0,0.0,0.0,0.0,0.0,0.0,-0.032148476989014
validating loss,0.0,0.0005218158955663639,0.0006222546318870008,0.0006726695731996033,0.0006130396033459783,0.000681770434714878,0.0007076519434946544,0.0006562389159616596
validating obj,0.03739279963295249,0.0,0.0,0.0,0.0,0.0,0.0,-0.03150864310440153
testing loss,0.0,0.00046325965359504055,0.0005311660040837188,0.0005739771859632587,0.0005247746190065122,0.0005786629431980094,0.0006037332004247948,0.0005807676170098038
testing obj,0.035164719545274406,0.0,0.0,0.0,0.0,0.0,0.0,-0.033026785358126164
