Epoch, 10
training loss,0.0,0.0005327101094378889,0.0007277733435187781,0.0007721953714887301,0.0008948518709717867,0.0010397494489820126,0.0012295137549860075,0.001391839164345726,0.0015674582541025444,0.001699385745907385,0.0017878494207181183,0.001848957212367917
training obj,0.031112890308905464,-0.015266280036930945,-0.018583219149606485,-0.009715975588187575,-0.009552827236406944,-0.009439153305492273,-0.009138854932240849,-0.008823936751258431,-0.008561422408777563,-0.008021394442310373,-0.00755555827134088,-0.007066821872128867
validating loss,0.0,0.0004610507908687901,0.0006428166327370693,0.0007762423402810884,0.0009213106693803436,0.001054474503487452,0.0012851502348591264,0.0014597838421145247,0.001629802362812269,0.0017047382975255863,0.0018002122750557545,0.0018290639240553395
validating obj,0.028318852367293503,-0.01661933706297229,-0.010996556465720965,-0.010059825548928024,-0.009909915013445748,-0.010556244757026434,-0.010456731002907164,-0.010085960442665964,-0.00969222687288291,-0.010804778547026217,-0.010286506381817162,-0.01030617585638538
testing loss,0.0,0.0004730672691358769,0.0006581571388114999,0.0007913380112448657,0.0009367688731258937,0.001071863461638222,0.0013035933103261363,0.0014770613500307238,0.0016497819561737815,0.0017255004463918708,0.001822977391310741,0.0018484989917409178
testing obj,0.026913921738899237,-0.015030807777735833,-0.011444816252569089,-0.01022930840042898,-0.010340636054909712,-0.010945379774941987,-0.010576937117966244,-0.010435555970321435,-0.010559075370405775,-0.011116530834319623,-0.010683209575536484,-0.011083716671360103
