Epoch, 10
training loss,0.0,0.0004966311367479827,0.0010685688931163385,0.002169640878933212,0.0024881302170121134,0.002595335042553713,0.0026435079593790044,0.002662162391535012,0.002661177816527989,0.0026615558772373586,0.00266335960326044,0.002647129694345229
training obj,0.028851224657853503,-0.014675434005099552,-0.01162848060534343,-0.009843634146667973,-0.009388107318911956,-0.009023874511134478,-0.0086893419574058,-0.008484408913338208,-0.008273994812100787,-0.008026944048423962,-0.007829222059165747,-0.007652920481603762
validating loss,0.0,0.0005231937836145879,0.001744702187685818,0.002474491566638736,0.0025873976553368113,0.002634316489461384,0.002737250234641676,0.002710857882186977,0.0027367391987706963,0.002718994113581197,0.0026185791597098987,0.00269381401038835
validating obj,0.029637848104392163,-0.014435598052309819,-0.009920713761225214,-0.009615573555127972,-0.009376506852856145,-0.009107599703588596,-0.009243158495076207,-0.00925852275924003,-0.008836639864180096,-0.008734540486946753,-0.008880245326099769,-0.009009118082330507
testing loss,0.0,0.00047144814837584114,0.0016872095446648931,0.002412819356870759,0.0025265423677983518,0.002574633728398616,0.0026789458769913795,0.002660197798938534,0.002678810844435108,0.002658914494538189,0.0025582356360803475,0.0026358312465532613
testing obj,0.028564841111419843,-0.014340201299397112,-0.010485879195655301,-0.010104640472556901,-0.009786028124427297,-0.009766981633229376,-0.00964234091731016,-0.00958180844943278,-0.009262764444310224,-0.009427163132190665,-0.009310121968806932,-0.009304377860902598
