Epoch, 6
training loss,0.0,0.000505218589238118,0.0004930746799818484,0.0004843870328554129,0.0004820644065595047,0.000479429444805944,0.00047695474510840106,0.000474808105633664
training obj,0.022272966086062652,0.0,0.0,0.0,0.0,0.0,0.0,-0.039335271044858386
validating loss,0.0,0.0005015819108795019,0.0005346319649673058,0.0005375579488493911,0.0007279227201941272,0.0005440023923914107,0.0008513224635192251,0.0006244026529337852
validating obj,0.02265897891919248,0.0,0.0,0.0,0.0,0.0,0.0,-0.037851871875884936
testing loss,0.0,0.0004742964657185148,0.0004854664877834012,0.000481741780331723,0.0006476319765253012,0.00048335806265817604,0.0007861990188836042,0.0005460495598082332
testing obj,0.02243784868652113,0.0,0.0,0.0,0.0,0.0,0.0,-0.038361682239182536
