Epoch, 9
training loss,0.0,0.0005122126646192537,0.0011646563241459638,0.002186073226171327,0.0025226251107155614,0.0026142673096913455,0.002646839539603104,0.002659753901232769,0.002645194145880228,0.002637037473865757,0.0026135636770021338
training obj,0.032233660481548715,-0.01375068195745821,-0.010084211424410324,-0.007995023651090331,-0.007566779204769404,-0.007205446646192903,-0.006847308734633925,-0.006539136698568025,-0.006210871269346419,-0.005959024292513769,-0.005703224621656217
validating loss,0.0,0.0005388268996489308,0.001762919998840529,0.0024937078736200413,0.0025999667743304713,0.00269550759390409,0.002701384074193229,0.0027143253379253262,0.0026627294251946637,0.002657807458701276,0.002684729476701017
validating obj,0.033090664810182004,-0.012773310900971963,-0.008211683076693576,-0.007748532877142531,-0.007465121909898664,-0.007015222196538117,-0.00720195285935651,-0.007005942718747836,-0.006817635178975245,-0.00674931974243695,-0.00676428755402088
testing loss,0.0,0.0004803634524759564,0.0016962342982528259,0.002422148756532194,0.002529860557122685,0.002625694817810507,0.002634776399507734,0.002645718436303473,0.0025948067323950707,0.0025889599962695383,0.002615745715546885
testing obj,0.031715352626809155,-0.013726805309923734,-0.008345267798237842,-0.008055478289143122,-0.007760110364107995,-0.007566007195006922,-0.0075979755060080435,-0.007372444696931197,-0.007210142732551402,-0.007175330465167389,-0.007287882843692811
