Epoch, 7
training loss,0.0,0.0005265589251625808,0.0005530877877996924,0.0004933667593742903,0.0004920381785304212,0.000490525482946039,0.0004884210673980323,0.00048782765416213877,0.0004849478086529701
training obj,0.023993476650075,0.0,0.0,0.0,0.0,0.0,0.0,0.0,-0.032518763310622936
validating loss,0.0,0.0004935263851722185,0.0004596356320689665,0.0004614200992768423,0.00046258462740903877,0.0004631430783774704,0.0004684126587461732,0.0004699336093633772,0.0004832280590360622
validating obj,0.024401138006295595,0.0,0.0,0.0,0.0,0.0,0.0,0.0,-0.0360654895969977
testing loss,0.0,0.00041221501010728096,0.0003843454095830738,0.0004005773597462984,0.0003898970011308651,0.0004091715180382724,0.00042097213559286873,0.0004824812197979112,0.0004659448226251501
testing obj,0.01839270140044391,0.0,0.0,0.0,0.0,0.0,0.0,0.0,-0.03338136200516208
