Epoch, 7
training loss,0.0,0.0005779671839977085,0.0006162649394622456,0.0005645465050703005,0.0005632060284351967,0.0005611534070625317,0.0005591985881705221,0.0005574640361980225,0.0005553613822877535
training obj,0.029892761178095553,0.0,0.0,0.0,0.0,0.0,0.0,0.0,-0.02626256992602173
validating loss,0.0,0.0004754839721701703,0.0004694786960802351,0.0004656780028098082,0.0004681697302860104,0.0004711557287211892,0.0004705241778234874,0.00047952593013178557,0.000490382739169743
validating obj,0.02406595129933622,0.0,0.0,0.0,0.0,0.0,0.0,0.0,-0.026149981926816206
testing loss,0.0,0.00048238366729787523,0.00047226758682439605,0.0004813780299603398,0.0004930179069609998,0.0005257964554845317,0.0005338186885047755,0.0005701740131346898,0.0005687374291851853
testing obj,0.025263479558398593,0.0,0.0,0.0,0.0,0.0,0.0,0.0,-0.030070945840782008
