Epoch, 2
training loss,0.0,0.000500313634332301,0.0012413376045884716,0.002324194543987156
training obj,0.03645971172495655,-0.011377406179701958,-0.007291484509138492,-0.0058633274586684814
validating loss,0.0,0.0005293168244304564,0.0020345952869376817,0.002544728019935398
validating obj,0.03791478729507142,-0.011019072451090576,-0.006111357050100309,-0.005668238897817564
testing loss,0.0,0.00047133089100906753,0.0019711840069466455,0.0024799341183611018
testing obj,0.03593795787119876,-0.011322812276023556,-0.0070545488676751955,-0.006248319497902633
