Epoch, 7
training loss,0.0,0.0005744838183197905,0.0006431033283982234,0.0005637813273043481,0.0005615029311407924,0.0005600447080545492,0.0005571363385944791,0.0005505799770831157,0.0005515490812660359
training obj,-0.002979316078491655,0.0,0.0,0.0,0.0,0.0,0.0,0.0,-0.055114311023670086
validating loss,0.0,0.00042215676613624155,0.0004084266222182325,0.00041350492716042534,0.0004094703385312136,0.00040999244508081273,0.0004197243995602346,0.00041564085909663443,0.00043196003571210895
validating obj,-0.004993256983450717,0.0,0.0,0.0,0.0,0.0,0.0,0.0,-0.059071488161053926
testing loss,0.0,0.0005542727013636142,0.0005398967934426666,0.0005360863219598163,0.0005318124697844945,0.0005320223134657607,0.0005413346570020547,0.0005425712774307907,0.0005654060357817405
testing obj,-0.0038761078203852113,0.0,0.0,0.0,0.0,0.0,0.0,0.0,-0.053844292648136616
