Epoch, 9
training loss,0.0,0.0005316725302762672,0.0006352161294832031,0.000543879623229241,0.0005584310204950252,0.0005634801627214377,0.0005860925490161011,0.0005908537607562418,0.0006636198153251362,0.0006745258965084384,0.0007516132805761242
training obj,-0.0029232446560818774,-0.07651857562436193,-0.058967663771381566,-0.05397149653484424,-0.05384330979603178,-0.05211857180385029,-0.05089849032023374,-0.05069604879427774,-0.05009344294302019,-0.04980729988538751,-0.048761532802646064
validating loss,0.0,0.00040579545687554247,0.000405847312019129,0.000420348434393721,0.00041579492103159684,0.00040005924509185005,0.00043707827575821686,0.00047943415463830915,0.000639890266029397,0.0006879759831564217,0.0007275034691297656
validating obj,-0.00497723915355487,-0.07221819170647198,-0.056110342550608844,-0.05683657511447867,-0.05764224799349904,-0.054216157282806106,-0.054763328128804765,-0.0551821096903748,-0.05467911338847545,-0.056641734360406794,-0.05637600924819708
testing loss,0.0,0.0005111280228742839,0.0005298719316743774,0.0005718337367422489,0.0005808265771495801,0.0005424593675490689,0.0005653279348169579,0.0007372116171511054,0.0008839871230963114,0.0009382948645341801,0.000933106370801987
testing obj,-0.003523747461873132,-0.07874773860581823,-0.057185314683797395,-0.058656522538512945,-0.058623906501845735,-0.055032561986228905,-0.053823522996862196,-0.0559062544206107,-0.05517349813787921,-0.05663441976129606,-0.05539081104703852
