Epoch, 12
training loss,0.0,0.0005051186977398103,0.0007412280722816761,0.0010652007855902264,0.001320596235944096,0.0016446429686744824,0.001831781402683984,0.0020170977677946957,0.0021332179433716687,0.0021702331339612537,0.002256986958512493,0.0022546489923596347,0.0021824566515381183,0.002150854825421514
training obj,0.02888540235803604,-0.01243042777134225,-0.011271985898118583,-0.01083911486090339,-0.01082779288803286,-0.010822826309377122,-0.010794173936562564,-0.01074525702623485,-0.010735268160919851,-0.01072108347483918,-0.010695754597296468,-0.010665626873418824,-0.01073456411210901,-0.010654862903352897
validating loss,0.0,0.0005227332691861208,0.0010152596049413576,0.0012813203073441853,0.0012857516542533057,0.001769785180963434,0.001949043646793181,0.0022639934808196286,0.0020378728190341895,0.0022380388705188787,0.002386436859712933,0.0022909126933712423,0.002103371392801778,0.0021550637225448846
validating obj,0.028868962540114007,-0.011738970427802895,-0.010221387902161937,-0.009796869627258073,-0.009832603247855568,-0.009835451193215087,-0.009649866414868683,-0.009632990848205365,-0.009673471681799443,-0.009481398140605552,-0.009470963176294749,-0.009681603193740685,-0.009627816288661096,-0.009552940805233164
testing loss,0.0,0.0004775371370655657,0.000971825781413362,0.001230712466081364,0.0012325945132666087,0.001734439520748002,0.001907987689411848,0.002229854392197156,0.0019965486400574366,0.002200263071878975,0.0023440710541819463,0.002251483305944883,0.0020574822753091563,0.002083269133342337
testing obj,0.02785395922960005,-0.012257077953002373,-0.011164974292624813,-0.010943939273362648,-0.010763457807569593,-0.010917004285798618,-0.010604629716867976,-0.0103756903144555,-0.010670468914274466,-0.010340589379151183,-0.01043727205186223,-0.01055427715354623,-0.010445612877256297,-0.010548966677487538
