Epoch, 6
training loss,0.0,0.0005041962955789235,0.0004928748753349537,0.00048317288332851545,0.00048088353514775574,0.0004778330678856347,0.0004757149504499714,0.0004735677599398408
training obj,0.025622364505803987,0.0,0.0,0.0,0.0,0.0,0.0,-0.034845077015479745
validating loss,0.0,0.0005158534789544322,0.0005760795463637488,0.0006108734481707159,0.0006839166680160768,0.0006410088360529742,0.0006159612107773233,0.0006036851810648712
validating obj,0.026454320191937438,0.0,0.0,0.0,0.0,0.0,0.0,-0.03362861976098385
testing loss,0.0,0.0004704898038964996,0.0005088465595674996,0.0005303153620859313,0.0005926032735950718,0.0005493137130812139,0.0005267247652352757,0.000513598429935128
testing obj,0.025607299606641192,0.0,0.0,0.0,0.0,0.0,0.0,-0.03319137883909598
