Epoch, 14
training loss,0.0,0.0004981290661515812,0.0004940483700378844,0.00048380292211204614,0.0004787479974371377,0.0004751617923137618,0.0004718761493503442,0.0004694453202222113,0.0004674310645234245,0.00046555877865501197,0.0004637292567431305,0.00046206132987822054,0.00046064243473543573,0.0004585088028467479,0.0004559071324686608,0.0004545671764341701
training obj,0.04047072114408222,0.0,0.0,0.0,0.0,0.0,0.0,0.0,0.0,0.0,0.0,0.0,0.0,0.0,0.0,0.0
validating loss,0.0,0.000521516452347465,0.0006232694736433137,0.0006540738667445427,0.0006046806937614319,0.0005635202912272157,0.0006907319473165127,0.0005951789462037391,0.0006027673945785782,0.0006261080810161723,0.0005601205809105705,0.0006203171475091546,0.0006105503747185329,0.0006972989319450267,0.0008275564058683208,0.0005580477501888265
validating obj,0.040561766685937306,0.0,0.0,0.0,0.0,0.0,0.0,0.0,0.0,0.0,0.0,0.0,0.0,0.0,0.0,0.0
testing loss,0.0,0.00047134913066389054,0.0005345574278687908,0.000564589848014143,0.0005243740565197225,0.0005080133054741372,0.0006104379909330652,0.0005333507595082469,0.0005457807650014986,0.0005536903070311764,0.0005134643563838826,0.0005649338898165015,0.0005496988941873455,0.0006304813082735278,0.0007218984475517813,0.0004962729785669308
testing obj,0.03986406442508897,0.0,0.0,0.0,0.0,0.0,0.0,0.0,0.0,0.0,0.0,0.0,0.0,0.0,0.0,0.0
