Epoch, 6
training loss,0.0,0.0005091460560936344,0.0004955166572834444,0.0004859494109407357,0.0004826457487884421,0.00048016688626368806,0.00047682223023426087,0.0004747436901188974
training obj,0.028637999130038203,0.0,0.0,0.0,0.0,0.0,0.0,-0.03489668757073339
validating loss,0.0,0.0005279128333178242,0.0005234447887317789,0.0006446444043529318,0.0005541996779671554,0.0007355822534034524,0.0006537960765615047,0.0007215765583112185
validating obj,0.028974653423077406,0.0,0.0,0.0,0.0,0.0,0.0,-0.0366574287008507
testing loss,0.0,0.00048681782950685644,0.0004742568771767818,0.0005570256605712002,0.0004950242820085149,0.0006510033990410173,0.0005698187938808098,0.000639281111123734
testing obj,0.028118104118494743,0.0,0.0,0.0,0.0,0.0,0.0,-0.03869959433353065
