Epoch, 10
training loss,0.0,0.0005537049544264115,0.000775286306994602,0.0006608420684499958,0.0005928384541880851,0.0006007523575510062,0.0006186936183047353,0.0006283929080168224,0.0006440360336187844,0.0006388381638566452,0.0006589372156703771,0.0006393744469866813
training obj,0.019605951781804656,-0.01887023338737587,-0.018898139806354748,-0.018396395795485552,-0.018306111092405285,-0.01839922589487305,-0.018446393887165423,-0.01847635735848955,-0.01843454370859499,-0.018334771132133172,-0.018282118553807045,-0.018397563285029988
validating loss,0.0,0.0004658181155213646,0.0005426628023188743,0.0005145525440942341,0.0004820985102722059,0.0005152133142271648,0.0005451177482124573,0.0005473881121563156,0.0005330040577165266,0.0005626737777978027,0.0005807323804118722,0.00047329460277170356
validating obj,0.019280270595724385,-0.02019586489121947,-0.01908992054975695,-0.01922281902645611,-0.019613130037517596,-0.01896048820991483,-0.019104481222004525,-0.018908297604260344,-0.01880504868717657,-0.019191956367447145,-0.019090354688362114,-0.019238268490880728
testing loss,0.0,0.00038906656482140534,0.00045490998446758886,0.0004629448398977606,0.00043145078902976036,0.000542903557141324,0.000573943443521637,0.0005135633810651425,0.0005269752539272697,0.0005636470986418489,0.0005882629377230989,0.00043971936434359494
testing obj,0.01563059786536001,-0.020899592700565385,-0.019803357505667453,-0.019544849612724943,-0.019151543009069724,-0.018724147928878665,-0.019767484992641856,-0.018800469404841598,-0.019351305515580886,-0.01926729570747026,-0.019179884004532487,-0.01920241319473732
