Epoch, 7
training loss,0.0,0.0005573783728679843,0.0007408265547151221,0.0007029508435687817,0.000730629742154669,0.0007609909080772423,0.0007927821208403318,0.0008471522862593845,0.0008917950311739582
training obj,0.044763266401109746,-0.01025767063165047,-0.012522187268397971,-0.005700066313604075,-0.005404207264712336,-0.00509510475859119,-0.004569262606959205,-0.004299950879067182,-0.003861827830391406
validating loss,0.0,0.00046976083285699133,0.0005969393366993043,0.0006339098116667527,0.0006613795275269593,0.0006882612756776831,0.0007288016519548061,0.0007792971163224946,0.0008362084295691198
validating obj,0.03967958424861232,-0.00926676258030865,-0.005461130976780421,-0.005496264103890603,-0.005395814931641023,-0.005434949529848786,-0.005930738588277664,-0.005718780503634157,-0.005682425350338842
testing loss,0.0,0.0004362180681365882,0.0005653946636074752,0.0006019110744976363,0.00063073039023407,0.0006584472839431082,0.0007311081202272829,0.0007689082865269754,0.0008411680610151961
testing obj,0.03662177686252304,-0.010333310803272636,-0.006248440280418239,-0.006491535398291072,-0.006312028734592369,-0.006175933602404453,-0.007275421532638673,-0.0067686556674842096,-0.006783956095475603
