Epoch, 18
training loss,0.0,0.0005395694068255071,0.0004981285320180795,0.0004880636227119541,0.00048475558663460316,0.0004820416620182536,0.0004792443495890731,0.00047687151594230073,0.0004744325577541111,0.0004726235702790657,0.00047038690379857043,0.00046881797490813687,0.00046695167969296804,0.00046570328734612485,0.00046338911785843897,0.0004617807291770239,0.0004608110422986921,0.00045921461951258294,0.0004579195068839356,0.00045719763573151887
training obj,0.028810019259978475,0.0,0.0,0.0,0.0,0.0,0.0,0.0,0.0,0.0,0.0,0.0,0.0,0.0,0.0,0.0,0.0,0.0,0.0,-0.03470775447198037
validating loss,0.0,0.0005820192274837723,0.0005998654860094194,0.0006380967456245413,0.0006734866597024027,0.0008725999173435147,0.0006047747565484138,0.000603710384226757,0.0007545264929186175,0.0007323967437668716,0.0006990662486557075,0.0007499885305717578,0.0010687816798415882,0.0005577031763322461,0.0005943607098352853,0.0006581728807020091,0.0005875543899073629,0.000704832818845241,0.0006603570137237188,0.0005229369865959611
validating obj,0.029953278433595975,0.0,0.0,0.0,0.0,0.0,0.0,0.0,0.0,0.0,0.0,0.0,0.0,0.0,0.0,0.0,0.0,0.0,0.0,-0.03181213597931406
testing loss,0.0,0.0005047465780775565,0.0005067302908535194,0.0005286248772144206,0.0005558810895534269,0.0007636775242804614,0.0005019205897596561,0.0005132767472694878,0.0006440219800493407,0.0006179037134615118,0.000595807137062253,0.0006483035375072685,0.0009804918499021886,0.0004939225636134702,0.0005240536656371148,0.0005615742722978129,0.0005229040722988054,0.0006369588391673222,0.0005753418692194684,0.00046248180976352115
testing obj,0.02798019868214318,0.0,0.0,0.0,0.0,0.0,0.0,0.0,0.0,0.0,0.0,0.0,0.0,0.0,0.0,0.0,0.0,0.0,0.0,-0.0334187094458794
