Epoch, 6
training loss,0.0,0.0004934433219084758,0.0004977956509109743,0.00048804517126464303,0.0004876568552724042,0.0004866429404345038,0.00048611774610225647,0.00048475490895969636
training obj,-0.0037886621569433935,0.0,0.0,0.0,0.0,0.0,0.0,-0.052761308573777886
validating loss,0.0,0.0005897570190049714,0.0005778283356791837,0.0006242338131288845,0.0006486188915924122,0.0007711201305308312,0.0006435372213666669,0.0006278249992392123
validating obj,-0.0032863805093077433,0.0,0.0,0.0,0.0,0.0,0.0,-0.05145864917294068
testing loss,0.0,0.0005032960007892098,0.000498781485189307,0.0005232103749895126,0.0005420922356523535,0.0006454220112476185,0.0005356150646366899,0.0005191980720166655
testing obj,-0.002751115188579654,0.0,0.0,0.0,0.0,0.0,0.0,-0.05306866055229445
