Epoch, 9
training loss,0.0,0.0005505879874131186,0.0007513425191385014,0.000711273250407448,0.0007555238441472837,0.0008113091125600405,0.0008683289759609775,0.0009568779051358648,0.001133568574190505,0.001152048047915028,0.0012096958255450078
training obj,0.03395817508081011,-0.011634906524719268,-0.01557727329040348,-0.00845911883812982,-0.008271975143739552,-0.008063961208715815,-0.0077253912452279645,-0.007341228463851354,-0.006862935971231291,-0.00644979209356083,-0.00605075051460196
validating loss,0.0,0.00045894424450428534,0.0005921700042866481,0.0006291944769650905,0.0006880507773732663,0.0007214062061393633,0.0008243236653571431,0.000901118418874426,0.0010292218309283878,0.0010826877049920666,0.0011266771374115099
validating obj,0.02985348063521087,-0.011508259928733524,-0.007884979474410001,-0.007839491933635954,-0.0076532699038378066,-0.007773211665658487,-0.007848004745836887,-0.00763772303212641,-0.007821003363157311,-0.008501813320132593,-0.008477875710620234
testing loss,0.0,0.00043957821420721104,0.0005753832211249155,0.0006127384608466731,0.0006729894580407621,0.0007085769246112102,0.0008135482895414572,0.0008916386585632288,0.0010315294305139498,0.0010987809124541142,0.0011489174086474687
testing obj,0.02797003396207819,-0.01106942695332691,-0.00842314973674916,-0.008774833133872095,-0.008787171455804963,-0.008838890167582478,-0.00882602488382946,-0.008725324378197861,-0.008805650605732022,-0.010003269948946262,-0.01057482639491256
