Epoch, 6
training loss,0.0,0.00048256361259280014,0.00048160440684532263,0.000471462380347911,0.0004701944640980546,0.000469065210062504,0.00046732976368145504,0.0004661930748101498
training obj,0.006485274486809499,0.0,0.0,0.0,0.0,0.0,0.0,-0.03492137433488484
validating loss,0.0,0.0005002814266587178,0.0005030560448166961,0.0004979172004307225,0.000555332739747135,0.0005295520305232134,0.0006537510376034069,0.0007161575934594291
validating obj,0.006915032174792721,0.0,0.0,0.0,0.0,0.0,0.0,-0.034241445749276234
testing loss,0.0,0.00047036428303932074,0.00047144139699473387,0.00046611515311562344,0.0004922340419167984,0.000478638837546226,0.0005801843520777465,0.0006390249032227454
testing obj,0.006071517147001988,0.0,0.0,0.0,0.0,0.0,0.0,-0.03562068904023906
