Epoch, 6
training loss,0.0,0.0005412701415480114,0.0007994153980832255,0.0009423434817661331,0.001198765248352406,0.0015314363415681702,0.0017766531278361,0.0019921732947741654
training obj,0.027701671416049494,-0.016982251699721698,-0.01672952015263339,-0.012250621306399504,-0.012194705716169933,-0.01209326603805975,-0.01176969647708842,-0.011545020228653563
validating loss,0.0,0.0005033129034725587,0.000806446892157611,0.0009702348066235168,0.0013655841240607616,0.0016205450972645646,0.0017350632665006237,0.001980538777489629
validating obj,0.027346008534853656,-0.01606197315009518,-0.011616940959356725,-0.011740851021992663,-0.011673315156561634,-0.012269030532075299,-0.014698752124483386,-0.01255540807162308
testing loss,0.0,0.00044019552877069,0.0007503799444404305,0.0009167672444065731,0.0013142007370038915,0.0015690578997286189,0.0016731813005675133,0.0019320895316431652
testing obj,0.023078443249687552,-0.01738426779912835,-0.011835394889695218,-0.01175708556547761,-0.011974279495031648,-0.012022846088920897,-0.013638950261362904,-0.012424345411410605
