Epoch, 14
training loss,0.0,0.0005057419039847561,0.0009383169194904782,0.0020798116236285876,0.0024353159430594764,0.002548790923379457,0.0025839470790724843,0.0026052297725336704,0.0025884235406127306,0.002571621650730717,0.0025520764054322736,0.002530686913197768,0.0024970289607577326,0.0024665383153289182,0.0024305037571244947,0.0023858882157895274
training obj,0.032044619189793906,-0.013134954012843139,-0.00944963406781869,-0.00794879053837594,-0.0075199435452064515,-0.007081424258787119,-0.006707662560139402,-0.006391164429218984,-0.006098175480540684,-0.005910631015806558,-0.00567153410239125,-0.005460318101131903,-0.005301024726430355,-0.005091093397178986,-0.0049055229409329625,-0.004763057789282186
validating loss,0.0,0.0005390117031566003,0.0017191372867383604,0.0023568016315800716,0.0025887101369822933,0.0026374914285414255,0.0026414806883666136,0.0026859474903339954,0.0026308735550597154,0.002565618982267885,0.002627045078892712,0.00257934292836379,0.0026071130211068683,0.0025315036103741675,0.0025196142940198726,0.0025120003823236045
validating obj,0.032777278147521835,-0.011932661334716531,-0.007439180680511964,-0.007521736275269344,-0.0072965296670137085,-0.006982019065982408,-0.007017833831684606,-0.006708900441389828,-0.006919442439148892,-0.00696520115753191,-0.006968148743127921,-0.006671836048245405,-0.006573337401750024,-0.006695507218332955,-0.006639235049959878,-0.006798178077978324
testing loss,0.0,0.00048518333619110017,0.0016632538806589355,0.0023015759890921503,0.002534721843560071,0.0025861643658704066,0.002593913173668484,0.002635556434661073,0.0025772316198597266,0.0025189418134098415,0.0025816988149856613,0.002528300049006234,0.0025573859314663456,0.0024867973772475494,0.0024754230731299947,0.00246612717603492
testing obj,0.031484376022787745,-0.012860915236689611,-0.008326665086955435,-0.008331241515519582,-0.00798910976228867,-0.007878911665042865,-0.007927913644924926,-0.007814406192594603,-0.007662809353318585,-0.008077352877190134,-0.007921330424998655,-0.00766491366725851,-0.00767186805349414,-0.0077216860162184,-0.00781642843824098,-0.007814941737438566
