Epoch, 5
training loss,0.0,0.0005050344736618489,0.0014363174121340674,0.002465402597988105,0.002606048005430076,0.0026463839579998153,0.0026697727985435793
training obj,0.03240834031721551,-0.01286812336924596,-0.009414698672974555,-0.008152441296031187,-0.00759983619224304,-0.007159159945404888,-0.006808907859931154
validating loss,0.0,0.0005295922877672846,0.0023140260493737293,0.0026062597258010023,0.002685790552812464,0.002664409753476563,0.00273561070408917
validating obj,0.03307743111438405,-0.01247302126816142,-0.00803517721751286,-0.007456247688748046,-0.007183586797921896,-0.007222041411157762,-0.006839629182121539
testing loss,0.0,0.0004659057674420458,0.002253302552524101,0.0025423124076705585,0.0026231317331280282,0.002602759997958314,0.002674118256222027
testing obj,0.031073231859975806,-0.012807139334158264,-0.008807924569691828,-0.008354943891243428,-0.008102023304823189,-0.008013785047706685,-0.00784857840984162
