Epoch, 6
training loss,0.0,0.0005027122959387734,0.0007247372261864818,0.0012804318500100175,0.0020082835465668712,0.002196776124518328,0.0022445543151609674,0.002230682678548693
training obj,0.022830830759752754,-0.015816374380174563,-0.01504148405019554,-0.014850142581344268,-0.01483385145852041,-0.014868246372357466,-0.01481681011868154,-0.014769753432489152
validating loss,0.0,0.0005142446906823676,0.0009385674299026121,0.0018526606860322472,0.0022386978456918087,0.002152959766207991,0.0022256841180543175,0.0023343440021990854
validating obj,0.02238188625094207,-0.01521347865710441,-0.014063761186073808,-0.014040563972570183,-0.014017170712442031,-0.014225255651238364,-0.014068835216758058,-0.014796994344547237
testing loss,0.0,0.00047076671785166446,0.000894554555021377,0.0018121478616271213,0.0021963856582130703,0.0020985431512721563,0.0021816909282344832,0.0022947964266106075
testing obj,0.021877554527815694,-0.01618489809614797,-0.015015512023589184,-0.015196579598850552,-0.015101092526522463,-0.015111078551879053,-0.014834970346028419,-0.015418536541502596
