Epoch, 8
training loss,0.0,0.000505266804296888,0.0006196434169360648,0.0007787595743741551,0.0012198920457045725,0.001512187001433387,0.0017658475146048447,0.002019845174785788,0.001996396594123797,0.002022465658307542
training obj,0.02574812794353122,-0.012905314275044287,-0.012725751988127776,-0.012486903952157742,-0.012480244110005447,-0.01235235843404942,-0.012334844106105679,-0.012307305282927384,-0.01234551349612774,-0.012262648604791869
validating loss,0.0,0.0005301761558858652,0.0006412516043833248,0.0011221767368139925,0.0015222437802225248,0.001650610421194089,0.0018581124220488942,0.0020836456157154303,0.0020827435748168237,0.0020899073101252248
validating obj,0.02651324672108858,-0.012096628649031363,-0.01223166614600093,-0.01150904963949895,-0.011308664901127271,-0.01117538619838062,-0.011284443630376076,-0.011429045619249704,-0.011641484834688834,-0.011543338767907044
testing loss,0.0,0.0004874776727031025,0.000597132404264513,0.001088118997693828,0.0014907034075331655,0.0016121603190364306,0.0018160992990323645,0.0020617043700473137,0.0020561518074252135,0.002052024672023885
testing obj,0.025462877715452095,-0.01244038774787405,-0.012623985348872059,-0.011887544827982975,-0.011920852825869509,-0.011742004796881839,-0.011851850732569478,-0.012055564141173473,-0.012319298995267632,-0.012279750971626906
