Epoch, 6
training loss,0.0,0.0005050259122437971,0.0004924244042936143,0.00048318992972221726,0.0004811229917150423,0.00047850564064013876,0.0004761551525032349,0.00047375098005309954
training obj,0.025737603943330224,0.0,0.0,0.0,0.0,0.0,0.0,-0.036210388999571935
validating loss,0.0,0.0005304633177666615,0.0005294449541951001,0.0005409429856365753,0.0006259905412945426,0.0005536165061375774,0.0006299165216380099,0.0006580242786207438
validating obj,0.026228712728266382,0.0,0.0,0.0,0.0,0.0,0.0,-0.03573322839790046
testing loss,0.0,0.00048519985507568584,0.0004799124749790434,0.0004807989776672787,0.0005401268349714491,0.0004933102464338639,0.0005409606459385554,0.0005661606371150574
testing obj,0.025186618834112013,0.0,0.0,0.0,0.0,0.0,0.0,-0.03649976906461221
