Epoch, 13
training loss,0.0,0.0005029860684874098,0.0004891832031232712,0.00047861422460625366,0.0004750653872710087,0.0004713880222863962,0.00046835169552679473,0.0004657035728557062,0.00046369021279752336,0.0004617602695358123,0.00046028236679116163,0.00045848678180225355,0.00045759134683197756,0.0004559960507680878,0.00045443537403521767
training obj,0.03650216553227047,0.0,0.0,0.0,0.0,0.0,0.0,0.0,0.0,0.0,0.0,0.0,0.0,0.0,-0.03201305224097295
validating loss,0.0,0.0005138217033396409,0.0005830016641389775,0.0005825075509747092,0.0005852119876750564,0.0006170962319173004,0.0005813566475144304,0.0005894395865095742,0.0005656997077919302,0.0005910162816907136,0.0005246466561210516,0.0006210705058629645,0.0006187558026977687,0.0005702352557041494,0.0006137476085663441
validating obj,0.03673663216878283,0.0,0.0,0.0,0.0,0.0,0.0,0.0,0.0,0.0,0.0,0.0,0.0,0.0,-0.03213106073232877
testing loss,0.0,0.0004759333420105751,0.0005200386887968064,0.000512233870201135,0.0005230072571119781,0.0005569579760882027,0.000546868631557426,0.0005541286038676848,0.0005314779227461046,0.0005502253154813867,0.000492639769870137,0.0005802175956964072,0.000559154545413727,0.000533843283530881,0.0005644684560437548
testing obj,0.03652776124455971,0.0,0.0,0.0,0.0,0.0,0.0,0.0,0.0,0.0,0.0,0.0,0.0,0.0,-0.03318447935059923
