Epoch, 9
training loss,0.0,0.0005031549185341521,0.0005768642353452891,0.0007671864423783165,0.0012622380989564205,0.0015446215720927156,0.0018850441841721808,0.0020062017943494248,0.0021677679616243337,0.002217583640485899,0.0021538107310485138
training obj,0.022180827541981276,-0.016350440422088622,-0.015120017461210519,-0.014962923625659536,-0.014936765101122903,-0.014894576996856018,-0.014914544711348232,-0.014879994618125936,-0.014785839012122293,-0.014930231351229955,-0.014806124162495125
validating loss,0.0,0.0005394368118563809,0.000703787988977858,0.0009563075994903941,0.0014800511968340627,0.001706046796539576,0.0019512723539299316,0.0021288761391528403,0.0023269238043898736,0.0023164162729507488,0.002209139157007658
validating obj,0.023546370091142334,-0.015562923751597431,-0.01418312197425451,-0.014492589467169659,-0.014178518996216279,-0.013922351131305924,-0.014072519623929036,-0.014053091273891214,-0.014168024868349897,-0.014403986023532735,-0.014215742575832897
testing loss,0.0,0.00048185483841274595,0.0006498628763923591,0.0008706785450184961,0.0014330083736248168,0.0016436473762353229,0.0019063458430521485,0.002086312988458006,0.002280838169212006,0.0022732883499632307,0.002158733195803175
testing obj,0.022073127768561886,-0.01584990268850478,-0.014207068513742233,-0.01447785634522626,-0.014309542466407055,-0.014085457529816553,-0.014187468734783042,-0.014087305274004959,-0.014209223124511193,-0.014432206755726824,-0.014156343479097376
