Epoch, 6
training loss,0.0,0.0005640229417265657,0.0006302840150573163,0.0005647791060932921,0.0005606937345303366,0.0005590354714299525,0.0005571999706957927,0.0005549175768500586
training obj,0.008218220142903281,0.0,0.0,0.0,0.0,0.0,0.0,-0.03469900610108002
validating loss,0.0,0.00042610581153389323,0.0004269390509661106,0.00042708192591413134,0.000428403675970104,0.000446509516728434,0.0004488771086875608,0.0004265358970264464
validating obj,0.005418031592853367,0.0,0.0,0.0,0.0,0.0,0.0,-0.03724139667530027
testing loss,0.0,0.0003621208822575706,0.0003681285067392998,0.0003599968380562181,0.00037394606723053684,0.00041466403952752543,0.0003955749174614588,0.000360090505588183
testing obj,0.0035636534322858664,0.0,0.0,0.0,0.0,0.0,0.0,-0.033683211441982434
