Epoch, 9
training loss,0.0,0.0005448788865846034,0.0005810533603710378,0.0005245955194707266,0.0005234499735011281,0.0005220521350993829,0.0005217182807802387,0.000519076845889418,0.0005174701727524984,0.0005154472238763108,0.000511728930709354
training obj,0.019318067410266867,0.0,0.0,0.0,0.0,0.0,0.0,0.0,0.0,0.0,-0.03691179786498348
validating loss,0.0,0.0004845515122724464,0.0004716468805175585,0.0004739112504871122,0.0004747237332291358,0.0004715325764360993,0.00046965928171024035,0.00047420948127789114,0.00047267304519967485,0.00047106867168622557,0.0005145612164293804
validating obj,0.0183483685961821,0.0,0.0,0.0,0.0,0.0,0.0,0.0,0.0,0.0,-0.03887394052516255
testing loss,0.0,0.00046139054550597367,0.0004483287466919629,0.0004465537112500405,0.0004553289296824447,0.00048382274109974024,0.0005187324444508507,0.0005709443974263047,0.0005417248895674995,0.0005324920215620345,0.0006462210494154951
testing obj,0.016194136901381048,0.0,0.0,0.0,0.0,0.0,0.0,0.0,0.0,0.0,-0.043385659281567145
