Epoch, 7
training loss,0.0,0.0005367256074689566,0.0005811360916328233,0.0005261437466234544,0.0005245195100809831,0.0005234590075441006,0.0005215491184464875,0.0005169122642780399,0.0005146028450718743
training obj,0.006468805762044355,0.0,0.0,0.0,0.0,0.0,0.0,0.0,-0.036470818263935105
validating loss,0.0,0.00048739025805843994,0.0004816630436026672,0.0004798471531507352,0.00047817426962461066,0.00048219980190980196,0.00047990294681060023,0.00048315745900456223,0.00048348104105065833
validating obj,0.00697777831616501,0.0,0.0,0.0,0.0,0.0,0.0,0.0,-0.037319084293105535
testing loss,0.0,0.000467312707228671,0.00045646972948570446,0.00046274294023483843,0.00046572379314228956,0.00046437380464143445,0.00047278347355549576,0.0004813016096434424,0.0005296105552367186
testing obj,0.00592773556205872,0.0,0.0,0.0,0.0,0.0,0.0,0.0,-0.03783647528522321
