Epoch, 6
training loss,0.0,0.0004980401756177539,0.000497829257930441,0.00048801780746348425,0.0004844063856146643,0.000481524208008833,0.00047894865425365975,0.0004765919308417272
training obj,0.029007219964788982,0.0,0.0,0.0,0.0,0.0,0.0,-0.03384267392451645
validating loss,0.0,0.0005246518658703495,0.0005318212195146091,0.0005208575506390485,0.0006900676552942031,0.0006265611714628286,0.0005651829096520477,0.000587366454830054
validating obj,0.02951670268221813,0.0,0.0,0.0,0.0,0.0,0.0,-0.035391135234707986
testing loss,0.0,0.00047973669054182633,0.00047980517862366055,0.0004743751519440899,0.0006017583789316522,0.0005453612642051538,0.0004990272683211384,0.0005258834599629493
testing obj,0.028789660527103175,0.0,0.0,0.0,0.0,0.0,0.0,-0.035829310451286386
