Epoch, 10
training loss,0.0,0.0005607078821020539,0.0008553194460760364,0.000693392928395256,0.0007463385664296391,0.0007636360066837868,0.0008122046834186596,0.0008619242265601369,0.000907441026727468,0.0009463000877112077,0.0010727004033933376,0.001071022027035189
training obj,0.0201023423605982,-0.01836247852656479,-0.018582242363881247,-0.01763067694344357,-0.01775854335659567,-0.017643082950848574,-0.017570373304553476,-0.01776164924616323,-0.017816777820424998,-0.017703995516742854,-0.017737466100530296,-0.017539786658815892
validating loss,0.0,0.0004697728794174812,0.0006500389430988838,0.000654967904766737,0.0007011777876565853,0.0007252021379018617,0.0007665330849704333,0.0007703874305459774,0.000754319287403228,0.0009278107059395148,0.0010586907527694064,0.0010620506622621582
validating obj,0.018913538415088423,-0.018197525499595538,-0.01787128867322786,-0.018035448557283316,-0.0174452007179045,-0.016902447807499103,-0.01728385301410324,-0.017370351667826373,-0.01656018604990095,-0.01739058463782486,-0.017572996685177915,-0.017311232138632074
testing loss,0.0,0.00042283177759059443,0.0006164947514441116,0.0006283264012529036,0.0007435580122841497,0.0007556723356026703,0.0008113834455552687,0.0007374977702400773,0.0007999186235719133,0.0008894296355523496,0.001097242728605665,0.0010829538522237861
testing obj,0.015835742031954026,-0.020758067408727633,-0.02051390373978663,-0.020367196861755203,-0.02039521066094371,-0.020187058435702645,-0.020485782429475238,-0.021070175030193216,-0.020160547042315877,-0.020918534691067966,-0.019854424728986783,-0.020344620778200193
