Epoch, 5
training loss,0.0,0.0004973316869354156,0.0004953370591225121,0.0004835043748936497,0.0004794363125062757,0.00047589058080482955,0.0004728487850383213
training obj,0.04046351363041109,0.0,0.0,0.0,0.0,0.0,0.0
validating loss,0.0,0.0005166379326236858,0.0005209752254064797,0.0005818969410683824,0.00070182490644678,0.0005917462502954855,0.000601251683755118
validating obj,0.03983908043175317,0.0,0.0,0.0,0.0,0.0,0.0
testing loss,0.0,0.0004674207702042754,0.00046809134365345163,0.0005280377464947009,0.0006098849177937603,0.0005152214988327758,0.000523256964639874
testing obj,0.04006788093058101,0.0,0.0,0.0,0.0,0.0,0.0
