Epoch, 8
training loss,0.0,0.0005489092360720879,0.0009654332102988572,0.000869005522804846,0.0008741295326948531,0.0009109916043349122,0.0009618158818578676,0.0010077984131616996,0.0010403258801328346,0.001073283120058477
training obj,0.04457256003264703,-0.009836062793985155,-0.01469873893576875,-0.005816012486249355,-0.005235840940126675,-0.004937437227607577,-0.004507890490668954,-0.004147083090855649,-0.003735777150209555,-0.0033048092337398262
validating loss,0.0,0.0004605251591177269,0.0008467601437587291,0.0007646836869146986,0.0008071812739621641,0.0008632907281733222,0.0008721585068593009,0.0009063992410018626,0.000981347499570499,0.0010233253172676389
validating obj,0.0390963032324281,-0.009352405807779482,-0.005770403616932324,-0.005948759499005973,-0.005280174547806382,-0.00525481601491467,-0.006199973577167839,-0.005933343048026372,-0.00511011850903742,-0.005001581684660373
testing loss,0.0,0.000449438677999235,0.0008341636193280637,0.00075489809898647,0.0008072767845619268,0.0008619477574373721,0.0008711162797250861,0.0009106164636889573,0.0009880668477381806,0.0010259922018048128
testing obj,0.036278244510695744,-0.010335688973223237,-0.00734865601407364,-0.007405724401610928,-0.006591875164303929,-0.006625771453302051,-0.008154311160733169,-0.008058328919326636,-0.0059839920597025064,-0.006399633128485466
