Epoch, 11
training loss,0.0,0.0005542933339978952,0.0006570462621097892,0.0005429066253532702,0.0005459557430060836,0.0005509386567271078,0.0005562970678118861,0.0005677431818113808,0.0005715814033607661,0.0005852497776276341,0.0005773610245110011,0.0005819641822645459,0.0006010990150446328
training obj,0.012432212988827743,-0.05008610210874501,-0.03816431419850857,-0.02721773727486531,-0.027301318209399194,-0.026848795246698108,-0.02665257455379355,-0.025991784264424854,-0.025772962316541987,-0.025196019489792925,-0.024825190109949487,-0.024134368685019367,-0.02351146091469655
validating loss,0.0,0.00043057807569210936,0.00042596658325540676,0.00042741976378440287,0.0004294282821825214,0.0004298151290842927,0.0004450013406717011,0.0004447922914955092,0.00043700599498050805,0.0004633531979278713,0.00045145559144859563,0.00045117026881295413,0.0005103543123065416
validating obj,0.009831168048549443,-0.05218991590663791,-0.030784944848467905,-0.03125703916884959,-0.03145336088103553,-0.030756151355389092,-0.031693744809470244,-0.031327614198542304,-0.031026786658912897,-0.03099279012531042,-0.03360296172710756,-0.03274468102285431,-0.03221629001200199
testing loss,0.0,0.000483137494361349,0.00048563887852454883,0.0005156895600226267,0.0005159263937211772,0.0004955300085114415,0.000584423899036247,0.0005409492995248591,0.0005575330368309231,0.000561669853030597,0.0005728431074326305,0.0006414249905532956,0.0007286977015610319
testing obj,0.01158813912597661,-0.04597896628862096,-0.029075299968590606,-0.02923863082872452,-0.028848724647399945,-0.0292239277686521,-0.02939202976287217,-0.028451911035321048,-0.028567527320135285,-0.028680547316734854,-0.03034229835218473,-0.030870288258066047,-0.03053287967938829
