Epoch, 11
training loss,0.0,0.000510073134684333,0.0014900419331253648,0.002535620173995054,0.002633872724260356,0.0026731392133547477,0.002687337733456163,0.0026823954290023377,0.002677015903156941,0.002670562200622975,0.002659006457462635,0.002654491500567123,0.0026366937394883974
training obj,0.02903063806380959,-0.014076341936032745,-0.011168019195235126,-0.010174509167202328,-0.009769800191344942,-0.009360962386630638,-0.009090363964127539,-0.008755795725027037,-0.008540190529976963,-0.008298226732003394,-0.008097375080419274,-0.007896511262745176,-0.0076450401312865394
validating loss,0.0,0.0005218761279198355,0.002388748360449725,0.0026162869730403577,0.0026900038996447123,0.002735358198047664,0.0027374384125572176,0.0027425852934523745,0.002723541016493856,0.002735037025496054,0.0026967639158315517,0.0027106624317378013,0.0026584580012155652
validating obj,0.02936585910560299,-0.013166039711618506,-0.009945342115410136,-0.009472464280973179,-0.009047741160621693,-0.009306071332984549,-0.00893165024761175,-0.008848525186159542,-0.00867027865890349,-0.008848199814599923,-0.008865117464193616,-0.008916817258263593,-0.009039345624772864
testing loss,0.0,0.0004678781521906848,0.0023450662168351976,0.002569297977792109,0.002644641279593982,0.0026928208697837314,0.0026924085479531046,0.0026997971727565676,0.0026785373553896577,0.002693181562521166,0.0026522109171987964,0.0026704568621059703,0.0026179823448172997
testing obj,0.02772971779178578,-0.014266700049455112,-0.010769095851297582,-0.010568017479659037,-0.0100619018355564,-0.010212830472825713,-0.00987861626148352,-0.009753472225623536,-0.009753448494530496,-0.010017888964532125,-0.009816507967958377,-0.009829824913786837,-0.0098218523332987
