Epoch, 6
training loss,0.0,0.0005786518388406109,0.0006989212381406961,0.0006504672382873775,0.0006881090857752817,0.0007546596925856327,0.0008808849637930774,0.001001245508486332
training obj,0.017448744099295022,-0.032608264288408496,-0.030176482041019435,-0.022313290835339943,-0.022419883876892865,-0.022301113376320868,-0.0220069178571815,-0.021644098470535347
validating loss,0.0,0.0004860396279077071,0.0005435356348849988,0.0005617775305937459,0.00061881241951293,0.0007374655114189307,0.0008937367496805058,0.0009883433635372461
validating obj,0.01609322542531623,-0.034205124972181186,-0.02145085486376451,-0.021775882807560265,-0.02170011628833082,-0.02149021935959657,-0.02208774851169437,-0.02204586084311207
testing loss,0.0,0.00044352067994328243,0.0005154773027390695,0.0005362412388471106,0.0005958287501188524,0.0007186124468618702,0.0008824742064855338,0.0009788976112267355
testing obj,0.012648735082129369,-0.035642751404461825,-0.023566845854794658,-0.02416910893107588,-0.023559255582104262,-0.023854677011636464,-0.02405677633863446,-0.024242040311061853
