Epoch, 7
training loss,0.0,0.0005676230103263686,0.0005985589792972486,0.0005515532862844731,0.0005487486081512864,0.0005474985579734065,0.0005454432687210832,0.0005447763600386679,0.0005417330473017714
training obj,0.027965369431630655,0.0,0.0,0.0,0.0,0.0,0.0,0.0,-0.02797330045963035
validating loss,0.0,0.00042757699642000563,0.00042144307311294443,0.0004215972652067042,0.00041750173214596644,0.0005900920542545565,0.00042510604685554025,0.0004310248277761275,0.0004162325009626026
validating obj,0.024252162263211276,0.0,0.0,0.0,0.0,0.0,0.0,0.0,-0.029171690280135307
testing loss,0.0,0.00045829899868663604,0.0004629560582445167,0.0004629119741022461,0.00047383275582310363,0.0007134775911942376,0.0005292640229576185,0.0005623644675152546,0.000492864560156532
testing obj,0.02450608232410977,0.0,0.0,0.0,0.0,0.0,0.0,0.0,-0.02875819127704646
