Epoch, 9
training loss,0.0,0.0005430303396875102,0.0006002360314881776,0.0005313331304790279,0.0005314462367666647,0.000528448083587493,0.000526170901267666,0.0005236474557308361,0.0005192811150610556,0.0005114725944568978,0.0005075947408234545
training obj,0.0073632148204042635,0.0,0.0,0.0,0.0,0.0,0.0,0.0,0.0,0.0,-0.03550414136592664
validating loss,0.0,0.000423474280978553,0.00041102759253893356,0.00042205472830877017,0.0004140306476377494,0.00041931881989714585,0.00041646307343196694,0.00041657136999775603,0.0004394578720368574,0.0004246781487987998,0.0004640850353704688
validating obj,0.00558789092529979,0.0,0.0,0.0,0.0,0.0,0.0,0.0,0.0,0.0,-0.039911861065775156
testing loss,0.0,0.0005255947793606587,0.0005134469012920965,0.0005120472979871085,0.000514523761454699,0.0005108669627441339,0.0005089416487887345,0.0005332143535614139,0.0005144147145148128,0.0005071698619144012,0.0005784321057109156
testing obj,0.0068194756152209,0.0,0.0,0.0,0.0,0.0,0.0,0.0,0.0,0.0,-0.03537385465224852
