Epoch, 13
training loss,0.0,0.0005441624579629313,0.0008363534697541492,0.0008302722049776611,0.0008568734937237904,0.0008022358176508444,0.0008028149198485064,0.0008357145913703111,0.0009356614050464522,0.0009738646281024843,0.0009797573206014932,0.0010157209946591334,0.0008546241848985208,0.0008001833512703432,0.000874397112056613
training obj,0.04470147870700149,-0.0064303884962938875,-0.006753387966412393,-0.006663333485359508,-0.0065030155333635565,-0.006491491183017691,-0.006706073873804189,-0.0065765559308084785,-0.0063053753500913875,-0.006277744223674138,-0.006903432238865278,-0.006504168008983719,-0.006411899392739596,-0.006640098062252589,-0.006250279860607549
validating loss,0.0,0.00047819518598165206,0.0008475946718438839,0.0008823177902538899,0.0008843839443418094,0.000734456878288054,0.00072798136979044,0.0009102477472172015,0.0009754755802633655,0.0009506263336839362,0.0009883078196758612,0.0010337259284117157,0.0006547117672097455,0.0007313578045998131,0.0008553519930703462
validating obj,0.0400310683892005,-0.0060678601665939726,-0.006744456789520983,-0.00608188512463433,-0.006509958478596268,-0.006077291972663564,-0.006159508995349622,-0.0061360146549607935,-0.00678686227183789,-0.0061885708677841145,-0.006061690400302824,-0.006134470035451361,-0.006651634942196931,-0.0065632041433774345,-0.006171916326921847
testing loss,0.0,0.0004380815219003518,0.0009126593492535019,0.0009982116814196186,0.0009926796705553283,0.0007885923931442792,0.000792852186399663,0.000989371538044243,0.0011393592257927347,0.0010887807840009446,0.0011624381700499184,0.0011710737406345386,0.0006689204111918681,0.0007989880887671952,0.0009074208725438881
testing obj,0.03691189139577988,-0.007370768563280738,-0.007938349245090943,-0.007196166988374111,-0.007791614002623671,-0.007401090595128669,-0.007084540928386756,-0.007347524420962342,-0.007738408182646979,-0.00785907729201623,-0.007408303019080966,-0.007219785538099303,-0.007967447564698051,-0.007469898416987948,-0.007087596805413833
