Epoch, 7
training loss,0.0,0.0005012948742348094,0.0009715769253544881,0.0021948492972141674,0.0024884879618701275,0.0025744299660115347,0.002580423760287559,0.002566717731416468,0.0025509961517261345
training obj,0.03663525536988864,-0.011996139359558957,-0.007635724902685954,-0.006024929624454061,-0.0054323171888601175,-0.004995636732620141,-0.0046584894658498925,-0.004292101417764603,-0.00401454585085093
validating loss,0.0,0.0005243619097071252,0.001728061612398979,0.002456365916136794,0.0025821279792379343,0.0026277248791151497,0.002634274231102382,0.0026186780962177835,0.0025892501969251355
validating obj,0.0366513609006408,-0.010951662657679313,-0.006258889238404877,-0.005524590287791004,-0.005443235803685541,-0.00498150167366406,-0.004799811887533877,-0.005302870636451409,-0.0047185807396209825
testing loss,0.0,0.00047824374348634096,0.0016813685421442385,0.0024142765380737088,0.002540002577407558,0.002586490954729294,0.002592578117147396,0.0025790400439216123,0.0025488997295838676
testing obj,0.035752041409635296,-0.011358392861288638,-0.007314870427739317,-0.00644407954015697,-0.006010711056231593,-0.005748524617887841,-0.0056681678810344424,-0.006385172392672854,-0.005619613598413419
