Epoch, 9
training loss,0.0,0.0005166280988246318,0.0005119043697326331,0.0005036347274097861,0.0005026028316284279,0.0005013159634652074,0.0005001853537013356,0.0004980838215563236,0.0004957527999175311,0.0004944714920246157,0.0004923473150222009
training obj,0.011830963896076825,0.0,0.0,0.0,0.0,0.0,0.0,0.0,0.0,0.0,-0.04495170743951365
validating loss,0.0,0.0005470277295502469,0.0005400300671561593,0.0006836963743886832,0.0005403668003753561,0.0005727491786799741,0.0005503015873385118,0.0006087438954806976,0.0007685425985970286,0.000606889496672722,0.0006614413293444907
validating obj,0.012293068265903316,0.0,0.0,0.0,0.0,0.0,0.0,0.0,0.0,0.0,-0.04750366941912931
testing loss,0.0,0.0004628847354525406,0.00045555333255548926,0.0005649569781268999,0.00045617746203938835,0.00047254455186543457,0.00045592550044236526,0.0004988566177420073,0.0006341200495721742,0.0004912574377017422,0.0005356203370197418
testing obj,0.01102462136018348,0.0,0.0,0.0,0.0,0.0,0.0,0.0,0.0,0.0,-0.045767987574965224
