Epoch, 7
training loss,0.0,0.0005327447325101935,0.0006337012352613622,0.0005748274518398331,0.0006167582908757122,0.0006689744944428551,0.000761629721005995,0.0008612928301433795,0.0010060605744822133
training obj,0.019023728615366945,-0.03708989531824402,-0.030695008228112962,-0.01879733926342691,-0.018705699885921443,-0.018502888026848144,-0.01818572205820066,-0.017676995291064184,-0.01735906893953535
validating loss,0.0,0.0004486613850329175,0.0004673716351438391,0.0004892312147906827,0.0005364683052499054,0.0006087089253317876,0.0006776794721695802,0.0008249017765693781,0.0010015050502261147
validating obj,0.018046048262880907,-0.0387648009798593,-0.020068091495583456,-0.019404906055165663,-0.019763906977863774,-0.01855524501297623,-0.0201254655710525,-0.02017946696529786,-0.019774691344031856
testing loss,0.0,0.0004937228839333182,0.0005274355587332409,0.0005506874114035856,0.0006005813818380891,0.0006772078787262954,0.00075490701341108,0.0009055609493893949,0.0010973498149699455
testing obj,0.01674912216745921,-0.037556658863920615,-0.020112149137374316,-0.020101106782267626,-0.02002846678668583,-0.01950775591555882,-0.02042543570309676,-0.02027661684346763,-0.020118293081838136
