Epoch, 2
training loss,0.0,0.0004992727183511149,0.0011304887413259993,0.002271101552523724
training obj,0.03684928982185211,-0.011779710135013471,-0.007670359434271773,-0.005961594010689029
validating loss,0.0,0.0005136274475448002,0.001967597873655879,0.0024868891067693338
validating obj,0.0360575966781914,-0.011847095791198907,-0.005981580566358672,-0.0057013323629245966
testing loss,0.0,0.00046835319984527127,0.001924264723220247,0.0024446447701682297
testing obj,0.03577477421864816,-0.012016007836415992,-0.006762081129025995,-0.006503215630994805
