Epoch, 16
training loss,0.0,0.0005044628901388495,0.0005855459801982249,0.0018592427696626729,0.0024244768775336413,0.002616818131157059,0.0026703147071595553,0.0026944298190969417,0.0027130395361163544,0.002715902448173969,0.0026897417574398095,0.0026710953969183273,0.00263234499192804,0.0026193447340453406,0.0026095061179726244,0.0026054047030870686,0.002592420123386173,0.0025776287835161155
training obj,0.011744970474364621,-0.04336429133743077,-0.028950931841674715,-0.02756133456911921,-0.027386642654272094,-0.027283309837523112,-0.027121931216307536,-0.02710951980870654,-0.026911919537694718,-0.0267025017102857,-0.02653300908556726,-0.026343455106245917,-0.02620651089457503,-0.02596160023922332,-0.0258763680523638,-0.02573756403973991,-0.025544074159877878,-0.025403104296562132
validating loss,0.0,0.0005090703861742598,0.0009777851836396555,0.0022578754834508504,0.002584211398189997,0.002710101375546448,0.0026983186162711737,0.002733331746872914,0.002725415898947799,0.002700231701077629,0.0023873177625699724,0.0026674106347319834,0.0026859508518767656,0.0026246385675432822,0.0026907440154913128,0.002654069954461731,0.002579426338532005,0.002610704600553199
validating obj,0.011516240929740008,-0.04192408318325207,-0.026816085432124385,-0.027632686112939692,-0.026801085787596483,-0.02716064636328074,-0.02719044715172537,-0.02696570423093325,-0.026890652431465142,-0.0273526749319065,-0.02848956430859374,-0.02679619485203009,-0.02688458789088425,-0.027060504986624198,-0.026780093747761524,-0.026943529595114986,-0.02717110536070895,-0.027069251415574324
testing loss,0.0,0.00046656780371648516,0.0009423034157337085,0.0022357172325089985,0.002556520322635898,0.002680510087155139,0.002666709169171584,0.002705056584566806,0.0026955642765900843,0.0026785467197099084,0.0023715300651799354,0.0026389202537822976,0.0026549324679802366,0.002596916866299605,0.0026493656900655254,0.002616474414348487,0.0025406241959534752,0.002585560121660068
testing obj,0.011798942421936461,-0.043727487564510094,-0.027652148377765837,-0.02835851330903203,-0.0276977102842868,-0.02805666751092021,-0.027891732187278043,-0.02776870746389929,-0.027864319027887205,-0.028165141304893972,-0.028745027009731163,-0.02748028403420559,-0.027771268453506717,-0.027980614735675965,-0.02764514721240752,-0.027570334472332834,-0.02766455700156149,-0.02780202750466033
