Epoch, 22
training loss,0.0,0.0004973222308221319,0.0004951390778349009,0.0004844804221357184,0.00048090544420241823,0.0004770892455924505,0.00047408404300622564,0.00047182691557319615,0.0004694514540894777,0.00046720144929155317,0.0004655290566982311,0.0004638661799183576,0.0004621501774361809,0.0004606496523490545,0.0004596695498746124,0.00045813806812437704,0.0004574598987036349,0.0004564769839531792,0.00045489101379773283,0.00045490296503169716,0.00045374410939224354,0.00045209592140386023,0.00045200899286178183,0.00044229127909851886
training obj,0.036779140010182204,0.0,0.0,0.0,0.0,0.0,0.0,0.0,0.0,0.0,0.0,0.0,0.0,0.0,0.0,0.0,0.0,0.0,0.0,0.0,0.0,0.0,0.0,-0.034213273141476194
validating loss,0.0,0.0005259371580552813,0.0005222721487509488,0.0007567354158454439,0.0005967886292297678,0.0006566331616101728,0.00062105367898993,0.0005978484392490611,0.0006146127837612399,0.0006706078902645653,0.0006465815726797955,0.0005194306629060351,0.0007837120055413973,0.0005635777006476029,0.0007881252540094789,0.0006638478945083127,0.0007139271132548897,0.0006201117020090285,0.0007290365801177312,0.0007099341376938182,0.0009295014625079455,0.0009970779945207018,0.0008412698979614782,0.0006324629809842953
validating obj,0.03688319952945808,0.0,0.0,0.0,0.0,0.0,0.0,0.0,0.0,0.0,0.0,0.0,0.0,0.0,0.0,0.0,0.0,0.0,0.0,0.0,0.0,0.0,0.0,-0.033907335156503945
testing loss,0.0,0.00046830050631454525,0.00046607554878218206,0.0006513237451908873,0.0005011961856014284,0.0005581978489763545,0.0005394778564768096,0.0005226788572158958,0.0005466297327964298,0.0005988055299159031,0.0005735517764756963,0.0004635201905280085,0.000667135794088004,0.0005004355435300415,0.0006801570534333727,0.0005694386343062549,0.0006192761482299216,0.0005547090900163531,0.0006211814982723905,0.0006175346513503298,0.0008315810945956798,0.000864741319736683,0.0007309547607561436,0.0005650721844312777
testing obj,0.035976854751684835,0.0,0.0,0.0,0.0,0.0,0.0,0.0,0.0,0.0,0.0,0.0,0.0,0.0,0.0,0.0,0.0,0.0,0.0,0.0,0.0,0.0,0.0,-0.03669411196131355
