Epoch, 6
training loss,0.0,0.0005000966807753274,0.0005000590238073465,0.0004902977235904139,0.00048708173373518746,0.00048408004232232296,0.00048151585574406677,0.0004790303619499321
training obj,0.02589206921976405,0.0,0.0,0.0,0.0,0.0,0.0,-0.03344910545159807
validating loss,0.0,0.0005501331446901211,0.0005574435625235577,0.0006185170366476326,0.0006114837409434784,0.0006777715949459681,0.0006532699339017055,0.000787787643684921
validating obj,0.027058302916289922,0.0,0.0,0.0,0.0,0.0,0.0,-0.03475863885643624
testing loss,0.0,0.00047145474919722303,0.0004692335652006432,0.0005023357102917624,0.0005013215717532061,0.00055227452942709,0.0005456328344015003,0.0006641340661470249
testing obj,0.025158131331615728,0.0,0.0,0.0,0.0,0.0,0.0,-0.0372320525099727
