Epoch, 6
training loss,0.0,0.0006047712347507887,0.0009005668494329952,0.0008057162563964797,0.00075622913130906,0.0007427076791417694,0.0006908350836145509,0.0007454288361580386
training obj,0.008230267539985623,-0.03901106923562931,-0.03607450544688047,-0.03535679880456597,-0.035520174248399684,-0.03526800537262769,-0.035292025074801024,-0.03496873458372612
validating loss,0.0,0.00042425012098748185,0.0005971605741150496,0.0005786212693945143,0.0005384176422214498,0.0005263816852271298,0.0004928158260655538,0.0004949500616930891
validating obj,0.005202958606080049,-0.041274350964360766,-0.03672429520843758,-0.037652418922839895,-0.03735158424307075,-0.03963084971635706,-0.038009824929758906,-0.03862843108880851
testing loss,0.0,0.00046398321491496235,0.0007013417139328463,0.0006739715325828591,0.000608270793187281,0.0006272372694503567,0.0005910958546312915,0.0006561368046842855
testing obj,0.005548993965636032,-0.04099961415537306,-0.03469754539027407,-0.035210216694788354,-0.03470581223735133,-0.036250126447427915,-0.03624138073693659,-0.03617971955572028
