Epoch, 13
training loss,0.0,0.0004923031256130093,0.0004852542563099916,0.00047618324176634065,0.0004736205989127276,0.0004711718370694703,0.000469521820413727,0.0004667547432174428,0.0004648532935493273,0.0004636009017076055,0.00046162220744180876,0.00046017127981849086,0.0004586111675320249,0.000456463347043437,0.000448173765496911
training obj,0.02578939914912779,0.0,0.0,0.0,0.0,0.0,0.0,0.0,0.0,0.0,0.0,0.0,0.0,0.0,-0.03726954332114743
validating loss,0.0,0.0005262731153275866,0.0005381562490690746,0.0007596660881129232,0.0008050102493571638,0.0005994465481902789,0.0007388358582993469,0.0006925263549853761,0.0006901228796614368,0.0005979942845606211,0.0005777023087292313,0.0008558278387275671,0.0007028026034198314,0.0006586610166167447,0.000602564300345696
validating obj,0.026635907350307828,0.0,0.0,0.0,0.0,0.0,0.0,0.0,0.0,0.0,0.0,0.0,0.0,0.0,-0.03974198629583351
testing loss,0.0,0.0004693167178247708,0.00046793672827052604,0.0006497079250317591,0.0006965919944006676,0.0005118726918843223,0.0006363184074370316,0.0005943202817803645,0.000597297558853258,0.0005106601354519483,0.0005076404650934163,0.0007563962616854333,0.0006118444307785294,0.0006042909746404626,0.0005254704211311569
testing obj,0.024871817520673734,0.0,0.0,0.0,0.0,0.0,0.0,0.0,0.0,0.0,0.0,0.0,0.0,0.0,-0.040218301900468524
