Epoch, 7
training loss,0.0,0.000553842978985688,0.0005939532952741537,0.0005393564926207011,0.0005379769040041092,0.0005365291997269892,0.0005350942973118257,0.0005328774859948431,0.0005312126144988225
training obj,0.036375521919598766,0.0,0.0,0.0,0.0,0.0,0.0,0.0,-0.02659092090439563
validating loss,0.0,0.0004724692446163519,0.00046267013264393125,0.0004627809424467462,0.00046406624258250103,0.0004641813441897587,0.000475487922408825,0.0004646909886408442,0.0005167021661489141
validating obj,0.03127793126946522,0.0,0.0,0.0,0.0,0.0,0.0,0.0,-0.024678362559320197
testing loss,0.0,0.0004414218936880069,0.0004299638787562946,0.0004275470206709075,0.0005012993731086042,0.0005105317887264883,0.0005446714188823338,0.00045240187751620104,0.0006142372108730047
testing obj,0.029980001077559347,0.0,0.0,0.0,0.0,0.0,0.0,0.0,-0.02702929896327692
