Epoch, 16
training loss,0.0,0.0005077694449865798,0.0009946316030503093,0.0020901056806647807,0.0024151308558462464,0.002517515778345473,0.002561945787066579,0.002570377385860981,0.0025645230198853065,0.0025627569090992883,0.0025390020587262962,0.002542309230997152,0.002537801557981007,0.0025281333413339703,0.00251805497318712,0.0025086409836080794,0.0025084985057199725,0.0024938493694042826
training obj,0.016033778387063075,-0.03540483898280236,-0.02342629814414855,-0.02196200289687737,-0.02180351852037516,-0.021646993792031687,-0.021393173430491554,-0.021169081253722435,-0.02097376887202061,-0.02082059856059206,-0.020612226801484005,-0.020405759938594864,-0.02028672246187117,-0.020056190641497718,-0.019982398337803055,-0.01978745573789021,-0.019694002867810412,-0.019547628406072458
validating loss,0.0,0.0004911105662015723,0.001667029818900213,0.0023123788938190543,0.002456225491061188,0.002551611634551396,0.0025816728823389663,0.0026355558671186125,0.002604578726821834,0.00259699390123189,0.002659497938076982,0.002549581185376407,0.002639189534127764,0.0025085091645665027,0.002577152409732574,0.0026160534765332887,0.0024657764151421696,0.002594919285533956
validating obj,0.014928426712777169,-0.035642535791484235,-0.02229919745731828,-0.02117311466762403,-0.022145580534201282,-0.021768875167121834,-0.02132434540856823,-0.02124361669528701,-0.0215290115411461,-0.021322380572518777,-0.021053907838505033,-0.021296723460565905,-0.021031077706277577,-0.021380816662046016,-0.02113506414002665,-0.021151780759896373,-0.021550897294558766,-0.021272900058311058
testing loss,0.0,0.00046911583159050965,0.0016487856217613523,0.0022903024483465696,0.0024348497649225153,0.0025326154219217456,0.0025628793957801904,0.002618595766802855,0.002586198747462614,0.0025807156837857914,0.0026420627976326905,0.0025281751235440475,0.00262575805156769,0.002494088451621698,0.0025624135176918876,0.0025998556386541555,0.0024512379202613426,0.0025793938387005805
testing obj,0.014287049955449575,-0.03651195460619491,-0.022961192448557755,-0.022415777172239276,-0.02245397253559899,-0.022439763500561965,-0.022296508640313774,-0.022290316369487116,-0.02240850377135402,-0.022213179334395417,-0.021970755578517246,-0.02211392865309463,-0.022343944383884512,-0.022787343952708625,-0.022182057686182133,-0.022151374880051346,-0.022717682052429335,-0.02236961372991745
