Epoch, 8
training loss,0.0,0.0005014812510140272,0.0006418636941881238,0.0005897058879089544,0.0006581637068473147,0.0009727764899696176,0.001404727691474462,0.0013272700081827372,0.001704079841089773,0.002090338089388999
training obj,-0.003582492297266369,-0.06223656783795216,-0.052896472897759,-0.05281034941165993,-0.05296936348269839,-0.05279236570132907,-0.05282438656634833,-0.05275122763881096,-0.05282292722474556,-0.05281881865571369
validating loss,0.0,0.0005546590524116751,0.0005550896128681674,0.000593765064093903,0.0007066152626872111,0.0013917001536491434,0.0016640048888173586,0.0014109703517602725,0.0020255890923026936,0.002377051479830874
validating obj,-0.0030089721541245915,-0.06052435068961452,-0.05234628621888408,-0.05263587418672948,-0.05263922758284428,-0.052026453386077004,-0.052124732409226854,-0.05274990542105377,-0.0524162059089098,-0.05267186198950742
testing loss,0.0,0.00048206081755748143,0.0004895757788047576,0.0005387533736105033,0.0006321507365362264,0.0013029041271572597,0.001569906808475991,0.0013299505866498152,0.0019329974968619516,0.002277943057812776
testing obj,-0.003739414803953056,-0.061103388168584565,-0.052093603184187015,-0.051127916041652635,-0.05215868679405849,-0.05126638225842389,-0.05083118065896728,-0.05261916819504637,-0.05182673884860261,-0.052231688929237616
