Epoch, 7
training loss,0.0,0.0005786518388406109,0.0008217426303399764,0.0006927739423368693,0.0006394757084575866,0.0006003568088464603,0.0006011889974972434,0.0006122227216324331,0.0006382183612931484
training obj,0.017448744099295022,-0.024671742871549784,-0.023116918297155814,-0.022271719811411173,-0.022318654468136967,-0.02276753273555169,-0.02262134134550305,-0.022539988092566823,-0.02231019417773567
validating loss,0.0,0.0004860396279077071,0.0005910497069028983,0.0005760981601067922,0.0004947597541710517,0.0005168599604480227,0.0005034907032192374,0.0005286900327013831,0.0005506987017724896
validating obj,0.01609322542531623,-0.024514968985588186,-0.02266985337094714,-0.02133906335155997,-0.021255756469650403,-0.021169806804714933,-0.02223440717595319,-0.022678559749490686,-0.02181127298778544
testing loss,0.0,0.00044352067994328243,0.000545410888809931,0.0005422663936671499,0.00045122953491266563,0.00048517293150841914,0.0004613383817077438,0.0004781600975941212,0.0005513355575424833
testing obj,0.012648735082129369,-0.02615356966978996,-0.024546958002689724,-0.024136931452950514,-0.02434867256748918,-0.02438419362580454,-0.024604535693101382,-0.023872076332367754,-0.024385379929397558
