Epoch, 8
training loss,0.0,0.0005981137866768347,0.0005978660592946279,0.0005468426696561259,0.0005453539371100145,0.0005436165587846464,0.0005417633214914103,0.0005389011992876618,0.0005372548094801103,0.0005348154125671249
training obj,0.03625947099325119,0.0,0.0,0.0,0.0,0.0,0.0,0.0,0.0,-0.03035079894003038
validating loss,0.0,0.0005234884930460895,0.0004772346470013468,0.00047816716020558186,0.00047723656421617814,0.000475640622527054,0.0004968663852196187,0.0005344507005954963,0.0005127889014854898,0.0004812289274317057
validating obj,0.03339751124278539,0.0,0.0,0.0,0.0,0.0,0.0,0.0,0.0,-0.02321642588099672
testing loss,0.0,0.0004966744566666642,0.0004696514909950123,0.00048146018092961023,0.0004945714007024779,0.0005207531292005631,0.0006217453057517461,0.000655179258575191,0.0006446408670681931,0.0005999979757935098
testing obj,0.028587274190441176,0.0,0.0,0.0,0.0,0.0,0.0,0.0,0.0,-0.02622358869710887
