Epoch, 9
training loss,0.0,0.0005019348291368226,0.0012545912199402485,0.0023192352389928717,0.002495035308762683,0.0025741086964618555,0.0026177011892480565,0.002637258267004403,0.002645239316058369,0.002642457669874547,0.002638269252445975
training obj,0.02891268390570666,-0.014884826533185938,-0.011210927037745842,-0.009849454446466588,-0.009379349352690415,-0.009017304168656815,-0.008733714294274974,-0.00848152708654619,-0.008172476027603813,-0.007929264768706432,-0.0077134808542664276
validating loss,0.0,0.0005114595306562711,0.0020329234291796144,0.0024907211769069305,0.0025869769730627744,0.0026624950469120254,0.002687631647028416,0.002685191021961479,0.0026789375348822263,0.0026936935434910664,0.002748338410559926
validating obj,0.028679359004958483,-0.014401077231630734,-0.009865719036305497,-0.00949161368217577,-0.009172361612780774,-0.009019734681129559,-0.009073235330600485,-0.009554252350319396,-0.008807552661778966,-0.00882304158419448,-0.008777762182736865
testing loss,0.0,0.00046874996171493796,0.0019750165724613912,0.0024301088561356813,0.002527030357183719,0.0026031560068164603,0.0026300010373960163,0.0026270326482622586,0.0026202137840882892,0.0026397488669856178,0.0026911922763366244
testing obj,0.028050287108926066,-0.015066587955654052,-0.010401835246532579,-0.009978706344542143,-0.0098890058536775,-0.009811334705089256,-0.009750439656582595,-0.010201916714533908,-0.009603651335042951,-0.009643381059758057,-0.009451672416172358
