Epoch, 9
training loss,0.0,0.0005623332287131252,0.0008187177296563545,0.0007282441063651669,0.0007067044619950192,0.000693424091236118,0.0006488133829621159,0.0006602291795870234,0.0006687941777807497,0.000634999262418954,0.0006148736458842406
training obj,0.006857854976117903,-0.039956493392659755,-0.03791813389489464,-0.03707184199170739,-0.03699861174887594,-0.03689892675143246,-0.037266431966175635,-0.037101296795641676,-0.03722804133579427,-0.03706331387089164,-0.0370505666999402
validating loss,0.0,0.00042601455384606705,0.0006528486240616379,0.0005097646195887743,0.0005656290175263874,0.0004854124088322149,0.00047018251482061006,0.0005351797335606534,0.0006100177025574441,0.0006346315696848453,0.0005622043172479607
validating obj,0.005919060411138667,-0.04157333567531572,-0.03769656801078883,-0.03766378188609249,-0.038463060847587056,-0.038141884452973805,-0.03818495677680605,-0.03688226347892649,-0.038333641132339835,-0.03834761459276908,-0.037258058708781995
testing loss,0.0,0.0004238716050954158,0.0005857881345995387,0.0006156212237673006,0.0006040957194125292,0.00047640468619647436,0.0004496692817082402,0.0005430858587174412,0.000747389999191541,0.0007705010435971859,0.0006977028758744898
testing obj,0.004009777016157436,-0.039741938732363084,-0.03830729682954985,-0.03811225072304542,-0.03807090488388329,-0.038075085345504654,-0.038468489612175805,-0.03788004298316869,-0.03823481435963028,-0.037889070399860676,-0.03755345865706536
