Epoch, 11
training loss,0.0,0.0005075858711462555,0.0006286959895838929,0.0005931870404009386,0.0006266690135558725,0.0006980976863411536,0.0009627848905018674,0.0011360332426002904,0.001190257811743428,0.0013777362826809332,0.0014847895649791726,0.001560815806829883,0.001646809781113037
training obj,0.03682307631725214,-0.008022324295896582,-0.008053688145014393,-0.007780832681740373,-0.0076045419191790075,-0.007650868602258225,-0.00742707538996645,-0.007450769870068751,-0.007374701588165476,-0.007366078939600903,-0.007303445804446267,-0.007281938304531542,-0.0072130868986629675
validating loss,0.0,0.0005349955679455033,0.0005918929661917387,0.0006713623947453457,0.0006743106391302239,0.000774209331029222,0.0012532090033069382,0.0012714092345395896,0.0013544260307495517,0.0016606726968067997,0.0010603825589094091,0.0013878020173128836,0.0016363479847984331
validating obj,0.03716473935242858,-0.007485028880384065,-0.007409215282010733,-0.006713231468402417,-0.007460842273604112,-0.006878027486998369,-0.0067713103002536666,-0.0066150530925420175,-0.0065624839936424964,-0.006315999506863163,-0.006827282990815576,-0.0065828260033517095,-0.006877319992013972
testing loss,0.0,0.00048116996311711865,0.0005295177846989697,0.0006033936824522137,0.0005797562582502278,0.0006725259010570617,0.0011718912825962968,0.0011885198204968086,0.001279979293275121,0.0015797849463839117,0.0009697974525154016,0.0013181794325183122,0.0015754033281911075
testing obj,0.03711537793503109,-0.007807496773229716,-0.007878036669250289,-0.007469255011328359,-0.008446897385363817,-0.0075563312706132,-0.007300319278327405,-0.007408301039236612,-0.007559389758794192,-0.006959127429544143,-0.0074520122351825376,-0.0071340911418981785,-0.007542316101751131
