Epoch, 6
training loss,0.0,0.000497737198195055,0.0004957125033465771,0.00048546145049549954,0.00048185888922749653,0.00047843890195480016,0.0004754176985475627,0.0004730921385338808
training obj,0.032220297290289614,0.0,0.0,0.0,0.0,0.0,0.0,-0.0322379542040984
validating loss,0.0,0.0005159516685311385,0.0005546867514787859,0.0006725347138161628,0.0006287882245276856,0.000663490257211127,0.0007445630303490987,0.0005957677881316979
validating obj,0.031651692244201696,0.0,0.0,0.0,0.0,0.0,0.0,-0.03126976542677537
testing loss,0.0,0.00047283388176012626,0.0004886941507326141,0.000586132067349349,0.000545922542076184,0.0005812356242862539,0.0006459011986090083,0.000523871503059136
testing obj,0.031688803074346045,0.0,0.0,0.0,0.0,0.0,0.0,-0.031015003534441046
