Epoch, 9
training loss,0.0,0.0005669060492187318,0.0007145639564887638,0.0006937120221646539,0.0007880120094199026,0.0009586541872362004,0.0010623380909308645,0.0012341263466605953,0.0012649034912351007,0.0013201545177520637,0.0013146628872217501
training obj,0.030996939764522453,-0.013505279943894813,-0.014643797588845094,-0.010090895817048993,-0.009973746155132995,-0.009657342269030565,-0.009234939500525155,-0.008799878664899107,-0.008285669940432496,-0.007733011696323314,-0.00723620540115471
validating loss,0.0,0.00046380648463026673,0.0005606381960711183,0.0006143352099267455,0.0007771475316581523,0.0009129260078124288,0.0010513187961704615,0.0011458442135739864,0.0012191564164822921,0.0012382009509666306,0.001219069955469523
validating obj,0.026779923174116347,-0.013996893824595544,-0.00974722236343142,-0.009885098293630613,-0.009767497430503782,-0.009806316054891795,-0.009784418837322542,-0.009712071080381671,-0.01006137866837283,-0.01010278433225014,-0.010528089336326553
testing loss,0.0,0.0004372820498050518,0.0005393309498636832,0.0005931862163108874,0.0007593915345480766,0.0008970470737187645,0.0010384497613444724,0.001144385412083687,0.0012125894600349303,0.0012485008943209273,0.0012217683692437571
testing obj,0.025152461389331398,-0.01354572845220163,-0.011672929505112808,-0.010795189608895295,-0.011691899922978435,-0.011206322415681506,-0.011708737143340546,-0.012602224329335464,-0.012250799833595552,-0.012624923253079524,-0.012765240364682835
