Epoch, 10
training loss,0.0,0.0005089565874127321,0.0008186033477868549,0.002130357100498813,0.0024944271501273108,0.0025881003402793484,0.002640671185029513,0.0026528127302040934,0.0026553335689266325,0.0026571321700923733,0.002651852700173675,0.0026439541235682784
training obj,0.02854579026237703,-0.016003307283909245,-0.011278737394834449,-0.010022515574269478,-0.009618860519380002,-0.009289529593328485,-0.008888751346226671,-0.008616883855616615,-0.00832073998742432,-0.008076231029282803,-0.007863530513960906,-0.00764065611005588
validating loss,0.0,0.0005483197804955704,0.0015803962614819099,0.00249766689124211,0.0026159342966496843,0.002703924887333465,0.002691393357195656,0.002736558170125507,0.0027206988745791176,0.002704151464581077,0.002721530587531652,0.0026734028354764086
validating obj,0.02987094938265205,-0.015037992510341984,-0.009955746098743772,-0.009404121777671148,-0.009262037652006509,-0.008986316455341231,-0.00897627287934241,-0.008741803700507178,-0.008783189193941781,-0.008845766772641752,-0.008733856799499902,-0.008691555724534042
testing loss,0.0,0.0004789859240926444,0.0015001273103877454,0.0024091308982962687,0.0025312568805630925,0.0026186410591756467,0.0026034077708793745,0.0026527888733867988,0.0026363580405115825,0.00262282392180007,0.002642512024122189,0.0025978061970060437
testing obj,0.028218465794692147,-0.015617866286280181,-0.01002329848217818,-0.009743523058840579,-0.009517575845382018,-0.009235297178243658,-0.009301646822172244,-0.009120576967294496,-0.00919121722514435,-0.009228797905185547,-0.009210898380016463,-0.009280119104096074
