Epoch, 2
training loss,0.0,0.0005012948742348094,0.0009715769253544881,0.0021948492972141674
training obj,0.03663525536988864,-0.011996139359558957,-0.007635724902685954,-0.006024929624454061
validating loss,0.0,0.0005243619097071252,0.001728061612398979,0.002456365916136794
validating obj,0.0366513609006408,-0.010951662657679313,-0.006258889238404877,-0.005524590287791004
testing loss,0.0,0.00047824374348634096,0.0016813685421442385,0.0024142765380737088
testing obj,0.035752041409635296,-0.011358392861288638,-0.007314870427739317,-0.00644407954015697
