Epoch, 7
training loss,0.0,0.0005466643763379668,0.0007710217863467394,0.0008280687887842457,0.0009526130388372157,0.0010810201471744506,0.0012712666278650218,0.0015166774821266825,0.001777009430852737
training obj,0.024080494926402383,-0.02605936436311287,-0.024353691908147405,-0.014563299637908736,-0.014179222481142657,-0.014277205711194113,-0.01416689609542635,-0.01412916293404266,-0.013921817833119455
validating loss,0.0,0.0004538301396274215,0.0006548390568544468,0.000799258589621685,0.000902615625010286,0.0010760634710701804,0.0012441072807026405,0.0015443549911853755,0.0016761882612223013
validating obj,0.024044136930671003,-0.024965421089695558,-0.01495587656649554,-0.014621806841912784,-0.014929928001947701,-0.014845294916691879,-0.014956301265758358,-0.015482077931260897,-0.016460302298785083
testing loss,0.0,0.0004312542874391216,0.0006456834457207446,0.0007943968655151391,0.0008993823210255721,0.001075758509860198,0.0012475113979087688,0.0015510810976470443,0.0016799843759980758
testing obj,0.021342205456332176,-0.027035481007014577,-0.015090617731943526,-0.0150052023535544,-0.01470626867061632,-0.015020521335631004,-0.015651086870757107,-0.015705273609381874,-0.015752846793573652
