Epoch, 14
training loss,0.0,0.0005069097501013203,0.0007986604449020849,0.001760486669314215,0.0023111429110700284,0.002463715303015548,0.00250784386367504,0.002503057119883854,0.002530400178184424,0.0024944513826539163,0.002449686291601869,0.002464370846475568,0.002373452407353387,0.0024013691880286504,0.0023839710866049653,0.002364459333960169
training obj,0.006307545702980696,-0.05926679726047129,-0.039330639141883623,-0.036685869645803094,-0.03664805396819116,-0.03641310333195317,-0.03636021937355693,-0.03622207175885167,-0.03615756136874064,-0.03597608809251452,-0.03589181274729478,-0.035761159645160204,-0.03557184012331201,-0.035536521612446116,-0.03541019494774801,-0.03516739409525293
validating loss,0.0,0.0005204653990942184,0.0012661800294821264,0.002154529694093965,0.002441099564106587,0.0025059646398318887,0.0026184600547510344,0.002667251610999547,0.0026102594283625327,0.0026516094155268014,0.0026373855373258205,0.002641366771341762,0.002575718975387462,0.0027219614776972825,0.0027144160983716636,0.0026420277255751632
validating obj,0.006381963206468002,-0.05917617107602964,-0.0365179650482293,-0.0359282179600253,-0.03648112577975931,-0.036349484116921786,-0.03580840425340259,-0.03615973828921165,-0.03575884845674966,-0.036416107861189796,-0.03582864070382085,-0.035845152376329195,-0.03551857656344874,-0.036327065875798877,-0.03586403575522831,-0.03615642154660192
testing loss,0.0,0.0004891172131227343,0.0012429584853235703,0.0021292192373735743,0.0024141661414841314,0.0024785688485575138,0.0025917371663244093,0.002640250493794769,0.0025799950997933436,0.0026237474443477527,0.0026036419031304817,0.002605014845324927,0.0025347489987863885,0.002683386471316462,0.002676349554031369,0.00259984497232571
testing obj,0.0064921189286295655,-0.056296298382948064,-0.03552024719415941,-0.03519441010093832,-0.03513706357598228,-0.034897661465741116,-0.03497687905222152,-0.035541195011250484,-0.03480912366779377,-0.034885592571910144,-0.034959255219172695,-0.03474442280825747,-0.03499335233401026,-0.03515415839777166,-0.03495861362768481,-0.03498332594279296
