Epoch, 11
training loss,0.0,0.0005176873306639727,0.0005817901962528726,0.0014199842591741865,0.002210615924525091,0.0024663228690288996,0.0026077823617557134,0.00266336019681785,0.002658995488016541,0.0026238471570634147,0.0026280842928116666,0.0026360271319230792,0.002634873676113325
training obj,0.006614207423979112,-0.05594974949164224,-0.04009705936835612,-0.036522171853194695,-0.03624685696111275,-0.03620960440071524,-0.036108381245322015,-0.03591225980330971,-0.0358151653333782,-0.0357108056789569,-0.035525796186184434,-0.035483089867378616,-0.035350469048033954
validating loss,0.0,0.0005193606738144009,0.0007078544195732553,0.002095973078454732,0.0023550882240254627,0.00265224487399908,0.002720171129282654,0.0027484458123549662,0.0026703631484423437,0.002664454840043089,0.0025849257302583296,0.0027115728982456777,0.0025377749545164533
validating obj,0.006682962170321894,-0.055853249373036894,-0.03713240524412336,-0.03648390453373272,-0.03643929747265206,-0.03640909426906839,-0.036305229321354195,-0.03619007130594969,-0.03606438345781763,-0.035897014287194065,-0.036433079238065796,-0.036129392667393165,-0.0360536503325181
testing loss,0.0,0.0004854886508324358,0.0006696265181322164,0.0020433533517964404,0.002300239748581154,0.002597108588909823,0.0026652509821081943,0.0026893877082066722,0.0026134841046704816,0.002606304175670863,0.0025232978292986136,0.002650181656878076,0.0024813040489853454
testing obj,0.00635639954600387,-0.05573511000068637,-0.03579662881291466,-0.0358935161205185,-0.035857191186706036,-0.03570851295138108,-0.035208460042916764,-0.035503926470542325,-0.03546767399715269,-0.03554111888083964,-0.03554192258336817,-0.03525702314124332,-0.03506010269871215
