Epoch, 12
training loss,0.0,0.0005873189542862569,0.0007748362353167442,0.00078536363977108,0.0008726418046874232,0.0010294643237584217,0.0011583775514736772,0.001284135491176344,0.0014092279598116875,0.0015431510953360474,0.0016313725151121615,0.0016548357378947092,0.0016341562789189174,0.0016043667092590648
training obj,0.03423295592268308,-0.015640845763332703,-0.016705419261958086,-0.010355587898041396,-0.01017624241683413,-0.00984161284423488,-0.009641715408503717,-0.009263797545367304,-0.008890748525257496,-0.008517178156248787,-0.007793047737476288,-0.007334548286527541,-0.00687046017424733,-0.006417180449409666
validating loss,0.0,0.00046396790296259697,0.0006455250820888776,0.0007192905597750925,0.0008588923422697311,0.0009719995529546092,0.0011475034261820838,0.0012480890485070024,0.0014492272198872848,0.0014878463342837575,0.0015963491621530717,0.0015226849419478741,0.0015337486887195457,0.0014346483221743256
validating obj,0.029160381915668648,-0.015048711508926418,-0.010009048623032868,-0.009903674505444037,-0.010682089254260063,-0.010596239098554684,-0.010586375791010343,-0.010172529585866464,-0.010211246825444201,-0.010695529610125555,-0.010037192984277176,-0.011127333622425795,-0.0108936396944854,-0.0109941515709377
testing loss,0.0,0.0004592166101124226,0.0006466829933767283,0.0007210778582973305,0.0008646018883351841,0.0009811851801665348,0.0011581273441127425,0.0012646960786770324,0.0014697966524525672,0.0015019236724018246,0.0016187416496560782,0.0015581391194860476,0.0015788373877168506,0.0014894597273244446
testing obj,0.026296524161070183,-0.01368634366883418,-0.01108439254410867,-0.011108256778931496,-0.012075383813951063,-0.0121065026457497,-0.011824061106135314,-0.011532306394262894,-0.01142639176907471,-0.011715782151834385,-0.011597777241715105,-0.01236652153405688,-0.012438154360908713,-0.01235056747808247
