Epoch, 8
training loss,0.0,0.0005866153455024366,0.0008504765661771172,0.0007454811588532346,0.0007665907205128129,0.0007556253990532794,0.0006866543225067503,0.00071267812397541,0.0007291212460532894,0.0007097246567033888
training obj,0.03733648328548845,-0.010056852522835719,-0.01043719332619552,-0.009819427619724735,-0.009605612005015798,-0.009465398467785003,-0.009547339828100567,-0.009385150094863539,-0.009360832539752272,-0.009054743959203216
validating loss,0.0,0.0004870282821987833,0.0006277711189694754,0.0005677907679960805,0.000665706790136432,0.0006678373037074278,0.0005927746969973668,0.0005874502308466213,0.0005148877913193752,0.0005381230613339641
validating obj,0.03139223507605493,-0.010288068597825864,-0.009726721415063366,-0.009407608310640272,-0.00888386917197042,-0.008747230963005373,-0.008538505159473667,-0.009155294650958644,-0.009517562155249633,-0.00877064791469214
testing loss,0.0,0.00044900389921904944,0.0005515742856447547,0.0005888271087904876,0.000721951720176573,0.0007380105123809551,0.0006266222095488243,0.0006484418705882932,0.0005378848931089837,0.0005484563246411837
testing obj,0.02838056148155718,-0.0100098867126665,-0.010331419592320517,-0.009705016612880738,-0.010333192953210626,-0.010116554340473502,-0.009686570520185539,-0.009368166941016711,-0.009316328463043916,-0.009141171631101216
