Epoch, 10
training loss,0.0,0.0006064329414905788,0.0008862641527016155,0.0006479756352514504,0.0006205212158509347,0.0006023921424011682,0.000603381557633767,0.0006009823004098829,0.0005996373443243404,0.0006008391584984173,0.0005997394422307729,0.000614804107973731
training obj,0.02146913551853276,-0.021218631264991034,-0.018818752313324926,-0.017786012470320453,-0.017871053604518666,-0.01772090261436853,-0.01788399344602344,-0.018006380722291913,-0.01793445311578027,-0.017693461181924625,-0.017636353685064058,-0.017829441446263125
validating loss,0.0,0.0004226294616576827,0.0004785884343113543,0.00044578364334787085,0.0004255088917691157,0.0004165812436743484,0.00042413279475618363,0.00041702938607260067,0.0004195263958940308,0.00041838929407984123,0.00041691226619554474,0.0004378160178425282
validating obj,0.01664074011043542,-0.022294433903880417,-0.019195229099649522,-0.02022442702824871,-0.01940429105889052,-0.018818162368713982,-0.018761855938161414,-0.018613627917754155,-0.018517458707922034,-0.018819095411648352,-0.020006773062050343,-0.01971866028745555
testing loss,0.0,0.0004686177384723418,0.0005130187975639175,0.0004906470624248597,0.0004833131243759527,0.0004700006862254373,0.00048343820084040555,0.0004692571081348531,0.00047076322064370016,0.0004786844023132093,0.0004702890518937902,0.0004971220883276515
testing obj,0.016876393809562195,-0.02131033206132014,-0.018882432939937792,-0.01948368124588317,-0.018859361084429798,-0.018543109505412145,-0.019411756178817234,-0.019102163436646398,-0.019113258471259394,-0.018875517530014384,-0.019940268216856027,-0.01857269331938713
