Epoch, 6
training loss,0.0,0.0004995731088677169,0.0004914539357700628,0.00048001757095765584,0.0004762513879063904,0.00047261960865109764,0.00046944146043074173,0.0004668593301247616
training obj,0.03669753944670278,0.0,0.0,0.0,0.0,0.0,0.0,-0.03117198553932849
validating loss,0.0,0.000522936041325703,0.000594362587900933,0.0005463971940437606,0.0005810484896620629,0.0006104173364518951,0.0006792430423428127,0.000645746052412499
validating obj,0.03711859204493798,0.0,0.0,0.0,0.0,0.0,0.0,-0.03107933216699267
testing loss,0.0,0.0004696387999041668,0.0005058093204137167,0.00047499203786779704,0.0005045471531273368,0.000527874702979348,0.0006024328406037372,0.0005721864002189625
testing obj,0.0356926500465458,0.0,0.0,0.0,0.0,0.0,0.0,-0.03194333015093115
