Epoch, -1
training loss,0.0
training obj,0.04069842828880386
validating loss,0.0
validating obj,0.04063480929390988
testing loss,0.0
testing obj,0.04010462469025395
