Epoch, 12
training loss,0.0,0.0005450498971542545,0.0006838465277813192,0.0006743693873217767,0.0007860709330427698,0.0010173152295607781,0.0011977487195776227,0.0014511286203439037,0.0016037230407271316,0.0017494087102914266,0.0018466672481165505,0.0018605267994251905,0.0018241648804213778,0.0018248760461003757
training obj,0.0310480258884091,-0.01604314186957245,-0.01644372458697534,-0.010368783330070037,-0.010322453671445448,-0.009973401583585085,-0.009720324778783263,-0.009291672814345243,-0.009047265359036187,-0.00864335047172419,-0.008269411861421723,-0.007462013735180246,-0.006801027501476746,-0.006418409823513061
validating loss,0.0,0.00048761502431362815,0.0005876081401462822,0.0006594465222507198,0.000815677577823711,0.00105287090021496,0.001314172977193569,0.001465575164830726,0.0017076456343703386,0.001807683813644366,0.0018249049349429293,0.00187690263070787,0.0018188439167311622,0.0017611243626258026
validating obj,0.029332814841634698,-0.0174969129730016,-0.010918150908158472,-0.01024363050237298,-0.010081859059735306,-0.0107380082934267,-0.01027317160818105,-0.011058627511374652,-0.010051076196961932,-0.01026216991400967,-0.010254015137131015,-0.011883033219621413,-0.010671085755651196,-0.011661879162097143
testing loss,0.0,0.00045048419594201513,0.0005512614128796535,0.0006232972888471055,0.0007793240566152727,0.0010197417388947026,0.0012821499431329604,0.0014448117321621426,0.0016818046286651814,0.0017790233990102,0.0018127307742582383,0.0018742118908620967,0.0018179952025388342,0.0017750020126333914
testing obj,0.026886351677161212,-0.015216748469282646,-0.010188801553905816,-0.010058569747048456,-0.009982141889505894,-0.010684481000754278,-0.010275662458199705,-0.010610365107454158,-0.010124979943439767,-0.009764568512076261,-0.010142821743077523,-0.011358920937857113,-0.010359165991807508,-0.011168304997546648
