Epoch, 6
training loss,0.0,0.0005150364568261245,0.0005082205484478405,0.0004985955750852602,0.0004971433458826396,0.0004955536781881434,0.0004937209601145536,0.0004919987639913966
training obj,0.011362944925718259,0.0,0.0,0.0,0.0,0.0,0.0,-0.04076133525900036
validating loss,0.0,0.0005422707524073671,0.0005295919429523521,0.0005871912989778296,0.0005472832006703624,0.0006331190449433606,0.0006106423780318651,0.0006671825464723058
validating obj,0.012114677156859873,0.0,0.0,0.0,0.0,0.0,0.0,-0.04031170932028223
testing loss,0.0,0.0004784666079621918,0.00047097838473206315,0.0005184863585498959,0.00047746486957458474,0.0005444636853930153,0.0005235046525635591,0.0005780597641139785
testing obj,0.01120456361545253,0.0,0.0,0.0,0.0,0.0,0.0,-0.04041048719286406
