Epoch, 8
training loss,0.0,0.0006228642318484502,0.0006749064803372283,0.0006085432577403445,0.0006069125215421367,0.0006062712325622081,0.0006007684175439827,0.0006025866485502132,0.0005990769719395686,0.0005982164698127913
training obj,-0.002859489356770235,0.0,0.0,0.0,0.0,0.0,0.0,0.0,0.0,-0.05199506209761489
validating loss,0.0,0.0005938260916688402,0.000584757133563269,0.000584864680301204,0.0005840630087227004,0.0005795881462391764,0.0006137535375374784,0.0006017866344336653,0.0005925528436515984,0.0005852573173494117
validating obj,-0.0037088165861657923,0.0,0.0,0.0,0.0,0.0,0.0,0.0,0.0,-0.056395056347052254
testing loss,0.0,0.0004229343522220498,0.00041504509912605546,0.00043466776328018197,0.00041675131821672975,0.00042364853721370017,0.0004476189016615437,0.00046821955589080433,0.0004320753568380668,0.00044940244928560834
testing obj,-0.0038524063027186974,0.0,0.0,0.0,0.0,0.0,0.0,0.0,0.0,-0.05191493940514487
