Epoch, -1
training loss,0.0
training obj,0.04040293129440213
validating loss,0.0
validating obj,0.04016579937989015
testing loss,0.0
testing obj,0.03944708873868861
