Epoch, 6
training loss,0.0,0.0005565296068180389,0.0007448534485792705,0.0006758903345554227,0.0007070396968058548,0.0007536134207803829,0.0008134013050984519,0.0008780891275462494
training obj,0.035436784207601754,-0.013251596274694391,-0.014040065761290344,-0.009033065929771492,-0.008497775534587894,-0.00815832213425607,-0.0074859290680501095,-0.007053285757737125
validating loss,0.0,0.0004856483960288137,0.000592645353915739,0.0006298583511023833,0.0006814011859306549,0.00070042517553601,0.0008005486152898003,0.0008523147997847344
validating obj,0.03299944022566908,-0.013762736848245064,-0.009112395068061434,-0.008873805047995929,-0.009026310516573075,-0.009398099125569893,-0.009085099465058496,-0.009469735856530152
testing loss,0.0,0.00042814936898286906,0.00053960761677543,0.0005745346179291782,0.0006274186321329703,0.0006508421152043534,0.0007568949556632622,0.0008138635021168739
testing obj,0.028847000486141926,-0.012154698776194474,-0.009388621072159023,-0.009123520705395856,-0.009260397052039971,-0.009775517678291008,-0.009465930011198932,-0.010035076508978131
