Epoch, 7
training loss,0.0,0.0005758391581099097,0.0006216531558368611,0.0005663369631471213,0.0005650655186150734,0.000564031292771117,0.000562056520920676,0.0005607584399495311,0.000559313527271882
training obj,0.03084395923012612,0.0,0.0,0.0,0.0,0.0,0.0,0.0,-0.026511179495091533
validating loss,0.0,0.00047472363197205897,0.0004606898819474736,0.00047053955151770625,0.000465432297359156,0.0004677391979283938,0.0004722861178581499,0.0004699204701965856,0.0004641135025546343
validating obj,0.02612387034524646,0.0,0.0,0.0,0.0,0.0,0.0,0.0,-0.029421147282442286
testing loss,0.0,0.0004783032773293844,0.00048062529438883193,0.00047401277756639376,0.0005086655386352308,0.0004737031492392841,0.0004948240241139649,0.0005300031620749536,0.0005028724961546785
testing obj,0.024362780053067853,0.0,0.0,0.0,0.0,0.0,0.0,0.0,-0.028990930544111778
