Epoch, 6
training loss,0.0,0.0005255809610032741,0.0005741357173332397,0.0005145545257797565,0.0005130068839849521,0.0005111244532956477,0.0005093479554703021,0.0005074854192749698
training obj,0.019319382507134886,0.0,0.0,0.0,0.0,0.0,0.0,-0.03777633459471604
validating loss,0.0,0.000522767402799218,0.0005125256888681583,0.0005119457109685754,0.0005325683262829747,0.0005233847071698013,0.0005165349793969654,0.0005174185860394371
validating obj,0.018749723262670968,0.0,0.0,0.0,0.0,0.0,0.0,-0.042213680429591074
testing loss,0.0,0.0005106989426929284,0.0004937497013924184,0.0005248910110330562,0.0005547803464995357,0.000570467122432436,0.0005986209010164177,0.0006172085513999509
testing obj,0.018346881525389647,0.0,0.0,0.0,0.0,0.0,0.0,-0.03796586012971159
