Epoch, 12
training loss,0.0,0.000597130667444492,0.0008755727958130449,0.0006982443906143125,0.0007061083504916443,0.0007036210796750132,0.0007102128324856726,0.0007510236259572683,0.0007359784130719216,0.0007711235933147335,0.0007703113771390681,0.0008082613235969535,0.0007733884996816735,0.0007375301566664313
training obj,0.027822127142081075,-0.01689434010243299,-0.01546111803538367,-0.014582675636983386,-0.014754793666960562,-0.014597963550876752,-0.014666755463672326,-0.014744333552160099,-0.014616690634512434,-0.014596983730592126,-0.014572172893174723,-0.014500686573777713,-0.014484685577233048,-0.01447944312411196
validating loss,0.0,0.0004876754080921981,0.0005710747007267653,0.0005512634828240456,0.0005972570199648746,0.0005897829634907086,0.0006620575554229112,0.0006462177471904498,0.0006542291359639623,0.0006337726655248036,0.0007186506635561171,0.0006130784394271257,0.0006957019896718622,0.0006366173090807731
validating obj,0.023178399553418987,-0.01697073146028237,-0.014671650243043486,-0.015495644610685607,-0.015248838061880734,-0.015196034969348047,-0.014471626012689538,-0.014839050340621421,-0.013879802983461155,-0.014286781609472301,-0.014254497260683112,-0.01446133180676649,-0.014911453252554767,-0.01486078325089895
testing loss,0.0,0.00044975729518203453,0.0005449766387165575,0.0005242948688179682,0.0005680805389184152,0.0005517520010078049,0.0006411198127033138,0.0006223470308877704,0.0006360010626628315,0.0006356664978099887,0.000690621550028162,0.0006100885688824377,0.000778373541244356,0.0007085252270642102
testing obj,0.01930366931294368,-0.01840851831916921,-0.016243068523377785,-0.016177495309101366,-0.01608600327115808,-0.01604338610116896,-0.015543731461228753,-0.015726387897204305,-0.015519735151650133,-0.015650411482547987,-0.016134423298157147,-0.015522363740397064,-0.016132228107921576,-0.0160098647497393
