Epoch, 9
training loss,0.0,0.0005041437670325439,0.0009867923023226014,0.0020341185760579606,0.00245582559274572,0.0026023372867364156,0.002646681927378736,0.00264723599347409,0.0026306871370585998,0.0026159764352347336,0.0025964770764590073
training obj,0.011477908964661047,-0.04815255661533605,-0.029861184620276402,-0.02779038362498937,-0.027649209411452935,-0.027668255812045798,-0.027522451037525417,-0.027312049565054255,-0.02716736609625485,-0.02694054323370721,-0.026817658587305622
validating loss,0.0,0.0005197558273148608,0.001539577120330159,0.0023195502456200266,0.002580934177574969,0.002621056041503035,0.002675530198191302,0.0026494693011045456,0.0025898434328894973,0.0026441385230745566,0.002573975929861508
validating obj,0.012038162657282086,-0.045597789438512296,-0.025728418341931278,-0.02559020868615347,-0.02575259386307228,-0.026354478496516762,-0.025878940974797243,-0.025711673332835874,-0.026706951159571383,-0.02633668364679834,-0.02645120466656493
testing loss,0.0,0.0005082448468519144,0.0015301707183874875,0.0023098578884966814,0.0025710952606472137,0.0026098293299977498,0.0026644914528826274,0.002637160674463669,0.0025766022207228253,0.002632813107802592,0.002558879447073424
testing obj,0.011688692348154835,-0.04791374220681119,-0.027320415050067045,-0.026854441791336836,-0.027357389792966657,-0.027669432021600552,-0.02726091421650091,-0.02710286967405046,-0.027848850757768457,-0.027694485758602772,-0.027750301842454327
