Epoch, 6
training loss,0.0,0.0005133049092129674,0.0007061249896120147,0.0012333196091545559,0.0016091524126100917,0.0016048647624856555,0.0016010418939034507,0.0015106190761084682
training obj,-0.003135067987447711,-0.06711095643158142,-0.05234901735483792,-0.0516124455891072,-0.05147387080548489,-0.05137081178574762,-0.051294562788459765,-0.05122831943619416
validating loss,0.0,0.0006230051475946645,0.0009574954839367709,0.0015361340953944295,0.0015934926851360115,0.0018745088383030134,0.0016606728107044892,0.0018435379731042672
validating obj,-0.0026057407172931724,-0.06773258279686774,-0.05043642643104375,-0.050821944049665876,-0.050179907620262525,-0.05044184441784571,-0.051059436175495285,-0.050727991093994215
testing loss,0.0,0.00046538789258048977,0.0007998567526022344,0.001372014423289293,0.0014403402730590134,0.0017181433230941464,0.0014922815377434488,0.001663312538803063
testing obj,-0.004712396700467382,-0.06835205621196666,-0.05305419485253024,-0.05330447017146265,-0.05318057985748718,-0.05350692334092782,-0.05363006728722132,-0.05314405096883977
