Epoch, 6
training loss,0.0,0.0005107406639839632,0.0005128098524505686,0.0005042492935555221,0.0005020857890406855,0.0005008610057501697,0.0004989677509719472,0.0004966773495120106
training obj,0.01870430807715752,0.0,0.0,0.0,0.0,0.0,0.0,-0.038438241315970685
validating loss,0.0,0.0005188259566210816,0.0005146372336938584,0.0005345625365838758,0.0005704057368794883,0.0006165303280751284,0.0006276950535000299,0.0005154795127341348
validating obj,0.018434689681538764,0.0,0.0,0.0,0.0,0.0,0.0,-0.0401839209191991
testing loss,0.0,0.0004749447180325103,0.0004733326791735264,0.00048081553589964204,0.0005020683164387323,0.0005376887383732325,0.0005849140156216245,0.00047011011787282466
testing obj,0.01780857862712312,0.0,0.0,0.0,0.0,0.0,0.0,-0.04152753012552986
