Epoch, 10
training loss,0.0,0.0005573150671861025,0.0007515145884598514,0.0006289938101533563,0.0006279959749115412,0.0007267908782666257,0.0007791560982107459,0.0008284415968684662,0.0008770649557631902,0.0008136462835668057,0.0007286358393578078,0.000756520724469595
training obj,0.02467699632706011,-0.015885921097451856,-0.016018093998233476,-0.014822501627107462,-0.014318143523426032,-0.01443756493356298,-0.014546107653272794,-0.014321657176147782,-0.014489652997101931,-0.014513874310981847,-0.014576770029231613,-0.014374146182272656
validating loss,0.0,0.00047314165365403623,0.00048104264270578924,0.0005253098614856652,0.0005409105797298253,0.0007105322527220576,0.0007227634535714363,0.000788141569096802,0.0008067873431072156,0.0007467365640978743,0.0006577619096788112,0.000626931070049371
validating obj,0.02342142798523936,-0.015374538023024797,-0.015171541897062626,-0.014703195199318644,-0.014632674179867737,-0.015526315902308043,-0.014045969046290137,-0.014690429043386959,-0.015266621084366407,-0.01473685145093542,-0.015081583845636083,-0.015861494414922264
testing loss,0.0,0.0004678145175873667,0.00047818781859933625,0.0005146087409033302,0.0005213136032948938,0.0006881199121896832,0.0006942705715757895,0.0007564168819855597,0.0007813614765591164,0.0007298822523365301,0.000643630450311419,0.0006048376054496731
testing obj,0.020281669595656363,-0.01654683459373946,-0.014682869615687712,-0.014567961781033995,-0.014585583823154101,-0.015351531844636475,-0.014736177380876365,-0.01452223419815906,-0.015496520778617344,-0.014790784964035894,-0.01517460254222356,-0.014921820464518827
