Epoch, 16
training loss,0.0,0.0006030552005184148,0.0009815007891031166,0.0009339508925811114,0.0010312255809206844,0.0011427595471853718,0.0013284522981848567,0.001435714628428732,0.001537136767543487,0.0016052116320340658,0.0016235328450634637,0.0016313250678792303,0.0016023660158537621,0.0014758115253119054,0.0014649833974830222,0.0014525711333251321,0.00155796675917729,0.0014426848269067706
training obj,-0.00233087380069728,-0.06706295287346138,-0.0546214277618656,-0.0534115937374094,-0.053490686383755766,-0.053047814516021925,-0.05324971394649908,-0.05313676494155444,-0.05285451482324039,-0.053530355539245934,-0.053537099691582664,-0.053020896032160404,-0.05345557933198471,-0.053642279658393535,-0.05314953393649821,-0.053049797217781636,-0.05350972699622313,-0.05379259429287677
validating loss,0.0,0.00048402228094346356,0.0007395525713541752,0.0008619235886726528,0.0010193560374318622,0.0009705092573616033,0.00112434261326497,0.0013631432690696481,0.001385320138069801,0.001427695157569057,0.0014128970651654527,0.0013053616227504488,0.0014477789372904226,0.00135078547464218,0.0009819312237798134,0.0014073420801044751,0.0014306001297275845,0.0013338316510069287
validating obj,-0.003872577036317024,-0.06854480877518654,-0.05529022915288806,-0.053537765673051275,-0.054110581831385694,-0.055064150804860726,-0.053453139391624264,-0.05300969138948454,-0.05487820097348756,-0.0558084798976779,-0.05392739171576169,-0.0539355142455962,-0.05436527987735139,-0.05324871863962875,-0.053500415550337896,-0.05517670139670372,-0.05347532654802004,-0.05463256717969974
testing loss,0.0,0.0005330856131115217,0.0008521273734545133,0.0009170497096665959,0.001071789809675711,0.0009729726665977363,0.0012558440621187154,0.0013583996805135866,0.0014310009467629465,0.001485550482725926,0.001485224868284186,0.0013695599108531668,0.0014738401530209827,0.0014688845738026037,0.0010905059261367078,0.0015160162764840533,0.0015438987585995976,0.0014021267821049518
testing obj,-0.0033659072894905067,-0.06694507531544848,-0.05370109436429433,-0.053631795633181524,-0.05188659779928826,-0.05314127486702558,-0.051643594092613945,-0.05206534155719989,-0.0516193696121509,-0.05284894715893913,-0.052211487489576276,-0.052288805436645006,-0.05200986727770116,-0.05140097643173224,-0.052199076420652704,-0.05353473293016086,-0.0518691430396929,-0.05155516763192576
