Epoch, 7
training loss,0.0,0.0005573233969306446,0.0010108044825256892,0.0009914074157017702,0.0010003630641400448,0.0010690379575095778,0.0011551224046806787,0.0012182374226897225,0.0012461786872853397
training obj,0.04519320770221598,-0.01083848479012137,-0.018322447930261786,-0.0068238817331125485,-0.005565585382510999,-0.005231865475355995,-0.0047901643095446715,-0.004505483134804914,-0.0038927116801085715
validating loss,0.0,0.00046569121049186733,0.0009648680053133932,0.0008987658576289606,0.0009578293005082136,0.0010501398953945478,0.001105325631215237,0.0011680145948452668,0.0011867831312378661
validating obj,0.03954006338285075,-0.01051674556866702,-0.006779399551709907,-0.005728374536071594,-0.005188663399571346,-0.0053158782991684144,-0.005486918587444557,-0.005215843644691631,-0.00504679783868293
testing loss,0.0,0.00042886984099184064,0.0009402611430158612,0.0008663718118269399,0.0009278253458654257,0.0010259023252434123,0.0010878476526625957,0.0011634369360320773,0.0011683411163126898
testing obj,0.034748818184173594,-0.009396421243247853,-0.007610553727686606,-0.006410659032848639,-0.005850453220773488,-0.005992499661531199,-0.006118851652482172,-0.006223590636304957,-0.005879185815354356
