Epoch, 9
training loss,0.0,0.0005350373191450832,0.0007531228766881623,0.0007015639569669706,0.000734089151442544,0.0007790131759190677,0.0008530181844024827,0.0009675228484340158,0.001035103144685683,0.0010717207878627175,0.0011068571525552839
training obj,0.015947553454259154,-0.04129655006177285,-0.035576889561671834,-0.022110399267837113,-0.02199687923249953,-0.02162866266261713,-0.02181110831671486,-0.021416034333992237,-0.020767906558352943,-0.0204430597907334,-0.019595461641894837
validating loss,0.0,0.00045331525850795314,0.0005860649851254291,0.0006063127119786157,0.0006493044541760659,0.0006939377417438664,0.0008190679363906384,0.0009288375036299436,0.000942397532829394,0.001007298330983354,0.0010281316952184876
validating obj,0.015363145141034491,-0.04506181304653486,-0.023862049500975344,-0.021452022393027112,-0.02335610639096962,-0.023493563730476633,-0.022894597638191447,-0.022639587431007788,-0.02354088457973881,-0.023966978963774938,-0.02451677999407467
testing loss,0.0,0.0004957679592661333,0.0006437833801248564,0.000667380094307953,0.0007107840332586469,0.0007546450183695384,0.0008908203646471422,0.0010120312013109593,0.0010184572869597155,0.0010829474517408558,0.0010810067996735106
testing obj,0.014178645476145117,-0.04425703432108905,-0.024768247659242636,-0.02316034789121634,-0.023979481687215535,-0.02415931922056385,-0.02321810428858609,-0.023671742390237144,-0.023816016729216318,-0.023708030229081977,-0.024588006498241746
