Epoch, 12
training loss,0.0,0.0005599907280959408,0.0008908899378844117,0.0006206022944146146,0.0005785378111599415,0.0006014097107896198,0.0006266530594039782,0.0006189249911318149,0.0006081995593073468,0.0006136695032039949,0.0006645169458352029,0.000624028455828974,0.0006140391778899357,0.000621715915508057
training obj,0.028671183838855988,-0.012849512705396788,-0.013331697550693564,-0.012341161134342353,-0.012332182810824438,-0.012214019687334989,-0.01213363008391039,-0.012210205840129478,-0.012109985971348543,-0.012292185074229743,-0.012201726046737795,-0.012051267713746604,-0.012271855841390789,-0.012166162395356771
validating loss,0.0,0.0004714287707530376,0.0005815662732655053,0.00047600953965027456,0.00048208293952080165,0.0005161016144686275,0.0005105171274206239,0.000505079150267799,0.0005123751092873539,0.0005233449998437815,0.0005521449954054939,0.0005181493662449713,0.000489373742918057,0.0005864000486326404
validating obj,0.027129047291560307,-0.013072893243386514,-0.013092372676409367,-0.012029059975045837,-0.01350676131227778,-0.011820610211644735,-0.012495060936392596,-0.012384046684019268,-0.0120837649770288,-0.012172765389550477,-0.012232112743529595,-0.012451099477604859,-0.012782863457687199,-0.012831595377065241
testing loss,0.0,0.0004576873716605651,0.0006442901616832682,0.0004729085583774675,0.00047919728358219554,0.0005713285373113231,0.0005352646217648431,0.000520657652806541,0.000536880915967993,0.0005814022819371579,0.0005962642639674045,0.000576852909403356,0.0005491335788384596,0.000653137635979235
testing obj,0.023640341767286126,-0.012973761418834329,-0.011974243714625167,-0.011940940830705536,-0.012255799223517848,-0.011309458159942281,-0.01159567417060906,-0.011714857348517791,-0.012082701630739344,-0.012296798148167294,-0.012056757755753761,-0.012034234269899694,-0.01176850707584841,-0.011747478387897482
