Epoch, 9
training loss,0.0,0.0005425139229748096,0.0005906351705740306,0.0005321467822581967,0.000531229542970073,0.0005305859896836018,0.0005289264445452193,0.000527646763600619,0.0005256889682427487,0.0005234227464825381,0.0005216562162483267
training obj,0.012755225897383165,0.0,0.0,0.0,0.0,0.0,0.0,0.0,0.0,0.0,-0.049426554917704826
validating loss,0.0,0.0004792236959474394,0.0004741709239573942,0.00047836222701233864,0.0004758356194037737,0.00047424582549461373,0.0004737811086670263,0.00047541997527231515,0.0004778754177500054,0.0004878279531921079,0.000491463631583934
validating obj,0.01297628589802318,0.0,0.0,0.0,0.0,0.0,0.0,0.0,0.0,0.0,-0.05451584431446261
testing loss,0.0,0.00048700702894633206,0.00047976362342573386,0.0004981054152685337,0.00048424565092490584,0.00049837269388435,0.0004949851560947561,0.0005021088243272577,0.0004914179850390143,0.0005607629540758648,0.0005678183812493886
testing obj,0.011716235929319786,0.0,0.0,0.0,0.0,0.0,0.0,0.0,0.0,0.0,-0.0559101339832351
