Epoch, 12
training loss,0.0,0.0005486613131235537,0.0007554503778045924,0.0007217516417857077,0.0007505898749656684,0.0008042814365277688,0.0008829474917101656,0.000933213780095399,0.0009666622649449124,0.000976018131683197,0.0009955701621377146,0.0010009348481510054,0.0010053670984537652,0.0009950642752479396
training obj,0.040003163842301744,-0.010290895604218047,-0.011840906151223416,-0.007079214038893434,-0.006580913399218344,-0.006117358602875588,-0.005662911448299009,-0.005186192758436151,-0.0046394465445522585,-0.004217706653563415,-0.0037452770734899767,-0.0033014570098078132,-0.002816017325876244,-0.002728361320709262
validating loss,0.0,0.00045688830404186674,0.0006118236265643241,0.0006605684045805699,0.0006931685954138326,0.0007679387159037611,0.0008447213476756588,0.000867375995666306,0.0009233192734730741,0.0009404278405579842,0.000922756099801821,0.000963536775088869,0.0009323841740196156,0.0009371968949886246
validating obj,0.03473435608773596,-0.00902096430460612,-0.006676261481415067,-0.006612461157298337,-0.006740532149302049,-0.007008903213621427,-0.006345919957513818,-0.007197788405594313,-0.006812852179993772,-0.006739520073299193,-0.006610657366561807,-0.007289103290531784,-0.006750062767726679,-0.007177256571594626
testing loss,0.0,0.0004563312478067756,0.000602993427074162,0.0006531676288530533,0.0006877292432142673,0.0007639858648306816,0.0008426268134310187,0.0008587556933619182,0.0009299150732585002,0.000931989962417582,0.0009224274544976652,0.0009980601214526876,0.0009298652396348582,0.0009383584704640245
testing obj,0.034108196146081425,-0.009034635313484515,-0.0070981585005348595,-0.007512463654731275,-0.0078027432067068045,-0.00791602343245334,-0.007460690526656706,-0.008921051755031521,-0.007597261007774521,-0.008239813163133993,-0.007571467607458298,-0.007703584087918185,-0.008108783066524444,-0.008773450119848791
