Epoch, 7
training loss,0.0,0.0005438819869453379,0.0007322194455899115,0.0007214604574483911,0.0007661570201390514,0.0008263379899218824,0.0009735946697593831,0.0010795147642128024,0.001231636664620144
training obj,0.020310780382258635,-0.031362035574720185,-0.029569735217328166,-0.019395663908810593,-0.019276067326941034,-0.019087745775194728,-0.0190454603118055,-0.018671567358222663,-0.018424432057266436
validating loss,0.0,0.0004821398799524306,0.0006496927954786872,0.0006808447255429605,0.0007413853333370449,0.0008504090599469944,0.0009869087031499173,0.0011018896346083945,0.001226183748157281
validating obj,0.019375719944946468,-0.030914386527405843,-0.018995832250867453,-0.018575063660844333,-0.018850102425656386,-0.01891061204433855,-0.01883197734908511,-0.019191979948017333,-0.02062420411190639
testing loss,0.0,0.00047505232656918896,0.0006489535491611507,0.0006818199367813036,0.0007435174551131707,0.0008531776996253914,0.0009877093119005597,0.0011028505057864193,0.0011973643830404744
testing obj,0.016128452469569607,-0.03094804285698243,-0.019993981739783007,-0.020055753407005623,-0.020382195528646983,-0.020153542953807658,-0.020401926465785584,-0.02059234683150174,-0.022161080709633393
