Epoch, 15
training loss,0.0,0.0006102786783480506,0.0008888158679017615,0.0008821069004981979,0.0010151962824987576,0.001064573858143287,0.001125802777652793,0.0012107633696823363,0.001262335947774095,0.0012680075757945065,0.0013565404082684978,0.0012402880892349298,0.0011612014526583474,0.0012214368244623948,0.0012217930494122864,0.0011399307583833077,0.001088023835487262
training obj,-0.002509565846811907,-0.05710633867511562,-0.05320912529440487,-0.052797538038416233,-0.05272691470443034,-0.05304310292955123,-0.052630818668095505,-0.052969674134225236,-0.052613196803220345,-0.05285316578240371,-0.05284823167192585,-0.05296702494150868,-0.05242988486208168,-0.052538496663099996,-0.05296923548129259,-0.05293959434710297,-0.052757092809998525
validating loss,0.0,0.00041209579244928644,0.0005057292952794038,0.0006558786106122878,0.0006369446620940127,0.0006843935771030374,0.0007327216147435441,0.0008488946360658803,0.0010034341139544267,0.001213212347162577,0.0009733975522168395,0.0009284706749086683,0.0008785483361053695,0.0008125327424042755,0.0010335152583138552,0.0007051051947605123,0.001069784874643018
validating obj,-0.0029949920458926093,-0.05265326994574732,-0.05082782976225846,-0.05310351843945682,-0.050937658512137,-0.050791694679194026,-0.0520158781695904,-0.05001770192757249,-0.051135237871979676,-0.05050704595891552,-0.051076782453391284,-0.050483314216964774,-0.0505045515536848,-0.05081468686047527,-0.051687754638906985,-0.050569093579219446,-0.050993315720309816
testing loss,0.0,0.00044288061685251334,0.0005395315349380473,0.0007662989906699246,0.0006890081528360275,0.0007120699885637952,0.0007784584528495985,0.0008886756978746554,0.0010369647134211846,0.0012397910491878015,0.0010972404103282512,0.0010914670931162767,0.0010538269485255729,0.0007896242945256794,0.0011116847615355524,0.0008266527546692413,0.0011555732841795386
testing obj,-0.0034739853361168424,-0.05461187356126469,-0.05133615980377874,-0.052817715004690596,-0.05219888337258551,-0.05100061804861636,-0.05155266378376935,-0.051110743142261696,-0.05172721998816406,-0.0518924433586968,-0.0519454561778017,-0.05140739983904201,-0.05138669095027286,-0.05240669657753126,-0.05206569389918366,-0.05186360908319821,-0.0515740011390802
