Epoch, 7
training loss,0.0,0.000510073134684333,0.0005489767377803649,0.0006196809114130406,0.0009575199530958437,0.00140794024708487,0.0017199782919906964,0.001957992454223827,0.002126386917425371
training obj,0.02903063806380959,-0.01225975124063007,-0.0112720865849727,-0.010938299493714929,-0.010919485199671602,-0.010924179458665098,-0.010901116529129229,-0.010775003784703077,-0.010783042673228669
validating loss,0.0,0.0005218761279198355,0.0005479762188027408,0.0009619885211476934,0.0011200722601831887,0.001573587742200682,0.0017757846987028817,0.002088323958575803,0.0022185362851695127
validating obj,0.02936585910560299,-0.011144671762349232,-0.010719912848918729,-0.009903920658503153,-0.010080043941890904,-0.010290063609075846,-0.010194018404208974,-0.010191147933088913,-0.010301980748289235
testing loss,0.0,0.0004678781521906848,0.0004900266889270544,0.0009058345986446831,0.001066482803930982,0.001514658828289208,0.0017284863381390098,0.002029625306398048,0.0021757629618654587
testing obj,0.02772971779178578,-0.012463735818875738,-0.0114738025012059,-0.010678336242287582,-0.010941927555889186,-0.011306311829190336,-0.010876084559456014,-0.01105775937587087,-0.01083935990131327
