Epoch, 17
training loss,0.0,0.0005023769277897042,0.0007691898720010991,0.002138799064619562,0.0024862416498216064,0.0025683370586695917,0.002605821444509235,0.002580118451060367,0.0025545077867295293,0.0025396413014006766,0.0025363902252418203,0.0025221663155212733,0.00250680058027197,0.0025091642156588666,0.002486611100619097,0.0024964578223669134,0.0024901414407748745,0.002486756947892672,0.002476378477750717
training obj,0.0179255152409584,-0.03275453953207443,-0.02028226378615817,-0.018539043258544042,-0.01840070930263211,-0.018200842293963952,-0.01796383686013303,-0.017731078625776064,-0.017477152089444146,-0.017203671361514437,-0.01696099302259823,-0.016703960096557245,-0.016514132827905207,-0.016348628149986912,-0.01617464480882132,-0.01599956685583028,-0.0158210724668671,-0.015642687011187754,-0.015493566894199317
validating loss,0.0,0.0005506228974032027,0.001573682981011519,0.0024904577842201382,0.002595328051954585,0.0026339962961680697,0.0026798785972702204,0.0026619607867885728,0.002581353529733461,0.002620129151572715,0.0026077255985303216,0.0026287949486123235,0.0026547644274457515,0.0026324214570862354,0.0026325643015058654,0.0026650315917590085,0.00259378168749652,0.002628661494760107,0.0025891143821379667
validating obj,0.019244973890960318,-0.033328444319922206,-0.018207417380477216,-0.01801599088611539,-0.017875773414879212,-0.01765030010113538,-0.017715873111322986,-0.01757011046330203,-0.01760425862363156,-0.017582074773681566,-0.01734644788716981,-0.017403421291894566,-0.017658277976271862,-0.01724785139178374,-0.01739515415086672,-0.01733275025818742,-0.01746997785042314,-0.018070817774783653,-0.017340573023804897
testing loss,0.0,0.00048413312277218037,0.0015053682427183307,0.0024134887974683627,0.002518206871861653,0.0025591419425852304,0.0026071941754147536,0.002585272012172642,0.0025069579847153797,0.0025458407102204,0.002534852423681116,0.0025586743942075593,0.0025842014694964694,0.002559627239791141,0.0025639369754800363,0.00259492526282901,0.002519890846541911,0.0025628775275246644,0.002520937946859087
testing obj,0.01761434191321752,-0.03196588598541184,-0.01763921210834061,-0.01799381779716791,-0.01784941514957177,-0.017822033541738704,-0.01779485079411757,-0.017668876176212694,-0.017612345634900328,-0.017516295481697624,-0.01747795639089958,-0.017593997496175427,-0.01750305452882577,-0.01749578496944576,-0.017758069958268518,-0.017478498202234044,-0.017354990655024136,-0.018232833168095878,-0.01756587558147047
