Epoch, 16
training loss,0.0,0.0005630205629630855,0.0007322474493526433,0.0007057284950575444,0.0008018382905991565,0.0009148268712748426,0.0010653527821048948,0.0012194838068977582,0.0014360656562334329,0.0015874370791054532,0.0016511718740266767,0.0016548149648359886,0.0016761626733247847,0.0016952010880534848,0.0017229983770270267,0.001681480216154573,0.0016676220878520432,0.0016185812017533417
training obj,0.02383303468791293,-0.023063063132120115,-0.024595278424813467,-0.014720482811989153,-0.014796632671655685,-0.014440947195843738,-0.01456158377924094,-0.014230983036880692,-0.014097140407116682,-0.013504506478670473,-0.013160042948655639,-0.01269352453779064,-0.012097531446602706,-0.011758415948362182,-0.011071301597700107,-0.010538586311261443,-0.010079666181449213,-0.009544412912253072
validating loss,0.0,0.0004523342047630447,0.0005753502696784886,0.0006412709945935705,0.0007621436598128639,0.0008651166895611419,0.0010204285790678114,0.001214127947201228,0.0014679226765616073,0.00158361300580307,0.0016357997050767557,0.0015897320958578752,0.001648729282250214,0.0016943586944964612,0.001630997126792661,0.0016434388396899318,0.0016379950878520806,0.0015412969902778666
validating obj,0.021524071641680267,-0.02159886492881924,-0.013190644631524466,-0.012933070991291769,-0.013064070022664964,-0.01353729886856551,-0.012718349462375045,-0.012958067171793018,-0.012742843517723182,-0.012772534417712854,-0.013218767798712684,-0.012727217270164855,-0.012825734040234238,-0.012408864309286905,-0.012343690730631351,-0.01299794568007605,-0.013734595358578695,-0.012864463380537927
testing loss,0.0,0.000498111576382291,0.000618373132129892,0.0006843465755967347,0.0008039493573911337,0.0009050803173276772,0.0010611823519276506,0.0012576870165601675,0.0015090513735304813,0.001638065164631887,0.0016854753170313466,0.0016391663764905486,0.0017044182404296825,0.0017393789477520496,0.0016746883157867233,0.0016922725685494574,0.0016934659325744251,0.0016022683829194993
testing obj,0.02198887387970211,-0.022945134151676618,-0.015354620972396555,-0.015327637197097411,-0.015013117424992693,-0.016032974040639157,-0.01573759614099824,-0.015185499582691369,-0.015258722271568872,-0.015573597358967605,-0.016459364233211288,-0.01570543202861036,-0.016370927979477454,-0.015714975190348923,-0.015699688414413784,-0.016650338498309155,-0.01701724687528268,-0.015807451365666615
