Epoch, 9
training loss,0.0,0.0005712689311693276,0.0009048792026256778,0.0006269197577756702,0.0005743184673609029,0.0005655815789770499,0.0005711298053581998,0.0005699148681243041,0.0005778174217922759,0.0005913561953039949,0.0005923062713026964
training obj,0.028514798803656708,-0.01422797532971291,-0.013776239344631049,-0.012249655124055696,-0.012306422619696925,-0.01256751317403042,-0.012597682359902298,-0.01234549649662393,-0.01221237702696931,-0.012346119094895674,-0.012535332728579056
validating loss,0.0,0.0005414869269265586,0.0006243834035962613,0.0005535968721233075,0.000540017481196426,0.0005385624008340528,0.0005554240221196475,0.0005389471172950127,0.0005663436170127372,0.0005657931374622018,0.0005850640469968008
validating obj,0.028020157504619822,-0.013445810427785747,-0.012258749073629992,-0.011816924612503499,-0.012377031309167959,-0.011624448822759505,-0.011899279081262648,-0.011640525772236288,-0.011847627206912471,-0.01222984136418543,-0.012019852137503525
testing loss,0.0,0.0004360577415256459,0.000527237102663069,0.0004688337047244548,0.00045640594229602404,0.0004412653317951874,0.0004459336392952733,0.0004365650921819316,0.0005068072333980692,0.00048659780972033133,0.0005370545858002859
testing obj,0.02192503147179613,-0.015169470017222134,-0.014016273126283006,-0.013672482979018241,-0.014049666980910744,-0.014318568125442677,-0.013761065162504343,-0.014191262556139278,-0.013683503603789251,-0.013942105516262755,-0.01370275893714279
