Epoch, 6
training loss,0.0,0.0005073429318995215,0.0008671922417035757,0.0012538127214358514,0.0015198237839748685,0.0018963736673808771,0.001924745723581276,0.0019345229918218017
training obj,0.026247018768752444,-0.014277358540320948,-0.012701010138060001,-0.012479559882051225,-0.012360490568205384,-0.012372645889422664,-0.012361344934052639,-0.012314560751559735
validating loss,0.0,0.000550350271299611,0.0011308865197112456,0.0013482851771054512,0.0018467193386424012,0.0021028025180526775,0.0021172108762707417,0.0017929602791813032
validating obj,0.02719907036170389,-0.013870556697017387,-0.011649791612515425,-0.01182563877446983,-0.011882615805793695,-0.012069795047058676,-0.01261129807181347,-0.01189491526823117
testing loss,0.0,0.0004719261304829923,0.0010415519243158343,0.0012426263251599956,0.0017679746919143271,0.002016408712781081,0.0020384651413604157,0.0017081059317309698
testing obj,0.02463471055473241,-0.014821599433182541,-0.012517423018942974,-0.012482649682365397,-0.012919289953990642,-0.012896478302150054,-0.01309234633574522,-0.012666858019781733
