Epoch, 1
training loss,0.0,0.0005192077303791279,0.0008322387201600401
training obj,0.0401554523633804,-0.006819510151818349,-0.007083640885703528
validating loss,0.0,0.0005536546863852775,0.00054953687680401
validating obj,0.04113232931863375,-0.005873580945206155,-0.0063713543051789326
testing loss,0.0,0.0004884079683220103,0.0004873897426927193
testing obj,0.03970681172883757,-0.006996848895282624,-0.007247595316866692
