Epoch, 12
training loss,0.0,0.000589052031593347,0.0009985608283850345,0.0009777822649316386,0.0010438422519512766,0.0010902660413800427,0.0011662108036141624,0.0011797482938752236,0.0012714230469154084,0.0012750322932797466,0.001239146891976798,0.0013294715693393977,0.0013533065563487803,0.0014801885544632873
training obj,-0.0027168284444247974,-0.055883502229756,-0.05057052537141477,-0.04983044653473531,-0.05008939826386232,-0.050071591960594936,-0.049781026128752556,-0.049993906118998344,-0.04991633670733255,-0.049868255630865985,-0.04983975982987413,-0.04965674089377417,-0.04987632598654897,-0.04960171289595903
validating loss,0.0,0.0005182079649886065,0.0007968832362368832,0.0008102709079038403,0.0008164876821360344,0.0009615379539253707,0.0010430364086965306,0.0011153383626757811,0.0010390143737216324,0.0009326820149403324,0.001018401582162672,0.0011807009868789464,0.0012449062358225798,0.0012226540469176446
validating obj,-0.0012757543526175949,-0.057433604521469936,-0.049950102913296886,-0.05107521188134948,-0.0494063805995716,-0.05019086501043704,-0.05191860205700828,-0.049325789945820965,-0.04968977812677622,-0.050911331756247416,-0.049219806471632585,-0.050690142903476954,-0.051970253232866526,-0.05127033327395717
testing loss,0.0,0.0005819862830862434,0.0010220670497998268,0.0009317559629011698,0.000918613732013713,0.0009910776049789117,0.0010550312310098544,0.0011554908033340817,0.0011266373177342168,0.0010273100324903262,0.0011838872929188623,0.001324013203171686,0.0014403600602039463,0.0014510778564726934
testing obj,-0.0037675670826354543,-0.057484191238276056,-0.05296105370428916,-0.05410995280269433,-0.05282363202422857,-0.052573194626618074,-0.05469252191786025,-0.05291667361617894,-0.05258867104311247,-0.05330250890472451,-0.05280720812545435,-0.052853334267195816,-0.05340057271658569,-0.05340696038124529
