Epoch, 7
training loss,0.0,0.0005029860684874098,0.0012269786106299928,0.002283793015321037,0.002534103669254642,0.0025859876420795255,0.002607304459121776,0.00260974877836326,0.002564720885692205
training obj,0.03650216553227047,-0.010791450584203067,-0.007588973612429508,-0.005913886580614169,-0.0053442273669209355,-0.00496795598871701,-0.004607523716493653,-0.004289766719851356,-0.003988308994215683
validating loss,0.0,0.0005138217033396409,0.0020381705634051027,0.002515669369499705,0.0026015025018923835,0.002675144788148494,0.0026196994646339577,0.0026546435472539344,0.0026527389998396273
validating obj,0.03673663216878283,-0.009551223970878753,-0.005558568377218573,-0.0053629270081237525,-0.0048359370458900125,-0.004778359143327676,-0.0045657419355080225,-0.004667834176965522,-0.004693817010126802
testing loss,0.0,0.0004759333420105751,0.0020096827039523964,0.0024867521926741436,0.0025757978611790837,0.002648430351462863,0.0025975647223744664,0.0026334511395062926,0.0026286949059748043
testing obj,0.03652776124455971,-0.010580115585921335,-0.006597746795375163,-0.006253533910682646,-0.005888670028095965,-0.005700494068564138,-0.005634873572768236,-0.005788092363406158,-0.005724233675851501
