Epoch, 6
training loss,0.0,0.0005111141200651672,0.0006386650517442311,0.0006705630694700156,0.0010553816605665968,0.0015341841421251715,0.0018059650426686885,0.0021154954457169683
training obj,0.006441523285267628,-0.04017152647346376,-0.0362387145956688,-0.03611622750047315,-0.036147094050402104,-0.03602791852106504,-0.03607662160549298,-0.03602050317366859
validating loss,0.0,0.0005357095912010465,0.0006422990184618888,0.0009592557045998483,0.0014882142879922833,0.0018127818110924227,0.002035167362705311,0.002281020120733698
validating obj,0.006784857959715346,-0.03929330863922215,-0.03528892633643736,-0.03552711677051127,-0.03578922039084781,-0.036620048462867635,-0.03648946788419798,-0.036066670173772686
testing loss,0.0,0.00045885219887748966,0.0005418488869795487,0.0008714850540128625,0.0013933933879811439,0.0017180758950792626,0.001936178799099874,0.002175265591529081
testing obj,0.00579198757779629,-0.04014933698373028,-0.03584266818094864,-0.03579721830564065,-0.035927554459444115,-0.03715834687920784,-0.03632208943870335,-0.0360633444895394
