Epoch, 14
training loss,0.0,0.0005028609202162922,0.0005122718400489033,0.000960305874182815,0.0019254998599982287,0.00218543032445087,0.002310316456198009,0.002398313256497247,0.002420670799364536,0.002385769570379516,0.0023720720325366095,0.002334416091671265,0.0022858868187630487,0.0022499409446371556,0.0022493184323599874,0.002202086137615501
training obj,0.006355691381777899,-0.05478040439800471,-0.03786876317296412,-0.036128173480995174,-0.03596940935020844,-0.03593875732616369,-0.03580607574651683,-0.03568618255437772,-0.03555646986095327,-0.035434749689691604,-0.0352405583119953,-0.03510896476900437,-0.034941357982260425,-0.03479452235637971,-0.0345718002890988,-0.03442974080110274
validating loss,0.0,0.0005268616643416047,0.0005326879843929501,0.0017373892474616636,0.002118609869404725,0.0022612471410611507,0.002451157338343638,0.0024040975470166768,0.0022958671810285906,0.0024505399427760173,0.0024832011551747684,0.0024724960521308246,0.002414218258035327,0.0024562231325431626,0.0022151432182175787,0.002274359793524712
validating obj,0.006535603282940944,-0.054740176909960886,-0.037954767593939925,-0.03590357715786019,-0.03683930722461646,-0.03652852217450893,-0.03742402361602777,-0.03594408262276113,-0.03696725399887582,-0.03625860883915558,-0.03588236684050527,-0.03597569330933804,-0.0359691909601377,-0.036444425729512654,-0.036428101194835555,-0.036228965339492554
testing loss,0.0,0.0004928761762274323,0.000498940796313728,0.001705163472256721,0.0020847388474261085,0.002229123240658972,0.0024191976517676126,0.0023704933440601276,0.002266750669566892,0.0024249284496537303,0.002453839009036206,0.00244308597662305,0.0023870189828884736,0.0024349263567868588,0.0021850098675459933,0.0022467889383406396
testing obj,0.00617851725724973,-0.054237154756453076,-0.03752597355766289,-0.035941185728645214,-0.036399271691830354,-0.03674977403871471,-0.03716331999348204,-0.036020523703395806,-0.0372515263648226,-0.03661810548289995,-0.03614253572407924,-0.035961258627487135,-0.03611467021442116,-0.03638924125793571,-0.03641908760575286,-0.036154105897075954
