Epoch, 14
training loss,0.0,0.0005192077303791279,0.0008322387201600401,0.0007564127844896331,0.00059974282361925,0.0006488816070845567,0.0007813788738306768,0.0009316808186730699,0.0009544264504567057,0.000864194669831715,0.0008924125332208038,0.0009196950698906741,0.0010390459830431622,0.0011023063909173327,0.0011160877828370996,0.0011284460309427691
training obj,0.0401554523633804,-0.006819510151818349,-0.007083640885703528,-0.006987874425851916,-0.006734292159935954,-0.006668337431131941,-0.006658958357911974,-0.006625910850996758,-0.006396480988180935,-0.006438313842568771,-0.0064406248530925435,-0.006346196519083268,-0.006252938941274025,-0.006169314298663276,-0.0062504634620767375,-0.006172438936043509
validating loss,0.0,0.0005536546863852775,0.00054953687680401,0.000849028381903311,0.0006975283395149745,0.000829886495229179,0.0008427829648932816,0.0008678067620371542,0.0009355527700479287,0.0006528721409720919,0.0011737120075598054,0.0013514913468614421,0.0011256878620443003,0.0015634724324098612,0.0011317122078687597,0.0013141136123616711
validating obj,0.04113232931863375,-0.005873580945206155,-0.0063713543051789326,-0.00596303353126396,-0.0059495395054286635,-0.00596209297079116,-0.005670849172636918,-0.0057388453290775215,-0.005645043414632329,-0.005789061015307465,-0.005576053419179415,-0.00577576781637567,-0.005644692568258289,-0.005641930679803566,-0.005951782496554203,-0.00586233281302443
testing loss,0.0,0.0004884079683220103,0.0004873897426927193,0.0007644703540048945,0.0006081054459318756,0.0007362985642948576,0.0007582428850632894,0.0007819427955774839,0.000842836245352129,0.0005610821044026224,0.001089043286220766,0.0012377629572727594,0.0010468853723885742,0.0015140565718554614,0.0010511142395279673,0.00124768642144115
testing obj,0.03970681172883757,-0.006996848895282624,-0.007247595316866692,-0.006778345924398178,-0.006893704608768039,-0.006951876508136939,-0.0065569838609349255,-0.006333525323131877,-0.006616249529439668,-0.006850415762400065,-0.006651636587356485,-0.0064497429361765665,-0.006352413920990212,-0.006597529292080981,-0.006720778555068285,-0.006573655358243176
