Epoch, 16
training loss,0.0,0.0004900181992860632,0.0010774038668319053,0.0021711991394041527,0.002408966036900121,0.002472063081343135,0.002504400413091197,0.0025155504559730667,0.002506942134013003,0.0025225155988567614,0.002511108040805498,0.0025231120884060287,0.002515619845761912,0.002512309003021583,0.00251373557514636,0.0025116451898832205,0.002502190203110171,0.0025067635199594214
training obj,0.017800848295956233,-0.03188433402991271,-0.020237189105204886,-0.018860103382455293,-0.018515377374677285,-0.018267574699763648,-0.018002815602525896,-0.017762304560365837,-0.017596194823111797,-0.01737309558350589,-0.017224180320974926,-0.016998740414242926,-0.016897140079521422,-0.01672374597152225,-0.01653169018388184,-0.016408302667605852,-0.016303774030145286,-0.01608971061154693
validating loss,0.0,0.0005511077248972114,0.001886050464588646,0.0024389991058184923,0.0025604990964342928,0.0025409327032025193,0.00259615322268829,0.002567965447077702,0.0026300248897805243,0.002512307568520926,0.0025711058200720478,0.0026368564333135074,0.002602305191175877,0.002590524251846706,0.002513022019824329,0.002627682095074504,0.002630478229976314,0.002637583931995021
validating obj,0.018882112703237773,-0.031303595112649574,-0.019342017936871538,-0.01869133626236532,-0.018685207806952993,-0.018017539538597773,-0.01851758516835094,-0.01831656938441304,-0.01842496530426776,-0.01864230487202407,-0.018048392784391822,-0.01801687429230467,-0.018110948274795056,-0.01763473104872454,-0.017970175026339127,-0.018412338369961017,-0.018691009551022448,-0.018029530524601677
testing loss,0.0,0.0004763854109261765,0.0018098788101886512,0.0023646278708785284,0.002487140884198146,0.002465093382329659,0.002524383637008999,0.0024964364488783857,0.002562376219505146,0.0024400761524510286,0.002500607014959117,0.0025686462888279337,0.0025345689239198417,0.0025190207514136057,0.0024400939331381947,0.0025607646022572242,0.0025725790763132775,0.0025696845728384646
testing obj,0.017413252123860763,-0.03127128448138549,-0.018999988829120736,-0.018419438236106103,-0.01837066194746265,-0.01807049830306302,-0.01816055487693895,-0.018089831004435397,-0.018196569601788785,-0.018097425597397652,-0.018135305923664632,-0.0179893009476011,-0.017938100174229702,-0.017759860113740814,-0.017782793030873736,-0.018448970198034983,-0.01864146319756576,-0.018204829863973104
