Epoch, 10
training loss,0.0,0.0005930422010886319,0.0007275058066143709,0.0007033760280476189,0.000775728452443967,0.0008469611927912589,0.0010195898048479255,0.0013848290922503699,0.0015452193399872996,0.0016546132725517393,0.0017015275910642802,0.0017019052419117561
training obj,0.021973978791970248,-0.034586279006565315,-0.030227884933279426,-0.01902294494211674,-0.018921465228549112,-0.01864386426430999,-0.018573811658493738,-0.01843191010640094,-0.01804327781759568,-0.017515099552624366,-0.017216191163250044,-0.016361615968429867
validating loss,0.0,0.0005163789424437305,0.0005921366419998878,0.0006471019260061439,0.0007289649276774273,0.0008364598333072434,0.0011901445185584533,0.0013993864267831668,0.001505522856152513,0.001623709960969993,0.0016361125615528887,0.0015497961042759318
validating obj,0.020628787693567574,-0.02964073047041893,-0.01776568023746626,-0.017245983536769118,-0.01722421525563631,-0.017515272438888334,-0.018557772687118914,-0.01770805163283108,-0.017210624542915158,-0.01875591753438736,-0.017970842994853027,-0.019485420159374673
testing loss,0.0,0.00041533577884390096,0.0005111280520764381,0.0005729897278109314,0.0006529343410039548,0.0007616791428173767,0.0011263924636689291,0.0013328215431396824,0.0014565899902073717,0.0015534496247906842,0.0015812206516243718,0.00147921488953855
testing obj,0.01531372864957194,-0.033359187850225215,-0.01939944747357151,-0.019272921720167268,-0.01889466810845644,-0.018922607741645864,-0.018985997237315453,-0.018783895984745107,-0.018600256647914648,-0.019892507371165463,-0.01943257266680735,-0.020908137827457207
