Epoch, 13
training loss,0.0,0.0005235544623157658,0.0008490055483336761,0.00076987943971557,0.0006269529615654428,0.000570665374249859,0.0005799722390685358,0.000585174049517852,0.0005952291222581385,0.0006112158687684831,0.0006025482640788872,0.00068975006602248,0.000724073552569904,0.0006731758749582713,0.0007604118843457899
training obj,0.006250460922498913,-0.03849536121695065,-0.038049040457197265,-0.03757524838415431,-0.036703217999242685,-0.03635074115887869,-0.03598206542140128,-0.036512480394951266,-0.03634941847812311,-0.036015498088490146,-0.03635931734141766,-0.03602722415006628,-0.036172146693456406,-0.036065529790871284,-0.03603611287898293
validating loss,0.0,0.0004488971042317442,0.0006448035700385743,0.0006450237140395782,0.0005607310593202581,0.0005345564410769535,0.0005046571503852545,0.0005300519791894152,0.0005498169468612307,0.0006958705594620875,0.0005765057697620554,0.0004817705501207254,0.0006103086125222035,0.0006492676649132692,0.000821812968448891
validating obj,0.005462078649240236,-0.035775010862077274,-0.035033261817362576,-0.038788771748335824,-0.035895124931509294,-0.03488145318503181,-0.035182511563309364,-0.035474613671087556,-0.03477828323634134,-0.03434918598375387,-0.034037677778138056,-0.033900692075904876,-0.03466210511720015,-0.03536783608918389,-0.03467371092281408
testing loss,0.0,0.00041205262966065455,0.0007113599329730621,0.0006557133723667042,0.0005615223558994035,0.0005888513205226863,0.0004938869899126223,0.0005172853590330625,0.0005159813730200325,0.0006612230385685138,0.0006444890294349878,0.0005160677602681382,0.0007348539485876146,0.0007014482465377581,0.0009093756256137371
testing obj,0.0041705972917780686,-0.04145264621144412,-0.038965551056773275,-0.040342453665829996,-0.039383252075797806,-0.038390379965406014,-0.039068627825661284,-0.038649147565199715,-0.03887497431070015,-0.03879858460277319,-0.03825039291955732,-0.03876346139539335,-0.03870137792231666,-0.0388937142702776,-0.03895179450360907
