Epoch, 13
training loss,0.0,0.000495447112860767,0.0005675197315902003,0.0005779156065205857,0.0010387284892490773,0.0017460581812494631,0.0017711027801248999,0.0018671140545098335,0.0019776294234298774,0.001954518230615874,0.0020775100179760545,0.0020837210121870415,0.0021122217263761884,0.002131070191129267,0.0021635129614053497
training obj,0.01146111109374822,-0.030470009246809846,-0.028364416375100482,-0.027927302313404602,-0.027887367552028752,-0.027891411278415216,-0.027766912736557056,-0.027811703770889862,-0.02785794857209291,-0.027740321736332743,-0.027832497365008563,-0.027726710231651422,-0.027820411153161563,-0.027801837959268022,-0.027762613407128604
validating loss,0.0,0.000566491766108295,0.0006300175588457743,0.000753219866304204,0.001706382816425399,0.0018126046672547204,0.0019752984023797986,0.0018672411669219706,0.0020469911029936173,0.002157525741898013,0.0022665151567311127,0.0020828586986939386,0.002004308547908408,0.002252885104627526,0.0023490481838345477
validating obj,0.01258388212495274,-0.029858461062336875,-0.02707826465877437,-0.02722259722231117,-0.02628687152374781,-0.026975940155658136,-0.026963047064505648,-0.02716007442648642,-0.026444649981225237,-0.026804638647870725,-0.026175757600993537,-0.026352993153828393,-0.028044558679652772,-0.027034356950050718,-0.026939689049619703
testing loss,0.0,0.0004644848119734791,0.0005175737970820812,0.0006450766897095102,0.001585297157271427,0.0017091989027906895,0.0018604196150820837,0.0017396760711738144,0.001932270478067692,0.0020282644142914506,0.0021387911125177617,0.0019582888967455358,0.0018897672606994383,0.002131926192959735,0.002218593025969569
testing obj,0.011020246519676686,-0.030638798143195305,-0.028285887464239757,-0.028047504740255837,-0.027774218305554273,-0.028176662324576697,-0.028671914056783442,-0.028408617791904074,-0.027429032553045043,-0.027778494316065064,-0.027296047604028872,-0.027260566844401334,-0.028659638991217144,-0.027940395766253647,-0.028352794465857353
