Epoch, 12
training loss,0.0,0.0005382299671741659,0.0007072916281222384,0.0006989238871028646,0.000770760073518271,0.0008894908695034318,0.001017340770739989,0.0011684320157156417,0.0013308621634838774,0.0014173470994494125,0.0014872124674273472,0.0015119265379183286,0.0015237026576263208,0.0015033728616567804
training obj,0.028529103522134176,-0.015529625000906926,-0.019022179968362928,-0.011786593598149278,-0.011590345223963844,-0.011468605073534099,-0.01116373231314926,-0.010795875627310107,-0.010616277342242207,-0.01017498414251296,-0.009803813223854875,-0.00933774227331228,-0.008815547680555313,-0.00833737894198766
validating loss,0.0,0.0005163097252483971,0.0006496707958124009,0.0006986053061458127,0.0007891435185835386,0.0009380060873809271,0.0010383631500493113,0.0012598798413010729,0.0013353759681599007,0.0014498421725066793,0.0015025523381255981,0.001569242336295752,0.0015022454075127218,0.0014858740792583881
validating obj,0.02598902640036411,-0.015750873187142942,-0.011759071727283299,-0.011432758493659398,-0.011511743831862178,-0.011283523396640602,-0.011176561154166443,-0.011328001040965319,-0.011004000565864973,-0.011115826181291292,-0.010751503403298557,-0.011035104754329141,-0.011274597187164344,-0.01165688823028985
testing loss,0.0,0.0004408630982750863,0.0005780374951821097,0.0006269302553059911,0.000717353485162823,0.0008664659540659773,0.0009717478572604926,0.001190179751279789,0.0012785005847281601,0.001400231067531717,0.0014536935235121967,0.0015278480879370928,0.00146091722716527,0.0014387101062409882
testing obj,0.02445186600340782,-0.016226034579999948,-0.01276061126358203,-0.01250240536456978,-0.01321615302633192,-0.012555732558531736,-0.013343278919598339,-0.012781889766228158,-0.013374525361467857,-0.012955139438319649,-0.012717490943425612,-0.012734084924985026,-0.013389929411681118,-0.013432718539686018
