Epoch, 13
training loss,0.0,0.0005562406702094948,0.0008991434630326123,0.0009585830130769561,0.0010570863010727015,0.0011914856131553795,0.0013278540486342037,0.0014490028432406047,0.001585005064421863,0.001673393508455917,0.0017415148292795992,0.0017638913661643279,0.0017886160772439897,0.0018071545251444273,0.0018072462051778155
training obj,0.03543136931371455,-0.013429018810811435,-0.01892812225794164,-0.008411059553241906,-0.008245646599314961,-0.0079348618885977,-0.007640849403105676,-0.007438574805307914,-0.007017147591264517,-0.006673151581986424,-0.0062298600064298396,-0.00568548303700107,-0.005326138533578784,-0.004723965620859435,-0.00429615145457872
validating loss,0.0,0.00045283776105659653,0.0008359774720803318,0.0009209392705492468,0.0010486537956037661,0.0011566147230850118,0.0012777997633545762,0.0014726778156020576,0.0015533145310150252,0.0016488315789805104,0.0016622030137417216,0.0017479002417530864,0.0017733048557096885,0.0017426064166809535,0.0017241999675105843
validating obj,0.030901441531669762,-0.013475922531344824,-0.009153518638211407,-0.008613746626199119,-0.008403279902672188,-0.00823669861872784,-0.008224548794613738,-0.008223659882787615,-0.00824306246229551,-0.007868436061673693,-0.008492597178297324,-0.008100033504888415,-0.008182662403366217,-0.008492404303979129,-0.008348665387731873
testing loss,0.0,0.00042207760899956966,0.0007954851765110081,0.0008820626975943309,0.001006593690977457,0.001114848574837418,0.001235549832927063,0.001429511440250821,0.0015096502831658803,0.0016129792737145279,0.0016314145728215776,0.001701864811931611,0.0017247991306027649,0.0017057144605378445,0.0016854556680128382
testing obj,0.029086798391732817,-0.013029255249814407,-0.009312481477831465,-0.009605917396854508,-0.009347988470344225,-0.009727142090481278,-0.009289574759030665,-0.009294300286627904,-0.009397725876722787,-0.01003467128612101,-0.010422941413708031,-0.009759777791898799,-0.009916929669703383,-0.010536563202008806,-0.0099961878794774
