Epoch, 11
training loss,0.0,0.0005558297914046538,0.0008306037602653982,0.0007484140317412276,0.0007759922181767429,0.0008089936413692639,0.000856343111338313,0.0009133836159747386,0.0009737215541284896,0.0010314571803581773,0.0010765962501275627,0.0011200106684483733,0.0011451116436635893
training obj,0.04523084304277219,-0.00886423169525669,-0.013134658895432949,-0.005586024969085759,-0.0050467455723122055,-0.004671053402810632,-0.0042630752470965184,-0.003942360249165372,-0.0034556856534133356,-0.0029534113887861807,-0.0026010243167333743,-0.002127493814309584,-0.0018143726412352978
validating loss,0.0,0.00045027113204317476,0.0006652287168738743,0.0006714984992868267,0.0007023356528305966,0.0007318211177739108,0.0007980475105190029,0.0008604873841654302,0.0009194498901100209,0.0009747834604543945,0.0010384676408850485,0.0010585953164587005,0.0011263332708040252
validating obj,0.03762505718299912,-0.007651724218804803,-0.005715327505539689,-0.005526621903603275,-0.005178630083618272,-0.00568273757946574,-0.005291373672662303,-0.005511203832510445,-0.0056211526292221,-0.00490702436137427,-0.005771969829867076,-0.0064448826014995575,-0.004913841830178474
testing loss,0.0,0.00045758331189800456,0.0006627118135519275,0.0006715779151843005,0.0007094529825514434,0.0007512905698653462,0.0008023789288583086,0.0008641522093770422,0.0009448120136103416,0.0010026244806893472,0.0010680872876184515,0.0010922759200282697,0.0011501272163366445
testing obj,0.03761689515935408,-0.008156522262111507,-0.007424778117785683,-0.0063356076063575675,-0.006262046008880527,-0.0070622044653203845,-0.005797825056770061,-0.006448563491938183,-0.0066820218202632824,-0.00632321710125669,-0.007034407153008254,-0.007704415563116404,-0.006661289643710227
