Epoch, 10
training loss,0.0,0.0006228642318484502,0.0010195627026762084,0.0010066365456783816,0.001185186646933503,0.0012109494257910068,0.001185684164132302,0.0011594962900477077,0.0012390393051592743,0.0012270178257798156,0.0011748931604647535,0.0011020655817963985
training obj,-0.002859489356770235,-0.06331445056506817,-0.05355054278145818,-0.05301034637160745,-0.052986809264357185,-0.05310367849454576,-0.05275932147952856,-0.052941083520943046,-0.053057061037158265,-0.05283278174990533,-0.05274558777683506,-0.053055907278230376
validating loss,0.0,0.0005938260916688402,0.0006343701083500895,0.0008655758651406763,0.001047988604922365,0.0008464667815941437,0.0010645274071268635,0.0009074367242444876,0.0012194255315181282,0.0013731979342992418,0.0010571932927834699,0.00123944323665152
validating obj,-0.0037088165861657923,-0.06934777083289292,-0.05762306119625767,-0.05830652608225743,-0.0575295391285585,-0.05750445048842165,-0.056660548576878175,-0.056954680062416524,-0.05672476440668106,-0.05795707620887293,-0.05754194067170223,-0.05736321919701166
testing loss,0.0,0.0004229343522220498,0.0005296345339416262,0.0007840370811676179,0.0009607351070420968,0.0007147853735856385,0.0009378989416291006,0.0008042008353309153,0.0010802952493651065,0.0014139594182976194,0.0009939327361722906,0.0011206803429632674
testing obj,-0.0038524063027186974,-0.06279063861615755,-0.05221363265268706,-0.0525075438105174,-0.05261497241067323,-0.05264153546729201,-0.05244723626890698,-0.05192305807124924,-0.0520837552644111,-0.054067718016134726,-0.05270136921742075,-0.052270137251833
