Epoch, 6
training loss,0.0,0.0005023437819549094,0.000504668040338163,0.0004950974523190786,0.0004935343334574966,0.0004915748131805291,0.0004894397808493881,0.00048721080923761406
training obj,0.015557106294075883,0.0,0.0,0.0,0.0,0.0,0.0,-0.0400122680827145
validating loss,0.0,0.0005434607217177164,0.0006477287421765323,0.000594322317149764,0.0006279480479748083,0.000696401644172731,0.0007728862233637593,0.0007354381617613235
validating obj,0.016409758581525314,0.0,0.0,0.0,0.0,0.0,0.0,-0.040969020176266406
testing loss,0.0,0.0004738789318852658,0.000538918167388142,0.0004975827432958098,0.0005222074393499679,0.0005756938704560998,0.0006472633086558088,0.0006041807699996638
testing obj,0.015202965245144555,0.0,0.0,0.0,0.0,0.0,0.0,-0.04149799349777106
