Epoch, 14
training loss,0.0,0.000568564005915701,0.000677778302919001,0.0005822521459206244,0.0005874453751055304,0.0005976036520544713,0.0006148036502303975,0.0006430277394018976,0.000698901340736341,0.0006986957200341766,0.000812667546401202,0.0008804940061607197,0.0008903580337680658,0.0009351694558098839,0.0009939907881084317,0.0010297546143798778
training obj,-0.0022976108936264236,-0.07649749925031382,-0.06529952140123237,-0.05996923564988024,-0.06005196629786024,-0.060055409181936116,-0.06002853651549302,-0.05972856496478997,-0.05871223709454723,-0.055524450781590795,-0.052618631293230196,-0.049381329228772836,-0.047238315660141264,-0.04608077808630233,-0.045183148465174086,-0.04351894214530202
validating loss,0.0,0.0004908494186868969,0.0005043433741068131,0.0005138330980116734,0.0005265125108861765,0.0005608484415360079,0.0005181745345907984,0.0005924732510417622,0.0005657384782453948,0.0006913372769001095,0.0008611725748374334,0.0008223530110424488,0.0007948751275156004,0.0007304823338927235,0.0008959755238417225,0.0011730230956648786
validating obj,-0.0011673996923491359,-0.06910480103558964,-0.05624887321351303,-0.057811278539399304,-0.05745853318108453,-0.05744982334888644,-0.057001348895331226,-0.057820410985085696,-0.055703913120345935,-0.05390344342837731,-0.049739147898637585,-0.050738805594543614,-0.04848857635321716,-0.0507701726940771,-0.05187456992765268,-0.05313309535591139
testing loss,0.0,0.00046736918616138484,0.0004762725483168332,0.00048201263013431125,0.0004901381784096688,0.0005566393327761624,0.0004851254683229412,0.0005565001453785069,0.0005664244487667708,0.00071760993376154,0.0008039738077550774,0.0007943997606580033,0.0007923797342841312,0.0007883620622836846,0.000837984177377547,0.0011379730612797838
testing obj,-0.0025455044846780395,-0.07944320534934869,-0.06379911336242347,-0.06421058043535496,-0.06430630242401683,-0.06454002212833714,-0.06390215041166222,-0.06544461843834536,-0.06226747513220117,-0.06253178125700436,-0.05831629672163242,-0.05379485978266677,-0.05586477739081995,-0.05653405728171001,-0.05541210223895472,-0.05782137365659346
