Epoch, 13
training loss,0.0,0.0005062061338404173,0.0009183791816135624,0.00211391854696931,0.0026100005812027273,0.002725655410755187,0.002777522119268209,0.002766702352337359,0.0027550980856865313,0.0027470139051715,0.002725080832601589,0.0027057678373052906,0.0026769390366112727,0.0026637198668913787,0.0026367625725158
training obj,0.006403473173718186,-0.06303420373885221,-0.041405539268065665,-0.035866882369846205,-0.03576329702909125,-0.03563214452210281,-0.035587621374695,-0.035478736033995636,-0.03547669847792518,-0.03532043183282113,-0.03517347543350654,-0.035141827874767356,-0.03502010658343876,-0.03489375817410361,-0.03476437442238889
validating loss,0.0,0.0004896427913191571,0.0013439791977154188,0.0025041974242293245,0.002649086437697255,0.0027368772419646484,0.0027426627811421495,0.0028481992665729825,0.0028533494203902498,0.0027266295997757837,0.002680801295443312,0.002544681432104676,0.0026631334281541005,0.002474636380073484,0.0025126542565718966
validating obj,0.006551253326578794,-0.06357794996853725,-0.03474690376500564,-0.03456047195361147,-0.034194874274302726,-0.03472143093568747,-0.03381088031230295,-0.034378975133530824,-0.03444130056147757,-0.034226852852632016,-0.03454813870978397,-0.03429943676651246,-0.0342674169231812,-0.03460633101193138,-0.034890873035396675
testing loss,0.0,0.0005092475555498328,0.0013681153789653143,0.002504499921881355,0.0026752131840008953,0.002764436273263341,0.0027723698423960585,0.0028665267314165574,0.0028649491823812155,0.002754664786717824,0.0027092643261072825,0.0025753512664072106,0.002696265728295446,0.0024907618843389894,0.00254747420806368
testing obj,0.006488304580409535,-0.06211767515260566,-0.03649637990241643,-0.036526103752461646,-0.035846137646874235,-0.03694955815549895,-0.03561811583283359,-0.0361359011407512,-0.03622765577976911,-0.03625177273289549,-0.036635495068284195,-0.03632707498076399,-0.03584943486861692,-0.036185711671128586,-0.03639455617240369
