Epoch, 13
training loss,0.0,0.0004967523293925417,0.0009189486498348608,0.002237158894588936,0.0025054089869905255,0.002586171976844018,0.0026289302758372864,0.002639353426845645,0.0026455987701780315,0.0026428023990633103,0.00263242583220854,0.0026242425819102094,0.0026080327526862776,0.0025926454433472367,0.0025679253622557952
training obj,0.02864895545449512,-0.01420391375748661,-0.011543979228869598,-0.010047510228359969,-0.009591013501849231,-0.009152430749562141,-0.008868979939367048,-0.008651792320893081,-0.008381597874366955,-0.008190698383403097,-0.007980609711553972,-0.007743300740672294,-0.007549802957541682,-0.0073725729272609,-0.007167883769963102
validating loss,0.0,0.0005309793175779006,0.0019213988112968918,0.0025115769024564526,0.002637363801094797,0.002699033162237554,0.0026950108952446482,0.0027264408367624745,0.002745558199985114,0.0027590879806314167,0.0027669232570691916,0.0027184812158707102,0.0026941823710245967,0.0026934031335875443,0.0027056635400944207
validating obj,0.028949529617367423,-0.013371401616278714,-0.009919720440442354,-0.00965933448789725,-0.009411748018112537,-0.009690166132002553,-0.009548858310028292,-0.009323012904718415,-0.009337769169521528,-0.009224765389435844,-0.009093722556540453,-0.00901426067076314,-0.009306443531298204,-0.009373735197397613,-0.00910481866723036
testing loss,0.0,0.000463773803617132,0.0018427328309989991,0.002433103782552809,0.0025589853241036226,0.0026227624144360244,0.002616900396044406,0.002649031540221838,0.0026718926653682726,0.002685178839481354,0.002691259586433407,0.0026431129612156834,0.0026159783670592174,0.0026178792437214706,0.002631133366953229
testing obj,0.02733055549543896,-0.014238650422854262,-0.010345489992928433,-0.010187541497927383,-0.009862146473356656,-0.010097501316971808,-0.00993506911770952,-0.010027510160099389,-0.009840195751893245,-0.009835615780576422,-0.0097608935258635,-0.009722026199440627,-0.009922518100743398,-0.009972145341908985,-0.009703785070240587
