Epoch, 13
training loss,0.0,0.0005185760187639655,0.0004925265740133644,0.0004821997333831732,0.00047826693058143936,0.0004747913446401172,0.0004715208978783335,0.0004688574761950384,0.0004664709141293647,0.00046452637590839105,0.00046244671369541834,0.00046074691850928425,0.00045969836808785526,0.00045822121620014506,0.000457303042106121
training obj,0.036479372168841534,0.0,0.0,0.0,0.0,0.0,0.0,0.0,0.0,0.0,0.0,0.0,0.0,0.0,-0.03258645461428602
validating loss,0.0,0.0005555533866361178,0.0006360215187335796,0.0006368782266020367,0.0007201788184042878,0.0005849244625754348,0.0005344230874055259,0.0006465139999424968,0.0006770641786124071,0.0005544569790157873,0.0005635353821801275,0.0007269742891744704,0.0006136043206531801,0.0005820928935963978,0.0006696375180282558
validating obj,0.03765241293539535,0.0,0.0,0.0,0.0,0.0,0.0,0.0,0.0,0.0,0.0,0.0,0.0,0.0,-0.03255904427726324
testing loss,0.0,0.000487541154719466,0.0005314721118545271,0.0005396490073938659,0.0006152660983400026,0.0005101368541280974,0.00047597010562732566,0.0005688089297607196,0.0006050891122573758,0.0004958270135786558,0.0005039566513537646,0.0006523806352652016,0.0005448275633530892,0.0005228087264721253,0.0006093550622790332
testing obj,0.036019112211099075,0.0,0.0,0.0,0.0,0.0,0.0,0.0,0.0,0.0,0.0,0.0,0.0,0.0,-0.033716526940038585
