Epoch, 8
training loss,0.0,0.000537374012192766,0.0005943913605234211,0.0005240579170241094,0.0005216359110907469,0.0005209724744239722,0.0005183824541745707,0.0005155523110029296,0.0005110395544832892,0.000508148386656745
training obj,0.007336418066794674,0.0,0.0,0.0,0.0,0.0,0.0,0.0,0.0,-0.03362080025870134
validating loss,0.0,0.00046899610646909825,0.0004647139962293699,0.000457851276829994,0.00046225459219486866,0.00046317841042764485,0.0004596882061175873,0.00047447437928995997,0.0004669734860524639,0.0004760893243656028
validating obj,0.005040041791896026,0.0,0.0,0.0,0.0,0.0,0.0,0.0,0.0,-0.03774760373764568
testing loss,0.0,0.0003908346517238061,0.00038220472462755325,0.00039125374855388683,0.00038778822360925277,0.0003912253083104293,0.000401003140231714,0.0003824961456081616,0.0004122054953178441,0.0003896405329657215
testing obj,0.0044282947767626596,0.0,0.0,0.0,0.0,0.0,0.0,0.0,0.0,-0.035113672713270865
