Epoch, 7
training loss,0.0,0.0005001811663303247,0.0005521277029854029,0.0005198768226678265,0.0006278513687624837,0.001080463915486169,0.0013595235958400126,0.0015173337557899565,0.0016912168558435312
training obj,0.025964869209702993,-0.013453669175980943,-0.01276366123202885,-0.012537118888387083,-0.012525463177931828,-0.012452711515850525,-0.012489632436377868,-0.012456682790231504,-0.012434292947967615
validating loss,0.0,0.0005303132454761961,0.000558797636941566,0.0005917361001583795,0.0009241571685558695,0.00137538165373689,0.0014415186113648916,0.0015420869101970022,0.0018485339014439692
validating obj,0.02679407801382424,-0.013058262774044049,-0.011736493861418746,-0.011561900457032153,-0.011392800064892815,-0.011508102112233793,-0.011915358597941206,-0.011796334335841496,-0.011739063195104366
testing loss,0.0,0.0004715309103586885,0.0004935801605671555,0.0005146492494939143,0.0008459878302874163,0.0012971248743989907,0.001360356138270547,0.001460749823972743,0.0017727908847465625
testing obj,0.0254978747247348,-0.013606905196023955,-0.012567438751662698,-0.01247133145015847,-0.012226261417325362,-0.012282526651325214,-0.012660462310475181,-0.012338521824821048,-0.012362591345015458
