Epoch, 11
training loss,0.0,0.0004897064378164368,0.0007272750874710911,0.0010898764586708503,0.0015853233796156781,0.0018192330524908595,0.0019924272927184655,0.0020368269257659837,0.002194272309642274,0.00228443823702435,0.0023550902280558813,0.0023390472577508223,0.002381738719137301
training obj,0.028458058103896986,-0.011197458420874627,-0.010769612723006269,-0.010493510027833492,-0.010510805701798827,-0.010468321590049696,-0.010452878166860817,-0.010459107513419174,-0.010410368790518479,-0.010434805217297304,-0.010405466208430521,-0.0103375761990947,-0.010349996135380905
validating loss,0.0,0.0005288935329325604,0.0009490713307144166,0.001229420323432407,0.0018535581853234284,0.0020167140248247705,0.002040888542941027,0.0021544032686657455,0.0019703783799014394,0.002303352956515076,0.002328109540767117,0.0024966848144069263,0.0023339862824872035
validating obj,0.02962503754646617,-0.011275219623076772,-0.01027358312217783,-0.010935514753645731,-0.010091020807842998,-0.010096418175839892,-0.010199017425560775,-0.010103564438729137,-0.009930902120824838,-0.009923082203555943,-0.010145795576284063,-0.010296990742881148,-0.010066793230523365
testing loss,0.0,0.0004749985077908193,0.0008895436018102654,0.0011762556888038058,0.001804712927570044,0.0019570416101637633,0.00198525241788528,0.002100058785790382,0.001917276123102607,0.0022551784852500394,0.0022791361239083148,0.0024470207311466283,0.002295182479754661
testing obj,0.028110882739429067,-0.010847277322578886,-0.010438873995217316,-0.011073655412186148,-0.010390831901941917,-0.01043028835501368,-0.010399541260975953,-0.010507257230477263,-0.010311062251363533,-0.01006694345052952,-0.01019809113994959,-0.010499920112741293,-0.010286364217469927
