Epoch, 15
training loss,0.0,0.0005113048349224352,0.0009448812713005481,0.0021117626271702906,0.00250233151512294,0.002592647230965352,0.0026222224733851948,0.002639936243909038,0.002639405566731034,0.0026419449382791334,0.0026436554373281454,0.0026338581221740276,0.00262735380296994,0.002635363862458047,0.002634647930386757,0.0026246306966440074,0.002611416583528092
training obj,0.022615369730899972,-0.023236686776665863,-0.01615597488297998,-0.014696468201445698,-0.014488953877519632,-0.014208592222858848,-0.013938908323303923,-0.013645504175763875,-0.013376749399578735,-0.013171908677338863,-0.012944882245494616,-0.012748653774920767,-0.012576515607306682,-0.012370668055445573,-0.01222408822238449,-0.012030317356175775,-0.011859890215899758
validating loss,0.0,0.0005438444042744705,0.0016708269052265476,0.002450853448834876,0.002589595662816637,0.0026454452753943555,0.0026748453099345046,0.0027381939834441385,0.002696275381954664,0.0027064860469716437,0.0027110234735159776,0.002679891939513437,0.002713330967390465,0.002710913369999264,0.002634146990364089,0.0026672246880429734,0.00271776671421466
validating obj,0.02337215443151426,-0.021855816702683904,-0.013912082833453859,-0.013888005684468263,-0.013566284098865457,-0.013464942579334891,-0.013306440630038253,-0.012999019232678476,-0.013196024789545801,-0.01332389489686355,-0.013237712460096319,-0.013125074102469176,-0.012981433343226058,-0.01304760919384349,-0.013399854543293378,-0.013393166047201902,-0.013315225662147968
testing loss,0.0,0.0004890718650218683,0.0016116480567058141,0.0023877400056925473,0.0025263050837176187,0.0025827325814405198,0.00261260494457561,0.002676849249868995,0.002634617118902261,0.002646527800904571,0.002653029625081231,0.0026227318186460387,0.0026572220297546322,0.002653788797246379,0.0025876420668267007,0.0026239054840580655,0.0026559293508151365
testing obj,0.022596128259684486,-0.022798995065812195,-0.0142005867963551,-0.014187054283213249,-0.014259603735910674,-0.013758605859232761,-0.013783847435863236,-0.013571908124425993,-0.013880184287743935,-0.013636762635355973,-0.01362035659032837,-0.01371400809098234,-0.013530728497370925,-0.013568052424922612,-0.013820921447570475,-0.013842556062362857,-0.013885290209659201
