Epoch, 6
training loss,0.0,0.0005215180441635857,0.0005114312011621287,0.0005030793096295053,0.000500799668839091,0.0004984273660555861,0.0004951316804839613,0.0004928839999957194
training obj,0.022509313233038758,0.0,0.0,0.0,0.0,0.0,0.0,-0.03534887008864021
validating loss,0.0,0.000537128296817607,0.0005285262658551197,0.0006074913639117437,0.0005883510496500988,0.0007756397569924472,0.0007479625721102553,0.0007007720190857474
validating obj,0.02292223143871474,0.0,0.0,0.0,0.0,0.0,0.0,-0.036825677251063005
testing loss,0.0,0.0004749058551016174,0.0004681606740181726,0.0005184422185460267,0.0005007389007728471,0.0006657970215500193,0.0006471269675980826,0.000605323598882684
testing obj,0.02136911868427122,0.0,0.0,0.0,0.0,0.0,0.0,-0.038922394954450365
