Epoch, 7
training loss,0.0,0.0006025024202102156,0.000977519385724365,0.0009468803716385189,0.001032945911934161,0.0010458177536515993,0.001066241640821282,0.0010337364084918197,0.001121931029232584
training obj,-0.0023120392479148567,-0.06633434443205011,-0.05284093422267367,-0.05134461499823659,-0.051263135050733884,-0.05146513370906605,-0.051484823884332884,-0.0515469101641108,-0.05139302834868431
validating loss,0.0,0.0004932739751287348,0.0006379059535296013,0.0006248874538464912,0.0011381499045657823,0.0007483575730778588,0.0006775486468136983,0.0006658933828778876,0.0011356475661159493
validating obj,-0.002983483641097943,-0.05837898070199622,-0.049197721036358014,-0.05015467096947961,-0.049499496093226805,-0.049163773086749844,-0.05064526427951124,-0.05056525130445758,-0.05022561185372373
testing loss,0.0,0.0004863868328086667,0.0006154929024223993,0.0006399494389345793,0.0010613380462116864,0.0006983810213765733,0.0006464614657857424,0.0006345290248400242,0.00111147687130142
testing obj,-0.0025632706332347683,-0.06908127610143777,-0.05323701593521479,-0.05338102664697815,-0.05346276601021354,-0.05371064138976303,-0.05409427978903861,-0.0527947893919977,-0.05459523966183533
