Epoch, 14
training loss,0.0,0.0005012143897622702,0.001345840724418973,0.002341810592344119,0.0025169332008289917,0.0025836324877899206,0.002602013678030943,0.0026109966777101584,0.0026076364000759563,0.002613387102168421,0.002610144846708949,0.0026063179668209917,0.002592264388789399,0.0025768300234932542,0.0025861082499602506,0.002570201114292626
training obj,0.0287295474955092,-0.015568537493392503,-0.010994386284107423,-0.009663214195699705,-0.009319398684725184,-0.00903164516742129,-0.008709305930764211,-0.00843626883303879,-0.008177011411111707,-0.007964673630089115,-0.007746787910720267,-0.007566209574295686,-0.007364330991987356,-0.007226093783981536,-0.007047418998455614,-0.006870098929218278
validating loss,0.0,0.000544680465971201,0.0021966535317676085,0.0025130759853753664,0.0025521907318950625,0.002658229430003098,0.0026773552573044306,0.0027225071557871613,0.002680380315484421,0.002673369141095753,0.0026985494835643827,0.002710314353148108,0.002694918521096653,0.002664185565764207,0.002628019950465399,0.0026643378571462157
validating obj,0.029881509049927694,-0.014407492668132675,-0.00963348906348656,-0.009288683098621641,-0.009249761162863909,-0.009213926434552355,-0.00879533772492156,-0.008454565446627258,-0.009047686005136881,-0.008837648675048717,-0.008709169259201413,-0.008724058588328658,-0.008613279939284322,-0.008835396468784389,-0.008780505379281654,-0.008774206932524549
testing loss,0.0,0.00047233046582931444,0.0021183301176532793,0.0024320713683991676,0.002471703437891133,0.002578165641025658,0.0026008721117231604,0.0026439673995852417,0.0026038654638284404,0.002597887211250023,0.0026167329523404627,0.0026360017086400067,0.002617258691147175,0.0025843559670552176,0.0025502965747893317,0.0025809061975601466
testing obj,0.02799579405695482,-0.01540229407382773,-0.010470799044802106,-0.010216966550717075,-0.010112505314371543,-0.010137121935283665,-0.009750351627363716,-0.00959681725632816,-0.009892794900099313,-0.009709303911291255,-0.009716935786610972,-0.009559462953794895,-0.009262790283302035,-0.009715033915910146,-0.009537206289058683,-0.00951800024294793
