Epoch, 6
training loss,0.0,0.0004967523293925417,0.0004913986853894731,0.00048306335971265755,0.00047984455658043506,0.00047691389300839627,0.0004739794968270484,0.00047208888897798526
training obj,0.02864895545449512,0.0,0.0,0.0,0.0,0.0,0.0,-0.034675270747678094
validating loss,0.0,0.0005309793175779006,0.0005492104657391525,0.0005822680424244278,0.0005770602562630132,0.0005619755142244912,0.000617281760515687,0.0005554960451792172
validating obj,0.028949529617367423,0.0,0.0,0.0,0.0,0.0,0.0,-0.03301611306809637
testing loss,0.0,0.000463773803617132,0.0004670248074313684,0.0004995822292521036,0.000491788125612319,0.0004831970156042291,0.0005410759172757179,0.00047958213874526006
testing obj,0.02733055549543896,0.0,0.0,0.0,0.0,0.0,0.0,-0.033635801974709646
