Epoch, 16
training loss,0.0,0.0004934433219084758,0.0005392379399656215,0.0007750206454904717,0.0014109102343017358,0.001645728084356322,0.0017763837650213922,0.0018106021000351574,0.0017923314162921272,0.0017907818811438165,0.0016430464205072633,0.0015817860116310973,0.0015809644315932755,0.001597681597627298,0.0016250528040246972,0.0016370822746534896,0.0015477708014921346,0.0015137796268118288
training obj,-0.0037886621569433935,-0.07873042633883744,-0.057067018926705744,-0.05592349346973281,-0.053703007291951,-0.053207419000297816,-0.05311055059927742,-0.05302795438675478,-0.05292655218850006,-0.05276982219043855,-0.05254803125974327,-0.05251366269032616,-0.052278516938794165,-0.0520472383687798,-0.05180150480101462,-0.05160416081580802,-0.05034259153085465,-0.04997468862385917
validating loss,0.0,0.0005897570190049714,0.0006764979718235293,0.0012086169274763935,0.001751408012540347,0.0018227636865678542,0.0018539201452317858,0.0018896261483082825,0.001754119770704514,0.0019891550988510773,0.0014567731599539767,0.0014915044144441286,0.0018185040007980225,0.00167302115519038,0.0019564682091699082,0.0018261169742734033,0.0018866081898516387,0.0018882028417940538
validating obj,-0.0032863805093077433,-0.07517214919598354,-0.05502792463273738,-0.0545776435061258,-0.05133412841378766,-0.05210498771324083,-0.052787214143775324,-0.052048723276214716,-0.05238543287448095,-0.05160566828790472,-0.05229142023037771,-0.051765043662287374,-0.051372971857823815,-0.051428379200940316,-0.05137914571118345,-0.05150599758685357,-0.05161104926994154,-0.05198102828862861
testing loss,0.0,0.0005032960007892098,0.0005933250617585045,0.001134691531771935,0.0016783312682011092,0.0017502967437742062,0.0017860429072177532,0.0018281725747430642,0.001687423564541144,0.0019144084967898042,0.0013734240558462478,0.0014038993280722396,0.0017195829594962254,0.001562572437470375,0.0018306251480236086,0.0017135148058367313,0.0017585378724191236,0.001763260287700362
testing obj,-0.002751115188579654,-0.08004467513431472,-0.05609159052641277,-0.05625683092792709,-0.05384153415883367,-0.05330390843006553,-0.05373280430485121,-0.05349035091736641,-0.05356437118528427,-0.053475111689283907,-0.05381939583257636,-0.05426221361252353,-0.0537987960287708,-0.05334098566894174,-0.05376194566712681,-0.05351102236087679,-0.05353898723031075,-0.05391257255788565
