Epoch, 6
training loss,0.0,0.0005788627798941818,0.0006658029787193335,0.0005818779960356872,0.0005944500042567276,0.0006095813416536925,0.0006710954681872025,0.0007004736711821226
training obj,-0.0020365841942382792,-0.0680781633830538,-0.05611567339476417,-0.051447305105188315,-0.0512788764548068,-0.05066549222660707,-0.05075646264149862,-0.05010154470436129
validating loss,0.0,0.00041168666919272963,0.000410206582980916,0.0004318434686057218,0.00045670666986552533,0.0005011932601822385,0.0005167544889748873,0.0006741011847124253
validating obj,-0.0016104668741010958,-0.06555850317494737,-0.04491238321902023,-0.04509821777335472,-0.045830732573651604,-0.045330345553035535,-0.04663237704274555,-0.04846024518418643
testing loss,0.0,0.000484102717588964,0.00047856498870690276,0.0005291847935803014,0.0006103829217789933,0.0006609518978448987,0.0006623128867579146,0.0008185573017210511
testing obj,-0.004532787200013125,-0.06806578975472902,-0.0533478565237208,-0.05291804827346995,-0.05326980210186259,-0.053711860365158806,-0.05277625297674456,-0.053458752261625754
