Epoch, 7
training loss,0.0,0.000557136910713013,0.0005789006520382256,0.0005235823630309645,0.000522159032355857,0.0005204274704024726,0.0005183953204929518,0.000516936960533106,0.0005151714073886693
training obj,0.04333728565012707,0.0,0.0,0.0,0.0,0.0,0.0,0.0,-0.022538302797714578
validating loss,0.0,0.0004702853709912031,0.00044981952851230744,0.00045321741062151786,0.0004524405919962899,0.0004582679517221146,0.0004761876698466949,0.00045187762973202753,0.0005070655800712606
validating obj,0.03905708027175731,0.0,0.0,0.0,0.0,0.0,0.0,0.0,-0.0213235693388722
testing loss,0.0,0.0004774917023668594,0.0004586115793318714,0.00047214996212042515,0.000501836307120283,0.0005667284249038612,0.0006188116250897921,0.000534435184817994,0.0006655694952634214
testing obj,0.03630264129842053,0.0,0.0,0.0,0.0,0.0,0.0,0.0,-0.01895808704776337
