Epoch, 6
training loss,0.0,0.0005075469415225178,0.0004980728989958475,0.0004879553883990144,0.0004867191686359782,0.0004849010713364115,0.0004836160648989791,0.00048179378240885667
training obj,0.015246794086856183,0.0,0.0,0.0,0.0,0.0,0.0,-0.036294707535220495
validating loss,0.0,0.0005524048135368352,0.0005515769167485402,0.000539898149147819,0.0005664129160521036,0.0006763505870175257,0.0005891777359607394,0.0006619305382993283
validating obj,0.01608992629655505,0.0,0.0,0.0,0.0,0.0,0.0,-0.037437727168898476
testing loss,0.0,0.0004900800977871039,0.00048387562353899316,0.00047626182537353776,0.0004893907488921053,0.0005702029308807621,0.000504253606646145,0.0005582021379216895
testing obj,0.014902896145214416,0.0,0.0,0.0,0.0,0.0,0.0,-0.039286557631486974
