Epoch, 7
training loss,0.0,0.0005926014824973547,0.000640301009929424,0.0005807770032084127,0.0005791950317906608,0.0005786732609290174,0.0005765096278885133,0.0005751536452033392,0.0005731965574537468
training obj,0.018377654046258504,0.0,0.0,0.0,0.0,0.0,0.0,0.0,-0.04110429905099319
validating loss,0.0,0.0005111034157986675,0.0004987297993971475,0.0004973258501195232,0.0004955452853513028,0.0004981771770770946,0.0005102637432072596,0.0005002634853654955,0.0005043261444370728
validating obj,0.01711242358821134,0.0,0.0,0.0,0.0,0.0,0.0,0.0,-0.044160408459396824
testing loss,0.0,0.0004228698036623993,0.00041152979817549775,0.00041159411960728213,0.0004231172576043251,0.000413678063990586,0.0004663751283629067,0.00042186061939385064,0.00047805306648778905
testing obj,0.013412415811389283,0.0,0.0,0.0,0.0,0.0,0.0,0.0,-0.04403043224954525
