Epoch, 6
training loss,0.0,0.0005044628901388495,0.0005070317943863135,0.0004999057720180942,0.0004981457133102957,0.0004973013397557404,0.0004955694672511638,0.0004938192243582157
training obj,0.011744970474364621,0.0,0.0,0.0,0.0,0.0,0.0,-0.03646340040642496
validating loss,0.0,0.0005090703861742598,0.000525642470127857,0.0005465018146858264,0.0005783186016493931,0.0005305003484004704,0.0006321779349721142,0.0006148525044598148
validating obj,0.011516240929740008,0.0,0.0,0.0,0.0,0.0,0.0,-0.036387788309074395
testing loss,0.0,0.00046656780371648516,0.0004731345561187932,0.00048232370691962835,0.0005005572637857514,0.0004727094362043253,0.0005348798292606623,0.0005285281722175688
testing obj,0.011798942421936461,0.0,0.0,0.0,0.0,0.0,0.0,-0.03849796514009188
