Epoch, 16
training loss,0.0,0.0005197141464648584,0.0009071054838463909,0.0018653040736028741,0.0024111895446336773,0.0024958732901292596,0.002596736273049107,0.0026208835668196898,0.0025983878202516866,0.002552391091029617,0.002557587769735307,0.0024963423960586858,0.0024461586163122082,0.0024187478355795176,0.0023805130484580066,0.0023429883488190325,0.0023411557211998036,0.002299598715241899
training obj,0.006569164678366227,-0.059814274536089375,-0.037601821994109545,-0.03581270147312462,-0.03572849502798016,-0.03553515854424795,-0.03549614154386538,-0.03542239556003626,-0.03533008317228892,-0.035211701338276766,-0.03515571574276383,-0.035061288388038174,-0.034919273329134554,-0.034765461030833174,-0.03468666365909752,-0.034530854988884536,-0.034419379515768095,-0.034269748205094944
validating loss,0.0,0.0005587423821487448,0.0012801662824603254,0.002260551112381722,0.0025832991169726922,0.002608854646285332,0.002688865964848767,0.0025741493697584348,0.002638809420377867,0.0026642317806328665,0.0026098915398327124,0.0025999551847622213,0.0025713042062820036,0.002358960877188762,0.0024830142614531577,0.0024958669355422724,0.002547005489130205,0.0023397171090817834
validating obj,0.008037628815428815,-0.060137900443277145,-0.03466110319788584,-0.03405278596131189,-0.03398954368818384,-0.03400791674178854,-0.03505243150562461,-0.034651119589070856,-0.033920511658139085,-0.03481153908079316,-0.033827732036786094,-0.03386377152796693,-0.0340531542413839,-0.033498751784265555,-0.0332689203102799,-0.034153333339827285,-0.03378663539635114,-0.03375372603361634
testing loss,0.0,0.0004760238580227783,0.0012084891003349767,0.002192539469500853,0.0025154405785243633,0.0025432162219658494,0.0026211041833711676,0.002510743092251829,0.002569468169779278,0.0025977356901966202,0.0025433259787720833,0.002532030511871878,0.0025053256008575274,0.002289812019048339,0.0024215910221464455,0.002438994666133493,0.0024918150521410875,0.002270756050320775
testing obj,0.006048023378518177,-0.058731247771935294,-0.03475831780845553,-0.034912048836628205,-0.034770966536347814,-0.03446856401091291,-0.03486784460766821,-0.03476995134665254,-0.034442289663469114,-0.03472110754914466,-0.03443901900605983,-0.034632220150976605,-0.03514268827061978,-0.0339149515506797,-0.0339986880938242,-0.03435731321018631,-0.03429575406717018,-0.03410612879458834
