Epoch, 16
training loss,0.0,0.0005065804484792383,0.000492365755965476,0.0004817070770427859,0.0004774547129610081,0.0004736022772567684,0.00047054903896699896,0.00046796133258129196,0.0004667945639307232,0.0004640767274485024,0.000462514771083495,0.0004611277293584195,0.0004597603126992556,0.0004587451143454782,0.00045718652829337275,0.00045607066261001724,0.00045475014878277453,0.00045255984535896133
training obj,0.04051175978561933,0.0,0.0,0.0,0.0,0.0,0.0,0.0,0.0,0.0,0.0,0.0,0.0,0.0,0.0,0.0,0.0,-0.0345857808158845
validating loss,0.0,0.0005348796012028278,0.0006652053804440943,0.0006365464880508024,0.0006112943804582378,0.0005948047923191232,0.0007297108736109539,0.0007751144967628015,0.0005641226266073925,0.0006216213255498323,0.0007224497141490351,0.0006158715254858992,0.0005775997497511554,0.0006206784603859872,0.0007089460498098869,0.0006549359558760044,0.000665641433694706,0.0005202701766292442
validating obj,0.04087206539230673,0.0,0.0,0.0,0.0,0.0,0.0,0.0,0.0,0.0,0.0,0.0,0.0,0.0,0.0,0.0,0.0,-0.026072468729464136
testing loss,0.0,0.00047972764352721437,0.0005695225586202004,0.0005554057866955664,0.0005323042005047855,0.0005189073362779742,0.0006349341940391137,0.0006722962561307119,0.0004988861945097089,0.000532393403839059,0.0006236923743773628,0.0005274686502127347,0.0004928667377324883,0.0005350114809543138,0.0006184499548272656,0.0005607779630376291,0.000585936419835878,0.00046561826943561537
testing obj,0.039513622917132306,0.0,0.0,0.0,0.0,0.0,0.0,0.0,0.0,0.0,0.0,0.0,0.0,0.0,0.0,0.0,0.0,-0.027789416652422867
