Epoch, 6
training loss,0.0,0.0005025289077142986,0.0004934194344032598,0.00048495476487374903,0.0004833933409981569,0.0004811412136692144,0.00047941354939841683,0.00047735514878930537
training obj,0.018103087434583734,0.0,0.0,0.0,0.0,0.0,0.0,-0.036389494241771875
validating loss,0.0,0.0005575195780781438,0.0005541327251464807,0.0006011575296284327,0.0006487360179565676,0.0006050520754306679,0.0007689333010304181,0.0007037218227788361
validating obj,0.018957750415783955,0.0,0.0,0.0,0.0,0.0,0.0,-0.03864266831994985
testing loss,0.0,0.0004714603717654776,0.00046646544298065124,0.0004959643732516633,0.000526797779545073,0.0004943128343333535,0.000637338896959871,0.0005752492196547956
testing obj,0.01727909914325288,0.0,0.0,0.0,0.0,0.0,0.0,-0.04076890177983092
