Epoch, 7
training loss,0.0,0.0005361336737919106,0.0005752269373510453,0.0005222936885319559,0.0005195848894871625,0.0005181417976250398,0.0005170863527489607,0.0005149853285105314,0.0005135037646943922
training obj,0.030359855122572065,0.0,0.0,0.0,0.0,0.0,0.0,0.0,-0.025037684253252604
validating loss,0.0,0.00042706273699069343,0.0004254842436542579,0.00042834339567182015,0.000422075027624184,0.0004261790391966416,0.0004274063695548749,0.00042979110589335,0.0004830503528662828
validating obj,0.02682351659879916,0.0,0.0,0.0,0.0,0.0,0.0,0.0,-0.030106600011802383
testing loss,0.0,0.00043684707595054314,0.00043442048784502705,0.0004482626855197186,0.0005017897276195219,0.000516211016892575,0.0004840216102279924,0.00045447156082593356,0.0006445936859243964
testing obj,0.02585986284916667,0.0,0.0,0.0,0.0,0.0,0.0,0.0,-0.02802500023028335
