Epoch, 6
training loss,0.0,0.0005880906646780204,0.0006447671846413583,0.0005458925692615666,0.000556940340503192,0.0006085493507699165,0.000698412159587914,0.0007932134971305655
training obj,0.01686495777000399,-0.0357990879857657,-0.03220856972951807,-0.022916331025315265,-0.023104851017249566,-0.02266072220095963,-0.022304114628144925,-0.021934597804119774
validating loss,0.0,0.0005145350886676977,0.0004736004676588992,0.0004801157938345568,0.0005126972197710226,0.0005878639547315995,0.0006853401791886427,0.00076632288093808
validating obj,0.01648669216471414,-0.03365633191747798,-0.021894037788216438,-0.021866887393924925,-0.021938098452260926,-0.024171095108613372,-0.02396183279860351,-0.02330386222133206
testing loss,0.0,0.0004992566408307883,0.0004673939550451217,0.0004691816292187149,0.0004949406778708893,0.0005661541369123812,0.0006499537986520728,0.0007373863780820692
testing obj,0.012834607912982637,-0.03787240066339035,-0.0249751878499582,-0.02494774805381894,-0.024800299962579802,-0.025548598703903122,-0.026037830186101632,-0.025880175189593353
