Epoch, 6
training loss,0.0,0.0005345949357576376,0.0006521384545611035,0.0006155126427377885,0.0006819808718693607,0.0007653140940009525,0.000864335805675307,0.0009933808321982403
training obj,0.024041624827420012,-0.01952413229143941,-0.02181052471620633,-0.01390509471370309,-0.013940072655403877,-0.013547018974763798,-0.013453788410726131,-0.01309647487029068
validating loss,0.0,0.00045694443946962967,0.0005169926690642671,0.0005650721977872308,0.0006438791513371851,0.000714610714769353,0.0008476691032733975,0.0009555902409677705
validating obj,0.024416026322998934,-0.01923383959931218,-0.013084501028060913,-0.013229971977933828,-0.013570406564718319,-0.014191598928947415,-0.01356533910923948,-0.014476598874251876
testing loss,0.0,0.00044198556133778766,0.0005090565733750023,0.0005586701891671337,0.0006406956808122404,0.0007135835771190909,0.0008493790877322239,0.000964635902090703
testing obj,0.021107825261817592,-0.01880172048569531,-0.013845725299639476,-0.0141182592566553,-0.013756960385000787,-0.014610998024157173,-0.014385948549150615,-0.014743251921105626
