Epoch, 13
training loss,0.0,0.0005714384199724437,0.0006747809332320649,0.000584853734956899,0.0005860218913071816,0.0005954928953810047,0.0006057177851628284,0.0006130710717258683,0.0006249135963598212,0.0006307828743136305,0.0006481169121495138,0.000626436311080504,0.0006222390314945312,0.0005992875332452184,0.0005923120580001863
training obj,0.006898016905339033,-0.05850416721374381,-0.049479964492367766,-0.041850194053760933,-0.040246401599370964,-0.03643561291015324,-0.03613668890012538,-0.03586909620675678,-0.035570064544969915,-0.035597207740533585,-0.03490992297290587,-0.034496892482845806,-0.03359562352153601,-0.03338628965886492,-0.03239783502421251
validating loss,0.0,0.00047372559492941946,0.0004974318265643282,0.0005030744357807433,0.0005074905873496189,0.0005138523588862477,0.0005237344204134489,0.0005416301212082746,0.0005317393942176648,0.0005660129053366189,0.0005740720541022407,0.0005828687511287475,0.000508977292863872,0.0004704478770791967,0.000501888797265969
validating obj,0.006332216913708382,-0.05961081789185604,-0.04249139207725724,-0.0419543097830481,-0.03946316066301531,-0.036756668990063995,-0.03778632919097112,-0.03681222771087454,-0.03729727463279334,-0.035284870899178915,-0.036268850348682866,-0.0369931913446635,-0.03773740730765793,-0.03658494886217846,-0.03906499017547402
testing loss,0.0,0.00046857182295187503,0.0004823870155165865,0.0004884846196030078,0.0004956064416595886,0.0004951180545086154,0.0005058710243296495,0.0005245331950710671,0.0005166013627761433,0.0005400155409792991,0.0005554072611974678,0.0005607781766574024,0.0005017651209208132,0.00047258064699456774,0.0005116632616861623
testing obj,0.007003927895975475,-0.06051935285732553,-0.04114441352116095,-0.039264014229883216,-0.03759882289513543,-0.034857653282784125,-0.03584214984565168,-0.03578917064225754,-0.03579451482289949,-0.03447554220218916,-0.03653390656502263,-0.03558671653170038,-0.036762452785026385,-0.03553696168032852,-0.03910378721618169
