Epoch, 12
training loss,0.0,0.0005505309920694095,0.0005884490942858689,0.000533395479635824,0.0005316649339625191,0.0005311531752180171,0.0005292935196741704,0.0005273809380014427,0.0005250162696385957,0.0005231291070088571,0.0005202630822382429,0.0005190093350606997,0.0005154230262383398,0.0005114037937007607
training obj,0.01987856376331811,0.0,0.0,0.0,0.0,0.0,0.0,0.0,0.0,0.0,0.0,0.0,0.0,-0.03884509425683349
validating loss,0.0,0.00042055432944228716,0.00040596694856907963,0.0004071511213826145,0.0004123573756563322,0.0004097111353379053,0.0004093319041405468,0.0004101754240966531,0.0004079090825446959,0.0004076342079820784,0.00042211871328213927,0.0004190577454008033,0.00043218340498343523,0.0004444520196153058
validating obj,0.017083679131853085,0.0,0.0,0.0,0.0,0.0,0.0,0.0,0.0,0.0,0.0,0.0,0.0,-0.03631280978313751
testing loss,0.0,0.0004525033178356967,0.00044145549661668673,0.0004418391704471228,0.00044950658175858316,0.0004506518835606167,0.0004494995192618336,0.0004461723950265189,0.0004522275686778468,0.0004481019141904481,0.00045821362446814246,0.00047641992903270483,0.00048984824477245,0.0005440134624911258
testing obj,0.015952298423980136,0.0,0.0,0.0,0.0,0.0,0.0,0.0,0.0,0.0,0.0,0.0,0.0,-0.04812781288716439
