Epoch, 6
training loss,0.0,0.0005075469415225178,0.0007524982957647359,0.0009797510928610989,0.001375594128247468,0.0019515817556130706,0.0020975477895786698,0.0022930288216635526
training obj,0.015246794086856183,-0.025448224524952677,-0.022386803844308984,-0.022170811499945667,-0.022126761312055526,-0.02215707441688565,-0.022151525577124305,-0.022045182452571102
validating loss,0.0,0.0005524048135368352,0.0009151384461820964,0.0010598515031277605,0.001760441555309667,0.002261219410045285,0.002244390859864781,0.0025010047106645925
validating obj,0.01608992629655505,-0.024693756388455217,-0.02134798125486344,-0.021570000116742347,-0.021090158471631395,-0.021512022303178856,-0.02160991561618411,-0.02177756845751281
testing loss,0.0,0.0004900800977871039,0.0008626452261135591,0.000999106635842889,0.0017035077887037433,0.0022074403036898725,0.0021934635554906783,0.0024484913910798435
testing obj,0.014902896145214416,-0.025182805665273367,-0.02140900710190481,-0.021800344828323888,-0.02156866685705333,-0.021855047643873936,-0.021569243103278585,-0.02190486845005746
