Epoch, 9
training loss,0.0,0.0005051164265537141,0.0005620622710529121,0.0004986880479597911,0.0004982026430476325,0.000496434406736893,0.0004948694235994766,0.0004935251288521149,0.0004902295858211765,0.0004887424952304333,0.0004868079443814863
training obj,-0.004446453739907227,0.0,0.0,0.0,0.0,0.0,0.0,0.0,0.0,0.0,-0.051333117667658655
validating loss,0.0,0.0004505036283969983,0.00044461690049502067,0.00044608980695354857,0.0004461469315073272,0.0004453665549388259,0.0004444815230171015,0.0004456330688198149,0.00044703417996869475,0.00045090882971029106,0.00043800559655614454
validating obj,-0.002237834359726144,0.0,0.0,0.0,0.0,0.0,0.0,0.0,0.0,0.0,-0.04666798189282417
testing loss,0.0,0.000439064286527699,0.0004412889642530039,0.0004401770376864226,0.000440955866415115,0.00044139537515769226,0.000447010853202153,0.00045092991459151144,0.0004479802956985942,0.0004442721806422137,0.00048098787725836236
testing obj,-0.0044129904032357645,0.0,0.0,0.0,0.0,0.0,0.0,0.0,0.0,0.0,-0.05718361261627964
