Epoch, 16
training loss,0.0,0.0005111141200651672,0.000651643769290748,0.0015282289835715553,0.0022021962097947922,0.0023838832806929015,0.0024724513216768953,0.002492060511305476,0.002501429889993595,0.002483907849821804,0.0024492208512051717,0.0024603817833971447,0.002429982975937694,0.002398717724139521,0.0024467504385714575,0.0023941616374467496,0.0023787747598432293,0.0023814188094310926
training obj,0.006441523285267628,-0.061236145283431694,-0.041106076252782675,-0.03596156201012161,-0.03605387894966212,-0.0358269331277361,-0.03565830320071179,-0.035605844394055876,-0.03550680058308431,-0.03532603587284758,-0.03528090931968378,-0.03506480218016927,-0.03506598253555309,-0.034945518409381426,-0.03484026565886042,-0.03473214851921935,-0.03463673179120071,-0.03449042977285764
validating loss,0.0,0.0005357095912010465,0.0009708690437307794,0.00206408934517857,0.0023865768304062447,0.0025348993272852525,0.002600748192641407,0.002597056956040096,0.0025379910704979485,0.002526688057152638,0.0025407678877071163,0.002440508855039505,0.0024511992982121436,0.0025405429716940623,0.0024361075594969686,0.0025402929679777435,0.0025046084222793063,0.002529377505669828
validating obj,0.006784857959715346,-0.06160013531705294,-0.03651766359458023,-0.035788643536412486,-0.03639561238869458,-0.03592092970669734,-0.03550380906960234,-0.03522706609283764,-0.035367291322409795,-0.035738733605156205,-0.035216767426296605,-0.03582722211263068,-0.035090142112566884,-0.035194440026184264,-0.03500406906833698,-0.03533496429328404,-0.03526619022589654,-0.03552360453878153
testing loss,0.0,0.00045885219887748966,0.0008773711640644248,0.0019639704822083347,0.0022799918043752572,0.0024234215036057025,0.002489418292293091,0.00248986306173884,0.0024292458569320006,0.0024176992711622313,0.0024302142226215765,0.002333895944895643,0.0023503285548577596,0.002433382908424135,0.002327443097306098,0.0024309609124994807,0.002396557870018015,0.002418306359633316
testing obj,0.00579198757779629,-0.06071298544113997,-0.03661347965256226,-0.036110953036727775,-0.03682856742699796,-0.03652318942692394,-0.03584306739052684,-0.03610587866476732,-0.035898650636521395,-0.03590069826862257,-0.035897253533238596,-0.03621704890048083,-0.03596453067386545,-0.035864380523305955,-0.035761778391160313,-0.036101412366299844,-0.036130520903862845,-0.036148733985987
