Epoch, 11
training loss,0.0,0.0005744838183197905,0.0007228005067422511,0.0006309746513508406,0.0006782240072532338,0.0006832019413088667,0.0006857359978740159,0.0007282564960369914,0.0007336932463302076,0.0007748144575481431,0.0008341117427620452,0.0008722098427254013,0.0009209517336464213
training obj,-0.002979316078491655,-0.0821891939011859,-0.06428990008346006,-0.060584575675574,-0.05829371341741552,-0.057462884427285664,-0.05621216496562256,-0.05427763448188118,-0.053285851431827916,-0.052565155171004,-0.05165172936577423,-0.04999969880662712,-0.0489758523436738
validating loss,0.0,0.00042215676613624155,0.0004576989316168086,0.0005506685813290662,0.0005629497429456225,0.0005345382218769777,0.0005464039770433576,0.0005238403397621975,0.0007130793730741263,0.0005977680019795015,0.0006563832351578943,0.0007675451739083251,0.0007297839903104533
validating obj,-0.004993256983450717,-0.08253842126578093,-0.06529431283060047,-0.06337382199449672,-0.06292683641529745,-0.06384590573401915,-0.06360844771067302,-0.061558926581508584,-0.06203965997944275,-0.06036312241728107,-0.06286497641768721,-0.06386451402472125,-0.06210876147573193
testing loss,0.0,0.0005542727013636142,0.0005859464238931872,0.0006016511840759966,0.0007196554983533428,0.0006184088289611847,0.0007289101629646973,0.0007251812238718156,0.0009662542838054218,0.0006711370499672468,0.0006760600364351696,0.0008605679086522778,0.0008884674081511204
testing obj,-0.0038761078203852113,-0.08217129420891807,-0.06279969020318743,-0.06048441825535249,-0.05947332132003597,-0.06089944397476879,-0.05608986846699908,-0.054588015694674606,-0.057478642846281465,-0.05589181506955946,-0.05580867811836101,-0.05660484751334061,-0.057423373784970595
