Epoch, 14
training loss,0.0,0.000492041225674583,0.00132620065587742,0.0024275010163161935,0.0025757383811195736,0.0026290294298896644,0.00264692461727503,0.002658657078951307,0.002669967042100368,0.0026819805727850946,0.002681998927830452,0.0026766957734211823,0.0026740280485847926,0.0026670550494463986,0.002666860855544074,0.002664665554473783
training obj,0.02594844303902099,-0.016509637380908822,-0.012743376660690215,-0.011555879050372095,-0.01123652194008503,-0.010866547687644142,-0.010554196419967228,-0.010234689669666584,-0.010012356197533585,-0.009759180911603573,-0.009568525685931518,-0.009376592947564159,-0.00916426348581697,-0.009014942219914387,-0.008836853112697076,-0.008695678445267174
validating loss,0.0,0.0005205127350771703,0.0022384597872348445,0.0025191193846921247,0.0026473316330153326,0.0026915530959356923,0.002721935012748394,0.0027125929933440934,0.0027067613543033807,0.002764532249098624,0.0027260680410650055,0.0027605792560701655,0.0027464016906233913,0.0027532936605563626,0.002710552592068962,0.002735574459044785
validating obj,0.02674999139771175,-0.016136263464142448,-0.011752362742095181,-0.011836970018732094,-0.011508341665157346,-0.011136124343981896,-0.011191031929012066,-0.010947089700292552,-0.011014850237761272,-0.010994615671337683,-0.010938199777575049,-0.010872119858419477,-0.010829509541256978,-0.011421493972429303,-0.011247188379346783,-0.011105765011741629
testing loss,0.0,0.00047366573897607365,0.0021985310689656774,0.002479233421952738,0.002608417293694826,0.002651842924158719,0.0026847821790179985,0.0026737908169902898,0.002670466407360878,0.0027289277102105743,0.002686904448368258,0.0027248689936066814,0.002709219594471631,0.0027196501744766806,0.0026700793799147547,0.0027017274381762784
testing obj,0.026154178649943686,-0.01638369785867016,-0.011810063182099012,-0.012096845997712236,-0.011533805451687688,-0.011289731470752578,-0.011137687381342527,-0.01103970926217318,-0.011104506031303906,-0.01110611945248839,-0.011076653126159141,-0.010950804458411728,-0.010911566373634052,-0.011242432894486542,-0.011450721795322845,-0.011169929920556263
