Epoch, 12
training loss,0.0,0.0005414680303896175,0.0006751431125118032,0.0006289447176124097,0.0006909099655732622,0.0007801759304414851,0.0009413493899902438,0.0010901029276497224,0.001194608525153907,0.0012736219428844896,0.0013100758400362204,0.001329952577019439,0.0013609757719963205,0.001395929282229832
training obj,0.019491375171962907,-0.03013139650700431,-0.026957206745796342,-0.018098759464006506,-0.018046335188452813,-0.017759876350379164,-0.017546538440693243,-0.017064942992018425,-0.016741174220235324,-0.016250946354486193,-0.015774985647522936,-0.015471136072358373,-0.014808271288433495,-0.014030808724426464
validating loss,0.0,0.0004713419963688163,0.0005383777570386883,0.0005725456277206023,0.0006471866124936949,0.00072445491241524,0.0009658721820515995,0.001075203522406001,0.0011735828593373299,0.0012287408931620626,0.001291720393864024,0.0013302590474874403,0.0013223270216258243,0.001393917660203038
validating obj,0.020376018054472905,-0.027589500066824257,-0.0181439319664302,-0.018858240619819198,-0.017870296750010714,-0.018020472980828747,-0.017766535411485367,-0.019176321311129466,-0.018018503349998757,-0.017757969378079805,-0.018508173796969157,-0.018365455286887784,-0.018849546723585162,-0.018856108693095546
testing loss,0.0,0.00043431891488679056,0.0005008897977539753,0.0005419334680678927,0.0006084230803566783,0.0006888086126481712,0.00094155382248573,0.0010543103586265665,0.001155202736373286,0.0012124726710828475,0.0012790453258423589,0.0013022210356162709,0.001301669021690818,0.0013961590168922132
testing obj,0.016875923947884224,-0.029499483974398794,-0.018644993407400074,-0.017981909803819616,-0.01937638543470687,-0.018650762340355967,-0.018554541748017073,-0.019614430666724976,-0.019242152684947122,-0.019330793500852747,-0.01972188927686295,-0.01853949108437912,-0.01907386281527579,-0.021173562885992026
