Epoch, 8
training loss,0.0,0.0005536733939045328,0.0008762289917178671,0.0008226250342832988,0.0007950162868855485,0.0008272061105041455,0.0008851546706293947,0.0009607591364970979,0.0009647977125246589,0.0009741113758554645
training obj,0.031617647544572164,-0.011226624195628306,-0.011777426446696706,-0.010735303377641328,-0.010605916922327643,-0.010279839778063344,-0.010212894258838074,-0.010098912715272723,-0.01009502927864007,-0.010179056656802549
validating loss,0.0,0.00047194935218107677,0.0007187087883519578,0.000743184450483467,0.0007303794651913146,0.0008164003932809768,0.0008909740976782308,0.0008937945692903466,0.0008947482048016456,0.0009108175791981113
validating obj,0.027664380898285244,-0.009389147925604548,-0.010307237531782852,-0.009844863179346753,-0.008575051356779618,-0.008642720815259963,-0.00869197534242024,-0.00948590412735939,-0.009621196646346815,-0.009563022357825603
testing loss,0.0,0.000438610644286618,0.0007948599802172819,0.0008502464652583758,0.0006907816033973988,0.0007577174053310316,0.0008429596133725214,0.0008386668251242136,0.0008390420185310791,0.0008589798907868917
testing obj,0.024486824555473553,-0.01203984090416516,-0.01208641631465808,-0.01143801848190157,-0.010805101426494485,-0.01085520427472688,-0.010904243291431182,-0.01106230989161476,-0.011337735624102925,-0.011401745141483843
