Epoch, 10
training loss,0.0,0.0005021487079200317,0.0005350132116750438,0.0006757879048687841,0.0010894762743862588,0.0013755821648510302,0.0016428400694986868,0.0017199362137357665,0.0019503917060131153,0.001971649526089386,0.0019927090349036803,0.002161864188997556
training obj,0.03249371383904941,-0.010120267837610981,-0.009389710973522761,-0.009156828540234039,-0.009083337092909207,-0.009241242333408537,-0.008986619722198684,-0.008923538430763595,-0.008922208567481502,-0.008923145973675148,-0.008895757681076163,-0.008858236381993031
validating loss,0.0,0.0005382607606598933,0.0005509319649390944,0.0008572724481756963,0.0014056304482192084,0.0017308994078731558,0.0017814865838542942,0.002014711141106141,0.0020567934877951354,0.002107471913247527,0.001890358026058874,0.0020381229072422512
validating obj,0.03352553955243842,-0.009551034443109428,-0.008232697608049276,-0.008281997201567883,-0.008381447011595237,-0.008169613695609992,-0.007942830417450246,-0.008224277710783776,-0.00800530862660956,-0.00821742401611395,-0.00825367402486748,-0.0082188995440642
testing loss,0.0,0.00047823964319619264,0.0004920408675902348,0.0007784881490994431,0.0013357708626346608,0.0016567919905443329,0.0017121827200603337,0.0019524446726662849,0.001996814709504595,0.00204618461830814,0.001830635406397501,0.001982660350997302
testing obj,0.03183263956557914,-0.01002335119227079,-0.008829613340050366,-0.009101302955073599,-0.009125776501755565,-0.008978616181366698,-0.008476635305533144,-0.008786574106466301,-0.008761283382833511,-0.008812071247989706,-0.008916260527123068,-0.008672303546191211
