Epoch, 15
training loss,0.0,0.0004965562124811692,0.0013244551155510444,0.0024166053154825416,0.002587452259913998,0.0026343656688101067,0.0026584273483535306,0.0026635454540647,0.0026613865216461026,0.00265108065385072,0.002657269753198391,0.0026570108522963203,0.002654653725777321,0.0026422883611823627,0.002639653570114229,0.0026248177545396814,0.0026312804204793885
training obj,0.02610285667240109,-0.01718471589563892,-0.012841951718250349,-0.011758546066009835,-0.011422762532405742,-0.011021127394311905,-0.010687745623375497,-0.010409304836392495,-0.010164739524165382,-0.009907461039520364,-0.00967849545251749,-0.00947308470592632,-0.00929542653263993,-0.009123256084400356,-0.008987271333082544,-0.008795014425976242,-0.008610471116006466
validating loss,0.0,0.0005082617716051663,0.0021256199779285433,0.0025806359900000493,0.002671316886404497,0.0026693122709576028,0.0026825072161634177,0.0026909144293955144,0.0026763622080230487,0.002681748732879345,0.002682330699115476,0.0027111088583136305,0.0027038525253418304,0.0026897768655978786,0.0026495583761470543,0.0026839725378333596,0.0026957906917975025
validating obj,0.025755323152215733,-0.016690842940223927,-0.011594957024323074,-0.011447313279122965,-0.010995700226284589,-0.010947661760350154,-0.010913147801327096,-0.01082370891944734,-0.01070338804685675,-0.010730459134071859,-0.010844302109513548,-0.010695075625102567,-0.010717586059909585,-0.010572150353242394,-0.010709213340255371,-0.010538095738062036,-0.01091437577471382
testing loss,0.0,0.00046892559769632107,0.0020935840671481294,0.002542469016133636,0.0026348498814199087,0.002632760637553598,0.0026478288681590976,0.002656953617298844,0.0026396460772657097,0.0026468727417072206,0.0026490724647157985,0.0026831360399184457,0.0026733961630381786,0.0026601701566112738,0.002612593105678381,0.0026526557663920465,0.0026611950266112456
testing obj,0.025032266338072113,-0.017460289466949806,-0.012417036144939698,-0.01216856746496745,-0.011757094965463828,-0.011714807155312852,-0.011620770046437759,-0.011574023981496897,-0.011716050882911928,-0.011595402077832636,-0.011751327111639032,-0.011639488792838769,-0.011719725287492145,-0.011482318675325039,-0.01163978246000568,-0.011498444702631751,-0.01191985629749021
