Epoch, 10
training loss,0.0,0.0005589939155399014,0.0009258650023006268,0.0007637885160625492,0.000708392764214545,0.0007110109063682567,0.0007067084275345848,0.0007093942895367303,0.0007468266074783077,0.0007546972909111383,0.0007999879593947245,0.0008390134403609908
training obj,0.0247530736905687,-0.01410974727249613,-0.01529327756907864,-0.014233064898928883,-0.014040750973657066,-0.013882302494683103,-0.013885670151634543,-0.013937884877782827,-0.013819324829633915,-0.01388993530223767,-0.013933551437495386,-0.013819762848901983
validating loss,0.0,0.00042503240021889925,0.0006587114431668953,0.0005760571289607065,0.0005352888066328079,0.0005267279989816921,0.000573931228751058,0.0005985070965834893,0.0006580699094532368,0.0006684363462328394,0.0007053626056100862,0.0007290658557192526
validating obj,0.020881028548400436,-0.012581066254319416,-0.013379791389322944,-0.013024719237970809,-0.012785631206093563,-0.0133333824083416,-0.012557489771602882,-0.012180131963557668,-0.012130989925935864,-0.012715975534067385,-0.01282324336676134,-0.012872446587102281
testing loss,0.0,0.0004422875835852874,0.0007221213444781087,0.0007248505890193219,0.0005509330640543831,0.0006660617181222659,0.0005879524642541828,0.0006101560122899811,0.0006763878385803813,0.0006897049891916607,0.0007187142870640633,0.0007408261263736751
testing obj,0.01956717641017324,-0.01523642524497936,-0.015990313946433063,-0.015678481991730026,-0.015636051595966156,-0.01546890672761947,-0.014773455473619539,-0.015059511922929134,-0.01480113377643598,-0.014729033658482335,-0.015424271897614203,-0.01611907344084938
