Epoch, 14
training loss,0.0,0.0005177071533108813,0.0012711608455839238,0.0023129528812711408,0.002511291398381616,0.002572027225294417,0.0026118689164091307,0.0026275290518285453,0.0026363306182286936,0.0026323609784841572,0.0026204841461375215,0.002604263102582011,0.0025933220677391883,0.002576898723056345,0.002558904670245938,0.002555013027331926
training obj,0.026638290440963115,-0.01937997046397922,-0.01315672200320553,-0.011725128335954944,-0.011271511737307298,-0.010927719667200752,-0.01056470950485411,-0.010328823467314747,-0.009989863519554065,-0.009783387066637068,-0.009522795479083837,-0.00936124862509934,-0.00911927432012634,-0.008934581933218869,-0.008760936724833034,-0.008631474339390353
validating loss,0.0,0.0005611822430387213,0.002146889211104016,0.0025537496631655673,0.0026147925439145687,0.002721333842415195,0.002715491244221383,0.0027290392412472144,0.0027541760177992826,0.0027175369836828288,0.002774367866244902,0.0027177482972301826,0.002710961933315419,0.002692255396138116,0.002625089900481118,0.0026295243562634222
validating obj,0.02713443802276491,-0.01837442799513212,-0.011595656162379214,-0.011498713881989045,-0.010983809508112579,-0.010965248896936954,-0.011277325809079265,-0.01099237466511352,-0.010860889974440154,-0.010580423344442279,-0.010655375684943425,-0.010374947227892114,-0.010660244015796322,-0.010415671469811285,-0.01055912742194652,-0.01056382243173474
testing loss,0.0,0.0004938915274652477,0.002062207082063665,0.0024654478962387308,0.002528289451805647,0.0026353942130158516,0.0026298699449273325,0.0026451689123036582,0.002670603869210371,0.0026335780598582274,0.002694513629913561,0.0026348052027822823,0.002635090966130288,0.002612182805587164,0.002542415478710797,0.002549358676051442
testing obj,0.026175829049732004,-0.019387003626648767,-0.011684216943244079,-0.011466277694320001,-0.011385840112135046,-0.011065530792285854,-0.011102204883099244,-0.011325879511784076,-0.011099118329408273,-0.010834709134853722,-0.01098229137342263,-0.01089105600084013,-0.010996616817569992,-0.010732125015624778,-0.011087807872783066,-0.0110472937149802
