Epoch, 9
training loss,0.0,0.0005134075103327833,0.0005165996896848846,0.000506441542006407,0.0005056134825740565,0.0005042712979187714,0.0005027127779270153,0.0005011458244761158,0.0004995215770037532,0.0004972723435936702,0.0004960317017848757
training obj,0.006604965281956581,0.0,0.0,0.0,0.0,0.0,0.0,0.0,0.0,0.0,-0.03572925065457637
validating loss,0.0,0.0005523089663149542,0.0005460545440737374,0.0005703723266010598,0.0005475856679308214,0.0006236209742115427,0.0005461876127659625,0.0006061486995799723,0.000734997487597866,0.0006428438507783417,0.0007060945265926219
validating obj,0.0064594851876045075,0.0,0.0,0.0,0.0,0.0,0.0,0.0,0.0,0.0,-0.03560077162478828
testing loss,0.0,0.00044703852600956427,0.00044264749145024476,0.0004530350483547501,0.0004428794712764764,0.00048628901343343047,0.0004413406818747186,0.0004755222550890366,0.0005821245607196953,0.0005041449627295624,0.0005599487147596745
testing obj,0.00565558695474803,0.0,0.0,0.0,0.0,0.0,0.0,0.0,0.0,0.0,-0.03544608978939318
