Epoch, 6
training loss,0.0,0.0005688095490268989,0.0006226111903065341,0.000557179131111993,0.0005557607183422364,0.0005533191636227546,0.0005527488602263689,0.0005503387772763494
training obj,0.017345571191068374,0.0,0.0,0.0,0.0,0.0,0.0,-0.037444170034837486
validating loss,0.0,0.0004666279558781146,0.00046394133924978733,0.0004671055568097573,0.0004713083611325904,0.000464442224458455,0.0004680435615430017,0.0004930139095651814
validating obj,0.015216777450405061,0.0,0.0,0.0,0.0,0.0,0.0,-0.037517572572040886
testing loss,0.0,0.00041300509021950985,0.00041181974429983293,0.0004182011149611286,0.0004176582194820701,0.0004166024193821343,0.000435699077422976,0.00046939409671845295
testing obj,0.012837535695399385,0.0,0.0,0.0,0.0,0.0,0.0,-0.041900893327201136
