Epoch, 10
training loss,0.0,0.0005714384199724437,0.000623083364346302,0.0005603727733578839,0.0005576093945231097,0.0005543006428114513,0.0005525466868586556,0.00055202845826131,0.0005446157792546586,0.0005435484136921564,0.0005340345305311904,0.0005292126350789605
training obj,0.006898016905339033,0.0,0.0,0.0,0.0,0.0,0.0,0.0,0.0,0.0,0.0,-0.035149455910512044
validating loss,0.0,0.00047372559492941946,0.00047206255941192567,0.0004672978591568406,0.0004753132408142038,0.0004693988361800115,0.0004720439234612665,0.0004696157534959235,0.0005053019904153189,0.00048799137483810127,0.0005033591409705372,0.0005196404359190233
validating obj,0.006332216913708382,0.0,0.0,0.0,0.0,0.0,0.0,0.0,0.0,0.0,0.0,-0.035627447094561324
testing loss,0.0,0.00046857182295187503,0.00048069347355300814,0.00047761253532568133,0.0004826497175059017,0.0004882865842601687,0.0005224679364284777,0.0004998592017187007,0.0005688373848160327,0.0005212441377610761,0.0006230035247131742,0.0006620652812007638
testing obj,0.007003927895975475,0.0,0.0,0.0,0.0,0.0,0.0,0.0,0.0,0.0,0.0,-0.035054324333228776
