Epoch, 15
training loss,0.0,0.0004916717034413964,0.0004919315067613313,0.00048246277647392126,0.0004804471384041795,0.0004781448752102977,0.000476102457388372,0.0004741027863268902,0.00047164831350987634,0.0004698132442202705,0.0004675763204173542,0.0004655771546008088,0.0004631681200081426,0.00046128903856214884,0.000452347424052672,0.0004492200663701981,0.00044769364618221254
training obj,0.02212887644584987,0.0,0.0,0.0,0.0,0.0,0.0,0.0,0.0,0.0,0.0,0.0,0.0,0.0,0.0,0.0,-0.040885818983736784
validating loss,0.0,0.0005337756053755256,0.0005391760945442386,0.0006941246772959391,0.0007131993364882905,0.00057523219992111,0.0005835550222538813,0.0006825528958039745,0.0007066745466611487,0.0007051974869078222,0.0005794382283358737,0.0006033680033035194,0.0006381776413325805,0.0006467564928564517,0.0006920095417900519,0.00064176440670072,0.0006301697420325311
validating obj,0.02330410070266175,0.0,0.0,0.0,0.0,0.0,0.0,0.0,0.0,0.0,0.0,0.0,0.0,0.0,0.0,0.0,-0.04048877339939036
testing loss,0.0,0.00047607122781296164,0.00047528642518545033,0.0005926880136615834,0.0006135995781059952,0.0005033747979261765,0.0004995687703522669,0.0005796941782395146,0.0006255127225879086,0.0006157350687415995,0.000519819310534683,0.0005434083267011465,0.0005569007966102669,0.0005905246509675585,0.0006215787846935178,0.0005810656560066043,0.0005731723706765748
testing obj,0.022330711583691855,0.0,0.0,0.0,0.0,0.0,0.0,0.0,0.0,0.0,0.0,0.0,0.0,0.0,0.0,0.0,-0.04407393280096134
