Epoch, 6
training loss,0.0,0.0005128242436812241,0.0004983966305467874,0.00048632579988044727,0.0004817334770226309,0.0004783903690195595,0.0004754959174024263,0.0004729328852061504
training obj,0.04050681103458095,0.0,0.0,0.0,0.0,0.0,0.0,-0.03094740426103553
validating loss,0.0,0.0005283887569405256,0.0005288510723195601,0.0006621863410419827,0.0006968125708730106,0.0006638067612666387,0.0006758111984643015,0.0006169053298983341
validating obj,0.04059831645971351,0.0,0.0,0.0,0.0,0.0,0.0,-0.029620041677592947
testing loss,0.0,0.00047861893814653815,0.00047081086228247177,0.0005806374993065465,0.0005955507652643706,0.0005806613867011814,0.0006017693404185228,0.0005541403386535996
testing obj,0.040093078896749554,0.0,0.0,0.0,0.0,0.0,0.0,-0.03028024200721934
