Epoch, 12
training loss,0.0,0.0005570860412548177,0.0009228862577241243,0.0008998683231481004,0.00093159930833031,0.000746548762539283,0.0006026016184478067,0.0006853365611830525,0.000849658002227764,0.0009251549765787215,0.0009759277856324379,0.0009475929317904599,0.0009458832074111949,0.000910817059418917
training obj,0.0069479381957767055,-0.04017163074264924,-0.03665564506515569,-0.03512188702383462,-0.035062897059262965,-0.035515718888856615,-0.034847475884153566,-0.03507485371630858,-0.03504924117313588,-0.03533705720020568,-0.03514423207471184,-0.03504271390391331,-0.035204501453714045,-0.035354962462888044
validating loss,0.0,0.000519181885263404,0.0007721423773748231,0.000551881811487773,0.0008152389386345425,0.0005372725972847547,0.0005533033777788256,0.0006338338850279494,0.0007599005847522575,0.0007561179344419441,0.0006867326620623418,0.000779356047132751,0.0008684020867804065,0.0007577730700884584
validating obj,0.007846827334206965,-0.03955598178112672,-0.03443487731015517,-0.03391194038300051,-0.03493663559978207,-0.03539495400360061,-0.034750047605484724,-0.03398556994377739,-0.03293770274871753,-0.034129094410066806,-0.03382809804235068,-0.03425443379415406,-0.034973852802067995,-0.03586016419447131
testing loss,0.0,0.0005444079639297293,0.0008394503763426926,0.0005925077712163329,0.0008767914971670236,0.0006055738685481137,0.0005774396858878144,0.0007153070976012197,0.0008758480780179034,0.0008379837646144379,0.0008240011224729273,0.0009161151516506121,0.0010838661817959637,0.0009260085250905438
testing obj,0.005026603142756062,-0.04313507364005656,-0.037482068785843814,-0.03810148633941001,-0.037817066956965906,-0.03819306931659781,-0.03791695421662282,-0.03764259264603056,-0.03743464688493593,-0.0378684759693774,-0.03827482143517684,-0.03827788868314914,-0.03885948991503667,-0.03889839125897836
