Epoch, 11
training loss,0.0,0.0005020891811473767,0.0004989529868502578,0.0004877182496673151,0.00048445052917240705,0.00048112135682207616,0.0004777479712470671,0.00047527969844270883,0.0004731258268383153,0.00047172744245142057,0.0004691574222216678,0.00046776211678109124,0.0004663312442424669
training obj,0.03664531782030677,0.0,0.0,0.0,0.0,0.0,0.0,0.0,0.0,0.0,0.0,0.0,-0.03094425756120099
validating loss,0.0,0.0005167727151312213,0.0006096471592185336,0.0006071734865129382,0.0007510975931090734,0.0006832319892137061,0.0006059935015158375,0.0005427716536498564,0.0005230056001728435,0.0006486587029763749,0.0005758626763009995,0.0008188888706175439,0.0005497088248652743
validating obj,0.03651647380582189,0.0,0.0,0.0,0.0,0.0,0.0,0.0,0.0,0.0,0.0,0.0,-0.02771141946115966
testing loss,0.0,0.0004643852387277631,0.0005197356029215474,0.0005196764697300221,0.0006505862632439762,0.0005904702846240473,0.0005356036914132713,0.0004937765732834459,0.000473292971173343,0.0005611647023570827,0.0005006776632610452,0.0007210767583676298,0.0004910901173196449
testing obj,0.03613532653876713,0.0,0.0,0.0,0.0,0.0,0.0,0.0,0.0,0.0,0.0,0.0,-0.02838868221986186
