Epoch, 10
training loss,0.0,0.0004990878165103975,0.0007560906243598717,0.0007327594400613263,0.0007280846596817753,0.0008085939804916027,0.0009062252297114141,0.0007979053956251206,0.0008172489158310689,0.0008511333075241568,0.0010330364749374472,0.000982496486033595
training obj,0.04046266680423545,-0.00668702499980715,-0.006986354382585136,-0.0069745453090360576,-0.0068642758529601595,-0.006770478622942861,-0.006744688517854667,-0.006524870935817161,-0.006547771839564345,-0.006445393212878052,-0.006447644153124463,-0.006319187577233854
validating loss,0.0,0.00052730170364629,0.0007774572339912741,0.000781646305786818,0.0009300389645740415,0.0007246038673300969,0.0010864841585590545,0.0008787486915346509,0.0010020329177284541,0.0009859252636755735,0.0018616768683666996,0.0012069419795511514
validating obj,0.04093474849001553,-0.00598920521263523,-0.006448670414882264,-0.006518785465930856,-0.0061966930556346285,-0.006105938409318161,-0.00588181071852698,-0.005898030111840104,-0.005910364208842876,-0.0060969963710059034,-0.006179613005257112,-0.006003711959121549
testing loss,0.0,0.00047200204964685885,0.0006838834302977974,0.0006888322359983483,0.0008564085977306475,0.0006340703059538574,0.0010167081371682,0.0007911789048640033,0.0009189625426077142,0.0009094386237885654,0.0018276657886162366,0.0011525862091871118
testing obj,0.03995891452707645,-0.0067374025874854535,-0.007197055267971554,-0.007346180967927274,-0.007022782722199512,-0.006711240688726793,-0.006754004481355155,-0.006643404292199991,-0.006673051545972713,-0.006823311072855181,-0.00673652020553143,-0.006648587903810149
