Epoch, 16
training loss,0.0,0.0005084291077005837,0.0005079719612587412,0.0012229004553054503,0.0021563213604687908,0.0023288258860673923,0.0024088383273977447,0.0024183671112095154,0.0023977767304251894,0.0023811876397723188,0.0023891157245619823,0.0023567458480726047,0.002340791325800808,0.0023106954254405628,0.0023007803509072482,0.0023065814518790392,0.0023178954609771696,0.002309985615563794
training obj,0.011432183397606868,-0.04223991650697652,-0.029344992415705803,-0.02804619662764003,-0.027860643041225545,-0.027710679857679357,-0.027458763943573633,-0.027318147589733614,-0.02706304445189536,-0.026975247752944586,-0.026764648540668314,-0.026663377007590774,-0.0264783505365506,-0.026353617977278393,-0.02631323631596614,-0.02609358070885737,-0.02594758513341318,-0.02582994215013606
validating loss,0.0,0.000508104360957568,0.000518218461391081,0.0020571622564892404,0.002293020956118343,0.00242648286596714,0.0024256397531751323,0.0024406754651032773,0.0023368346596710308,0.002365298049563097,0.002303667769325852,0.0023707675503463737,0.0022802061520542653,0.002307116093072125,0.002417073943201053,0.002250939911347411,0.0023950350540931815,0.0023854110425396155
validating obj,0.01248112961707901,-0.03944827605580273,-0.02718243923901893,-0.026072787686499243,-0.026600912933569774,-0.026005219104200294,-0.026144037029631823,-0.025903102769403618,-0.026355151035484557,-0.026328787626537484,-0.02588279321660839,-0.026172932340508926,-0.026089171073351146,-0.025834440144107622,-0.025755808484067038,-0.026205540357550742,-0.026413402520120144,-0.026339782685505478
testing loss,0.0,0.00048746149283305823,0.0005003188819965715,0.0020619249319987895,0.0022950693738539407,0.002432632324944624,0.002430275771261967,0.0024449492116633436,0.0023392319171120397,0.002369536064675786,0.002312343469628561,0.0023861111293221452,0.002291895137985979,0.002322962660688695,0.0024260658345613213,0.0022643052966040585,0.002423145488287657,0.0024156683499695613
testing obj,0.012015176593949585,-0.04212907381137759,-0.028521213735006556,-0.02726699004235089,-0.028204072322920864,-0.027332798368658186,-0.027324662124257208,-0.0269876996142607,-0.027721062827560403,-0.027246925390362355,-0.027268268121486583,-0.027188512899795878,-0.027422838074134315,-0.02698157182950751,-0.026951843327658313,-0.027593731454600822,-0.0274651882378144,-0.027489275976906494
