Epoch, 10
training loss,0.0,0.0005561762598660482,0.0009098873530770195,0.0007635138105423025,0.000704952914612459,0.0006944008769042899,0.0006155712325719423,0.0006282530703602413,0.0006331871080214578,0.000719526374036921,0.0007001843133954989,0.0007102929386675504
training obj,0.04112625034051198,-0.007591814858674565,-0.008269502212266053,-0.0077782457630496986,-0.0079104334353378,-0.007489515246147765,-0.007377919113701757,-0.007781648949500831,-0.007325666905928623,-0.007419253465737782,-0.007522694088573403,-0.007711234574626182
validating loss,0.0,0.00046910717941904697,0.0007194012667039513,0.0005235901088680192,0.000551402089008156,0.0005498885176267424,0.0005499993692663136,0.0004903110772526512,0.0005705173154840142,0.0006657216072198935,0.000512097741496594,0.0005315785326982021
validating obj,0.034755434944397874,-0.008061918837483972,-0.007723892980720848,-0.007905429119192477,-0.008743146288907155,-0.008677557919226173,-0.007488593892453032,-0.007556436014258199,-0.007755487856532757,-0.007767732811367346,-0.0076975858893193715,-0.007866699626902118
testing loss,0.0,0.0004316197672459247,0.0007462405900131105,0.0004924128387190993,0.0005517381316560597,0.0005963017850975833,0.0006039393287013612,0.0004955116953194217,0.0005720587706073766,0.0007024669957408569,0.0005028384024429928,0.0005977072053340364
testing obj,0.0326209842302912,-0.008188309874763159,-0.008678604449095155,-0.008346329032556733,-0.007904263273057705,-0.007849526009522378,-0.00844375554132401,-0.008269387226539186,-0.00805743963212228,-0.008118634379619884,-0.008366278526876625,-0.007778062403353082
