Epoch, 10
training loss,0.0,0.000537374012192766,0.0006785680408368125,0.0005468681585768412,0.0005516832748624296,0.0005513367016700452,0.0005616591990509929,0.0005641006095923812,0.0005632987698025354,0.0005826636023223674,0.0006009998450834103,0.0006350735634423829
training obj,0.007336418066794674,-0.06109210594246785,-0.04652514859084405,-0.03730275520653117,-0.03692529870416312,-0.03683342577926084,-0.03583659275489695,-0.0338441683015987,-0.03309557941176143,-0.03250983055754035,-0.032224905279045014,-0.031488263566850444
validating loss,0.0,0.00046899610646909825,0.00048119012454763934,0.00048518883745095483,0.00048227003612232185,0.00048608648365997296,0.0005064447541371919,0.0004860242042923346,0.000535306918108189,0.0006164674939807608,0.0005999669819074268,0.0005532010452750708
validating obj,0.005040041791896026,-0.06264960693402423,-0.041644900726775326,-0.04055605264794496,-0.04188164013127486,-0.04021082927162448,-0.03754143349619375,-0.037212313204589814,-0.039232195924139686,-0.03833695609743396,-0.03888832570777999,-0.03995466286626955
testing loss,0.0,0.0003908346517238061,0.0003932432831592254,0.00039818884908674737,0.00039677562951535064,0.00041187176700347935,0.0004287790064621289,0.0003971611018838499,0.0005365663975582622,0.0006209202058655776,0.0005302702793906556,0.000470238605713176
testing obj,0.0044282947767626596,-0.05975301002429144,-0.03830756634675168,-0.038975500703059336,-0.039584140054176785,-0.03827554196421359,-0.03598688422022639,-0.03559115769442271,-0.03657913982012385,-0.03671970812452806,-0.03617058666674672,-0.036849117095305306
