Epoch, 7
training loss,0.0,0.0005895495560395705,0.0008844791787708471,0.0008424348897510664,0.000740721130597533,0.0007611153728908439,0.0007594920553303525,0.0007620261586613624,0.0008084680010820283
training obj,0.020609157052183268,-0.023304542510167642,-0.020227557964915155,-0.01911289384497293,-0.01909130320190361,-0.018900116475518137,-0.019378215500938833,-0.019245866962763317,-0.018933840251217287
validating loss,0.0,0.0004283412884736511,0.0005461063083203044,0.0006129458423755649,0.0005527533887490992,0.0005659421246188382,0.0006016991844969905,0.0005648335382930883,0.0006728190362789772
validating obj,0.01796310493308637,-0.023720802144250937,-0.019718961091712117,-0.019527703769401543,-0.018836111373578508,-0.019441801808877952,-0.020139387601779565,-0.019030388160091307,-0.020111659198947664
testing loss,0.0,0.00045498397840010757,0.0006953220015291024,0.0007829171402074673,0.0006871542208426871,0.0006882499538069415,0.000676835617333701,0.0006537109212650968,0.0007191703602124157
testing obj,0.017628402254116292,-0.02416916997675356,-0.020842962017333187,-0.021536161078492533,-0.021085373654558853,-0.021657568327075726,-0.021377916573672683,-0.02103441794767875,-0.021284996468976542
