Epoch, 12
training loss,0.0,0.0005428856914045041,0.0005029696935375895,0.0004936946400034121,0.0004910392292194113,0.0004884806574040056,0.00048611096117849974,0.0004829744372137688,0.00048122626651749575,0.00047886605061541246,0.00047644615683180687,0.00047414086552644095,0.00047173250365130755,0.00047014246790744657
training obj,0.02262281834035818,0.0,0.0,0.0,0.0,0.0,0.0,0.0,0.0,0.0,0.0,0.0,0.0,-0.03707541572504091
validating loss,0.0,0.0005591187666304841,0.0005547195012563563,0.0006651050898528039,0.0006411144495863148,0.0005947518085691897,0.0006494887149535244,0.0005148800263823023,0.000586375497676014,0.0005818995821151148,0.0005165500004226374,0.0006990941921723354,0.0006180748887754659,0.0005198663904757205
validating obj,0.022689095007055873,0.0,0.0,0.0,0.0,0.0,0.0,0.0,0.0,0.0,0.0,0.0,0.0,-0.038637644392164314
testing loss,0.0,0.0005109951172907446,0.0004874611579073295,0.0005874814285846926,0.0005508166884099976,0.0005117517628013409,0.0005599887508228934,0.00046581700620046705,0.0005071271983112158,0.0005171826989255207,0.0004652407329502273,0.0006064959438586817,0.0005617896165674121,0.0004688469981686024
testing obj,0.022007837362600275,0.0,0.0,0.0,0.0,0.0,0.0,0.0,0.0,0.0,0.0,0.0,0.0,-0.03841784431498094
