Epoch, 9
training loss,0.0,0.0005712366913583394,0.000703552123798313,0.0006540823526401986,0.000680337168901757,0.0007066848444725003,0.0007490080562146271,0.000805649274672546,0.000935233547466387,0.0009929450361204205,0.0010573797963112227
training obj,0.0126317563247593,-0.04890213351441072,-0.03735957549994483,-0.027503559457174705,-0.027444235297540823,-0.027266580507378367,-0.026946992198845336,-0.026878605569329334,-0.02643741801125454,-0.02631215643429873,-0.025474653933562484
validating loss,0.0,0.00043448068370505806,0.0005073348673047601,0.0005275505245663226,0.0005512968261124721,0.000597730236121505,0.000637005831878115,0.000784299888538145,0.0008137360168297568,0.0008518043565951908,0.0009960869146097037
validating obj,0.01080516099722849,-0.04344130335893068,-0.02506037453551673,-0.02533538022544235,-0.025370315441654787,-0.025439419654301472,-0.02539566491678771,-0.024807453349543113,-0.027068664061112538,-0.026661461115711264,-0.026361565234967403
testing loss,0.0,0.00046190401996215304,0.0005396638030966593,0.0005676135465241591,0.000591961907441539,0.0006364440369243557,0.0006893369148177019,0.0008238912363398216,0.0009097955598672097,0.0009392599568928819,0.0010714962719813794
testing obj,0.009738959054261245,-0.04769154635534899,-0.030504250622077567,-0.03029357795477719,-0.030215623360630627,-0.02999130163241077,-0.030531985672643862,-0.029260595241007773,-0.03135061728440829,-0.03197264729218709,-0.030917037593049777
