Epoch, 7
training loss,0.0,0.0005389316011204238,0.0008045334011138253,0.0006141059582838424,0.0005548134205324174,0.0005725672978430749,0.0006001749640049906,0.0006310136587582712,0.000668169499269924
training obj,0.015962236774537494,-0.02658324601749579,-0.024707672576986108,-0.02335369044768752,-0.023623212975650735,-0.023463232686524005,-0.023256098730124387,-0.02335199584782708,-0.023479972117781345
validating loss,0.0,0.000487441391669563,0.0005570039166842536,0.0005262669340784972,0.0005036923818503661,0.0005286497437029741,0.0005810358856655916,0.0006179680290693392,0.0005329156839353447
validating obj,0.016301784172861114,-0.025753025379445817,-0.022164017802828714,-0.02197042352054268,-0.021903786407266226,-0.02213938379039367,-0.022262836224399507,-0.02260100029201971,-0.022203813578623038
testing loss,0.0,0.000444590285042068,0.0005085696584255611,0.0004956989448416878,0.00047262647589180944,0.0004770955571517776,0.0005353643704241935,0.0006630845551577246,0.0004688569913284752
testing obj,0.013199228944407927,-0.027304102289112838,-0.023616774001385312,-0.024014615195778174,-0.023936324557792897,-0.02375688313229664,-0.023728203456345444,-0.02415718650445342,-0.02395912544248072
