Epoch, 6
training loss,0.0,0.000492041225674583,0.0004944547543317132,0.0004847476711981689,0.0004819010927469344,0.00047930903253654114,0.00047682410361754677,0.00047384300532635003
training obj,0.02594844303902099,0.0,0.0,0.0,0.0,0.0,0.0,-0.0349963749053978
validating loss,0.0,0.0005205127350771703,0.0005329843780037321,0.0005233461360617703,0.000697909952653431,0.0006207589887085195,0.0007496998857928942,0.0005883005900406375
validating obj,0.02674999139771175,0.0,0.0,0.0,0.0,0.0,0.0,-0.03462289437123133
testing loss,0.0,0.00047366573897607365,0.00048159188858563803,0.0004726101052505024,0.0006110900525239508,0.0005325866195734605,0.0006566039726267153,0.0005074969301486237
testing obj,0.026154178649943686,0.0,0.0,0.0,0.0,0.0,0.0,-0.034091641707265696
