Random seed, 5
Random seed, 5
final loss, 0.13891564607620238, final defender utility, -2.840502119064331final loss, 0.13891564607620238, final defender utility, -2.840502119064331Random seed, 5
final loss, 0.14727564454078673, final defender utility, -1.9152865707874298final loss, 0.14727564454078673, final defender utility, -1.9152865707874298