Random seed, 4
final loss, 0.22341036796569824, final defender utility, -1.809016937762499final loss, 0.22341036796569824, final defender utility, -1.809016937762499Random seed, 3
final loss, 0.2062392234802246, final defender utility, -1.7895706713199615final loss, 0.2062392234802246, final defender utility, -1.7895706713199615Random seed, 5
final loss, 0.24878206849098206, final defender utility, -1.892760980129242final loss, 0.24878206849098206, final defender utility, -1.892760980129242final loss, 0.24878206849098206, final defender utility, -1.892760980129242final loss, 0.24878206849098206, final defender utility, -1.892760980129242final loss, 0.24878206849098206, final defender utility, -1.892760980129242final loss, 0.24878206849098206, final defender utility, -1.892760980129242final loss, 0.24878206849098206, final defender utility, -1.892760980129242