Random seed, 2
final loss, 0.19132051467895508, final defender utility, -0.8261683523654938
