Random seed, 10
final loss, 0.7798754513263703, final defender utility, -1.376925778388977
Random seed, 9
final loss, 0.8580653667449951, final defender utility, -2.1148563742637636
Random seed, 3
final loss, 1.876902198791504, final defender utility, -2.473787713050842
Random seed, 7
final loss, 1.4117289066314698, final defender utility, -2.094959783554077
Random seed, 5
final loss, 1.5807429075241088, final defender utility, -3.653750109672546
Random seed, 4
final loss, 2.5337870121002197, final defender utility, -2.6225891590118406
Random seed, 2
final loss, 3.292031669616699, final defender utility, -0.6979772776365281
Random seed, 6
final loss, 6.184723043441773, final defender utility, -4.371962022781372
Random seed, 8
final loss, 2.8341628074645997, final defender utility, -2.0148741126060488
Random seed, 1
final loss, 4.018063259124756, final defender utility, -2.9677002906799315
Random seed, 10
final loss, 0.7830771625041961, final defender utility, -1.3826355934143066
