Random seed, 4
final loss, 3.285995054244995, final defender utility, -0.799562357366085
Random seed, 9
final loss, 3.147055244445801, final defender utility, -2.29718856215477
Random seed, 3
final loss, 1.9739994049072265, final defender utility, -3.3912017703056336
Random seed, 1
final loss, 0.9086191833019257, final defender utility, -3.8121485471725465
Random seed, 5
final loss, 4.664996242523193, final defender utility, -2.4439696311950683
Random seed, 7
final loss, 3.3287462472915648, final defender utility, -3.0912694454193117
Random seed, 8
final loss, 4.6993772983551025, final defender utility, -2.6744375467300414
Random seed, 6
final loss, 1.6998580694198608, final defender utility, -5.870890092849732
Random seed, 2
final loss, 8.803726482391358, final defender utility, -2.9585208654403687
Random seed, 10
final loss, 3.384621036052704, final defender utility, -4.5295377492904665
