Random seed, 1
Random seed, 6
final loss, 2.129005789756775, final defender utility, -4.2286819338798525
Random seed, 4
final loss, 2.101435661315918, final defender utility, -2.8832279324531553
Random seed, 2
final loss, 2.202870512008667, final defender utility, -4.738371682167053
Random seed, 3
final loss, 2.0032214164733886, final defender utility, -4.23916095495224
