Random seed, 5
final loss, 1.6644595861434937, final defender utility, -2.9051772356033325
Random seed, 1
final loss, 2.1159329414367676, final defender utility, -2.0615151941776277
Random seed, 2
final loss, 1.5005479097366332, final defender utility, -4.384935343265534
Random seed, 4
final loss, 2.274729013442993, final defender utility, -1.536468154191971
Random seed, 10
final loss, 2.7489630699157717, final defender utility, -0.9579595237970352
Random seed, 9
final loss, 1.6877851605415344, final defender utility, -4.216677784919739
Random seed, 8
final loss, 2.264761447906494, final defender utility, -4.663575685024261
Random seed, 7
final loss, 2.7871449470520018, final defender utility, -4.757722663879394
Random seed, 3
final loss, 2.0880020380020143, final defender utility, -4.867484664916992
Random seed, 6
final loss, 3.0517930507659914, final defender utility, -2.4640393257141113
