Random seed, 9
final loss, 0.811571329832077, final defender utility, -1.4250281602144241
Random seed, 2
final loss, 1.2828786969184875, final defender utility, -1.5727169990539551
Random seed, 8
final loss, 0.9041872501373291, final defender utility, -3.1331328749656677
Random seed, 10
final loss, 0.9554686069488525, final defender utility, -4.12376754283905
Random seed, 4
final loss, 1.92001531124115, final defender utility, -1.3744347274303437
Random seed, 5
final loss, 2.05198187828064, final defender utility, -1.3652182787656784
Random seed, 3
final loss, 1.5348031401634217, final defender utility, -3.674351763725281
Random seed, 6
final loss, 1.3470682740211486, final defender utility, -3.2705848574638368
Random seed, 1
final loss, 2.2454204320907594, final defender utility, -1.9144362330436706
Random seed, 7
final loss, 2.349940609931946, final defender utility, -0.9408636093139648
