Random seed, 3
final loss, 0.14936838150024415, final defender utility, -0.2137780728749931
Random seed, 7
final loss, 0.09705362915992737, final defender utility, -1.6155416071414948
Random seed, 1
final loss, 0.13139606714248658, final defender utility, -1.5183952480554581
Random seed, 10
final loss, 0.17865272760391235, final defender utility, -1.15766634196043
Random seed, 8
final loss, 0.23825730085372926, final defender utility, -0.6967071942985058
Random seed, 9
final loss, 0.07247450053691865, final defender utility, -2.3739500522613524
Random seed, 2
final loss, 0.16925593912601472, final defender utility, -1.4446051299571991
Random seed, 5
final loss, 0.27597861289978026, final defender utility, -0.6320941254496575
Random seed, 6
final loss, 0.17551478147506713, final defender utility, -3.998684525489807
Random seed, 4
final loss, 0.13642846345901488, final defender utility, -2.7750752568244934
Random seed, 3
final loss, 0.14936838150024415, final defender utility, -0.2137780728749931
Random seed, 9
final loss, 0.07247450053691865, final defender utility, -2.3739500522613524
Random seed, 7
final loss, 0.09705362915992737, final defender utility, -1.6155416071414948
Random seed, 10
final loss, 0.17865272760391235, final defender utility, -1.15766634196043
Random seed, 4
final loss, 0.13642846345901488, final defender utility, -2.7750752568244934
Random seed, 2
final loss, 0.16925593912601472, final defender utility, -1.4446051299571991
Random seed, 6
final loss, 0.17551478147506713, final defender utility, -3.998684525489807
Random seed, 8
final loss, 0.23825730085372926, final defender utility, -0.6967071942985058
Random seed, 5
final loss, 0.27597861289978026, final defender utility, -0.6320941254496575
Random seed, 1
final loss, 0.13139606714248658, final defender utility, -1.5183952480554581
