Random seed, 3
final loss, 1.7736931800842286, final defender utility, -1.7861276984214782
Random seed, 9
final loss, 0.3744542121887207, final defender utility, -2.7721671581268312
Random seed, 7
final loss, 1.095903468132019, final defender utility, -1.7684941351413728
Random seed, 2
final loss, 0.913512259721756, final defender utility, -1.8744734704494477
Random seed, 1
final loss, 1.905928409099579, final defender utility, -2.1042867243289947
Random seed, 10
final loss, 2.3642544746398926, final defender utility, -2.3090226531028746
Random seed, 4
final loss, 0.9603970944881439, final defender utility, -4.411359357833862
Random seed, 8
final loss, 2.2393898606300353, final defender utility, -1.6022111892700195
Random seed, 6
final loss, 1.1425062656402587, final defender utility, -5.221083450317383
Random seed, 5
final loss, 2.4667872190475464, final defender utility, -1.2534862577915191
