Random seed, 3
final loss, 1.7526553392410278, final defender utility, -1.6448064029216767
Random seed, 9
final loss, 0.380032080411911, final defender utility, -2.7855887174606324
Random seed, 7
final loss, 1.0217687249183656, final defender utility, -1.7689670085906983
Random seed, 2
final loss, 1.0950738191604614, final defender utility, -1.9883547365665435
Random seed, 4
final loss, 0.813513332605362, final defender utility, -4.139641880989075
Random seed, 1
final loss, 1.8525865912437438, final defender utility, -2.086425578594208
Random seed, 5
final loss, 4.057349181175232, final defender utility, -2.6880443930625915
Random seed, 6
final loss, 1.1249849319458007, final defender utility, -5.160198116302491
Random seed, 10
final loss, 2.3862544536590575, final defender utility, -2.3898259162902833
Random seed, 8
final loss, 2.247946631908417, final defender utility, -1.6070083975791931
