Random seed, 1
final loss, 1.0492233872413634, final defender utility, -3.163659632205963
Random seed, 3
final loss, 1.9470839262008668, final defender utility, -2.9304237961769104
Random seed, 8
final loss, 2.098924767971039, final defender utility, -2.79940584897995
Random seed, 1
final loss, 1.053242528438568, final defender utility, -3.1623167991638184
Random seed, 3
final loss, 1.9470839262008668, final defender utility, -2.9304237961769104
Random seed, 8
final loss, 2.098924767971039, final defender utility, -2.79940584897995
Random seed, 6
final loss, 1.4403965711593627, final defender utility, -3.8043241620063784
Random seed, 4
final loss, 3.064268946647644, final defender utility, -1.5977105051279068
Random seed, 10
final loss, 1.7380460858345033, final defender utility, -4.8594056367874146
Random seed, 9
final loss, 3.0876340866088867, final defender utility, -3.0159756779670714
Random seed, 5
final loss, 4.064026784896851, final defender utility, -2.0405055463314055
Random seed, 7
final loss, 3.271235203742981, final defender utility, -2.659363842010498
Random seed, 2
final loss, 3.588178300857544, final defender utility, -2.1912142515182493
