Random seed, 9
final loss, 0.8216353714466095, final defender utility, -1.3700317025184632
Random seed, 2
final loss, 3.019399917125702, final defender utility, -2.0687081933021547
Random seed, 7
final loss, 2.3291072130203245, final defender utility, -1.038782998919487
Random seed, 8
final loss, 5.793659079074859, final defender utility, -4.545455718040467
Random seed, 6
final loss, 0.9441068291664123, final defender utility, -2.6319413125514983
Random seed, 5
final loss, 3.777764105796814, final defender utility, -2.7021113991737367
Random seed, 4
final loss, 1.9658928871154786, final defender utility, -1.3927132725715636
Random seed, 10
final loss, 1.5754235863685608, final defender utility, -5.280209159851074
Random seed, 3
final loss, 1.5291661381721497, final defender utility, -3.6552951097488404
Random seed, 1
final loss, 2.0359957695007322, final defender utility, -1.865362399816513
