Random seed, 10
final loss, 0.6544256389141083, final defender utility, -1.5158352494239806
Random seed, 7
final loss, 1.4887115120887757, final defender utility, -2.2296549558639525
Random seed, 9
final loss, 0.7842531681060791, final defender utility, -1.3691856026649476
Random seed, 3
final loss, 1.4615235805511475, final defender utility, -2.6265695691108704
Random seed, 2
final loss, 3.6054932832717896, final defender utility, -1.7290767550468444
Random seed, 1
final loss, 3.8428312301635743, final defender utility, -3.243719732761383
Random seed, 5
final loss, 2.5673260569572447, final defender utility, -2.182759517431259
Random seed, 8
final loss, 2.6205851078033446, final defender utility, -3.0249096512794496
Random seed, 4
final loss, 2.3800826549530028, final defender utility, -2.0786787033081056
Random seed, 6
final loss, 2.744324970245361, final defender utility, -2.5282410860061644
