Random seed, 1
final loss, 1.0512712597846985, final defender utility, -3.175660860538483
Random seed, 3
final loss, 1.9459463119506837, final defender utility, -2.930597496032715
Random seed, 8
final loss, 2.102976930141449, final defender utility, -2.7980387210845947
Random seed, 7
final loss, 3.266004776954651, final defender utility, -2.653521239757538
Random seed, 6
final loss, 1.438331913948059, final defender utility, -3.8025025010108946
Random seed, 2
final loss, 3.587153959274292, final defender utility, -2.1918174505233763
Random seed, 9
final loss, 2.9901512622833253, final defender utility, -3.024823474884033
Random seed, 5
final loss, 4.06067008972168, final defender utility, -2.0358929693698884
Random seed, 10
final loss, 1.6727164387702942, final defender utility, -4.792010641098022
