Random seed, 10
final loss, 0.6545582056045532, final defender utility, -1.516448962688446
Random seed, 9
final loss, 0.7994161009788513, final defender utility, -1.3881097465753556
Random seed, 7
final loss, 1.4886990904808044, final defender utility, -2.229785645008087
Random seed, 4
final loss, 2.379764199256897, final defender utility, -2.0791587591171266
Random seed, 3
final loss, 1.7041207075119018, final defender utility, -2.685223877429962
Random seed, 2
final loss, 3.60496871471405, final defender utility, -1.7282291531562806
Random seed, 1
final loss, 3.842094087600708, final defender utility, -3.2434977412223818
Random seed, 8
final loss, 2.6203917503356933, final defender utility, -3.025532841682434
Random seed, 5
final loss, 2.6928993105888366, final defender utility, -3.0587933897972106
Random seed, 6
final loss, 2.7439125061035154, final defender utility, -2.528238582611084
