Random seed, 4
final loss, 1.105959987640381, final defender utility, -2.836153256893158
Random seed, 9
final loss, 1.5111792087554932, final defender utility, -3.782906782627106
Random seed, 5
final loss, 1.7440806388854981, final defender utility, -3.7999045968055727
Random seed, 2
final loss, 1.4905472278594971, final defender utility, -3.2586322903633116
Random seed, 7
final loss, 1.4717348337173461, final defender utility, -2.3995802283287047
