Random seed, 4
final loss, 3.6255794525146485, final defender utility, -4.336192941665649
