Random seed, 9
final loss, 0.775424474477768, final defender utility, -1.8000734269618988
Random seed, 2
final loss, 1.2517658829689027, final defender utility, -1.6563404858112336
Random seed, 6
final loss, 1.347426426410675, final defender utility, -3.601247227191925
Random seed, 7
final loss, 2.3632002115249633, final defender utility, -1.5111289203166962
Random seed, 8
final loss, 0.8224973320960999, final defender utility, -3.2397685408592225
Random seed, 10
final loss, 0.9539017081260681, final defender utility, -4.338372886180878
Random seed, 5
final loss, 1.938844347000122, final defender utility, -1.3690249502658844
Random seed, 4
final loss, 1.922082281112671, final defender utility, -1.4536231756210327
Random seed, 1
final loss, 2.143260383605957, final defender utility, -2.1599540650844573
Random seed, 3
final loss, 1.5190040469169617, final defender utility, -3.9103557229042054
