Random seed, 7
final loss, 1.4898036122322083, final defender utility, -2.6501054048538206
Random seed, 9
final loss, 0.7915794312953949, final defender utility, -1.4970192193984986
Random seed, 3
final loss, 1.7028113842010497, final defender utility, -3.2798581600189207
Random seed, 10
final loss, 0.7734301745891571, final defender utility, -2.0554420828819273
Random seed, 4
final loss, 2.3817933082580565, final defender utility, -2.6231455206871033
Random seed, 1
final loss, 3.846732521057129, final defender utility, -3.4829193711280824
Random seed, 2
final loss, 3.6039414167404176, final defender utility, -2.2854496359825136
Random seed, 5
final loss, 2.5629889607429504, final defender utility, -2.299203723669052
Random seed, 6
final loss, 2.730262851715088, final defender utility, -2.860458779335022
Random seed, 8
final loss, 2.657016396522522, final defender utility, -4.019366908073425
