Random seed, 3
final loss, 1.7928665399551391, final defender utility, -2.0580317080020905
Random seed, 9
final loss, 0.37206963300704954, final defender utility, -2.85494259595871
Random seed, 4
final loss, 0.9800267159938812, final defender utility, -4.593952465057373
Random seed, 2
final loss, 0.9062749683856964, final defender utility, -2.0206601679325105
Random seed, 7
final loss, 1.1206625342369079, final defender utility, -1.926048320531845
Random seed, 5
final loss, 1.9133071184158326, final defender utility, -1.371734267473221
Random seed, 1
final loss, 1.941967213153839, final defender utility, -2.4442992210388184
Random seed, 10
final loss, 2.268554353713989, final defender utility, -2.368482005596161
Random seed, 8
final loss, 2.201254093647003, final defender utility, -1.437964713573456
Random seed, 6
final loss, 1.1404069185256958, final defender utility, -5.443128156661987
