Random seed, 4
final loss, 0.02858104705810547, final defender utility, -0.5708083488047123
Random seed, 5
final loss, 0.03946649134159088, final defender utility, -1.4887132227420807
Random seed, 2
final loss, 0.022850018739700318, final defender utility, -3.6579796254634855
Random seed, 7
final loss, 0.05043233335018158, final defender utility, -1.115185835957527
Random seed, 10
final loss, 0.04658807516098022, final defender utility, -1.2892175018787384
Random seed, 6
final loss, 0.07867347598075866, final defender utility, -1.3742441058158874
Random seed, 9
final loss, 0.07303294539451599, final defender utility, -2.058086484670639
Random seed, 3
final loss, 0.09177366495132447, final defender utility, -2.3035646617412566
Random seed, 8
final loss, 0.11419103443622589, final defender utility, -2.577600860595703
Random seed, 1
final loss, 0.15312343835830688, final defender utility, -2.725577247142792
