Random seed, 7
final loss, 0.057905882596969604, final defender utility, -1.0713537752628326
Random seed, 4
final loss, 0.0291991725564003, final defender utility, -0.27572390586137774
Random seed, 5
final loss, 0.0373595118522644, final defender utility, -1.420870041847229
Random seed, 6
final loss, 0.07403041124343872, final defender utility, -1.3050512433052064
Random seed, 10
final loss, 0.2874261140823364, final defender utility, -1.3987765192985535
Random seed, 2
final loss, 0.01869938671588898, final defender utility, -3.7739885807037354
Random seed, 3
final loss, 0.10305162668228149, final defender utility, -2.3928437530994415
Random seed, 9
final loss, 0.07387573122978211, final defender utility, -2.0577990889549254
Random seed, 1
final loss, 0.13715314865112305, final defender utility, -2.476409351825714
Random seed, 8
final loss, 0.11183481812477111, final defender utility, -2.6446974515914916
