Random seed, 4
final loss, 0.4202890291810036, final defender utility, -1.088779217004776
Random seed, 7
final loss, 0.5456176251173019, final defender utility, -1.6415902197360992
Random seed, 5
final loss, 0.5954324185848237, final defender utility, -1.7211675882339477
Random seed, 2
final loss, 0.19974263310432433, final defender utility, -4.342052841186524
Random seed, 10
final loss, 1.0490204572677613, final defender utility, -2.012816494703293
Random seed, 6
final loss, 0.9537102341651916, final defender utility, -1.8050299167633057
Random seed, 9
final loss, 0.7299012362957, final defender utility, -2.4128947973251345
Random seed, 8
final loss, 0.6865633219480515, final defender utility, -2.968247711658478
Random seed, 3
final loss, 0.915892893075943, final defender utility, -3.826931631565094
Random seed, 1
final loss, 0.7826041460037232, final defender utility, -3.4468797564506533
