Random seed, 2
final loss, 0.8132919192314148, final defender utility, -1.5626696348190308
Random seed, 3
final loss, 0.9080442667007447, final defender utility, -1.6064124703407288
Random seed, 5
final loss, 0.30000439658761024, final defender utility, -4.366223621368408
Random seed, 4
final loss, 0.9780044972896575, final defender utility, -1.2135996520519257
Random seed, 1
final loss, 0.9243257999420166, final defender utility, -1.4486621618270874
Random seed, 9
final loss, 0.7230361551046371, final defender utility, -2.5416235089302064
Random seed, 7
final loss, 0.5631328642368316, final defender utility, -4.632178926467896
Random seed, 10
final loss, 0.5751369595527649, final defender utility, -4.43165020942688
Random seed, 8
final loss, 0.5519763201475143, final defender utility, -3.986106264591217
Random seed, 6
final loss, 0.9881658554077148, final defender utility, -2.387459808588028
