Random seed, 3
final loss, 0.6433441162109375, final defender utility, -0.3872777407057583
Random seed, 5
final loss, 0.2886729955673218, final defender utility, -0.7160954143851995
Random seed, 7
final loss, 0.09752758741378784, final defender utility, -1.777540957927704
Random seed, 9
final loss, 0.06741786897182464, final defender utility, -2.4468284606933595
Random seed, 2
final loss, 0.16463215947151183, final defender utility, -1.5617735505104064
Random seed, 4
final loss, 0.16422622203826903, final defender utility, -3.1067436575889587
Random seed, 8
final loss, 0.22560224533081055, final defender utility, -0.9546734020113945
Random seed, 10
final loss, 0.20354119539260865, final defender utility, -1.1644442290067674
Random seed, 6
final loss, 0.17802106142044066, final defender utility, -4.299710595607758
