Random seed, 6
final loss, 2.252087116241455, final defender utility, -1.368672823905945
Random seed, 1
final loss, 2.259401559829712, final defender utility, -1.3431373715400696
Random seed, 4
final loss, 2.7270577907562257, final defender utility, -3.7609310150146484
Random seed, 10
final loss, 4.359464454650879, final defender utility, -1.2344991326332093
Random seed, 5
final loss, 1.5355254411697388, final defender utility, -5.566157960891724
Random seed, 9
final loss, 1.5255279541015625, final defender utility, -5.9095477104187015
Random seed, 8
final loss, 2.7610878467559816, final defender utility, -1.900222408771515
Random seed, 3
final loss, 2.4436079025268556, final defender utility, -4.010254001617431
Random seed, 2
final loss, 1.3961509704589843, final defender utility, -4.530869722366333
Random seed, 7
final loss, 2.031808638572693, final defender utility, -4.387431001663208
