Random seed, 1
final loss, 0.38450989723205564, final defender utility, -1.312206745147705
Random seed, 4
final loss, 0.3498527050018311, final defender utility, -2.0596223950386046
Random seed, 6
final loss, 2.2461220741271974, final defender utility, -1.3686730861663818
Random seed, 7
final loss, 0.28579795360565186, final defender utility, -2.6703290939331055
Random seed, 3
final loss, 0.3711728096008301, final defender utility, -2.0111918330192564
Random seed, 10
final loss, 0.2914461135864258, final defender utility, -1.0554957807064056
Random seed, 2
final loss, 0.27907757759094237, final defender utility, -3.34661750793457
Random seed, 9
final loss, 0.3820324897766113, final defender utility, -4.816734552383423
Random seed, 8
final loss, 1.7737772941589356, final defender utility, -1.7360705614089966
Random seed, 5
final loss, 0.2689517021179199, final defender utility, -3.9803655624389647
