Random seed, 1
final loss, 2.2592803955078127, final defender utility, -1.3432184338569642
Random seed, 6
final loss, 2.252658748626709, final defender utility, -1.3686728119850158
Random seed, 4
final loss, 2.7278695583343504, final defender utility, -3.7616718769073487
Random seed, 10
final loss, 4.358493804931641, final defender utility, -1.2342554450035095
Random seed, 5
final loss, 1.5356704711914062, final defender utility, -5.566431331634521
Random seed, 8
final loss, 2.7610538959503175, final defender utility, -1.9002345204353333
Random seed, 7
final loss, 2.0306267976760863, final defender utility, -4.387862205505371
Random seed, 9
final loss, 1.5251126766204834, final defender utility, -5.909490776062012
Random seed, 3
final loss, 2.4449412345886232, final defender utility, -4.011156725883484
Random seed, 2
final loss, 1.3962947845458984, final defender utility, -4.531608438491821
