Random seed, 2
final loss, 0.6922600746154786, final defender utility, -2.435344398021698
Random seed, 10
final loss, 0.683917760848999, final defender utility, -4.591242814064026
Random seed, 8
final loss, 0.8785676002502442, final defender utility, -6.2502112865448
Random seed, 4
final loss, 0.8891061782836914, final defender utility, -3.124801445007324
Random seed, 6
final loss, 0.7813303947448731, final defender utility, -5.451236534118652
Random seed, 1
final loss, 0.992068862915039, final defender utility, -5.853651666641236
Random seed, 5
final loss, 0.8038388967514039, final defender utility, -4.980126428604126
Random seed, 7
final loss, 0.9123437881469727, final defender utility, -0.904178112745285
Random seed, 9
final loss, 1.027877140045166, final defender utility, -4.607220268249511
Random seed, 3
final loss, 1.0236077308654785, final defender utility, -4.56307327747345
