Random seed, 17
final loss, 3.122414565086365, final defender utility, -2.3792054891586303
Random seed, 15
final loss, 3.5156635642051697, final defender utility, -2.018153840303421
Random seed, 6
final loss, 3.7067727565765383, final defender utility, -1.1924600183963776
Random seed, 28
final loss, 3.158470165729523, final defender utility, -3.129848873615265
Random seed, 26
final loss, 3.038124644756317, final defender utility, -2.759541869163513
