Random seed, 19
final loss, 1.609290423989296, final defender utility, -2.091605705022812
Random seed, 17
final loss, 0.8500471889972687, final defender utility, -3.7905174255371095
Random seed, 18
final loss, 0.5973217815160752, final defender utility, -1.0565481811761857
Random seed, 5
final loss, 0.3413289520889521, final defender utility, -3.7724922060966493
Random seed, 2
final loss, 0.7334616154432296, final defender utility, -1.5234338626265527
Random seed, 9
final loss, 1.105061936378479, final defender utility, -2.6783049643039702
Random seed, 14
final loss, 1.2123706221580506, final defender utility, -2.9775131940841675
Random seed, 4
final loss, 1.4546975910663604, final defender utility, -0.8227254211902618
Random seed, 13
final loss, 0.728882348537445, final defender utility, -3.7165507912635802
Random seed, 3
final loss, 1.0658433318138123, final defender utility, -1.866110271215439
Random seed, 7
final loss, 1.0328180938959122, final defender utility, -3.5566872119903565
Random seed, 15
final loss, 1.0647378385066986, final defender utility, -0.705866227298975
Random seed, 10
final loss, 0.7341071709990501, final defender utility, -3.172088626027107
Random seed, 6
final loss, 1.549491274356842, final defender utility, -1.887906514108181
Random seed, 20
final loss, 0.5531153187155724, final defender utility, -5.089577424526214
Random seed, 12
final loss, 0.7845276474952698, final defender utility, -1.1422937303781509
Random seed, 1
final loss, 1.081899482011795, final defender utility, -0.9756583034992218
Random seed, 8
final loss, 0.7491830736398697, final defender utility, -3.4838750839233397
Random seed, 16
final loss, 0.7574021130800247, final defender utility, -3.9842086315155028
Random seed, 11
final loss, 0.7073766410350799, final defender utility, -3.383870565891266
