Random seed, 17
final loss, 3.139456808567047, final defender utility, -1.312589731812477
Random seed, 18
final loss, 2.762683802843094, final defender utility, -0.8860003888607025
Random seed, 11
final loss, 1.5018709421157836, final defender utility, -1.4690602332353593
Random seed, 10
final loss, 1.776313602924347, final defender utility, -1.0603953540325164
Random seed, 15
final loss, 1.9087436079978943, final defender utility, -1.607102744281292
Random seed, 1
final loss, 1.4960991621017456, final defender utility, -1.5479340896010398
Random seed, 9
final loss, 1.2609665632247924, final defender utility, -1.8167528986930848
Random seed, 16
final loss, 1.0513032138347627, final defender utility, -2.927365905046463
Random seed, 14
final loss, 1.865205180644989, final defender utility, -3.182519853115082
Random seed, 19
final loss, 2.050331473350525, final defender utility, -3.5816988706588746
Random seed, 20
final loss, 2.1073726952075957, final defender utility, -3.5135950565338137
Random seed, 3
final loss, 1.541436606645584, final defender utility, -2.5474777638912203
Random seed, 8
final loss, 2.1990382194519045, final defender utility, -2.086302626132965
Random seed, 12
final loss, 1.3437510967254638, final defender utility, -4.242916691303253
Random seed, 4
final loss, 2.2642196655273437, final defender utility, -3.7439241766929627
Random seed, 2
final loss, 2.4193429589271545, final defender utility, -1.3915350303053855
Random seed, 6
final loss, 0.5823851108551026, final defender utility, -3.1767131477594375
Random seed, 7
final loss, 1.9640058398246765, final defender utility, -2.208123517036438
Random seed, 13
final loss, 3.6282288670539855, final defender utility, -1.8780407696962356
Random seed, 5
final loss, 2.147860437631607, final defender utility, -3.4023573279380797
