Random seed, 4
final loss, 6.0143818855285645, final defender utility, -0.7323681935667992
