Random seed, 4
final loss, 6.037108087539673, final defender utility, -0.7581284545361996
