Random seed, 10
final loss, 6.498350191116333, final defender utility, -5.223619556427002
Random seed, 11
final loss, 5.515211486816407, final defender utility, -4.086692690849304
Random seed, 9
final loss, 8.048923349380493, final defender utility, -3.9761788606643678
Random seed, 17
final loss, 4.426955699920654, final defender utility, -4.048999214172364
Random seed, 4
final loss, 4.723665571212768, final defender utility, -2.4054956912994383
Random seed, 2
final loss, 6.206622743606568, final defender utility, -2.279465746879578
Random seed, 7
final loss, 14.302756023406982, final defender utility, -1.041501760482788
Random seed, 5
final loss, 5.409623599052429, final defender utility, -4.600681614875794
Random seed, 6
final loss, 3.40955810546875, final defender utility, -5.445020627975464
Random seed, 19
final loss, 4.9674159526824955, final defender utility, -4.39112012386322
Random seed, 12
final loss, 7.9263527393341064, final defender utility, -4.19411723613739
Random seed, 3
final loss, 5.880800724029541, final defender utility, -4.208350324630738
Random seed, 15
final loss, 4.460356998443603, final defender utility, -4.037141346931458
Random seed, 16
final loss, 7.49756088256836, final defender utility, -4.099072384834289
Random seed, 1
final loss, 5.074179077148438, final defender utility, -5.397204637527466
Random seed, 14
final loss, 6.954064464569091, final defender utility, -4.885666704177856
Random seed, 8
final loss, 3.8481662273406982, final defender utility, -5.5594611167907715
Random seed, 18
final loss, 4.060524129867554, final defender utility, -4.82914457321167
