Random seed, 11
final loss, 6.049795532226563, final defender utility, -4.122515439987183
Random seed, 4
final loss, 4.056289911270142, final defender utility, -2.4028013706207276
Random seed, 12
final loss, 7.992698907852173, final defender utility, -4.216705536842346
Random seed, 2
final loss, 5.225111722946167, final defender utility, -2.2914361238479612
Random seed, 5
final loss, 5.748215746879578, final defender utility, -4.755293917655945
Random seed, 7
final loss, 9.933969211578368, final defender utility, -1.0401755571365356
Random seed, 3
final loss, 4.822083187103272, final defender utility, -4.023897933959961
Random seed, 10
final loss, 4.906451845169068, final defender utility, -3.9859197616577147
Random seed, 17
final loss, 3.3210127353668213, final defender utility, -3.6072881698608397
Random seed, 13
final loss, 5.699105453491211, final defender utility, -3.027841830253601
Random seed, 20
final loss, 9.052805519104004, final defender utility, -1.5355111241340638
Random seed, 16
final loss, 6.337444591522217, final defender utility, -3.9997466802597046
Random seed, 9
final loss, 7.95604977607727, final defender utility, -3.8557223320007323
Random seed, 1
final loss, 5.426710700988769, final defender utility, -5.436331558227539
Random seed, 6
final loss, 2.528782367706299, final defender utility, -5.147570085525513
Random seed, 18
final loss, 3.791211700439453, final defender utility, -4.65358829498291
