Random seed, 1
final loss, 1.656607437133789, final defender utility, -3.2586181819438935
