Random seed, 25
Random seed, 25
final loss, 2.8816581070423126, final defender utility, -0.8602624237537384
Random seed, 25
Random seed, 1
final loss, 1.8169411659240722, final defender utility, -1.5293431878089905
Random seed, 1
final loss, 1.8339581489562988, final defender utility, -1.700384908914566
Random seed, 1
final loss, 1.8045540809631349, final defender utility, -1.6335401475429534
Random seed, 1
