Random seed, 25
final loss, 23.19018884897232, final defender utility, -0.7127031721174717
Random seed, 25
final loss, 6.916406071186065, final defender utility, -0.7244787618517876
Random seed, 25
