Random seed, 1
final loss, 4.4229179382324215, final defender utility, -5.676586604118347
