Random seed, 25
final loss, 6.198389708995819, final defender utility, -0.8943042784929276
Random seed, 25
final loss, 6.711186993122101, final defender utility, -0.9359122753143311
