Random seed, 29
final loss, 0.9509217590093613, final defender utility, -3.6253702044487
Random seed, 29
final loss, 0.9509217590093613, final defender utility, -3.394848942756653
