Random seed, 25
final loss, 2.151374727487564, final defender utility, -0.9718294367194176
