n,two-stage,decision-focused,surrogate
20,2.13975942,10.44397387,6.59792399
30,3.16088764,17.02637243,8.21230473
40,4.27915273,27.39255009,10.12532111
50,6.48022830,39.64918644,12.40460539
60,8.06754516,54.64071939,15.08778380
80,13.27958320,94.33035304,21.19292920
100,19.56961534,156.02418544,28.40878252
120,29.24416404,234.55850282,38.03874323
150,46.83267688,372.85243420,56.11326548
200,97.23168744,744.85746843,97.80586471
250,194.58228511,1426.77547854,151.22794220
