n,two-stage,decision-focused,surrogate
20,0.04860297,0.05043715,0.04882731
30,0.04111998,0.04186800,0.04141626
40,0.05788381,0.03863886,0.03836274
50,0.05824453,0.03684530,0.03659993
60,0.05802257,0.03604785,0.03597384
80,0.05665987,0.03570528,0.03572426
100,0.05576107,0.03622015,0.03635224
120,0.05654364,0.03700762,0.03708438
150,0.05569699,0.03840300,0.03867154
200,0.05813394,0.04072207,0.04127207
250,0.05830672,0.04281338,0.04376271
