Epoch, 4
training loss,0.27769521872202557,0.25488804777463275,0.2418336139784919,0.2324167639017105
training obj,0.0,0.0,0.0,58.5778439839681
validating loss,0.27297526597976685,0.2501484155654907,0.2373037338256836,0.22842571139335632
validating obj,0.0,0.0,0.0,52.79999923706055
testing loss,0.27344492077827454,0.2503716399272283,0.23733804126580557,0.2292837699254354
testing obj,0.0,0.0,0.0,58.18217086791992
