Epoch, 4
training loss,0.24609854125550815,0.22081768778817995,0.2072090974875859,0.2036386084343706
training obj,0.0,0.0,0.0,74.38411467415946
validating loss,0.23009270429611206,0.21340438723564148,0.20479880273342133,0.20323297381401062
validating obj,0.0,0.0,0.0,74.3331527709961
testing loss,0.22828100952837202,0.21163649525907305,0.20362271865208945,0.20229258802202013
testing obj,0.0,0.0,0.0,73.5064205593533
