Epoch, 4
training loss,0.2644500083156994,0.24992488803608076,0.24501395331961767,0.24121103063225746
training obj,56.40943472726004,72.24799496786935,76.70210865565709,76.47061238970075
validating loss,0.2571381777524948,0.2510429285466671,0.24565166234970093,0.24232392758131027
validating obj,56.98277187347412,75.97029304504395,76.39459800720215,75.92870140075684
testing loss,0.2566806806458367,0.2502211630344391,0.24484731422530281,0.24136021402147081
testing obj,58.959072536892364,75.91568077935113,74.72014957004123,75.57159593370226
