Epoch, 4
training loss,0.2857906528881618,0.2878413532461439,0.285501400913511,0.2863541466849191
training obj,63.727242606026785,70.572581917899,68.45332183837891,69.80549926757813
validating loss,0.28907020688056945,0.28830673098564147,0.2829553484916687,0.288209331035614
validating obj,74.77501220703125,69.8410415649414,64.62196044921875,74.9078155517578
testing loss,0.2881145775318146,0.28694603145122527,0.28225305378437043,0.28739036023616793
testing obj,72.6779998779297,67.6032844543457,63.166181564331055,72.77745361328125
