Epoch, 4
training loss,0.24149714957522808,0.21870201666139613,0.21288997684158173,0.2143169180989939
training obj,65.3173293645276,74.78959548001909,76.9472349781101,76.8393415892865
validating loss,0.2214381515979767,0.21329623878002166,0.21048283219337463,0.21564892947673797
validating obj,75.51921783447266,75.15200347900391,77.97126586914062,77.7894140625
testing loss,0.2214687317609787,0.21332179439755586,0.21057197594871888,0.2158344373680078
testing obj,75.21614514864407,74.84808026827298,77.95223250755897,77.79683465224046
