Epoch, 19
training loss,0.0,0.30985632581370215,0.30969909663711276,0.28682191584791455,0.276914244890213,0.2705240181514195,0.28813036744083675,0.3088333915386881,0.31166701359408244,0.2979590675660542,0.3008232308285577,0.31735622393233437,0.32839485151427134,0.3304893238203866,0.3234784258263452,0.3194718130997249,0.3194992593356541,0.3196552521416119,0.3197272226214409,0.31965412497520446,0.3194459712931088
training obj,37.99938270023891,2.2386836954525537,29.043758071320397,35.6034092766898,36.633101081848146,36.680596882956365,36.416014017377584,36.163149097987585,35.62044055121286,34.84875867026193,34.830442673819405,34.89895610809326,34.81770542689732,34.84769641331264,34.79453941072737,34.60765459878104,34.5423795563834,34.51526204517909,34.490844699314664,34.45943087169102,34.45807484218052
validating loss,0.0,0.3098829075694084,0.29681802690029147,0.2921181723475456,0.2795424789190292,0.2888445556163788,0.3110506609082222,0.3255129218101501,0.315421886742115,0.3091113895177841,0.3229969725012779,0.34025961607694627,0.3435563012957573,0.34144552797079086,0.33445092141628263,0.3345977082848549,0.3348759710788727,0.3350426644086838,0.33539285212755204,0.3351079896092415,0.3350525438785553
validating obj,37.87999992370605,2.1812369346618654,15.213550806045532,31.80237760543823,2.723726026713848,2.690941709280014,2.2296856313943865,19.625696849822997,18.790286350250245,18.922483205795288,18.639618158340454,17.672148180007934,22.03562488555908,31.53591423034668,29.77101535797119,32.061507034301755,29.73097448348999,30.70118350982666,29.559981536865234,29.459955596923827,29.353252983093263
testing loss,0.0,0.3098909556865692,0.29682335779070856,0.2921224370598793,0.27954752892255785,0.288849326223135,0.31105308011174204,0.32551499605178835,0.31542365401983263,0.30911106541752814,0.3229952186346054,0.3402567610144615,0.34355283454060553,0.34144245833158493,0.3344475820660591,0.33459440618753433,0.33487268537282944,0.33503942787647245,0.3353896975517273,0.3351050242781639,0.3350495383143425
testing obj,38.30896344184875,2.2083037912845613,15.268032693862915,31.919503259658814,2.6981911472976208,2.618857355415821,2.1171224473160692,19.934377312660217,19.188660740852356,19.334960865974427,19.04508545398712,18.093841791152954,22.468778085708617,31.487053012847902,29.71487684249878,32.108065366744995,29.64572677612305,30.65815978050232,29.440785789489745,29.32479863166809,29.203210306167602
