Epoch, 11
training loss,0.0,0.29347260894867855,0.2887524410958435,0.28929497033275064,0.28882162854942256,0.29445898128348375,0.2929933253582825,0.29285814590401266,0.2898204869015395,0.2902260473065099,0.291222571583666,0.2925180375906239,0.2926889793364295
training obj,36.70802004911893,3.4771775202077513,31.856534273340433,35.54529023104427,35.52438865936364,35.35185767144708,34.35540839641708,35.48993012383374,35.44566033487505,35.57892070252479,35.44220337907363,35.503667741601156,35.51011043770492
validating loss,0.0,0.2934879835914163,0.2894241126144634,0.2893265456545587,0.2901371571363187,0.2949272142905815,0.2927817708136989,0.2925916407622543,0.2895245604655322,0.2907145888197656,0.291628231604894,0.29250939920836805,0.2912854119843128
validating obj,36.935292300056005,3.551114390878116,35.603636947332646,35.8286620869356,35.80248941159716,35.81632879668591,35.84625928542193,35.8483232236376,35.83022061516257,35.84874901117063,35.76728603886623,35.81541749542835,35.83422406514486
testing loss,0.0,0.2934873164273225,0.2893657698654212,0.28925276031860936,0.2900958124261636,0.29488110227080494,0.29273002250836444,0.2925144379528669,0.2894767325084943,0.2906536649052913,0.29157250403211665,0.29245285947735494,0.2911817726607506
testing obj,37.001921341969414,3.570475690639936,35.61773107602046,35.810596044246964,35.79362491460947,35.816023973318245,35.85121690309965,35.85443175756014,35.84287555401142,35.852890509825485,35.76357597571153,35.821700646327095,35.84483702366169
