Epoch, 16
training loss,0.2844342030897862,0.26263563159634085,0.23795645189385453,0.22848858602908478,0.22625485062599182,0.22543512998508805,0.22525499711016647,0.22489868367419524,0.22444346146423275,0.2240908760733965,0.22372018214033432,0.22368671751322866,0.22324464914678527,0.22300069447325058,0.22295299147357459,0.22291774822383367,0.222878760900818
training obj,2.457983210620259,36.504203315542526,37.57773667022961,37.564970385126706,37.61016207783162,37.608493452312565,37.59443645317013,37.60023293374967,37.60271370511095,37.615202318720456,37.59683641065069,37.603595252798385,37.61026860084854,37.61609130346474,37.616087168204686,37.61110305786133,37.59945415849445
validating loss,0.28453071503078237,0.24742000506204717,0.23137366947005777,0.2272219973451951,0.2253107875585556,0.2249074911369997,0.2246912437326768,0.22447588075609767,0.22447645751868978,0.2239345794214922,0.22450638430960038,0.22349777730072246,0.2230065421146505,0.22296899644767537,0.2228661959662157,0.22287996814531438,0.2228090763092041
validating obj,2.217647069517304,37.95575624353745,37.94705895816578,37.94705895816578,37.88823542875402,37.88823542875402,37.94705895816578,37.94705895816578,37.94705895816578,37.94705895816578,37.94705895816578,37.88823542875402,37.7470588684082,37.7470588684082,37.582352357752185,37.71176461612477,37.582352357752185
testing loss,0.2846381085259574,0.24761103434222084,0.23168106504849026,0.22738850116729736,0.2254381435258048,0.22505510662283215,0.2248279115983418,0.2245990433863231,0.22456525266170502,0.2240138645683016,0.22456229329109192,0.2235528486115592,0.22307186211858476,0.22303202790873392,0.22292204584394182,0.22294130708490098,0.22286424423967088
testing obj,2.5828571626118255,37.659932490757534,37.65142735072545,37.65142735072545,37.65142735072545,37.59428460257394,37.65142735072545,37.65142735072545,37.65142735072545,37.65142735072545,37.65142735072545,37.65142735072545,37.65142735072545,37.65142735072545,37.18571341378348,37.55428466796875,37.26285629272461
