Epoch, 4
training loss,0.0,0.2913471141543526,0.23494930311034506,0.22783952288759443,0.22780622660110778,0.22772893531677815
training obj,43.911663541427025,1.051682712600446,0.0,0.0,0.0,19.783172751848515
validating loss,0.0,0.2912934634645106,0.22797652422371556,0.2279489265154984,0.22791175039137823,0.2278326158806429
validating obj,43.65734753366244,0.0,0.0,0.0,0.0,19.520338737358482
testing loss,0.0,0.2913177284101645,0.22772488618890444,0.2276926734795173,0.2276607021689415,0.22758141420781614
testing obj,44.36257079442342,0.0,0.0,0.0,0.0,20.151665941874185
