Epoch, 18
training loss,0.29982059376429665,0.2306549512179552,0.21254889904397778,0.20589024777960988,0.20360780474358955,0.20216562776966432,0.20190596831055868,0.2016770818592173,0.2014458829586485,0.2013229267523352,0.20119105279445648,0.20102877532486366,0.2008693056032721,0.2008420413574286,0.20067118411570523,0.20048526588794405,0.20032088142053217,0.2003088087107228,0.20009047373206215
training obj,4.614530608585453,0.0,0.0,0.0,0.0,0.0,0.0,0.0,0.0,0.0,0.0,0.0,0.0,0.0,0.0,0.0,0.0,0.0,39.16153183658566
validating loss,0.30001931078732014,0.2178895017132163,0.2060188390314579,0.20499541237950325,0.20271053444594145,0.20247397664934397,0.20221042819321156,0.20214783027768135,0.20205682795494795,0.2021486684679985,0.20214121229946613,0.20210119057446718,0.2021433636546135,0.2025482840836048,0.20233559142798185,0.2022755378857255,0.20264347549527884,0.20274355728179216,0.20253264345228672
validating obj,0.0,0.0,0.0,0.0,0.0,0.0,0.0,0.0,0.0,0.0,0.0,0.0,0.0,0.0,0.0,0.0,0.0,0.0,39.540549516677856
testing loss,0.29983644503535645,0.21757141749064127,0.20672588366450687,0.20553877317544186,0.20277670612840942,0.20249028729669977,0.20252310778155472,0.2023442152774695,0.20256203322699576,0.2023300505948789,0.20260135513363461,0.20244951952587475,0.20223314427968228,0.20265547660264102,0.20241911257758285,0.2025345658714121,0.2028901387344707,0.20270329397736173,0.20255695780118307
testing obj,0.0,0.0,0.0,0.0,0.0,0.0,0.0,0.0,0.0,0.0,0.0,0.0,0.0,0.0,0.0,0.0,0.0,0.0,39.4045884103486
