Epoch, 4
training loss,0.0,0.29518689658190755,0.23120477048025742,0.22712953997826255,0.22644211628751174,0.22570807499357978
training obj,51.51125368556461,10.30172459982537,0.0,0.0,0.0,42.74411147671777
validating loss,0.0,0.295242102373214,0.227247464514914,0.22748687348905064,0.22601930442310514,0.2260436408576511
validating obj,51.03961463201614,0.0,0.0,0.0,0.0,42.100081716264995
testing loss,0.0,0.29522677036056744,0.2272184634069253,0.2273679654500638,0.22583556976931835,0.22593237172093308
testing obj,51.526045102125025,0.0,0.0,0.0,0.0,42.84994741071735
