Epoch, 4
training loss,0.0,0.2856912225484848,0.23329502557005202,0.2065393315894263,0.2015511065721512,0.2010713877422469
training obj,37.20019198826381,5.445630578483896,0.0,0.0,0.0,34.81837978363037
validating loss,0.0,0.28548466563224795,0.2143295481801033,0.20062445998191833,0.20040411800146102,0.20027816742658616
validating obj,37.675500106811526,0.0,0.0,0.0,0.0,35.942786026000974
testing loss,0.0,0.2856435250668299,0.21689057988779886,0.20332614793663933,0.2029376413140978,0.20252944245224908
testing obj,36.38244901384626,0.0,0.0,0.0,0.0,35.084119160970054
