Epoch, 28
training loss,0.2842480057272418,0.23507976236528363,0.22392166470145358,0.22070988691572485,0.21626603808896294,0.21603028990071396,0.21577496518348827,0.21566675950227113,0.2155680019280006,0.21549349946194682,0.21540103454528184,0.215277968167231,0.2152311749242503,0.21509893328465265,0.21504970472948304,0.21488066891144061,0.2148013302478297,0.21469942917083873,0.2147177879152627,0.21466481557180142,0.21465594950934935,0.21464960816605339,0.2146454841412347,0.2145977129453215,0.21450290623409995,0.21445661474918498,0.21446326066707744,0.2143925984614882,0.21430402030718737
training obj,8.529220071332208,0.0,0.0,0.0,0.0,0.0,0.0,0.0,0.0,0.0,0.0,0.0,0.0,0.0,0.0,0.0,0.0,0.0,0.0,0.0,0.0,0.0,0.0,0.0,0.0,0.0,0.0,0.0,35.03879040685193
validating loss,0.28439971432089806,0.22535962611436844,0.2237124778330326,0.2178807882592082,0.21650470234453678,0.21636672876775265,0.21635389979928732,0.2160055125132203,0.21628450322896242,0.2160812597721815,0.21592896804213524,0.215899677015841,0.21576312091201544,0.21551479771733284,0.21564322710037231,0.2155090468004346,0.21529854368418455,0.21535943541675806,0.2154010934755206,0.2154183741658926,0.21533700078725815,0.2153610633686185,0.21546781342476606,0.21552125550806522,0.21533443313091993,0.21536429412662983,0.21530341263860464,0.21547557413578033,0.21548386197537184
validating obj,0.0,0.0,0.0,0.0,0.0,0.0,0.0,0.0,0.0,0.0,0.0,0.0,0.0,0.0,0.0,0.0,0.0,0.0,0.0,0.0,0.0,0.0,0.0,0.0,0.0,0.0,0.0,0.0,33.71588850021362
testing loss,0.2843899709837777,0.22531224574361527,0.22367089986801147,0.21779608811650958,0.2163061750786645,0.21621744419847216,0.21620358398982456,0.2157715312072209,0.21608876415661404,0.21597342916897366,0.21568069756031036,0.21564103492668696,0.2155740248305457,0.21532593539782932,0.21538438243525368,0.21533220154898508,0.2151070786373956,0.21514660162585122,0.21515001484325955,0.21519502358777182,0.21507177948951722,0.21513217347008842,0.21508251300879888,0.21523815819195338,0.2150956324168614,0.21518966938768114,0.2151429431779044,0.2152889473097665,0.2152469549860273
testing obj,0.0,0.0,0.0,0.0,0.0,0.0,0.0,0.0,0.0,0.0,0.0,0.0,0.0,0.0,0.0,0.0,0.0,0.0,0.0,0.0,0.0,0.0,0.0,0.0,0.0,0.0,0.0,0.0,34.02466299874442
