Epoch, 19
training loss,0.2948837951966918,0.2812566078987372,0.27577019259496643,0.2797702591972226,0.2807305768230029,0.28074743417733605,0.27824068043372824,0.27638440326475733,0.27978213741168934,0.2781371114942647,0.2763053422683699,0.275105027322957,0.2715921581313177,0.27100956902983936,0.2801060378551483,0.2735448300968896,0.2707940540898029,0.27016529626736757,0.2674622270288822,0.26268163760329233
training obj,3.737715732607852,37.05851332885692,41.504974807639094,41.20801021651053,41.443516420326816,40.97045828320526,41.72083329215352,41.818548089826656,41.62443973616385,41.79396124741702,41.49419370026244,41.66386760820184,41.870904471733375,41.83143223088471,41.323446428227996,41.79966070563319,41.767977541332954,41.61199479551753,41.51044879387453,41.49688404342017
validating loss,0.29489361001895026,0.27479106921416063,0.2738622459081503,0.28694243614490217,0.2841022138412182,0.278683020059879,0.2742293779666607,0.279119016115482,0.2796008192575895,0.2773687069232647,0.27679749039503243,0.2748841592898736,0.26897288056520313,0.27428431510925294,0.28062801636182344,0.2673504604743077,0.2747035549237178,0.2597514799008003,0.26722023578790516,0.25705789442245774
validating obj,3.774594967181866,42.199212529109076,41.77126828707181,42.200013908973105,41.85121084359976,41.8742557819073,42.592452768179086,42.51980860783504,42.591009228046126,42.464390857403096,42.36264266967773,42.503369903564455,42.36970496544471,42.371355849045976,42.09782198392428,42.36807245107798,42.551253274770886,41.846752225435694,42.34212558452899,42.01262864332933
testing loss,0.2948839841908171,0.2747792091988425,0.27382237310627944,0.2867357394167485,0.28389518361055216,0.2787406672048205,0.27432672827298404,0.2790974660684134,0.2793611702118211,0.2771917809056872,0.2767580681629763,0.274822793844092,0.26873892249951836,0.27427052359544596,0.2807471117445531,0.26728016866072446,0.27470803829549834,0.2597678726866045,0.2671968293099003,0.2569168316953965
testing obj,3.7344878484274595,41.64530540058631,41.34862818244759,41.907563886569655,41.29981851941756,41.41892358910946,42.10861095399347,41.980377837901806,42.12490174970554,42.03661695873464,42.00297584242493,42.05438945857623,41.74917244365197,41.983031178248744,41.62638345383506,41.914456665970896,42.087894002899866,41.450598942414494,41.90911600243954,41.52198459537885
