Epoch, 19
training loss,0.28746213184462654,0.24191537553125675,0.2306952572262681,0.22982593704093326,0.22831828010690822,0.22652792058012508,0.2274029887653328,0.22559185505092322,0.22970075502588944,0.23074408783926978,0.22723981147413855,0.22616056028429093,0.22476051810446443,0.22502167057525646,0.2246444815987939,0.22511200588923674,0.22456041958417977,0.2246694934887213,0.22506700178703387,0.22469361708149896
training obj,3.613560951865829,17.11367824414113,17.53203920988707,17.100021831266158,20.008925916196347,29.581862226262825,31.84831612962144,31.914427765854843,31.760069993165164,31.826040210666598,31.85136282980979,31.851377343988275,31.84842707659747,31.85136126612758,31.851374858134502,31.8485829923246,31.851379148236983,31.842684502358193,31.73548269415045,31.839160953556096
validating loss,0.28748383864443355,0.23158986803064954,0.22922424559897564,0.22899413964849838,0.22751004676869574,0.22593242659213694,0.22590789103761633,0.22527381967990956,0.24279261745036917,0.2275190828962529,0.22664629081462292,0.2247531404520603,0.22567283916980663,0.22460434760184997,0.22434841603674788,0.22458147336827947,0.22423595824140183,0.22563642136594084,0.22495781107151763,0.22448891337881696
validating obj,3.5010909019632543,16.897869921745137,16.826406052772036,15.628447999345495,24.223404377064806,31.11273158864772,32.18580026829496,32.16114924816375,32.16382996579434,32.16382996579434,32.16382996579434,32.16392590137238,32.16382996579434,32.16382996579434,31.974476104087017,32.163928579776844,31.7549468507158,31.83559093069523,32.01420094104523,31.93077598734105
testing loss,0.28741540583138614,0.23170001728018536,0.2293321840541879,0.22904169544116737,0.22750460625309304,0.22590329643991805,0.22601386582114033,0.2253937976262004,0.24216399303416616,0.2276770179111933,0.2268125374907071,0.2246661894407469,0.2257922356276168,0.2247946019639674,0.22455670953411416,0.22477683977982432,0.22445192364687772,0.22574164219123802,0.22513246643789037,0.22467552570952581
testing obj,3.847891936597136,17.130074795988417,17.045805134724095,16.070638263348453,24.290063956349165,29.788170195117438,31.647891801657135,31.52545956483821,31.593815164467724,31.593815164467724,31.593815164467724,31.58324935755779,31.593815164467724,31.593816127973735,31.548934090997754,31.593836105975907,31.510347032055414,31.401394716243153,31.31038244974982,31.353849096396534
