Epoch, 20
training loss,0.3086951550415584,0.228366419843265,0.20613724410533904,0.2037501893724714,0.20362629124096462,0.20360687460218158,0.20359485260077886,0.20358012863567898,0.2035631878035409,0.20353846047605786,0.20351874419621058,0.20349928770746503,0.2034831061533519,0.20346837878227234,0.20343752724783762,0.20344380668231418,0.20341058816228594,0.20340067957128796,0.20337992353098733,0.20342423720019204,0.2033576042311532
training obj,1.2404087894312426,0.0,0.0,0.0,0.0,0.0,0.0,0.0,0.0,0.0,0.0,0.0,0.0,0.0,0.0,0.0,0.0,0.0,0.0,0.0,38.1996870640346
validating loss,0.30845120549201965,0.21077411293983458,0.20377917170524598,0.20354186058044432,0.2034755003452301,0.20346915185451508,0.20347442150115966,0.20349081695079804,0.20343629956245424,0.20343809008598326,0.20342956960201264,0.20339918315410613,0.20339069306850432,0.2033886593580246,0.20339741468429565,0.20335686802864075,0.20334082901477812,0.20335419178009034,0.2034045761823654,0.203338583111763,0.20327566027641297
validating obj,0.0,0.0,0.0,0.0,0.0,0.0,0.0,0.0,0.0,0.0,0.0,0.0,0.0,0.0,0.0,0.0,0.0,0.0,0.0,0.0,37.9083708190918
testing loss,0.30846795439720154,0.2107658541202545,0.2037080270051956,0.20352287083864212,0.20347235172986985,0.2034623885154724,0.20346633285284044,0.20349821716547012,0.20343851000070573,0.2034382465481758,0.20343033462762833,0.20341172635555269,0.20339748829603196,0.20339321702718735,0.20341789603233337,0.20338695645332336,0.20338885635137557,0.20341565668582917,0.20347822189331055,0.2033949738740921,0.20335641503334045
testing obj,0.0,0.0,0.0,0.0,0.0,0.0,0.0,0.0,0.0,0.0,0.0,0.0,0.0,0.0,0.0,0.0,0.0,0.0,0.0,0.0,37.62081451416016
