Epoch, 19
training loss,0.29518689658190755,0.23622369476770227,0.23341822810471058,0.2305288205577715,0.23085994429483608,0.2298396781237947,0.22824728816143564,0.227020645639985,0.22705347531449957,0.2271296808596801,0.22648482127870256,0.22621091080175057,0.2262219500199363,0.22681985863459272,0.22657639352050987,0.2262722213022612,0.2262684863463447,0.22629589177164677,0.22645088302827365,0.2266238744848886
training obj,10.301334903852359,35.74786084648725,47.97115768613042,49.28011130320059,49.463777870745275,49.22568223605285,49.908488814895215,49.781227318016256,49.465832584613075,49.85156802873354,50.01499855840528,50.01251455255457,50.036020556011714,50.02700194797001,50.17438608891255,50.29100991584159,50.339943357416104,50.32857363932842,50.27637968836604,50.41504755535641
validating loss,0.295242102373214,0.2323743284103416,0.23175074213317462,0.23350544930213973,0.23022031163175902,0.22953869065358526,0.22779350550401778,0.226918171026877,0.22687371252548127,0.22840282711244764,0.2262308079571951,0.22664232161783038,0.22617791043150992,0.22755022808199837,0.22653988287562415,0.2262305464772951,0.2262240190591131,0.2268418726466951,0.22619318199299632,0.22650569482218652
validating obj,10.029442049208141,48.47684674035935,46.19534676415579,49.46092769077846,47.85306812468029,48.92523002624512,49.578213282993865,49.50387677692232,46.4003065200079,49.60656706492106,49.59274037679037,49.58417065938314,49.60459768204462,48.08965896424793,49.33316117241269,48.9943076088315,49.4839962550572,49.26949737185524,49.29040513719831,50.26586836860294
testing loss,0.29522677036056744,0.23236755721750316,0.23173048891867812,0.2333984791535383,0.23008748026270615,0.2294265034428814,0.22771909606387045,0.22681011233413428,0.2267827899658192,0.22836620983673117,0.22613832040836937,0.22654005266421023,0.2260379611748701,0.22743081976795754,0.22642469501983353,0.22610879066394785,0.22611398201936866,0.22667922323558762,0.22604990031635552,0.2263295943276924
testing obj,10.190092549686543,49.02870548538297,46.76291249370017,49.851408774392645,48.310585646601446,49.577382940995065,49.96481943409345,49.83160027844167,46.408839621739084,49.81206859343233,50.00178599218179,49.959908401756955,49.865112572385556,48.50659036915204,49.85242041649177,49.71797403257493,49.564170402393,49.51981787653694,49.41419603671247,50.56718152587177
