Epoch, 27
training loss,0.28934122479480245,0.24597370028495788,0.22947810175626174,0.22847214237503383,0.22808325653490813,0.2279654982297317,0.22797561559988105,0.2278019789768302,0.2276054929132047,0.22734966109628263,0.227037153425424,0.2267679294814234,0.2265508868124174,0.22645988891954008,0.22636689414148745,0.22621668654939403,0.22617925910846046,0.22608006194881772,0.22595559850982996,0.22588453072568646,0.22580897898777672,0.22568235267763553,0.22561862222526385,0.22554093288338703,0.2254321901694588,0.22532848378886347,0.22527652680873872,0.22522847859755807
training obj,0.5018272556800254,0.0,0.0,0.0,0.0,0.0,0.0,0.0,0.0,0.0,0.0,0.0,0.0,0.0,0.0,0.0,0.0,0.0,0.0,0.0,0.0,0.0,0.0,0.0,0.0,0.0,0.0,33.886587192701256
validating loss,0.28942100144922733,0.2310231551527977,0.22879546787589788,0.2281713904812932,0.22804081719368696,0.22855362482368946,0.22789811715483665,0.22782045509666204,0.2276673037558794,0.22739801090210676,0.2270481251180172,0.22701269946992397,0.22692178282886744,0.226895397529006,0.22712587844580412,0.226975173689425,0.22697489336133003,0.226905626244843,0.22686944156885147,0.2282838113605976,0.22690886165946722,0.2281040707603097,0.22871479764580727,0.2279697312042117,0.228344289585948,0.2285378174856305,0.22711511328816414,0.22807532269507647
validating obj,0.0,0.0,0.0,0.0,0.0,0.0,0.0,0.0,0.0,0.0,0.0,0.0,0.0,0.0,0.0,0.0,0.0,0.0,0.0,0.0,0.0,0.0,0.0,0.0,0.0,0.0,0.0,34.03953981399536
testing loss,0.2894132137298584,0.2306154852404314,0.2285019023453488,0.2278891920166857,0.22770971454241695,0.22818510102875092,0.2276059989543522,0.2274719336453606,0.22727916827973196,0.22703291957869248,0.22677594773909626,0.22675950080156326,0.22660302940536947,0.22666731915053198,0.22673455362810807,0.22656386608586593,0.22660490256898544,0.22656641462269952,0.22646868973970413,0.22796400724088445,0.22646456474767013,0.2275577187538147,0.22826846776639714,0.22762204706668854,0.22793568977538278,0.2281567616497769,0.2266259763170691,0.22774696306270711
testing obj,0.0,0.0,0.0,0.0,0.0,0.0,0.0,0.0,0.0,0.0,0.0,0.0,0.0,0.0,0.0,0.0,0.0,0.0,0.0,0.0,0.0,0.0,0.0,0.0,0.0,0.0,0.0,34.2061502793256
