Epoch, 4
training loss,0.0,0.2935984299472444,0.23203089979575894,0.22522058070322032,0.22516516255315885,0.22510381343290786
training obj,41.26552111603493,0.4387775021814943,0.0,0.0,0.0,36.868985558049005
validating loss,0.0,0.29351561502976853,0.2256620545278896,0.2253562412478707,0.22542355141856454,0.2253148387778889
validating obj,41.09236672141335,0.0,0.0,0.0,0.0,37.52413434115323
testing loss,0.0,0.29352584293296746,0.22552431757385666,0.22529197611787297,0.22536581002914155,0.22526421538881353
testing obj,40.881777101808844,0.0,0.0,0.0,0.0,37.463700096886434
