Epoch, 4
training loss,0.0,0.28726129336603756,0.24004766460636567,0.22559870201452026,0.224258901615595,0.22330845340058722
training obj,38.52891856226428,1.57487754999375,0.0,0.0,0.0,32.72960521434916
validating loss,0.0,0.28747414611279964,0.22737027518451214,0.22481075022369623,0.22388203162699938,0.22282901033759117
validating obj,37.72731614112854,0.0,0.0,0.0,0.0,31.777708411216736
testing loss,0.0,0.2870685492243086,0.22710495548588888,0.224674135020801,0.2237922979252679,0.2228343529360635
testing obj,38.17818145751953,0.0,0.0,0.0,0.0,31.124933188302176
