Epoch, 4
training loss,0.0,0.2893372966597478,0.24600230840345225,0.23057127309342226,0.22906756044055024,0.22869952286904058
training obj,34.11783848206202,0.7127886964853674,0.0,0.0,0.0,16.490019222100575
validating loss,0.0,0.2893105516066918,0.23357093792695266,0.22982783157091874,0.22930001868651465,0.22893063265543717
validating obj,33.61990004319411,0.0,0.0,0.0,0.0,16.031628755422737
testing loss,0.0,0.28923902429383375,0.23344089450507327,0.22960395905478248,0.2292252743038638,0.2289176418863494
testing obj,34.523326216072874,0.0,0.0,0.0,0.0,16.428654078779548
