Epoch, 0
training loss,0.29254617906862446
training obj,13.437968534513638
validating loss,0.2924741506576538
validating obj,13.321268741901104
testing loss,0.2925315972859577
testing obj,13.489019369674942
