Epoch, 24
training loss,0.2909051452586853,0.2312081922697865,0.22471102815697655,0.22460657325705152,0.224406774429714,0.22431266616242643,0.2242666529674156,0.22423442870313565,0.2242164900100309,0.22419170126286467,0.2241764999033319,0.2241876879159142,0.221195862021841,0.22032728021830514,0.22030958906627687,0.22030764120206853,0.220292432538045,0.22029116029053733,0.2202875708962318,0.22027738324177812,0.22026453019487052,0.22026652055498303,0.22025499315952685,0.22023708871636774,0.22022572951898595
training obj,0.10936844699753495,0.0,0.0,0.0,0.0,0.0,0.0,0.0,0.0,0.0,0.0,0.0,0.0,0.0,0.0,0.0,0.0,0.0,0.0,0.0,0.0,0.0,0.0,0.0,39.312034544601936
validating loss,0.29087965396734383,0.2246979078421226,0.22466703997208523,0.2244652298780588,0.22431869071263533,0.22429008460961855,0.22426165892527652,0.2242274935428913,0.22420397767653832,0.22421086568098803,0.22420015747730548,0.22422224008120023,0.22037518666340755,0.22037832416020908,0.22037454224549807,0.22035058094904972,0.2203797182211509,0.2204155880671281,0.2203196190870725,0.22037083575358757,0.22037126903350537,0.22040520425026233,0.22036318022471207,0.2203530694429691,0.2203426840213629
validating obj,0.0,0.0,0.0,0.0,0.0,0.0,0.0,0.0,0.0,0.0,0.0,0.0,0.0,0.0,0.0,0.0,0.0,0.0,0.0,0.0,0.0,0.0,0.0,0.0,37.915524966900165
testing loss,0.2908670888807541,0.22461340066633725,0.2245793852366899,0.22435399184101507,0.2242051326018527,0.22417794795412765,0.22415322479896976,0.22414742835930415,0.22411619025961796,0.2241133278922031,0.2241158415948538,0.22411349034847172,0.2202297158931431,0.2202413837264355,0.22024873537676676,0.22025990071601437,0.2202350691072923,0.22026655223584712,0.22023894632221164,0.22023937307802358,0.2202249577170924,0.22027160003221125,0.22025867960506812,0.22028101924666785,0.220248383574916
testing obj,0.0,0.0,0.0,0.0,0.0,0.0,0.0,0.0,0.0,0.0,0.0,0.0,0.0,0.0,0.0,0.0,0.0,0.0,0.0,0.0,0.0,0.0,0.0,0.0,38.66435489797951
