Epoch, 14
training loss,0.2873063360312979,0.21803063507463366,0.20959623186399892,0.20945705534326933,0.2094231923935524,0.20940951933977714,0.20940039337331007,0.2093958904210488,0.2093874849074543,0.20938690189444725,0.20937818451213577,0.20937429587750084,0.20936546115362026,0.20935855070966466,0.2093531177138113
training obj,0.08110363434698428,0.0,0.0,0.0,0.0,0.0,0.0,0.0,0.0,0.0,0.0,0.0,0.0,0.0,39.5977490604411
validating loss,0.2872246876358986,0.20982443483976218,0.20959782027281249,0.20954897369329745,0.2095292852475093,0.209530117133489,0.2095269738481595,0.20953717799140856,0.20952545249691376,0.20951596045723328,0.20952308149291918,0.20951426029205322,0.20952330357753313,0.2095443970308854,0.2095324073273402
validating obj,0.0,0.0,0.0,0.0,0.0,0.0,0.0,0.0,0.0,0.0,0.0,0.0,0.0,0.0,38.803023485036995
testing loss,0.28733125047863656,0.20952993237747336,0.20932963602947738,0.20929408481098571,0.20927997341133514,0.20927579419792824,0.2092733342411383,0.20928776236075275,0.20927246139859254,0.20927855850390667,0.2092691942487123,0.2092760035170699,0.2092789425602499,0.20928703121981532,0.20929262042045593
testing obj,0.0,0.0,0.0,0.0,0.0,0.0,0.0,0.0,0.0,0.0,0.0,0.0,0.0,0.0,39.2823898027528
