Epoch, 18
training loss,0.28425127669149153,0.22951841699761272,0.22080477772827442,0.21998420999144877,0.2197349238935159,0.2194665509870247,0.21941603506374568,0.21939854738333367,0.2193811507546086,0.21935760076867034,0.21934717663339695,0.2193260956021071,0.21930714185137887,0.21928455494755414,0.21927272898471908,0.21926167663227908,0.21924160154450018,0.2192164817393221,0.21919620484442637
training obj,0.04980493435330699,0.0,0.0,0.0,0.0,0.0,0.0,0.0,0.0,0.0,0.0,0.0,0.0,0.0,0.0,0.0,0.0,0.0,40.49399873173526
validating loss,0.284441445954144,0.22509493422694504,0.22033386514522135,0.2201871054712683,0.21977662504650652,0.21984699019230902,0.21967231552116573,0.2196856066584587,0.21969978301785886,0.21971071907319129,0.21965873870067298,0.21966279787011445,0.21964755072258413,0.21965704346075654,0.21968029136769474,0.219626244623214,0.2196836988441646,0.2196549733635038,0.21967673185281456
validating obj,0.0,0.0,0.0,0.0,0.0,0.0,0.0,0.0,0.0,0.0,0.0,0.0,0.0,0.0,0.0,0.0,0.0,0.0,40.07935035228729
testing loss,0.2846715866609384,0.22523758304483107,0.2204704830664715,0.2203031673686195,0.21989812070631798,0.2199663886132131,0.2197648275444526,0.21976257564912316,0.21979246521724088,0.2197642791589708,0.21975601606696615,0.2197559796671831,0.21973395654718383,0.2197427594934711,0.21973998469250802,0.21972055573954838,0.21973760437419396,0.21975030687474112,0.21972127486276263
testing obj,0.0,0.0,0.0,0.0,0.0,0.0,0.0,0.0,0.0,0.0,0.0,0.0,0.0,0.0,0.0,0.0,0.0,0.0,39.95329025501513
