Random seed, 1
nodes, 60.0, edges, 177.0, epochs, 100, time, 295.7737703323364
Random seed, 9
nodes, 60.0, edges, 175.0, epochs, 100, time, 148.51831889152527
Random seed, 2
nodes, 60.0, edges, 162.0, epochs, 100, time, 184.23116421699524
Random seed, 4
nodes, 60.0, edges, 185.0, epochs, 100, time, 172.45744824409485
Random seed, 10
nodes, 60.0, edges, 192.0, epochs, 100, time, 142.7545464038849
Random seed, 6
nodes, 60.0, edges, 195.0, epochs, 100, time, 135.17027974128723
Random seed, 5
nodes, 60.0, edges, 176.0, epochs, 100, time, 171.20001220703125
Random seed, 7
nodes, 60.0, edges, 195.0, epochs, 100, time, 139.48774218559265
Random seed, 8
nodes, 60.0, edges, 209.0, epochs, 100, time, 167.3330216407776
Random seed, 3
nodes, 60.0, edges, 209.0, epochs, 100, time, 167.64881086349487
