Random seed, 42
nodes, 50.0, edges, 100.0, epochs, 100, time, 5829.121786832809
Random seed, 47
nodes, 50.0, edges, 113.0, epochs, 100, time, 6366.528280973434
Random seed, 2
nodes, 50.0, edges, 121.0, epochs, 100, time, 6519.130114078522
Random seed, 10
nodes, 50.0, edges, 109.0, epochs, 100, time, 6343.541803598404
Random seed, 4
nodes, 50.0, edges, 121.0, epochs, 100, time, 6562.939147472382
Random seed, 17
nodes, 50.0, edges, 116.0, epochs, 100, time, 6534.47372841835
Random seed, 21
nodes, 50.0, edges, 108.0, epochs, 100, time, 6677.0132002830505
Random seed, 11
nodes, 50.0, edges, 119.0, epochs, 100, time, 6840.468379735947
Random seed, 33
nodes, 50.0, edges, 110.0, epochs, 100, time, 6849.502769708633
Random seed, 25
nodes, 50.0, edges, 114.0, epochs, 100, time, 6919.120840549469
Random seed, 36
nodes, 50.0, edges, 121.0, epochs, 100, time, 7197.301723241806
Random seed, 24
nodes, 50.0, edges, 128.0, epochs, 100, time, 7193.276856660843
Random seed, 7
nodes, 50.0, edges, 120.0, epochs, 100, time, 7340.586623907089
Random seed, 48
nodes, 50.0, edges, 121.0, epochs, 100, time, 7632.025784492493
