Random seed, 1, training time, 291.57070803642273, optimization time, 4527.208396196365
Random seed, 43, training time, 150.24057030677795, optimization time, 5333.669480800629
Random seed, 49, training time, 157.5364706516266, optimization time, 5358.209596395493
Random seed, 28, training time, 110.12257885932922, optimization time, 5304.422352075577
Random seed, 14, training time, 141.83474826812744, optimization time, 5621.438325405121
Random seed, 38, training time, 186.44784140586853, optimization time, 5773.199261665344
Random seed, 2, training time, 178.47576570510864, optimization time, 5899.192058563232
Random seed, 17, training time, 161.6528263092041, optimization time, 5927.450697898865
