Random seed, 8, training time, 60.78531265258789, optimization time, 445.2442317008972
Random seed, 1, training time, 77.63924956321716, optimization time, 489.36399102211
Random seed, 9, training time, 87.08625531196594, optimization time, 605.2610065937042
Random seed, 3, training time, 85.19042348861694, optimization time, 601.9122586250305
Random seed, 10, training time, 69.26499962806702, optimization time, 683.982729434967
Random seed, 4, training time, 60.0036301612854, optimization time, 767.0070245265961
Random seed, 6, training time, 64.66462135314941, optimization time, 831.7659687995911
Random seed, 5, training time, 74.88350343704224, optimization time, 923.3690123558044
Random seed, 7, training time, 62.33626914024353, optimization time, 953.1747257709503
