Epoch, 6
training loss,0.0,0.0006047776996103279,0.0008905379187233527,0.000835200750860203,0.0008502360105779314,0.0008638766664993383,0.0009282436546545439,0.0009409355469317376
training obj,0.007987235355026582,-0.03798623546848402,-0.035377801392300456,-0.03495445461834178,-0.03479036498157417,-0.03480116676027868,-0.03477053311744741,-0.03497119109858485
validating loss,0.0,0.00046672536720709305,0.0006292514685305327,0.0007005156296347397,0.0006342163473568184,0.0006243677295666809,0.0006806451953404272,0.0007480665371986106
validating obj,0.008787481890370449,-0.03748808837392264,-0.03417155265601145,-0.03421650149135126,-0.034890231534114316,-0.03569313265486724,-0.03477382556431823,-0.03634725026010225
testing loss,0.0,0.00040811091074263804,0.0005834577435028198,0.0006063650584405263,0.0005485649025767752,0.0005473066642455681,0.0006324049913067987,0.0007682264420853588
testing obj,0.004858141343386189,-0.03742365561727736,-0.03297775956122456,-0.033312156318208656,-0.03283632399413634,-0.03365008716748373,-0.033022414641203104,-0.033921917774588674
