Epoch, 12
training loss,0.0,0.0005316725302762672,0.0006000725684548253,0.0005237701220275816,0.0005222953305443905,0.0005211057301494293,0.0005198284286997674,0.00051984805472517,0.0005163967614826819,0.0005135248312452699,0.0005111692077109326,0.0005115896679675571,0.0005032021987740425,0.0004980893325980515
training obj,-0.0029232446560818774,0.0,0.0,0.0,0.0,0.0,0.0,0.0,0.0,0.0,0.0,0.0,0.0,-0.05053590329400465
validating loss,0.0,0.00040579545687554247,0.0003957692037551573,0.0004030792308387592,0.0004044468228635702,0.00039691955145018356,0.0004129070441397036,0.0003995706180527729,0.0004048773042894835,0.0004100952727539051,0.0004006224634293984,0.0004492457481117324,0.0004350143663032213,0.00044601635656565323
validating obj,-0.00497723915355487,0.0,0.0,0.0,0.0,0.0,0.0,0.0,0.0,0.0,0.0,0.0,0.0,-0.054181679307172693
testing loss,0.0,0.0005111280228742839,0.0005081152534379775,0.0005078750218180594,0.0005143470036666651,0.0005143042626760025,0.0005858482353368025,0.0005240325480298378,0.0005820591622240672,0.0006416678145772469,0.0006360456605467039,0.000722399511023714,0.0006650701661045959,0.0006879031691307711
testing obj,-0.003523747461873132,0.0,0.0,0.0,0.0,0.0,0.0,0.0,0.0,0.0,0.0,0.0,0.0,-0.05366172495524626
