Epoch, 17
training loss,0.0,0.0017968551214674817,0.045814970654307625,0.051434403562954825,0.05343587624968267,0.04954700200434993,0.042995129963930914,0.03372369320588369,0.020031725558653183,0.019769859167875027,0.020768162626407894,0.02025968821573199,0.020287428500459476,0.01855292001958279,0.021716948008785646,0.019073570583600038,0.021753914343814056,0.02236735237689287,0.022540294616391846
training obj,0.039437670213188614,0.00031718199641224653,0.00022376579108109295,0.00039914034046780535,0.0005954900758190299,0.0007576943300983996,0.000813853381345432,0.0007895486295798464,0.0010170144837591615,0.0012625740313738146,0.0013485119832159183,0.0009741260416750961,0.0013509298352908125,0.001192227682422883,0.0010934284667931862,0.0015610983151275956,0.0011031292787497388,0.0009208671902146593,0.001058637380129749
validating loss,0.0,0.0015410565053268026,0.040701108570728034,0.0253766354225162,0.04045166427062617,0.03133936355718308,0.04133762507182029,0.014483543552665247,0.009497867056375576,0.007209129101182852,0.01177881246096351,0.01295764283147744,0.010220795229543,0.014928200618467398,0.023413982953772776,0.00764233986976453,0.025715172640047967,0.0068829885632213615,0.013141266678252982
validating obj,0.03344315937202838,0.0009303332909540688,0.0010976205731923175,0.001697963671985134,0.002137360753194015,0.001100367636859624,0.001175384476987852,0.0010936433496277055,0.0014000310095272856,0.0014358273021773333,0.0019466034928983492,0.001691520914593841,0.0021908714374553207,0.0017491243706899695,0.0015661142097087577,0.0016100589240927042,0.001215197134620717,0.0012746383427939792,0.0010221213386911484
testing loss,0.0,0.0016760689252043597,0.04793760804711161,0.026360799048750383,0.04110499185736518,0.03004359333725596,0.04956605107951406,0.016767301656481985,0.009691508880161957,0.007200041043295248,0.01393046584043249,0.018061079997317615,0.013983345400177044,0.018423240329768206,0.02807379637001636,0.00837115027683762,0.027550941279686585,0.007761894520749715,0.019348013136107976
testing obj,0.030331954070543114,0.00011569058964645642,0.0002829070620685564,-0.0001090501228227859,0.0003446795972932533,1.1734404865450955e-05,-0.00017932878384001655,2.3870315556917842e-05,4.5842587054279204e-05,0.0004415045998915023,4.5679745223448686e-05,-0.00011042359629583016,-2.6040730960163716e-05,-0.00016711878974141705,-0.00012014955762031211,-8.169154170900583e-05,-0.0004134840867639444,0.00021590808456813966,0.00026711403286852246
