Epoch, 27
training loss,0.0,0.0005445380216948322,0.0005963915335122889,0.000534058028764169,0.0005329388537325476,0.0005315790718419057,0.0005304572476911833,0.0005269775392091605,0.0005266381385416595,0.0005244980097403658,0.0005203389612599458,0.0005182446853010048,0.0005149653414834984,0.0005082938522237407,0.0005037574213786808,0.0004978411784452642,0.0004911247789363295,0.0004849004609722589,0.0004804588541018722,0.00047204859715124005,0.00046049155724034007,0.0004359832344526498,0.0004203606553275284,0.00041172448114843525,0.0004055401286927472,0.00040058654716738283,0.00039626234406479817,0.0003922115853735401,0.00038864993763911796
training obj,0.05794945761707484,0.0,0.0,0.0,0.0,0.0,0.0,0.0,0.0,0.0,0.0,0.0,0.0,0.0,0.0,0.0,0.0,0.0,0.0,0.0,0.0,0.0,0.0,0.0,0.0,0.0,0.0,0.0,0.038690809811483706
validating loss,0.0,0.0004702720810504009,0.0004528096465542654,0.0004493537233227269,0.00045322227459918294,0.0004500772447499912,0.00045436860192340746,0.00045128887379380304,0.00045688602464603417,0.00044506132386838243,0.00046033078494171303,0.0004512587333414962,0.0004541443757059622,0.0004608300431654142,0.00044836143287183304,0.0004993123352000515,0.0004461896494629198,0.00046564278070743766,0.000457956856431944,0.0004910955813102191,0.0004893274110347395,0.0004959515841215358,0.0005139311053628464,0.0005380348354972537,0.0004591559952839614,0.0005248450082338726,0.0005221871037469504,0.0005643502382655344,0.0005813670840224302
validating obj,0.05095053994510737,0.0,0.0,0.0,0.0,0.0,0.0,0.0,0.0,0.0,0.0,0.0,0.0,0.0,0.0,0.0,0.0,0.0,0.0,0.0,0.0,0.0,0.0,0.0,0.0,0.0,0.0,0.0,0.0063841526538857985
testing loss,0.0,0.00047499542405775346,0.00046091740640238985,0.0004630332800474748,0.0004642018772043426,0.00046485259627917076,0.0004633741797029821,0.0004991923295263503,0.0005693640484202439,0.0005243169974631668,0.0005580959998927003,0.0004909839261853375,0.00047140919146791883,0.00047950949512006765,0.0004960400225615091,0.0006162020737876348,0.0004685324985640929,0.00047950956915785255,0.0004638997370666648,0.0005319360815691825,0.0005458270304213354,0.0005396863860959136,0.0005617142304726184,0.0005449417312283422,0.00047621294760500786,0.0005374283272603124,0.0005075423027478422,0.0006018101437901449,0.0006148104054060437
testing obj,0.04611710632672986,0.0,0.0,0.0,0.0,0.0,0.0,0.0,0.0,0.0,0.0,0.0,0.0,0.0,0.0,0.0,0.0,0.0,0.0,0.0,0.0,0.0,0.0,0.0,0.0,0.0,0.0,0.0,0.0017908338789286947
