Random seed, 1
Random seed, 1
mode, epoch, average loss, defender utility, simulated defender utility, fast defender utility
training, -1, 0.5307100772857666, 0.0, 0.0, -1.9745854139328003
validating, -1, 0.5722331047058106, -1.8891801595687867, 0.0, -2.195306921005249
testing, -1, 0.4808264493942261, -1.6250535726547242, 0.0, -1.8424822688102722
training, 0, 1.6668410437447685, 0.0, 0.0, -2.3288893699645996
validating, 0, 1.581973171234131, -2.088516592979431, 0.0, -2.328356409072876
testing, 0, 1.5628060579299927, -2.1524365663528444, 0.0, -2.310066342353821
training, 1, 1.6044587407793318, 0.0, 0.0, -2.280214786529541
validating, 1, 1.485164260864258, -2.117967224121094, 0.0, -2.323984432220459
