Random seed, 3
mode, epoch, average loss, defender utility, simulated defender utility
training, -1, 0.29449379784720287, -2.4506969451904297, 0.0
validating, -1, 0.2797757625579834, -2.6228005647659303, 0.0
testing, -1, 0.2923824429512024, -2.5041574835777283, 0.0
training, 0, 1.5779471465519497, -3.726636920656477, 0.0
validating, 0, 1.4534689903259277, -3.6220130920410156, 0.0
testing, 0, 1.5291660666465758, -3.6552897572517393, 0.0
