Random seed, 1
mode, epoch, average loss, defender utility, simulated defender utility
training, -1, 0.040929902025631494, -3.8150718552725658, 0.0
validating, -1, 0.02965950667858124, -3.815503454208374, 0.0
testing, -1, 0.032247571647167204, -3.7949514031410216, 0.0
training, 0, 0.26679429241589137, -3.9037681102752684, 0.0
validating, 0, 0.23831341564655303, -3.8884532690048217, 0.0
testing, 0, 0.2849812194705009, -3.903269648551941, 0.0
