Random seed, 923
mode, epoch, average loss, defender utility, simulated defender utility
training, -1, 0.07347901378359113, -1.8706025651523046, 0.0
validating, -1, 0.08008418083190919, -2.0231746315956114, 0.0
testing, -1, 0.0828597903251648, -1.8465153932571412, 0.0
training, 0, 0.840553309236254, -2.3242630771228243, 0.0
validating, 0, 0.8569841265678406, -2.474053692817688, 0.0
testing, 0, 0.9207276701927185, -2.406461811065674, 0.0
