Random seed, 24
mode, epoch, average loss, defender utility, simulated defender utility
training, -1, 0.08696273480142866, -1.6314686153616225, 0.0
validating, -1, 0.07941641211509705, -1.7059805870056153, 0.0
testing, -1, 0.07818042784929276, -1.5957302168011664, 0.0
training, 0, 1.454727806363787, -2.2431654827935357, 0.0
validating, 0, 1.3054895639419555, -2.2710254192352295, 0.0
testing, 0, 2.084008288383484, -2.181647574901581, 0.0
training, 1, 1.4489335281508309, -2.2384704555783954, 0.0
validating, 1, 1.2896024227142333, -2.256278395652771, 0.0
testing, 1, 2.0652859807014465, -2.1653074979782105, 0.0
training, 2, 1.412729903629848, -2.2104055506842477, 0.0
validating, 2, 1.237281370162964, -2.2075034379959106, 0.0
testing, 2, 1.9884426712989807, -2.1110077857971192, 0.0
training, 3, 1.3213718516486033, -2.136348509788513, 0.0
validating, 3, 1.1327436864376068, -2.116714262962341, 0.0
testing, 3, 1.8320338308811188, -2.008016121387482, 0.0
training, 4, 1.1962151748793466, -2.0486280492373874, 0.0
validating, 4, 1.0306595623493195, -2.047032129764557, 0.0
testing, 4, 1.642749899625778, -1.922381553053856, 0.0
training, 5, 1.040557394708906, -1.9783958213669912, 0.0
validating, 5, 0.9783554375171661, -2.006664311885834, 0.0
testing, 5, 1.494477665424347, -1.8810562878847121, 0.0
training, 6, 0.9549546667507717, -1.955555866445814, 0.0
validating, 6, 0.9331538140773773, -1.9804201960563659, 0.0
testing, 6, 1.5704386293888093, -1.8684442520141602, 0.0
training, 7, 0.9141600404466902, -1.9283453089850289, 0.0
validating, 7, 1.0044717609882354, -2.0193280577659607, 0.0
testing, 7, 1.3661800086498261, -1.8883190244436263, 0.0
