Epoch, 6
Random seed, 0, forward time, 42.30816292762756, inference time, 146.86794686317444, qp time, 40.44457292556763, backward_time, 74.77255034446716
forward time,0,0,7.8166491985321045,7.329167604446411,6.850271701812744,6.768906116485596,6.75529408454895,6.787874221801758
inference time,0,0,27.377325773239136,25.701464891433716,24.264527320861816,23.206841945648193,23.14445209503174,23.17333483695984
qp time,0,0,7.485016107559204,7.175048828125,6.500784158706665,6.434203863143921,6.453699588775635,6.395820379257202
backward time,0,0,13.403462886810303,13.009692430496216,12.205649375915527,12.060869216918945,12.063037872314453,12.029838562011719
