Epoch, 5
Random seed, 0, forward time, 4.0386528968811035, inference time, 89.33610439300537, qp time, 19.365843057632446, backward_time, 11.094280242919922
forward time,0,0,0.8256809711456299,0.8099870681762695,0.7907249927520752,0.8087344169616699,0.803525447845459
inference time,0,0,16.410216569900513,20.142229318618774,24.15327739715576,14.668897867202759,13.961483240127563
qp time,0,0,3.873270034790039,3.8704640865325928,3.855515718460083,3.8887581825256348,3.8778350353240967
backward time,0,0,2.282043218612671,2.288015127182007,2.148869514465332,2.2300100326538086,2.1453423500061035
