Epoch, 4
Random seed, 0, forward time, 87.74572443962097, qp time, 12.02160906791687, backward_time, 19.40887141227722
forward time,0,0,18.132404327392578,17.782142877578735,26.070231914520264,25.760945320129395
qp time,0,0,3.008408308029175,2.7511990070343018,3.030059337615967,3.2319424152374268
backward time,0,0,4.755870342254639,4.662186622619629,4.8731536865234375,5.117660760879517
