Epoch, 14
Random seed, 0, forward time, 231.2419822216034, qp time, 0, backward_time, 368.71926975250244
forward time,0,0,17.389357089996338,16.826331853866577,16.945815563201904,16.798554182052612,16.441056489944458,16.645092725753784,16.461748600006104,16.390827655792236,16.827376127243042,16.925963640213013,15.984863042831421,15.952681064605713,15.712498903274536,15.939815282821655
qp time,0,0,0,0,0,0,0,0,0,0,0,0,0,0,0,0
backward time,0,0,27.539189338684082,27.33300757408142,27.16280722618103,26.945091485977173,26.149752140045166,26.546624898910522,26.51399827003479,26.23486018180847,27.00949192047119,26.76411771774292,25.43454337120056,25.49091076850891,24.734791040420532,24.86008381843567
