n,two-stage,decision-focused,surrogate
20,34.18066639,33.38859802,34.84861500,0.00000000
30,33.99708244,33.59133394,35.55706313,0.00000000
40,33.70013933,32.99947270,36.33800161,0.00000000
50,34.52852983,34.31217502,37.79590225,0.00000000
60,34.26057674,34.02712075,38.41157310,0.00000000
80,31.21424893,31.56145309,39.65633154,0.00000000
100,22.45013346,34.16385484,40.41010090,0.00000000
