Epoch, 0
training loss,0.0,0.3129515820427945
training obj,33.138948179546155,15.584339503238075
validating loss,0.0,0.31315632049853986
validating obj,32.39230904212365,15.509892977201021
testing loss,0.0,0.3125876656600407
testing obj,33.01428699493408,16.621466772896902
