Epoch, 19
training loss,0.0,0.28153644289289204,0.2702099766050066,0.2503515716109957,0.2399053978068488,0.23460806906223297,0.22943211027554103,0.22512545117310115,0.22292610790048326,0.22218479003225053,0.22081899217196874,0.2196222437279565,0.21865656120436533,0.21989686574254716,0.22164300935609,0.22156875899859838,0.22148958912917546,0.22127307525702886,0.2206696101597377,0.21999075157301767,0.21936032601765224
training obj,43.62856347220285,7.670298916952951,27.276228223528182,28.79314613342285,29.884366989135742,30.146663938249862,35.39046995980399,37.35205405099051,37.56588854108538,37.84503936767578,38.20580972943987,39.15204184395926,39.23005403791155,39.0083247593471,36.81759262084961,37.124045508248464,37.95104490007673,38.72883660452707,38.754359654017854,39.0066032409668,39.20619365147182
validating loss,0.0,0.27958402037620544,0.2586838901042938,0.24302984774112701,0.23543338477611542,0.22948674857616425,0.22516454756259918,0.22175529599189758,0.22139966487884521,0.21954520046710968,0.21881449222564697,0.217112198472023,0.2165621519088745,0.22154073417186737,0.22005221247673035,0.21852809190750122,0.21895581483840942,0.2184896618127823,0.21750591695308685,0.21689821779727936,0.2164672464132309
validating obj,45.59999465942383,10.559001922607422,31.078899383544922,32.40777587890625,36.79997253417969,37.631813049316406,40.79990768432617,39.34081268310547,39.76253890991211,38.633846282958984,39.10695266723633,41.475982666015625,40.97701644897461,39.2050895690918,39.27927780151367,42.851097106933594,41.6057014465332,41.577327728271484,41.317508697509766,40.377166748046875,41.04631805419922
testing loss,0.0,0.2785930633544922,0.25837448239326477,0.24334712326526642,0.23589172959327698,0.2296181470155716,0.22509752959012985,0.22159739583730698,0.22128955274820328,0.21935389190912247,0.21898771077394485,0.21750251203775406,0.21693971008062363,0.22271299362182617,0.22162208706140518,0.2196034938097,0.22018608450889587,0.21963723748922348,0.2185785472393036,0.21789418160915375,0.21734076738357544
testing obj,46.09999465942383,9.386190176010132,30.903303146362305,31.22096538543701,32.550973892211914,35.37428665161133,37.36650276184082,37.16567611694336,38.62430953979492,40.3007755279541,40.43613052368164,41.54472351074219,41.56109046936035,41.38473701477051,41.01161766052246,39.905141830444336,39.40610313415527,39.929046630859375,40.052541732788086,39.86967658996582,41.05414390563965
