Epoch, 10
training loss,0.0,0.1687411218881607,0.1731815825809132,0.17693409662355075,0.16685597869482907,0.16868218102238394,0.16356209530071777,0.1551921943371946,0.16067382964220914,0.18008871037851681,0.18817393481731415,0.1890250864354047
training obj,123.15908154574308,68.62727390636097,68.11625324596058,63.87533170526678,66.47678670016202,68.15450477600098,68.84152273698287,86.72308176214045,103.09484135020863,99.60882048173384,96.36719929088245,96.40988852761008
validating loss,0.0,0.16867457330226898,0.1786989519993464,0.17179662982622781,0.16725109020868936,0.16082527736822763,0.14744278291861215,0.1639529416958491,0.18683857719103494,0.19097276528676352,0.20491215089956918,0.2052679161230723
validating obj,130.6000010172526,72.06666564941406,65.96772003173828,64.73295974731445,78.88468678792317,75.5999984741211,111.0666732788086,110.39197031656902,108.1999994913737,110.35133107503255,103.80000559488933,103.80000559488933
testing loss,0.0,0.1677453134741102,0.1776860867227827,0.17070176558835165,0.16607732006481715,0.15938410588673182,0.14578617683478765,0.16299228157315934,0.18621492172990525,0.19012565059321268,0.20464377956730978,0.20501808609281266
testing obj,123.35604858398438,69.2285739353725,64.97777720860073,64.64456503731864,79.19595554896763,77.14285932268415,107.62857382638114,104.66755894252232,100.91428920200893,106.02145276750836,97.88571602957589,97.88571602957589
