Epoch, 4
training loss,0.0,0.285046534878867,0.2827046343258449,0.26938348157065256,0.25295507482119967,0.23490571549960546
training obj,68.88515962873187,32.797942842756,31.851294108799525,30.266172681535995,30.047765459333146,28.95815658569336
validating loss,0.0,0.287119597196579,0.2771499454975128,0.26295262575149536,0.2451709657907486,0.22853121161460876
validating obj,72.95459747314453,30.65743637084961,29.19999885559082,29.19999885559082,29.103065490722656,26.89039421081543
testing loss,0.0,0.28770267963409424,0.277152344584465,0.26197850704193115,0.24284201860427856,0.22458112984895706
testing obj,64.19693183898926,34.10768508911133,32.75038528442383,32.478689193725586,32.299906730651855,29.65432071685791
