Epoch, 7
training loss,0.0,0.1687411218881607,0.1674363694407723,0.1757020577788353,0.18030005354772916,0.17333011600104245,0.1549191651019183,0.15222866359082135,0.1515625478191809
training obj,123.15908154574308,75.99085998535156,78.20223236083984,103.67521736838601,117.00324006514116,115.82031388716264,112.39224416559392,117.57638307051225,104.88693757490678
validating loss,0.0,0.16867457330226898,0.17118331293265024,0.1778444101413091,0.179676686724027,0.16648765405019125,0.14931680262088776,0.14697718620300293,0.1386266698439916
validating obj,130.6000010172526,80.00466918945312,117.14603424072266,124.9561284383138,122.28394571940105,123.91219329833984,101.81486511230469,97.0770492553711,87.93779754638672
testing loss,0.0,0.1677453134741102,0.17047441005706787,0.17757816399846757,0.17922255396842957,0.16549826094082423,0.14817493089607783,0.1459856288773673,0.1376474584851946
testing obj,123.35604858398438,77.29294695172992,111.54420798165458,118.0093743460519,115.80699375697544,117.03478349958148,92.22508566720145,87.03936222621373,79.1356669834682
