Epoch, 8
training loss,0.0,0.28042040951550007,0.2816796712577343,0.2815850395709276,0.2806870602071285,0.28058951534330845,0.28060121461749077,0.2806226350367069,0.28062463365495205,0.2806282825767994
training obj,33.70000100135803,12.043547213077545,15.63047593832016,23.76589846611023,27.328962802886963,29.1665678024292,30.15532636642456,30.83734655380249,31.247714281082153,31.449304342269897
validating loss,0.0,0.2802101671695709,0.27908220887184143,0.28023356199264526,0.28045448660850525,0.2803981155157089,0.2802391052246094,0.28011447191238403,0.28008048236370087,0.28014808893203735
validating obj,34.400001525878906,12.3464035987854,20.712008476257324,28.07673740386963,29.92160415649414,31.44973373413086,32.27881622314453,32.85792541503906,33.0207576751709,32.90391540527344
testing loss,0.0,0.2809748301903407,0.2798333366711934,0.28085384766260785,0.28123411039511365,0.28122395277023315,0.2811012069384257,0.28097473084926605,0.2809148778518041,0.28093614677588147
testing obj,33.10000197092692,11.238872051239014,18.82913112640381,25.544836680094402,27.35912291208903,29.215699195861816,30.2608159383138,31.032110532124836,31.253451983133953,31.225836435953777
