Epoch, 19
training loss,0.0,0.28153644289289204,0.2817829804761069,0.27942060998507906,0.2786878432546343,0.2784415526049478,0.27832189202308655,0.27827246700014385,0.2776638652597155,0.2768006707940783,0.2764960655144283,0.2763424813747406,0.27627511961119516,0.2762365809508732,0.2762191380773272,0.27621192165783476,0.27620576534952435,0.27620329175676617,0.27644073963165283,0.2784837101187025,0.279449782201222
training obj,43.62856347220285,22.886011941092356,24.82647568838937,30.017854963030135,34.83300508771624,36.171238490513396,36.79039192199707,37.62411226545061,37.05353382655552,38.01548603602818,38.284219469342915,38.538299560546875,38.72844478062221,39.00355965750558,39.342210497174946,39.56526892525809,39.79361997331892,40.04925373622349,40.20876094273159,40.36599349975586,40.46786717006138
validating loss,0.0,0.27958402037620544,0.2774828374385834,0.2757889926433563,0.2752871513366699,0.27491167187690735,0.2746425271034241,0.27452123165130615,0.27555280923843384,0.27549517154693604,0.2752660810947418,0.2749629616737366,0.2748187780380249,0.27466699481010437,0.27457839250564575,0.274535596370697,0.2744581997394562,0.2744819223880768,0.2781265377998352,0.2802836298942566,0.2810356616973877
validating obj,45.59999465942383,25.318464279174805,30.484777450561523,35.79861068725586,38.50938415527344,38.78532028198242,39.71507263183594,37.39645004272461,39.680030822753906,40.5736083984375,40.52482223510742,41.02553176879883,41.034332275390625,41.36453628540039,41.5346565246582,41.61880111694336,41.657997131347656,41.77073669433594,41.86655044555664,41.876068115234375,41.819358825683594
testing loss,0.0,0.2785930633544922,0.27708926796913147,0.2762777954339981,0.2761853486299515,0.2760823220014572,0.27589789032936096,0.2757668048143387,0.2761208266019821,0.27531735599040985,0.27465516328811646,0.27417294681072235,0.2739141583442688,0.27375398576259613,0.27367737889289856,0.2736358642578125,0.2735767662525177,0.27357980608940125,0.27588707208633423,0.27710993587970734,0.2772425264120102
testing obj,46.09999465942383,23.350375175476074,28.291436195373535,33.67745304107666,36.51398277282715,36.8670597076416,37.998138427734375,38.640708923339844,38.2898006439209,39.17148208618164,39.32405662536621,39.73310470581055,39.834312438964844,40.269758224487305,40.55322456359863,40.796409606933594,40.99444770812988,41.23434829711914,41.46282196044922,41.59322166442871,41.693185806274414
