Epoch, 14
training loss,0.0,0.3129515820427945,0.13160950442481983,0.008519863528444579,0.007573214884063131,0.007442126810354621,0.007391084323784238,0.0073637070820519795,0.007347831600590756,0.007345162876146404,0.007336110283473605,0.007332591300732211,0.007325751834401959,0.007327573442537534,0.007328035981443368,0.007324717605584546
training obj,33.138948179546155,15.584339503238075,0.0,0.0,0.0,0.0,0.0,0.0,0.0,0.0,0.0,0.0,0.0,0.0,0.0,0.0
validating loss,0.0,0.31315632049853986,0.03246719762682915,0.012424829415977001,0.010825985541137366,0.012136590022307176,0.010460338125435205,0.010899063772880115,0.009566386516850729,0.010489075372998532,0.009714177952936063,0.008973264851822304,0.008598807626045667,0.010051310205688843,0.01645689529295151,0.009453440371614236
validating obj,0.0,0.0,0.0,0.0,0.0,0.0,0.0,0.0,0.0,0.0,0.0,0.0,0.0,0.0,0.0,0.0
testing loss,0.0,0.3125876656600407,0.03232010513810175,0.012405111088550516,0.010834098627258624,0.012260568527770894,0.010479449227984463,0.010887308611667581,0.009637255354651384,0.01049644553235599,0.009755629464052618,0.009042128188801664,0.008703558788900929,0.010084250176857625,0.01654917643671589,0.009500528552702494
testing obj,0.0,0.0,0.0,0.0,0.0,0.0,0.0,0.0,0.0,0.0,0.0,0.0,0.0,0.0,0.0,0.0
