Epoch, 3
training loss,0.0,0.30868040546774866,0.2979359209537506,0.27582424581050874,0.2520017668604851
training obj,29.364996576309203,1.9889415316283703,1.9625243730843067,1.7867191772907973,1.8119715061038733
validating loss,0.0,0.3087316811084747,0.2881139099597931,0.2640916407108307,0.2361429065465927
validating obj,27.73999938964844,1.3895325422286988,1.5118952989578247,6.558126449584961,1.9993690252304077
testing loss,0.0,0.308760954783513,0.2881343777363117,0.26406466502409714,0.23610400007321283
testing obj,27.53846080486591,1.1317241180401583,1.301357266994623,6.852516504434439,2.144493048007672
