Epoch, 19
training loss,0.0,0.1688111743756703,0.15708022671086447,0.13184116035699844,0.10971969685384206,0.09029243780033928,0.07429698322500501,0.06204474238412721,0.05373274747814451,0.048541625163384845,0.04547303329621043,0.04362209726657186,0.04253015560763223,0.04185074780668531,0.0414039460676057,0.04110332738075938,0.04089160423193659,0.040722661784717014,0.0405662613255637,0.0404641255736351,0.040398746728897095
training obj,126.94286237444196,126.94286237444196,0.0,0.0,0.0,0.0,0.0,0.0,0.0,0.0,0.0,0.0,0.0,0.0,0.0,0.0,0.0,0.0,0.0,0.0,126.94286237444196
validating loss,0.0,0.1673118770122528,0.14073780179023743,0.11808408051729202,0.09806385636329651,0.08101991564035416,0.06733385473489761,0.05731089413166046,0.050970375537872314,0.04757041856646538,0.046373821794986725,0.046737123280763626,0.04636187106370926,0.04572408273816109,0.04530898481607437,0.045044638216495514,0.04493418708443642,0.044934339821338654,0.044943537563085556,0.04503171518445015,0.0448935367166996
validating obj,128.60000610351562,0.0,0.0,0.0,0.0,0.0,0.0,0.0,0.0,0.0,0.0,0.0,0.0,0.0,0.0,0.0,0.0,0.0,0.0,0.0,127.8269271850586
testing loss,0.0,0.16831223666667938,0.1419747993350029,0.11955923214554787,0.09978010877966881,0.08298339322209358,0.0695870891213417,0.0598555076867342,0.053747616708278656,0.05046877637505531,0.04932204447686672,0.0495807770639658,0.04916091822087765,0.04858271777629852,0.04822114296257496,0.04803146794438362,0.047960272058844566,0.047887276858091354,0.04792757146060467,0.048038484528660774,0.04793610982596874
testing obj,129.9000015258789,0.0,0.0,0.0,0.0,0.0,0.0,0.0,0.0,0.0,0.0,0.0,0.0,0.0,0.0,0.0,0.0,0.0,0.0,0.0,129.48249053955078
