Epoch, 18
Random seed, 0, forward time, 140.59772896766663, inference time, 599.0872831344604, qp time, 94.35629272460938, backward_time, 282.3354072570801
forward time,0,0,7.768269062042236,7.774004697799683,7.808136463165283,7.7783589363098145,7.767762660980225,7.797922134399414,7.800653457641602,7.799423694610596,7.790036916732788,7.805708169937134,7.84353494644165,7.83667516708374,7.853902101516724,7.848629951477051,7.8476386070251465,7.822368383407593,7.8418519496917725,7.812851667404175
inference time,0,0,53.99231505393982,45.012282371520996,41.8490252494812,37.03131890296936,39.80799579620361,37.56198525428772,38.153018951416016,33.194339752197266,27.830251932144165,28.968105792999268,32.2186815738678,25.215285062789917,29.544851541519165,28.10770535469055,30.636586666107178,22.79196858406067,22.28662896156311,24.884936332702637
qp time,0,0,5.005833148956299,4.364553928375244,4.20624041557312,3.8178367614746094,4.580732583999634,4.417021989822388,4.823075532913208,5.618669509887695,5.812527418136597,5.839311122894287,5.607100009918213,5.935830354690552,6.383321523666382,6.538917303085327,5.7854321002960205,5.192192316055298,4.9694435596466064,5.4582531452178955
backward time,0,0,15.778796672821045,15.280682802200317,15.06719160079956,14.846389055252075,14.990592241287231,15.068975687026978,15.299152374267578,15.338678359985352,15.558344602584839,15.819363832473755,16.197742223739624,16.93543291091919,17.170453786849976,16.853166580200195,16.69114637374878,15.2943754196167,15.134976148605347,15.009946584701538
