Epoch, 8
Random seed, 0, forward time, 1296.3740768432617, inference time, 586.3585641384125, qp time, 0, backward_time, 2011.5410778522491
forward time,0,0,163.64425826072693,163.94112873077393,160.84597873687744,162.57657837867737,163.2043159008026,161.83996605873108,159.40252208709717,160.9193286895752
inference time,0,0,0,0,0,0,0,0,0,586.3585641384125
qp time,0,0,0,0,0,0,0,0,0,0
backward time,0,0,257.44300866127014,257.221732378006,250.46130919456482,252.98321270942688,253.9174919128418,249.7267987728119,246.09790015220642,243.68962407112122
