Epoch, 10
Random seed, 0, forward time, 881.3363828659058, inference time, 1505.6480965614319, qp time, 4932.810951709747, backward_time, 1474.8461556434631
forward time,0,0,87.8918194770813,87.83121728897095,87.60183119773865,87.53046941757202,87.39244842529297,87.98323321342468,88.94037938117981,88.82117295265198,88.63734078407288,88.70647072792053
inference time,0,0,176.03631353378296,145.0191192626953,145.00850296020508,145.2150468826294,144.8027892112732,146.4558026790619,150.68314623832703,150.7610182762146,150.8109257221222,150.85543179512024
qp time,0,0,480.544132232666,479.4849979877472,480.8885324001312,482.93233346939087,483.4904716014862,490.66841411590576,505.61236572265625,507.14215874671936,509.8402109146118,512.2073345184326
backward time,0,0,145.24202513694763,145.58716940879822,145.6686053276062,145.35945439338684,144.62503147125244,146.82999229431152,150.34382128715515,150.43743348121643,150.44204568862915,150.31057715415955
