Epoch, 14
Random seed, 0, forward time, 20.43580150604248, inference time, 16.14504623413086, qp time, 0, backward_time, 30.148288011550903
forward time,0,0,1.4582650661468506,1.4596154689788818,1.464841604232788,1.463878870010376,1.4634885787963867,1.4734323024749756,1.4608943462371826,1.4580938816070557,1.458512783050537,1.4579007625579834,1.4599604606628418,1.4546101093292236,1.4469177722930908,1.4553894996643066
inference time,0,0,0,0,0,0,0,0,0,0,0,0,0,0,0,16.14504623413086
qp time,0,0,0,0,0,0,0,0,0,0,0,0,0,0,0,0
backward time,0,0,2.1559982299804688,2.162846565246582,2.1455371379852295,2.1536881923675537,2.152352809906006,2.1522164344787598,2.1521308422088623,2.150270700454712,2.157482385635376,2.1562211513519287,2.1507625579833984,2.14601469039917,2.1477134227752686,2.165052890777588
