Epoch, 4
Random seed, 4, forward time, 25.441908836364746, inference time, 21.027414321899414, qp time, 0, backward_time, 37.45572376251221
forward time,0,0,6.377702951431274,6.338715553283691,6.344158887863159,6.381331443786621
inference time,0,0,0,0,0,21.027414321899414
qp time,0,0,0,0,0,0
backward time,0,0,9.4788179397583,9.279479503631592,9.299711227416992,9.397715091705322
