Epoch, 4
Random seed, 27, forward time, 69.90197396278381, inference time, 228.48019313812256, qp time, 0, backward_time, 99.73515963554382
forward time,0,0,17.38436269760132,17.423538208007812,17.519493341445923,17.57457971572876
inference time,0,0,0,0,0,228.48019313812256
qp time,0,0,0,0,0,0
backward time,0,0,24.89481782913208,24.905174493789673,24.89756488800049,25.037602424621582
