Epoch, 32
Random seed, 3, forward time, 287.57017064094543, inference time, 140.0646035671234, qp time, 0, backward_time, 425.2489867210388
forward time,0,9.167443037033081,9.15034556388855,9.152933835983276,9.118428945541382,9.108652830123901,9.094263792037964,9.120038747787476,9.10885500907898,9.06347131729126,9.095807552337646,9.021528244018555,9.039316415786743,9.017181634902954,9.002615928649902,8.987627267837524,8.992163896560669,8.978671550750732,8.932305812835693,8.926797866821289,8.894601821899414,8.894595623016357,8.888398170471191,8.8605318069458,8.858447313308716,8.859237670898438,8.884957313537598,8.872881412506104,8.904579877853394,8.883154153823853,8.860304832458496,8.879674196243286,8.95035719871521
inference time,0,0,0,0,0,0,0,0,0,0,0,0,0,0,0,0,0,0,0,0,0,0,0,0,0,0,0,0,0,0,0,0,140.0646035671234
qp time,0,0,0,0,0,0,0,0,0,0,0,0,0,0,0,0,0,0,0,0,0,0,0,0,0,0,0,0,0,0,0,0,0
backward time,0,13.765583992004395,13.71888279914856,13.70188856124878,13.659338235855103,13.665544748306274,13.635405540466309,13.647397518157959,13.659843683242798,13.6216561794281,13.568251371383667,13.508460521697998,13.47607946395874,13.425948858261108,13.468222618103027,13.376539945602417,13.362875938415527,13.336323022842407,13.173457145690918,13.154114007949829,13.00624966621399,12.889673709869385,12.915641069412231,12.916133642196655,12.870474338531494,12.892606973648071,12.925110101699829,13.005935192108154,12.873775482177734,12.920206546783447,12.912678241729736,12.920360088348389,13.274327516555786
