Epoch, 4
Random seed, 19, forward time, 25.567518949508667, inference time, 73.28878116607666, qp time, 0, backward_time, 37.10494923591614
forward time,0,0,6.410029649734497,6.373112440109253,6.375000238418579,6.409376621246338
inference time,0,0,0,0,0,73.28878116607666
qp time,0,0,0,0,0,0
backward time,0,0,9.256270170211792,9.2627112865448,9.255576610565186,9.33039116859436
