Epoch, 16
Random seed, 22, forward time, 122.84158658981323, inference time, 56.34947395324707, qp time, 0, backward_time, 176.4317605495453
forward time,0,7.668821334838867,7.685540676116943,7.691797733306885,7.681157827377319,7.6597630977630615,7.684358596801758,7.666445970535278,7.672917127609253,7.686893463134766,7.684239864349365,7.671140432357788,7.668098449707031,7.684664011001587,7.671899080276489,7.662201881408691,7.701647043228149
inference time,0,0,0,0,0,0,0,0,0,0,0,0,0,0,0,0,56.34947395324707
qp time,0,0,0,0,0,0,0,0,0,0,0,0,0,0,0,0,0
backward time,0,10.94234323501587,10.918810367584229,10.912285566329956,10.946101427078247,10.932916641235352,10.922857522964478,10.88096308708191,10.898998737335205,10.923943519592285,11.283928394317627,11.264394044876099,11.113853454589844,11.132106065750122,11.08902883529663,11.061111211776733,11.208118438720703
