Epoch, 17
Random seed, 0, forward time, 1751.791568994522, inference time, 12443.925852298737, qp time, 2868.565798997879, backward_time, 4671.0517156124115
forward time,0,100.9959306716919,101.16371607780457,102.0686719417572,102.4389796257019,102.44299983978271,103.02739977836609,102.802001953125,104.4276602268219,104.1733763217926,104.0528085231781,102.9238178730011,103.46288657188416,103.07375025749207,103.83741021156311,102.83928489685059,103.76594614982605,104.29492807388306
inference time,0,726.7665905952454,687.231320142746,519.1232659816742,394.3446509838104,722.3116946220398,622.2454960346222,780.5176272392273,1071.3682234287262,680.8745827674866,813.4825756549835,574.8848972320557,769.6940276622772,870.5898358821869,957.0437004566193,794.1622803211212,640.11767745018,819.1674058437347
qp time,0,141.1406409740448,138.77019453048706,145.60163974761963,149.3023362159729,168.3467903137207,164.02662777900696,175.3863024711609,202.1801462173462,185.48700284957886,176.62819242477417,152.05639600753784,168.080486536026,173.7133755683899,180.49478554725647,179.57158017158508,196.3127908706665,171.46651077270508
backward time,0,242.48456358909607,246.52975034713745,249.9778709411621,251.78206729888916,272.8834090232849,268.14307951927185,280.56480288505554,311.6037769317627,291.45228838920593,286.81862449645996,256.1568615436554,274.1232442855835,277.99345898628235,286.38178873062134,286.9291920661926,303.2001087665558,284.0268278121948
