Epoch, 19
Random seed, 23, forward time, 172.63661241531372, inference time, 2094.98202586174, qp time, 246.88496804237366, backward_time, 426.2975924015045
forward time,0,9.033858060836792,9.052272081375122,9.12114429473877,9.095823287963867,9.109020709991455,9.10582971572876,9.165149450302124,9.183122396469116,9.182143926620483,9.144069910049438,9.169323682785034,9.16516661643982,9.127169370651245,9.02466607093811,8.984002113342285,8.9960298538208,8.9896080493927,8.998871088027954,8.989341735839844
inference time,0,67.5943169593811,87.58562088012695,98.14383149147034,106.11974382400513,102.11753010749817,131.1440029144287,139.11217188835144,116.864737033844,112.6612319946289,127.35881781578064,121.89844727516174,111.90730094909668,122.41941094398499,98.31169843673706,121.40964102745056,118.00431537628174,110.11745643615723,108.10396575927734,94.10778474807739
qp time,0,12.900625467300415,13.119656085968018,13.475152492523193,14.094858646392822,14.257753849029541,13.971235036849976,12.761145114898682,12.325477361679077,12.519243478775024,12.372726202011108,12.478137254714966,12.72135615348816,12.18348217010498,12.751326084136963,12.328945398330688,12.563604354858398,13.387396097183228,13.358070611953735,13.314776182174683
backward time,0,22.803656816482544,22.85575580596924,23.00531792640686,23.79571557044983,23.56394600868225,23.027533769607544,22.404151678085327,22.374640703201294,22.268670797348022,22.074156045913696,22.0789692401886,22.436264038085938,21.778088092803955,22.019375801086426,21.501374006271362,21.67603349685669,22.152726888656616,22.477375268936157,22.003840446472168
