Epoch, 4
Random seed, 17, forward time, 173.10835719108582, inference time, 318.9342544078827, qp time, 0, backward_time, 268.42614936828613
forward time,0,0,43.27374053001404,43.28241038322449,43.20986557006836,43.34234070777893
inference time,0,0,0,0,0,318.9342544078827
qp time,0,0,0,0,0,0
backward time,0,0,66.41173481941223,66.97550249099731,67.1634783744812,67.87543368339539
