Epoch, 13
Random seed, 19, forward time, 83.79023599624634, inference time, 832.7559907436371, qp time, 217.98050618171692, backward_time, 197.80055737495422
forward time,0,6.420303583145142,6.420824766159058,6.4688942432403564,6.4331512451171875,6.440546989440918,6.444137096405029,6.454476594924927,6.440578937530518,6.487022638320923,6.458759069442749,6.442038536071777,6.441842317581177,6.437659978866577
inference time,0,37.02087688446045,52.834800243377686,66.69132709503174,64.88569569587708,67.26508665084839,74.54039263725281,71.87725305557251,68.37792897224426,67.29772615432739,60.93217206001282,63.263344049453735,68.79190921783447,68.97747802734375
qp time,0,17.264881372451782,17.020382165908813,16.953028917312622,16.877870798110962,16.67764687538147,16.445343732833862,16.70693588256836,16.667393684387207,16.650555849075317,16.610161781311035,16.705239295959473,16.694027185440063,16.707038640975952
backward time,0,16.238369941711426,15.552482843399048,15.19338607788086,15.297194719314575,15.0270836353302,14.899545669555664,15.147454738616943,15.179702043533325,15.034618139266968,14.956284046173096,15.081302404403687,15.139727354049683,15.05340576171875
