Epoch, 30
Random seed, 15, forward time, 2169.5595219135284, inference time, 713.8230502605438, qp time, 0, backward_time, 3501.411271095276
forward time,0,72.56865930557251,72.62057518959045,72.5398781299591,72.46091032028198,72.4629545211792,72.51783776283264,72.28530550003052,72.395263671875,72.31957793235779,72.2844340801239,72.25094723701477,72.32640027999878,72.16669654846191,72.17016315460205,72.3078203201294,72.16742038726807,72.27421879768372,72.19876074790955,72.28698968887329,72.2560601234436,72.27790188789368,72.26371264457703,72.16965746879578,72.14850544929504,72.27459120750427,72.25529527664185,72.29653906822205,72.26086449623108,72.18837261199951,72.56320810317993
inference time,0,0,0,0,0,0,0,0,0,0,0,0,0,0,0,0,0,0,0,0,0,0,0,0,0,0,0,0,0,0,713.8230502605438
qp time,0,0,0,0,0,0,0,0,0,0,0,0,0,0,0,0,0,0,0,0,0,0,0,0,0,0,0,0,0,0,0
backward time,0,113.97575497627258,114.26224899291992,114.00871872901917,113.91183567047119,114.10589814186096,114.06586146354675,113.8837423324585,114.11682415008545,114.26803994178772,113.9009428024292,114.15554785728455,114.22831892967224,114.46610760688782,114.27630162239075,115.13407611846924,115.11129975318909,116.22611021995544,117.48666286468506,117.9527940750122,118.43439984321594,119.44306421279907,119.2398772239685,119.29066967964172,119.56571531295776,120.27893424034119,120.45276594161987,120.75805926322937,120.99246835708618,121.05748152732849,122.36074924468994
