Epoch, 27
Random seed, 9, forward time, 465.75618743896484, inference time, 136.3492832183838, qp time, 0, backward_time, 683.2895219326019
forward time,0,17.288618326187134,17.29447102546692,17.234166622161865,17.29298686981201,17.225800037384033,17.274625062942505,17.231834650039673,17.185253381729126,17.193158388137817,17.314234972000122,17.264628648757935,17.24586510658264,17.230701684951782,17.25648808479309,17.25714635848999,17.20927333831787,17.19189143180847,17.232130527496338,17.22417449951172,17.22218680381775,17.232101917266846,17.229170322418213,17.26090145111084,17.331256866455078,17.31978750228882,17.229238271713257,17.284095287322998
inference time,0,0,0,0,0,0,0,0,0,0,0,0,0,0,0,0,0,0,0,0,0,0,0,0,0,0,0,136.3492832183838
qp time,0,0,0,0,0,0,0,0,0,0,0,0,0,0,0,0,0,0,0,0,0,0,0,0,0,0,0,0
backward time,0,24.739020347595215,24.71455144882202,24.723825931549072,24.725171327590942,24.708261728286743,24.699092149734497,24.69731330871582,24.688185691833496,24.79917049407959,24.90330934524536,25.30312490463257,25.380014896392822,25.345752477645874,25.437777519226074,25.40916895866394,25.368032693862915,25.446611404418945,25.40234136581421,25.48702883720398,25.491748571395874,25.597874402999878,25.680256366729736,25.768143892288208,25.931573390960693,26.234609603881836,26.10521149635315,26.502349376678467
