Epoch, 4
Random seed, 20, forward time, 7.810361623764038, inference time, 6.855710506439209, qp time, 0, backward_time, 11.471232414245605
forward time,0,0,1.9405102729797363,1.965804100036621,1.9494481086730957,1.954599142074585
inference time,0,0,0,0,0,6.855710506439209
qp time,0,0,0,0,0,0
backward time,0,0,2.865868091583252,2.8562850952148438,2.860741376876831,2.8883378505706787
