Epoch, 4
Random seed, 25, forward time, 94.17348313331604, inference time, 191.72504138946533, qp time, 0, backward_time, 138.11028361320496
forward time,0,0,23.49067234992981,23.584336042404175,23.565929651260376,23.53254508972168
inference time,0,0,0,0,0,191.72504138946533
qp time,0,0,0,0,0,0
backward time,0,0,34.346924781799316,34.47474765777588,34.50595474243164,34.78265643119812
