Epoch, 20
Random seed, 10, forward time, 854.7728295326233, inference time, 286.2082359790802, qp time, 0, backward_time, 1357.5083487033844
forward time,0,42.40107440948486,42.29791307449341,42.10844421386719,42.15464806556702,42.77376461029053,42.71960234642029,42.818795680999756,42.717206716537476,42.92585468292236,42.92041277885437,42.865445137023926,42.92579412460327,42.79245352745056,42.661678314208984,42.836426734924316,42.840646266937256,42.75778126716614,42.82696485519409,43.12271571159363,43.30520701408386
inference time,0,0,0,0,0,0,0,0,0,0,0,0,0,0,0,0,0,0,0,0,286.2082359790802
qp time,0,0,0,0,0,0,0,0,0,0,0,0,0,0,0,0,0,0,0,0,0
backward time,0,65.45307445526123,65.24979639053345,65.33937764167786,65.61764430999756,66.69404983520508,67.22702360153198,67.19633483886719,67.2753427028656,67.8968152999878,68.27299976348877,68.58953881263733,68.61787533760071,68.69077110290527,68.76583075523376,69.05604815483093,69.09494304656982,69.21885895729065,69.35209727287292,69.63968753814697,70.26023888587952
