Epoch, 24
Random seed, 30, forward time, 1686.6385464668274, inference time, 480.1146581172943, qp time, 0, backward_time, 2581.7086052894592
forward time,0,69.91060018539429,69.89363670349121,70.0643138885498,70.83826899528503,70.98875784873962,69.78454852104187,70.77606391906738,69.87709355354309,71.31642436981201,71.32632350921631,71.38003945350647,71.37977766990662,71.06964898109436,70.95611906051636,70.80865216255188,70.68293619155884,70.4557888507843,69.49894070625305,69.29806113243103,69.29493546485901,69.43504524230957,69.22914910316467,69.27198433876038,69.10143661499023
inference time,0,0,0,0,0,0,0,0,0,0,0,0,0,0,0,0,0,0,0,0,0,0,0,0,480.1146581172943
qp time,0,0,0,0,0,0,0,0,0,0,0,0,0,0,0,0,0,0,0,0,0,0,0,0,0
backward time,0,106.4694230556488,105.60954093933105,106.11052703857422,107.9512369632721,107.81627225875854,106.14245700836182,108.0397789478302,105.08165168762207,109.86571645736694,110.30547285079956,110.11822962760925,109.74875116348267,109.4095458984375,109.65519285202026,109.44889950752258,109.3096706867218,108.9092435836792,106.35713291168213,105.04682946205139,105.40809106826782,105.9391119480133,106.15123844146729,106.30753827095032,106.5070526599884
