Epoch, 4
Random seed, 17, forward time, 352.19038581848145, inference time, 524.6420571804047, qp time, 0, backward_time, 537.7752795219421
forward time,0,0,88.64786696434021,88.54008293151855,88.23781156539917,86.76462435722351
inference time,0,0,0,0,0,524.6420571804047
qp time,0,0,0,0,0,0
backward time,0,0,135.0866162776947,135.51677584648132,134.87895154953003,132.29293584823608
