Epoch, 43
Random seed, 16, forward time, 34.20095419883728, inference time, 14.157339334487915, qp time, 0, backward_time, 51.436017751693726
forward time,0,0.8045766353607178,0.7927436828613281,0.7936086654663086,0.7981512546539307,0.7876155376434326,0.7976138591766357,0.7879400253295898,0.7981243133544922,0.7886641025543213,0.7975366115570068,0.7939882278442383,0.7971153259277344,0.793342113494873,0.8011906147003174,0.7902214527130127,0.8046395778656006,0.7940585613250732,0.7948806285858154,0.7938189506530762,0.7973926067352295,0.8056643009185791,0.7947978973388672,0.7993149757385254,0.793724775314331,0.7978229522705078,0.801633358001709,0.7919127941131592,0.7996931076049805,0.7904140949249268,0.8030915260314941,0.7913000583648682,0.7900083065032959,0.7949385643005371,0.8010971546173096,0.8003294467926025,0.7916066646575928,0.790691614151001,0.7910206317901611,0.7893979549407959,0.7926292419433594,0.7924251556396484,0.796971321105957,0.7932455539703369
inference time,0,0,0,0,0,0,0,0,0,0,0,0,0,0,0,0,0,0,0,0,0,0,0,0,0,0,0,0,0,0,0,0,0,0,0,0,0,0,0,0,0,0,0,14.157339334487915
qp time,0,0,0,0,0,0,0,0,0,0,0,0,0,0,0,0,0,0,0,0,0,0,0,0,0,0,0,0,0,0,0,0,0,0,0,0,0,0,0,0,0,0,0,0
backward time,0,1.216097354888916,1.199507236480713,1.1978256702423096,1.196512222290039,1.191253662109375,1.2015655040740967,1.1836071014404297,1.1976375579833984,1.1879611015319824,1.2099902629852295,1.1856107711791992,1.2000882625579834,1.1923975944519043,1.1942987442016602,1.187347650527954,1.2222332954406738,1.2013678550720215,1.1868479251861572,1.197110891342163,1.202373743057251,1.2229323387145996,1.190960168838501,1.2049932479858398,1.186352252960205,1.1813132762908936,1.1962530612945557,1.185426950454712,1.1984407901763916,1.184769868850708,1.1987583637237549,1.1846942901611328,1.1843490600585938,1.196129322052002,1.197950839996338,1.219240665435791,1.1892457008361816,1.1936662197113037,1.1930885314941406,1.2020001411437988,1.1796438694000244,1.1934328079223633,1.1917321681976318,1.2090094089508057
