Epoch, 4
Random seed, 15, forward time, 25.63478446006775, inference time, 68.57452011108398, qp time, 0, backward_time, 36.73245072364807
forward time,0,0,6.41934609413147,6.415494680404663,6.394550323486328,6.405393362045288
inference time,0,0,0,0,0,68.57452011108398
qp time,0,0,0,0,0,0
backward time,0,0,9.179489135742188,9.167913913726807,9.161827802658081,9.223219871520996
