Epoch, 24
Random seed, 0, forward time, 375.61102056503296, inference time, 1756.9003076553345, qp time, 0, backward_time, 1211.1289088726044
forward time,0,0,14.561404943466187,14.609999418258667,14.981675624847412,15.043726205825806,15.131812334060669,15.157591104507446,15.06264591217041,15.2429678440094,15.381137609481812,15.26987099647522,15.356647253036499,15.465250253677368,15.582952976226807,15.340032577514648,15.556876182556152,16.300257682800293,16.349392414093018,16.369672536849976,16.49782109260559,16.485975980758667,16.4915292263031,16.37518548965454,16.51129937171936,16.48529553413391
inference time,0,0,63.927685260772705,65.12575101852417,68.65290641784668,68.99318170547485,70.4492666721344,70.4299111366272,69.34718465805054,70.34765410423279,71.06572484970093,70.5778739452362,71.30440998077393,71.80476641654968,72.61982655525208,71.6126024723053,72.69867873191833,78.07877159118652,78.25088262557983,78.23621034622192,78.85360550880432,78.9860270023346,78.79209065437317,78.39509439468384,79.12397146224976,79.22623014450073
qp time,0,0,0,0,0,0,0,0,0,0,0,0,0,0,0,0,0,0,0,0,0,0,0,0,0,0
backward time,0,0,27.021098852157593,26.952251195907593,27.94147539138794,29.505358934402466,31.73612141609192,34.877429723739624,39.466734409332275,42.37949061393738,45.73835730552673,50.6589777469635,53.12185549736023,54.96003580093384,56.782225608825684,57.72702503204346,58.77914118766785,62.02090406417847,62.646589040756226,62.58282828330994,63.227747678756714,63.69992661476135,64.28508186340332,64.48795747756958,65.05821108818054,65.47208404541016
