Epoch, 12
Random seed, 0, forward time, 112.68478322029114, inference time, 8861.000469207764, qp time, 0, backward_time, 223.7282054424286
forward time,0,0,9.435165405273438,9.501156330108643,9.559732913970947,9.583467245101929,9.450089693069458,9.631717443466187,9.289685726165771,9.052796840667725,9.26694631576538,9.321568012237549,9.426230430603027,9.166226863861084
inference time,0,0,722.1115741729736,736.5428488254547,731.808730840683,744.8575968742371,730.0113713741302,746.1106719970703,729.6186745166779,715.4352402687073,755.9359529018402,750.7547767162323,761.7574033737183,736.0556273460388
qp time,0,0,0,0,0,0,0,0,0,0,0,0,0,0
backward time,0,0,19.023507833480835,18.74663209915161,18.809211254119873,18.646194219589233,18.49825119972229,18.858949422836304,18.394104957580566,18.368151664733887,18.618302822113037,18.5220947265625,18.621256589889526,18.621548652648926
