Epoch, 8
Random seed, 0, forward time, 83.70545840263367, inference time, 2319.0916695594788, qp time, 0, backward_time, 131.91922998428345
forward time,0,0,10.518506526947021,10.535147190093994,10.45993423461914,10.440491199493408,10.420427083969116,10.435054063796997,10.406298637390137,10.489599466323853
inference time,0,0,247.34173154830933,264.15917897224426,277.59515833854675,288.4251024723053,296.2713825702667,305.66396832466125,311.89604330062866,327.7391040325165
qp time,0,0,0,0,0,0,0,0,0,0
backward time,0,0,16.592615604400635,16.550759077072144,16.457289457321167,16.47800898551941,16.435330867767334,16.45643162727356,16.395068645477295,16.553725719451904
