Epoch, 23
Random seed, 0, forward time, 454.3565926551819, inference time, 8444.776544570923, qp time, 0, backward_time, 778.0906295776367
forward time,0,0,19.47430443763733,19.636995315551758,19.770735025405884,19.73760986328125,19.840890645980835,19.877879858016968,19.78277087211609,19.756216526031494,19.718700885772705,19.71573519706726,19.72602677345276,19.766148805618286,19.782099723815918,19.792546033859253,19.78939938545227,19.785232067108154,19.76522946357727,20.099996089935303,19.980782508850098,19.788756132125854,19.761356592178345,19.579333305358887,19.427847146987915
inference time,0,0,255.62430047988892,276.84883403778076,299.6576318740845,315.59336256980896,335.28439807891846,346.0964586734772,352.1116635799408,350.8555107116699,354.34234142303467,361.1104233264923,363.9648542404175,368.06825709342957,376.8787705898285,385.16112184524536,395.3651840686798,403.3200104236603,409.74864745140076,427.6469705104828,430.90694308280945,419.8219976425171,424.2250280380249,402.5238444805145,389.6199903488159
qp time,0,0,0,0,0,0,0,0,0,0,0,0,0,0,0,0,0,0,0,0,0,0,0,0,0
backward time,0,0,32.48429036140442,32.58712291717529,32.994229793548584,32.747339725494385,33.15310311317444,33.165995597839355,33.65215992927551,33.79502534866333,33.679375410079956,33.94685173034668,33.8730902671814,34.29841494560242,34.38723564147949,34.30313038825989,34.35449171066284,34.33321785926819,34.24536108970642,34.85365843772888,34.67289972305298,34.50315570831299,34.44299268722534,33.918280363082886,33.699206829071045
