Epoch, 30
Random seed, 0, forward time, 550.7540774345398, inference time, 33620.44855570793, qp time, 0, backward_time, 1077.7909195423126
forward time,0,0,19.15934920310974,18.651440620422363,18.558162689208984,18.663615226745605,18.698748350143433,18.776809453964233,18.77670454978943,18.656571865081787,18.581709146499634,18.58343267440796,18.585798978805542,18.517606496810913,18.215387105941772,17.9637291431427,17.8731791973114,18.071086883544922,18.003315687179565,17.994383811950684,18.007049083709717,17.996419191360474,17.937337398529053,17.924102067947388,17.91080594062805,17.913453817367554,18.68147087097168,18.532384634017944,18.48611330986023,18.459076404571533,18.354836225509644,18.21999740600586
inference time,0,0,989.9957699775696,984.9772691726685,997.8892955780029,1019.8922464847565,1041.6992919445038,1061.3602726459503,1066.11287856102,1070.8372144699097,1075.1603417396545,1085.818841934204,1098.9398412704468,1109.4817068576813,1095.39608836174,1072.7939784526825,1071.2174413204193,1121.6307005882263,1108.7612113952637,1116.4522047042847,1115.5174164772034,1120.8413965702057,1113.1523790359497,1112.5829920768738,1116.3387138843536,1121.8869993686676,1283.385681629181,1308.4783997535706,1304.82834815979,1315.682801246643,1277.2640945911407,1242.072737455368
qp time,0,0,0,0,0,0,0,0,0,0,0,0,0,0,0,0,0,0,0,0,0,0,0,0,0,0,0,0,0,0,0,0
backward time,0,0,34.11104202270508,32.83470344543457,33.3108766078949,33.710620641708374,34.04755759239197,33.78251338005066,33.87666654586792,34.055766344070435,34.756884813308716,35.00115966796875,35.293702840805054,35.684916496276855,35.38457798957825,35.528369188308716,35.57909035682678,35.94748616218567,36.00546646118164,36.19682431221008,36.52406549453735,36.8156361579895,37.040666341781616,37.050915002822876,37.33594465255737,37.4569947719574,38.490657329559326,38.54570245742798,38.44636678695679,38.4845654964447,38.29044818878174,38.20073199272156
