Epoch, 24
Random seed, 0, forward time, 253.37393069267273, inference time, 2216.913817167282, qp time, 0, backward_time, 414.8898723125458
forward time,0,0,10.186601638793945,10.211854696273804,10.288789987564087,10.309131622314453,10.326141834259033,10.37990427017212,10.394830703735352,10.429580688476562,10.440995693206787,10.49223780632019,10.515499114990234,10.556901693344116,10.600013017654419,10.673889875411987,10.773995876312256,10.80544114112854,10.85577940940857,10.828457832336426,10.865861415863037,10.897308111190796,10.855419397354126,10.730417013168335,10.49220895767212,10.462668895721436
inference time,0,0,68.82993793487549,72.6252429485321,75.119961977005,79.03602504730225,82.90674185752869,85.75248003005981,87.90190243721008,89.90122151374817,91.40709733963013,93.02578067779541,94.72227025032043,96.38692307472229,97.18520164489746,98.54293656349182,99.73179960250854,100.30889534950256,102.14280962944031,101.53117609024048,102.9747302532196,104.5523693561554,103.55483174324036,100.35588121414185,94.11012506484985,94.30747556686401
qp time,0,0,0,0,0,0,0,0,0,0,0,0,0,0,0,0,0,0,0,0,0,0,0,0,0,0
backward time,0,0,16.61162519454956,16.681270122528076,16.920031547546387,17.07673192024231,17.08047604560852,17.163536310195923,17.101470232009888,17.245588779449463,17.27692484855652,17.311280727386475,17.30917978286743,17.455132246017456,17.350709915161133,17.448506593704224,17.516364097595215,17.584798097610474,17.62394618988037,17.618051290512085,17.62498712539673,17.69891619682312,17.676408529281616,17.468642711639404,17.02090358734131,17.02439022064209
