Epoch, 13
Random seed, 0, forward time, 39.005269050598145, inference time, 141.30062770843506, qp time, 0, backward_time, 70.58842468261719
forward time,0,0,2.931973934173584,2.958726644515991,2.9279539585113525,2.9508256912231445,2.9711573123931885,3.019869089126587,3.031935691833496,3.026672124862671,3.0362884998321533,3.0346829891204834,3.03535532951355,3.0361034870147705,3.043724298477173
inference time,0,0,10.165561437606812,10.335879564285278,10.22025728225708,10.300035953521729,10.484549760818481,10.751537084579468,10.889258861541748,11.051105976104736,11.192000150680542,11.323195457458496,11.476844310760498,11.502738952636719,11.607662916183472
qp time,0,0,0,0,0,0,0,0,0,0,0,0,0,0,0
backward time,0,0,5.473541736602783,5.319599628448486,5.260973930358887,5.286197662353516,5.320298910140991,5.445008277893066,5.453913927078247,5.453677415847778,5.493415832519531,5.498601198196411,5.512281179428101,5.539561986923218,5.531352996826172
