Epoch, 11
Random seed, 0, forward time, 78.9636058807373, inference time, 466.01765298843384, qp time, 0, backward_time, 135.9220485687256
forward time,0,0,6.539413928985596,6.7305614948272705,6.867784023284912,6.97690224647522,7.101938724517822,7.370926856994629,7.309467315673828,7.4075095653533936,7.50713038444519,7.551739692687988,7.600231647491455
inference time,0,0,39.54018592834473,40.19584608078003,40.84158802032471,40.78912925720215,41.46426868438721,43.377705335617065,42.55779194831848,43.356889963150024,44.13199281692505,44.60319781303406,45.15905714035034
qp time,0,0,0,0,0,0,0,0,0,0,0,0,0
backward time,0,0,12.009095668792725,11.87859296798706,11.944279193878174,12.008753776550293,11.990116119384766,12.153088331222534,12.034643173217773,12.370465755462646,12.61945366859436,12.915965795516968,13.997594118118286
