Epoch, 35
Random seed, 0, forward time, 260.0307478904724, inference time, 914.1032857894897, qp time, 0, backward_time, 572.5590431690216
forward time,0,0,7.236006259918213,7.240987777709961,7.255821704864502,7.197390079498291,7.196958303451538,7.2112038135528564,7.215499639511108,7.248924732208252,7.2749927043914795,7.302775144577026,7.329019546508789,7.356372833251953,7.404412746429443,7.430629730224609,7.4310643672943115,7.446447849273682,7.448517084121704,7.469225168228149,7.489103555679321,7.524299383163452,7.511970281600952,7.526181221008301,7.523113489151001,7.513761043548584,7.56170392036438,7.553024530410767,7.558251142501831,7.544979810714722,7.553667783737183,7.6457672119140625,7.602691888809204,7.572168588638306,7.55510139465332,7.5512776374816895,7.547435522079468
inference time,0,0,23.112876415252686,23.68955659866333,23.89393401145935,23.801158666610718,23.790294408798218,23.870185375213623,24.098389387130737,24.257643222808838,24.500866889953613,24.57444977760315,24.786216974258423,25.006975650787354,25.24442982673645,25.442662477493286,25.70331907272339,25.734217643737793,25.90661907196045,25.899529218673706,26.069274425506592,26.4418306350708,26.659775257110596,26.984949827194214,27.19664430618286,27.132768630981445,27.650633811950684,27.83070182800293,27.867503881454468,27.889374017715454,28.17885446548462,28.283551692962646,28.356144428253174,28.343610048294067,28.60345959663391,28.640116214752197,28.660768032073975
qp time,0,0,0,0,0,0,0,0,0,0,0,0,0,0,0,0,0,0,0,0,0,0,0,0,0,0,0,0,0,0,0,0,0,0,0,0,0
backward time,0,0,13.852579593658447,13.705995321273804,13.684454441070557,13.57605504989624,13.584439277648926,13.653737783432007,13.652235507965088,13.859063625335693,13.941823482513428,14.378023386001587,14.501117944717407,14.717747926712036,14.79176139831543,15.106556415557861,15.796897888183594,16.673173666000366,16.951151847839355,17.06655979156494,17.592608213424683,17.744262218475342,17.767504692077637,17.933520555496216,17.9184787273407,17.959503412246704,18.06555461883545,18.248474836349487,18.149385690689087,18.25631308555603,18.471803426742554,18.40741205215454,18.477160453796387,18.48078227043152,18.559221506118774,18.49473214149475,18.53895092010498
