Epoch, 2
Random seed, 0, forward time, 30.925764083862305, inference time, 1270.722356081009, qp time, 0, backward_time, 51.5809121131897
forward time,0,0,15.409743547439575,15.51602053642273
inference time,0,0,624.6992764472961,646.0230796337128
qp time,0,0,0,0
backward time,0,0,25.75753116607666,25.823380947113037
