Epoch, 12
Random seed, 0, forward time, 62.058496952056885, inference time, 285.97557973861694, qp time, 0, backward_time, 120.762526512146
forward time,0,0,5.1164398193359375,5.1254048347473145,5.138064622879028,5.142066955566406,5.12816858291626,5.170591831207275,5.156687498092651,5.171921730041504,5.186507225036621,5.210038900375366,5.239028453826904,5.273576498031616
inference time,0,0,22.107645273208618,22.640362977981567,23.05071473121643,23.27099347114563,23.435154914855957,23.992291927337646,24.167317152023315,24.282118797302246,24.5090548992157,24.650813341140747,24.86013388633728,25.008978366851807
qp time,0,0,0,0,0,0,0,0,0,0,0,0,0,0
backward time,0,0,9.673120737075806,9.63161563873291,9.67750859260559,9.683286428451538,9.679846048355103,9.79781723022461,9.914748907089233,10.003386497497559,10.089724779129028,10.402479648590088,10.720187664031982,11.488804340362549
