Epoch, 25
Random seed, 0, forward time, 29.340100049972534, inference time, 201.36777782440186, qp time, 0, backward_time, 50.98989772796631
forward time,0,0,1.1630139350891113,1.1790587902069092,1.1661064624786377,1.164982557296753,1.1654479503631592,1.1766149997711182,1.1685712337493896,1.1718544960021973,1.1762356758117676,1.1718013286590576,1.1717181205749512,1.176027536392212,1.1785237789154053,1.1718978881835938,1.1705970764160156,1.168546199798584,1.1724982261657715,1.1883022785186768,1.170825719833374,1.1693799495697021,1.1776211261749268,1.189894676208496,1.1774771213531494,1.1749141216278076,1.1781888008117676
inference time,0,0,7.420013666152954,7.54629111289978,7.523697853088379,7.619916200637817,7.657740592956543,7.875676155090332,7.815275192260742,7.9257121086120605,7.965006351470947,8.028935432434082,8.022123098373413,8.111690282821655,8.168145656585693,8.107768058776855,8.169774770736694,8.126108407974243,8.216155290603638,8.331289291381836,8.269376516342163,8.276880502700806,8.331843614578247,8.511526584625244,8.395423173904419,8.466865539550781,8.48454236984253
qp time,0,0,0,0,0,0,0,0,0,0,0,0,0,0,0,0,0,0,0,0,0,0,0,0,0,0,0
backward time,0,0,2.157390832901001,2.022815465927124,2.0097248554229736,2.009654998779297,2.010767936706543,2.0228846073150635,2.0221784114837646,2.0377299785614014,2.0411806106567383,2.0337514877319336,2.033707857131958,2.045834541320801,2.0535027980804443,2.038106679916382,2.0369205474853516,2.0320444107055664,2.0336132049560547,2.0612633228302,2.033008575439453,2.029263734817505,2.039494037628174,2.0523288249969482,2.046290874481201,2.041365146636963,2.045073986053467
