Epoch, 14
Random seed, 0, forward time, 362.14117789268494, inference time, 31127.304208278656, qp time, 0, backward_time, 755.0995063781738
forward time,0,0,26.719770908355713,26.710702419281006,26.573036193847656,26.158079385757446,26.027755975723267,26.070019245147705,25.723783493041992,25.211979866027832,25.22944164276123,25.221630573272705,25.207326412200928,25.725146532058716,25.802831172943115,25.759674072265625
inference time,0,0,2152.599800825119,2192.197468519211,2222.343193292618,2206.92498922348,2203.902994632721,2219.274060487747,2183.354816675186,2151.7329630851746,2188.241054058075,2207.6470277309418,2201.656389474869,2318.8149263858795,2343.989089012146,2334.6254348754883
qp time,0,0,0,0,0,0,0,0,0,0,0,0,0,0,0,0
backward time,0,0,52.29898238182068,52.52015256881714,52.51522612571716,51.81697416305542,51.99230623245239,52.638447761535645,52.97567939758301,52.56021761894226,53.40515184402466,54.14617156982422,55.17821383476257,56.99704051017761,57.692325830459595,58.362616539001465
