Epoch, 1
Random seed, 0, forward time, 9.435165405273438, inference time, 722.1115741729736, qp time, 0, backward_time, 19.023507833480835
forward time,0,0,9.435165405273438
inference time,0,0,722.1115741729736
qp time,0,0,0
backward time,0,0,19.023507833480835
