Epoch, 38
Random seed, 0, forward time, 174.96122789382935, inference time, 3116.984419822693, qp time, 0, backward_time, 340.94687938690186
forward time,0,0,4.5614588260650635,4.563866138458252,4.507245063781738,4.50848650932312,4.543449401855469,4.542303562164307,4.531365871429443,4.540077447891235,4.587898254394531,4.571555137634277,4.570141077041626,4.569645404815674,4.56805944442749,4.57192850112915,4.602954387664795,4.593063116073608,4.6213698387146,4.6433188915252686,4.657788276672363,4.651486158370972,4.6088173389434814,4.618927478790283,4.609143972396851,4.6206536293029785,4.625640869140625,4.644404172897339,4.632912635803223,4.611469507217407,4.620607852935791,4.624921798706055,4.623414039611816,4.66425895690918,4.675049781799316,4.681611776351929,4.6790642738342285,4.634174585342407,4.628754377365112,4.64993953704834
inference time,0,0,63.47943449020386,65.35726022720337,65.93372344970703,66.07986617088318,67.56907868385315,68.66080093383789,69.08248519897461,70.72317266464233,72.32457613945007,71.9603054523468,73.25581407546997,73.82335329055786,73.98897790908813,75.69382309913635,77.85684442520142,78.15029811859131,84.04825973510742,86.07785058021545,86.58593487739563,88.42780685424805,85.93218398094177,86.94248533248901,88.22943592071533,88.84318971633911,88.8586733341217,90.79435706138611,90.19267630577087,89.25840044021606,89.48927164077759,89.78963279724121,90.34985685348511,93.78525924682617,94.86580896377563,96.73718881607056,95.80667114257812,92.07948970794678,92.10570502281189,93.84446716308594
qp time,0,0,0,0,0,0,0,0,0,0,0,0,0,0,0,0,0,0,0,0,0,0,0,0,0,0,0,0,0,0,0,0,0,0,0,0,0,0,0,0
backward time,0,0,8.486332178115845,8.598982810974121,8.659268856048584,8.653382301330566,8.722992658615112,8.808639287948608,8.662063360214233,8.703361511230469,8.80510950088501,8.80691647529602,8.856958150863647,8.906340837478638,8.975055694580078,8.927903175354004,9.022183656692505,8.959721565246582,9.037818193435669,9.126963376998901,9.10728907585144,9.109147548675537,9.048507452011108,9.05877685546875,9.063743114471436,9.092510223388672,9.0959951877594,9.144283533096313,9.104424238204956,9.049105882644653,9.07069206237793,9.066367864608765,9.074338674545288,9.162562131881714,9.188209056854248,9.232874155044556,9.208539247512817,9.126511573791504,9.109266996383667,9.113740921020508
