Epoch, 11
Random seed, 0, forward time, 38.02830791473389, inference time, 158.63691020011902, qp time, 0, backward_time, 68.72470927238464
forward time,0,0,3.4318976402282715,3.4423463344573975,3.4546492099761963,3.451930522918701,3.459897756576538,3.4501078128814697,3.4660232067108154,3.463253974914551,3.4667389392852783,3.465296745300293,3.476165771484375
inference time,0,0,13.638671398162842,13.914227724075317,14.08353853225708,14.141418933868408,14.331473588943481,14.390100240707397,14.569634437561035,14.730982780456543,14.769426345825195,14.929216861724854,15.138219356536865
qp time,0,0,0,0,0,0,0,0,0,0,0,0,0
backward time,0,0,6.241276979446411,6.178836345672607,6.205126523971558,6.204260349273682,6.215833902359009,6.238506555557251,6.268212080001831,6.272996664047241,6.285277843475342,6.292048454284668,6.322333574295044
