Epoch, 5
Random seed, 0, forward time, 44.85664653778076, inference time, 603.5041115283966, qp time, 0, backward_time, 79.27832102775574
forward time,0,0,8.891291379928589,8.993709325790405,8.978291511535645,9.00227403640747,8.991080284118652
inference time,0,0,104.99794626235962,116.79826593399048,121.98294997215271,127.03069972991943,132.69424962997437
qp time,0,0,0,0,0,0,0
backward time,0,0,15.709506273269653,15.913938522338867,15.7285737991333,15.697468996047974,16.228833436965942
