Epoch, 6
Random seed, 0, forward time, 39.509873151779175, inference time, 1318.0254485607147, qp time, 0, backward_time, 69.20750117301941
forward time,0,0,6.52720832824707,6.554539680480957,6.562510967254639,6.576726913452148,6.583576440811157,6.705310821533203
inference time,0,0,207.145268201828,217.01662945747375,214.49136900901794,223.21214890480042,223.08864426612854,233.07138872146606
qp time,0,0,0,0,0,0,0,0
backward time,0,0,11.2683846950531,11.283246994018555,11.534976720809937,11.559951543807983,11.629980564117432,11.930960655212402
