Epoch, 18
Random seed, 0, forward time, 80.60367512702942, inference time, 448.7097918987274, qp time, 0, backward_time, 141.52824234962463
forward time,0,0,4.408358812332153,4.433340549468994,4.44936728477478,4.4508771896362305,4.465436220169067,4.467850685119629,4.469245195388794,4.47275710105896,4.476067304611206,4.483114242553711,4.493835926055908,4.492400169372559,4.495216608047485,4.503335952758789,4.502806663513184,4.516843557357788,4.514988422393799,4.507833242416382
inference time,0,0,21.78578209877014,22.402724742889404,22.964467763900757,23.333858251571655,23.843846321105957,24.129618167877197,24.431055307388306,24.885571718215942,25.147817850112915,25.293036937713623,25.537274837493896,25.67576241493225,25.933841705322266,26.242265701293945,26.275409936904907,26.51380467414856,27.0290789604187,27.284574508666992
qp time,0,0,0,0,0,0,0,0,0,0,0,0,0,0,0,0,0,0,0,0
backward time,0,0,7.707780361175537,7.611037254333496,7.693158388137817,7.7110395431518555,7.760767459869385,7.80828857421875,7.823015928268433,7.843461036682129,7.876567363739014,7.892202138900757,7.920650243759155,8.013926029205322,7.964650392532349,7.976393461227417,7.983144044876099,7.967040061950684,7.987016677856445,7.98810338973999
