Epoch, 23
Random seed, 0, forward time, 59.40435433387756, inference time, 1037.5693402290344, qp time, 0, backward_time, 96.06109142303467
forward time,0,0,2.5786337852478027,2.5341053009033203,2.5355224609375,2.5397603511810303,2.5429847240448,2.5461249351501465,2.5444986820220947,2.553513526916504,2.5628740787506104,2.575556516647339,2.5706727504730225,2.5846669673919678,2.581897497177124,2.5859923362731934,2.602116584777832,2.617903470993042,2.6078693866729736,2.607652425765991,2.6136138439178467,2.620617151260376,2.6226606369018555,2.632204532623291,2.6429123878479004
inference time,0,0,41.0581488609314,41.03226041793823,41.39980483055115,42.083383560180664,42.43615412712097,42.944915533065796,43.259278774261475,43.80102038383484,44.19909310340881,44.79590606689453,45.031285762786865,45.358816623687744,45.632649183273315,46.15390205383301,46.566542863845825,46.854469776153564,47.11500811576843,47.34985566139221,47.67539024353027,47.909494400024414,48.08794951438904,48.339038133621216,48.48497223854065
qp time,0,0,0,0,0,0,0,0,0,0,0,0,0,0,0,0,0,0,0,0,0,0,0,0,0
backward time,0,0,4.2089478969573975,4.115075349807739,4.109234809875488,4.094010829925537,4.118091821670532,4.115047931671143,4.134466171264648,4.131734371185303,4.130530595779419,4.15889310836792,4.156515836715698,4.176900386810303,4.177343845367432,4.206721544265747,4.209686994552612,4.21741795539856,4.219229221343994,4.228878498077393,4.227075576782227,4.208012342453003,4.238965749740601,4.232512474060059,4.245798110961914
