Epoch, 17
Random seed, 0, forward time, 462.86358189582825, inference time, 11097.845722198486, qp time, 0, backward_time, 838.5635242462158
forward time,0,0,27.512993097305298,28.159136056900024,28.009178161621094,26.90720820426941,27.05038070678711,26.959974765777588,26.962363719940186,27.085546255111694,27.051700353622437,26.85574698448181,26.65567684173584,26.325452089309692,26.334020614624023,27.198131322860718,26.946427822113037,28.498839616775513,28.350805282592773
inference time,0,0,492.81582975387573,538.2211611270905,556.0390367507935,566.2578434944153,601.6209909915924,630.8015637397766,644.2542245388031,661.997828245163,679.7913992404938,687.8514287471771,683.8653430938721,665.1307854652405,667.8836438655853,731.953494310379,730.5803215503693,779.6354258060455,779.1454014778137
qp time,0,0,0,0,0,0,0,0,0,0,0,0,0,0,0,0,0,0,0
backward time,0,0,49.28354334831238,50.367610931396484,50.25348997116089,48.35151934623718,48.75858998298645,48.94230890274048,48.783711671829224,49.588085651397705,49.061458587646484,48.93355107307434,49.71633553504944,48.12668323516846,48.60069561004639,49.75181245803833,49.05270981788635,50.424519777297974,50.566898345947266
