Epoch, 6
Random seed, 0, forward time, 40.963504791259766, inference time, 2117.0371899604797, qp time, 0, backward_time, 72.72623777389526
forward time,0,0,6.8604676723480225,6.878241300582886,6.8381874561309814,6.7910239696502686,6.786969900131226,6.808614492416382
inference time,0,0,345.4854075908661,351.072478055954,350.194180727005,353.28064608573914,355.2363455295563,361.76813197135925
qp time,0,0,0,0,0,0,0,0
backward time,0,0,12.144048690795898,12.11417007446289,12.389357089996338,12.015918731689453,12.005627870559692,12.057115316390991
