Epoch, 9
Random seed, 0, forward time, 2.1520256996154785, inference time, 49.113195180892944, qp time, 0, backward_time, 20.144980430603027
forward time,0,0,0,0,0,0,0,0,0,0,2.1520256996154785
inference time,0,0,0,0,0,0,0,0,0,0,49.113195180892944
qp time,0,0,0,0,0,0,0,0,0,0,0
backward time,0,0,2.2808218002319336,2.228102445602417,2.225482225418091,2.219148874282837,2.219633102416992,2.225076913833618,2.2393593788146973,2.237955093383789,2.2694005966186523
