Epoch, 12
Random seed, 0, forward time, 224.20994925498962, inference time, 12602.164970636368, qp time, 0, backward_time, 410.4664103984833
forward time,0,0,19.15934920310974,18.651440620422363,18.558162689208984,18.663615226745605,18.698748350143433,18.776809453964233,18.77670454978943,18.656571865081787,18.581709146499634,18.58343267440796,18.585798978805542,18.517606496810913
inference time,0,0,989.9957699775696,984.9772691726685,997.8892955780029,1019.8922464847565,1041.6992919445038,1061.3602726459503,1066.11287856102,1070.8372144699097,1075.1603417396545,1085.818841934204,1098.9398412704468,1109.4817068576813
qp time,0,0,0,0,0,0,0,0,0,0,0,0,0,0
backward time,0,0,34.11104202270508,32.83470344543457,33.3108766078949,33.710620641708374,34.04755759239197,33.78251338005066,33.87666654586792,34.055766344070435,34.756884813308716,35.00115966796875,35.293702840805054,35.684916496276855
