Epoch, 24
Random seed, 0, forward time, 200.87846493721008, inference time, 841.2321887016296, qp time, 0, backward_time, 413.5765542984009
forward time,0,0,8.46432113647461,8.487101554870605,8.492134809494019,8.493515253067017,8.507216930389404,8.502707242965698,8.502152919769287,8.502824783325195,8.393757820129395,8.262269735336304,8.160125732421875,8.162633419036865,8.179509162902832,8.210549592971802,8.35260796546936,8.35995864868164,8.371247053146362,8.378784656524658,8.377652883529663,8.329216957092285,8.341479778289795,8.344566106796265,8.352336168289185,8.349794626235962
inference time,0,0,30.692041873931885,31.7097487449646,32.9973828792572,33.64299464225769,34.135577917099,34.57293105125427,34.94046473503113,35.36735677719116,34.58861565589905,33.815884828567505,33.24222493171692,33.49276161193848,33.71197819709778,34.17112112045288,35.902247190475464,36.577741384506226,36.708704233169556,37.17611837387085,37.43792104721069,36.87038779258728,37.0766487121582,37.3380491733551,37.52605390548706,37.53723192214966
qp time,0,0,0,0,0,0,0,0,0,0,0,0,0,0,0,0,0,0,0,0,0,0,0,0,0,0
backward time,0,0,15.589869976043701,15.578841209411621,15.675286054611206,15.70718502998352,15.772472143173218,15.807528495788574,15.95990514755249,16.00773334503174,15.885114431381226,15.713457107543945,15.565703392028809,15.766706466674805,16.260981559753418,16.460917472839355,17.70905637741089,18.38635754585266,19.264838933944702,19.399901628494263,19.555846214294434,19.516557693481445,19.319577932357788,19.504778146743774,19.564391136169434,19.603546857833862
