Epoch, 12
Random seed, 0, forward time, 82.21437573432922, inference time, 755.1419160366058, qp time, 0, backward_time, 141.00060963630676
forward time,0,0,6.802613019943237,6.88013219833374,6.94363260269165,6.868863821029663,6.904472351074219,6.926350831985474,6.9039201736450195,6.790324687957764,6.805516242980957,6.826660871505737,6.796075820922852,6.765813112258911
inference time,0,0,54.208784341812134,56.12832522392273,58.0173864364624,58.38129138946533,60.928799867630005,62.340537309646606,63.71014213562012,66.2313756942749,67.89302730560303,68.82155466079712,69.21551752090454,69.26517415046692
qp time,0,0,0,0,0,0,0,0,0,0,0,0,0,0
backward time,0,0,11.71356201171875,11.897723197937012,11.813188314437866,11.63381314277649,11.739697456359863,11.773754119873047,11.776468992233276,11.71265196800232,11.763659477233887,11.808590412139893,11.696507692337036,11.670992851257324
