Epoch, 7
Random seed, 0, forward time, 7.976868629455566, inference time, 356.89521980285645, qp time, 0, backward_time, 46.20556926727295
forward time,0,0,0,0,0,0,0,0,7.976868629455566
inference time,0,0,0,0,0,0,0,0,356.89521980285645
qp time,0,0,0,0,0,0,0,0,0
backward time,0,0,6.664105176925659,6.55336856842041,6.545644044876099,6.495802879333496,6.578791379928589,6.587224245071411,6.780632972717285
