Epoch, 9
Random seed, 0, forward time, 0, inference time, 0, qp time, 0, backward_time, 160.39364671707153
forward time,0,0,0,0,0,0,0,0,0,0,0
inference time,0,0,0,0,0,0,0,0,0,0,0
qp time,0,0,0,0,0,0,0,0,0,0,0
backward time,0,0,14.929332494735718,14.904463052749634,14.90047025680542,14.913108825683594,15.033891439437866,15.733055830001831,18.293462991714478,23.983953952789307,27.701907873153687
