Epoch, 5
Random seed, 0, forward time, 98.46053528785706, inference time, 1483.0085270404816, qp time, 0, backward_time, 163.96608591079712
forward time,0,0,19.47430443763733,19.636995315551758,19.770735025405884,19.73760986328125,19.840890645980835
inference time,0,0,255.62430047988892,276.84883403778076,299.6576318740845,315.59336256980896,335.28439807891846
qp time,0,0,0,0,0,0,0
backward time,0,0,32.48429036140442,32.58712291717529,32.994229793548584,32.747339725494385,33.15310311317444
