Epoch, 20
Random seed, 0, forward time, 42.904414653778076, inference time, 224.1623637676239, qp time, 0, backward_time, 74.39425539970398
forward time,0,0,2.080753803253174,2.0838725566864014,2.116492986679077,2.1120028495788574,2.132155418395996,2.1581826210021973,2.1491048336029053,2.141108274459839,2.1517693996429443,2.158275842666626,2.1506733894348145,2.1580944061279297,2.1573073863983154,2.1452019214630127,2.1640586853027344,2.166097402572632,2.1611759662628174,2.162996530532837,2.17600417137146,2.179086208343506
inference time,0,0,10.209577083587646,10.320650339126587,10.415268182754517,10.425276756286621,10.582154512405396,10.79617953300476,10.807951927185059,10.904094219207764,11.136926174163818,11.302082300186157,11.440905094146729,11.510177373886108,11.514841318130493,11.496673345565796,11.792138576507568,11.833810806274414,11.902621507644653,11.830045461654663,11.931515455245972,12.00947380065918
qp time,0,0,0,0,0,0,0,0,0,0,0,0,0,0,0,0,0,0,0,0,0,0
backward time,0,0,3.5721676349639893,3.567500114440918,3.630270481109619,3.619356632232666,3.653989791870117,3.72224760055542,3.7107131481170654,3.6913959980010986,3.7233333587646484,3.744739532470703,3.744086503982544,3.7647652626037598,3.759605884552002,3.734198570251465,3.7810540199279785,3.788879871368408,3.7755086421966553,3.781881093978882,3.804517984390259,3.8240432739257812
