Epoch, 30
Random seed, 0, forward time, 33.42719578742981, inference time, 246.70415449142456, qp time, 0, backward_time, 56.05717349052429
forward time,0,0,1.0815415382385254,1.084289312362671,1.0857722759246826,1.09195876121521,1.0947952270507812,1.106100082397461,1.1041460037231445,1.1061639785766602,1.1052064895629883,1.1070480346679688,1.1128313541412354,1.1108298301696777,1.1139438152313232,1.1156325340270996,1.116823434829712,1.1173315048217773,1.1185524463653564,1.1247859001159668,1.1278254985809326,1.1288025379180908,1.127251148223877,1.132758378982544,1.1296327114105225,1.1292500495910645,1.1310226917266846,1.1242213249206543,1.124601125717163,1.125643014907837,1.126166582107544,1.1222681999206543
inference time,0,0,7.394004583358765,7.495427131652832,7.528384685516357,7.641829013824463,7.695898771286011,7.849902629852295,7.839542627334595,7.9381468296051025,7.950501918792725,8.053043127059937,8.111780643463135,8.110835075378418,8.177769660949707,8.17430329322815,8.270477533340454,8.248975276947021,8.333705186843872,8.368511199951172,8.486222267150879,8.516349077224731,8.51507019996643,8.60880732536316,8.583651542663574,8.68848443031311,8.662621259689331,8.659357786178589,8.656513690948486,8.714914083480835,8.720471858978271,8.708651781082153
qp time,0,0,0,0,0,0,0,0,0,0,0,0,0,0,0,0,0,0,0,0,0,0,0,0,0,0,0,0,0,0,0,0
backward time,0,0,1.8104636669158936,1.8112223148345947,1.833993911743164,1.8409571647644043,1.8525712490081787,1.8597657680511475,1.8578758239746094,1.8654069900512695,1.8659179210662842,1.864210844039917,1.8685004711151123,1.869835615158081,1.859508752822876,1.8707246780395508,1.876065731048584,1.8706047534942627,1.8775057792663574,1.8784422874450684,1.8899953365325928,1.891507863998413,1.8847618103027344,1.8875477313995361,1.8880720138549805,1.8875980377197266,1.8945903778076172,1.8808348178863525,1.8792994022369385,1.879631757736206,1.8759138584136963,1.8838467597961426
