Epoch, 39
Random seed, 0, forward time, 199.67790937423706, inference time, 8409.351682186127, qp time, 0, backward_time, 503.1719481945038
forward time,0,0,5.301800966262817,5.283412218093872,5.24179744720459,5.131053924560547,5.091482400894165,5.084898233413696,5.090762376785278,5.065089702606201,5.092514753341675,5.090551853179932,5.10656476020813,5.108633518218994,5.1161205768585205,5.098643064498901,5.089845180511475,5.084391832351685,5.094749212265015,5.099833726882935,5.051123142242432,5.054204940795898,5.060625314712524,5.059081315994263,5.0651936531066895,5.05887770652771,5.059892416000366,5.05831241607666,5.066801071166992,5.059432744979858,5.0643157958984375,5.063175678253174,5.062792778015137,5.063964128494263,5.057645320892334,5.056476593017578,5.065027713775635,5.19015645980835,5.239365577697754,5.39505934715271,5.554239511489868
inference time,0,0,201.2024381160736,206.56940412521362,201.6670527458191,204.61468744277954,202.00944185256958,204.2022306919098,205.71142292022705,201.34880685806274,206.2818558216095,206.50628209114075,212.31333327293396,210.6471827030182,214.486065864563,211.96674990653992,213.0842502117157,214.60025644302368,213.63547587394714,218.30932450294495,208.39445662498474,213.5888454914093,210.82732152938843,213.47848415374756,213.2911205291748,213.20159816741943,214.09109210968018,212.65957140922546,217.48374462127686,214.03662776947021,218.69373631477356,216.57117199897766,219.5594174861908,218.96356773376465,219.19959998130798,219.93089365959167,218.8687777519226,232.4273111820221,237.40916872024536,259.227516412735,268.29139709472656
qp time,0,0,0,0,0,0,0,0,0,0,0,0,0,0,0,0,0,0,0,0,0,0,0,0,0,0,0,0,0,0,0,0,0,0,0,0,0,0,0,0,0
backward time,0,0,9.52038049697876,10.289348602294922,10.980099439620972,11.521281003952026,11.967972993850708,12.33673906326294,12.53262972831726,12.669157266616821,12.791292190551758,12.84743356704712,12.885546445846558,12.962552309036255,13.168044567108154,13.209401845932007,13.018136501312256,13.062232255935669,13.237131118774414,13.339200496673584,13.290764570236206,13.308576107025146,13.304787635803223,13.359668970108032,13.497909545898438,13.550052881240845,13.445854425430298,13.422940015792847,13.431627988815308,13.589489698410034,13.468219518661499,13.39371943473816,13.239707946777344,13.213854312896729,13.259410619735718,13.101959466934204,13.164215087890625,13.180701732635498,13.322197437286377,13.596626996994019,13.691083908081055
