Epoch, 24
Random seed, 0, forward time, 54.71993565559387, inference time, 848.187991142273, qp time, 0, backward_time, 91.34162068367004
forward time,0,0,2.2107932567596436,2.246752977371216,2.2482407093048096,2.2535383701324463,2.249526262283325,2.2789647579193115,2.288025379180908,2.286428451538086,2.287965774536133,2.2890448570251465,2.2785146236419678,2.2703874111175537,2.2744672298431396,2.2780845165252686,2.2830886840820312,2.294006109237671,2.2983837127685547,2.3018643856048584,2.3054022789001465,2.305788040161133,2.294067621231079,2.2970690727233887,2.2994611263275146,2.30007004737854
inference time,0,0,29.93939971923828,31.243391752243042,31.55791449546814,32.193241357803345,32.51041769981384,33.6217942237854,33.96463918685913,34.48928999900818,34.82017421722412,35.31648635864258,35.38688516616821,35.45651197433472,35.92590951919556,36.102622270584106,36.59353828430176,37.08992052078247,37.4935998916626,37.61750268936157,37.97902297973633,37.918920278549194,37.47710728645325,37.78797960281372,37.757424116134644,37.944297552108765
qp time,0,0,0,0,0,0,0,0,0,0,0,0,0,0,0,0,0,0,0,0,0,0,0,0,0,0
backward time,0,0,3.6020925045013428,3.596010208129883,3.628347396850586,3.608278512954712,3.638727903366089,3.69463849067688,3.725017786026001,3.7648231983184814,3.7666125297546387,3.792771339416504,3.7894506454467773,3.7945046424865723,3.797455310821533,3.814126491546631,3.8374578952789307,3.9076733589172363,3.9093642234802246,3.943753480911255,3.9497807025909424,3.9376449584960938,3.970790386199951,3.934656858444214,3.949160099029541,3.9884817600250244
