Epoch, 33
Random seed, 0, forward time, 73.44304704666138, inference time, 1180.6844010353088, qp time, 0, backward_time, 125.6646044254303
forward time,0,0,2.1329386234283447,2.1704037189483643,2.1675260066986084,2.21834135055542,2.215646982192993,2.228895664215088,2.2201316356658936,2.2306032180786133,2.246814489364624,2.2423179149627686,2.2445240020751953,2.2374582290649414,2.2462658882141113,2.240955352783203,2.246412515640259,2.242267370223999,2.2250189781188965,2.220043659210205,2.241126298904419,2.242988109588623,2.2377302646636963,2.2432053089141846,2.2352988719940186,2.248162031173706,2.24577260017395,2.252727746963501,2.2429039478302,2.225421667098999,2.200528144836426,2.2008843421936035,2.2083206176757812,2.219334125518799,2.2220773696899414
inference time,0,0,29.432100296020508,30.69226884841919,30.825598001480103,32.28484749794006,32.653791427612305,33.639323711395264,33.62201166152954,34.089863538742065,34.76142477989197,35.31412482261658,35.61823606491089,35.856451749801636,36.39462685585022,36.54645133018494,37.0230073928833,37.01041316986084,37.056591272354126,37.20130205154419,37.90680456161499,38.130303621292114,37.95270586013794,38.120278120040894,37.9655544757843,38.30565094947815,38.29839730262756,38.44231653213501,37.949113607406616,37.09387540817261,36.02308964729309,35.92047166824341,36.19469475746155,36.05692219734192,36.30178785324097
qp time,0,0,0,0,0,0,0,0,0,0,0,0,0,0,0,0,0,0,0,0,0,0,0,0,0,0,0,0,0,0,0,0,0,0,0
backward time,0,0,3.459165573120117,3.4733223915100098,3.5064268112182617,3.598808765411377,3.652385711669922,3.695695400238037,3.7084381580352783,3.7198855876922607,3.76419734954834,3.7858715057373047,3.781968593597412,3.793705940246582,3.8119921684265137,3.820054292678833,3.864414930343628,3.8736536502838135,3.8802011013031006,3.8636844158172607,3.9131596088409424,3.938216209411621,3.939737558364868,3.9374940395355225,3.951535224914551,3.950087785720825,3.935908079147339,3.9393386840820312,3.906949043273926,3.8887369632720947,3.8469603061676025,3.8609111309051514,3.8662502765655518,3.8714404106140137,3.864006757736206
