Epoch, 30
Random seed, 0, forward time, 34.223127126693726, inference time, 252.61630129814148, qp time, 0, backward_time, 57.53477072715759
forward time,0,0,1.1392076015472412,1.1363232135772705,1.1338236331939697,1.140930414199829,1.1378271579742432,1.141444206237793,1.135246992111206,1.1398329734802246,1.1416330337524414,1.1391029357910156,1.141052007675171,1.1363141536712646,1.1387300491333008,1.1396565437316895,1.141035795211792,1.1423661708831787,1.1402971744537354,1.1417670249938965,1.1418983936309814,1.1434719562530518,1.1398835182189941,1.1396255493164062,1.1442840099334717,1.1461670398712158,1.1436679363250732,1.143601417541504,1.142578363418579,1.1420423984527588,1.146723747253418,1.1425917148590088
inference time,0,0,7.631458044052124,7.722475528717041,7.730583906173706,7.89320182800293,7.92755913734436,8.06438422203064,8.055735349655151,8.172360897064209,8.192213773727417,8.267649173736572,8.298532485961914,8.280490636825562,8.364872694015503,8.378133535385132,8.484761238098145,8.475191593170166,8.529851198196411,8.552216291427612,8.63986873626709,8.670676946640015,8.650952339172363,8.745186805725098,8.737807512283325,8.849580764770508,8.808036088943481,8.872836112976074,8.859657526016235,8.910471677780151,8.93015718460083,8.919398069381714
qp time,0,0,0,0,0,0,0,0,0,0,0,0,0,0,0,0,0,0,0,0,0,0,0,0,0,0,0,0,0,0,0,0
backward time,0,0,1.9669530391693115,1.8976168632507324,1.9058592319488525,1.919524908065796,1.9138665199279785,1.9140818119049072,1.9086313247680664,1.9102873802185059,1.9123249053955078,1.9138178825378418,1.9163379669189453,1.9114134311676025,1.91066312789917,1.9177396297454834,1.9216156005859375,1.911818027496338,1.9197425842285156,1.9202368259429932,1.9180333614349365,1.92043137550354,1.9176974296569824,1.9160041809082031,1.924201250076294,1.9210107326507568,1.917849063873291,1.9221384525299072,1.9129176139831543,1.9198107719421387,1.925342082977295,1.9268033504486084
