Epoch, 32
Random seed, 0, forward time, 143.49643635749817, inference time, 5000.56133723259, qp time, 0, backward_time, 319.76633620262146
forward time,0,0,4.546056747436523,4.529510259628296,4.555885553359985,4.542372703552246,4.55614709854126,4.578113317489624,4.587170124053955,4.601161956787109,4.6009604930877686,4.586596488952637,4.5828773975372314,4.581119537353516,4.5773138999938965,4.564008951187134,4.460276365280151,4.415792465209961,4.40688943862915,4.300795316696167,4.377349138259888,4.429295301437378,4.4362852573394775,4.426507472991943,4.428261756896973,4.426714897155762,4.417703628540039,4.426708459854126,4.4330503940582275,4.4332568645477295,4.436935901641846,4.423701286315918,4.417420148849487,4.410197734832764
inference time,0,0,136.05270767211914,140.5350785255432,142.22280526161194,145.90699791908264,146.79048228263855,150.0332546234131,150.88456082344055,152.28147745132446,155.99850630760193,155.79727935791016,161.40745329856873,160.5129177570343,163.67446422576904,161.3410985469818,155.5344808101654,153.0388994216919,150.8095178604126,144.40450406074524,152.26118803024292,160.24438619613647,157.73084092140198,161.28355479240417,159.671626329422,161.60904574394226,162.12595462799072,162.00380063056946,164.95281863212585,163.17256450653076,167.48813128471375,165.53600764274597,168.54183506965637,166.71309661865234
qp time,0,0,0,0,0,0,0,0,0,0,0,0,0,0,0,0,0,0,0,0,0,0,0,0,0,0,0,0,0,0,0,0,0,0
backward time,0,0,7.73319935798645,8.388015508651733,8.996638536453247,9.417757987976074,9.704123258590698,9.791107416152954,9.798954248428345,9.891608715057373,9.876059770584106,10.072949647903442,10.18708348274231,10.249482870101929,10.240439414978027,10.330493450164795,10.228697061538696,10.206356287002563,10.279799699783325,10.151621341705322,10.249403476715088,10.18170952796936,10.186513662338257,10.19900393486023,10.304622173309326,10.309895515441895,10.494725942611694,10.359249353408813,10.382428407669067,10.304712772369385,10.3193998336792,10.320868253707886,10.334940433502197,10.274474859237671
