Epoch, 23
Random seed, 0, forward time, 115.11848855018616, inference time, 1182.560619354248, qp time, 0, backward_time, 185.84374952316284
forward time,0,0,4.961345195770264,4.964576959609985,4.974051475524902,4.9851086139678955,4.988314390182495,5.000744581222534,4.9854350090026855,4.941013336181641,4.958624839782715,4.96680760383606,4.969160556793213,4.977380990982056,4.991778373718262,4.996936082839966,5.017845630645752,5.029619932174683,5.023425340652466,5.043835401535034,5.047928810119629,5.053963899612427,5.072709798812866,5.079168796539307,5.088712930679321
inference time,0,0,47.20214796066284,47.73199510574341,48.19320225715637,48.48881983757019,49.40725803375244,49.879504919052124,49.74911308288574,49.804049015045166,50.18377757072449,50.81830668449402,51.38574767112732,51.45675468444824,51.897708892822266,52.368348360061646,52.759233474731445,52.87871336936951,53.32440757751465,53.32108211517334,53.672609090805054,54.09566640853882,54.11565399169922,54.685911655426025,55.140607595443726
qp time,0,0,0,0,0,0,0,0,0,0,0,0,0,0,0,0,0,0,0,0,0,0,0,0,0
backward time,0,0,8.046584129333496,7.9723570346832275,7.99891209602356,7.9814348220825195,8.076859951019287,8.108155488967896,8.0734543800354,8.001856327056885,8.018810033798218,8.02898907661438,8.01953125,8.050153255462646,8.065283298492432,8.100466251373291,8.114466428756714,8.097085237503052,8.105432510375977,8.165012836456299,8.166749954223633,8.145223379135132,8.167581558227539,8.17970871925354,8.15964150428772
