Epoch, 23
Random seed, 0, forward time, 25.56270408630371, inference time, 113.8950731754303, qp time, 0, backward_time, 48.06373429298401
forward time,0,0,1.0793988704681396,1.0891385078430176,1.0901899337768555,1.0921523571014404,1.0961859226226807,1.0979580879211426,1.0966534614562988,1.0989980697631836,1.1032261848449707,1.1063525676727295,1.1088049411773682,1.113800048828125,1.117335319519043,1.1142826080322266,1.121471643447876,1.1223304271697998,1.126732349395752,1.1256935596466064,1.1286675930023193,1.1327269077301025,1.1314890384674072,1.133558750152588,1.135556936264038
inference time,0,0,4.62441611289978,4.732491493225098,4.718020677566528,4.737091779708862,4.802203893661499,4.816555976867676,4.808881998062134,4.889995574951172,4.882374048233032,4.899294853210449,4.986110687255859,5.02102518081665,5.000864267349243,5.051774978637695,5.047525405883789,5.058374404907227,5.1087212562561035,5.077840805053711,5.085360288619995,5.147873640060425,5.098205089569092,5.141950368881226,5.158120393753052
qp time,0,0,0,0,0,0,0,0,0,0,0,0,0,0,0,0,0,0,0,0,0,0,0,0,0
backward time,0,0,2.0502963066101074,2.060333013534546,2.063441276550293,2.06225848197937,2.0743465423583984,2.0824811458587646,2.079444169998169,2.085233449935913,2.0934500694274902,2.0907740592956543,2.0986461639404297,2.101316213607788,2.103001356124878,2.096895933151245,2.103649139404297,2.1036019325256348,2.105645179748535,2.099449396133423,2.096017599105835,2.102154493331909,2.1013622283935547,2.101930618286133,2.1080055236816406
