Epoch, 13
Random seed, 0, forward time, 70.64192128181458, inference time, 729.0219032764435, qp time, 0, backward_time, 113.68373012542725
forward time,0,0,5.35065484046936,5.37969970703125,5.406505823135376,5.375945091247559,5.448142766952515,5.448590517044067,5.4662206172943115,5.478330373764038,5.4730002880096436,5.441725015640259,5.451345682144165,5.457578420639038,5.464182138442993
inference time,0,0,50.645095348358154,51.846083879470825,52.63309335708618,53.035688638687134,54.96756863594055,55.685630798339844,56.2840313911438,57.485024213790894,58.57188177108765,58.54035186767578,59.27519774436951,59.97068452835083,60.081571102142334
qp time,0,0,0,0,0,0,0,0,0,0,0,0,0,0,0
backward time,0,0,8.676576137542725,8.59279489517212,8.606312990188599,8.59427285194397,8.72296690940857,8.758199691772461,8.799806594848633,8.858478784561157,8.828346490859985,8.78305959701538,8.806020021438599,8.836528778076172,8.820366382598877
