Epoch, 22
Random seed, 0, forward time, 150.53461956977844, inference time, 8382.153339147568, qp time, 0, backward_time, 411.244508266449
forward time,0,0,6.749974727630615,6.780270099639893,6.777380704879761,6.7453014850616455,6.780234098434448,6.815278768539429,6.851441860198975,6.882997751235962,6.8526976108551025,6.833118200302124,6.796513557434082,6.810341835021973,6.801479339599609,6.804856300354004,6.865758419036865,6.916807651519775,6.9045960903167725,6.946995496749878,6.9070611000061035,6.959248065948486,6.845056533813477,6.907209873199463
inference time,0,0,339.4456446170807,348.3686354160309,352.2754473686218,355.0881781578064,360.04644656181335,366.5099000930786,373.786584854126,378.0450131893158,380.5721492767334,376.5630509853363,376.07399892807007,376.3178095817566,380.60109305381775,381.6637923717499,393.7559597492218,404.5792510509491,398.68756103515625,407.98388481140137,401.4535217285156,413.6165301799774,401.3186204433441,415.40026569366455
qp time,0,0,0,0,0,0,0,0,0,0,0,0,0,0,0,0,0,0,0,0,0,0,0,0
backward time,0,0,13.783762216567993,15.374971628189087,16.785964488983154,17.73209857940674,18.290990591049194,18.823683500289917,19.32050919532776,19.383847951889038,19.346069812774658,19.625710010528564,19.56590175628662,19.75460457801819,19.8645498752594,19.723231315612793,19.643609285354614,19.63825535774231,19.697983741760254,19.437812566757202,18.935426235198975,18.90327525138855,18.732497692108154,18.87975263595581
