Epoch, 30
Random seed, 0, forward time, 35.370540380477905, inference time, 264.02445697784424, qp time, 0, backward_time, 59.247889041900635
forward time,0,0,1.1718144416809082,1.1700561046600342,1.1722469329833984,1.1736814975738525,1.1777045726776123,1.1762685775756836,1.1741716861724854,1.178419589996338,1.1789517402648926,1.1741142272949219,1.178760051727295,1.174802541732788,1.1799736022949219,1.1793253421783447,1.1792395114898682,1.176060676574707,1.180504560470581,1.185410737991333,1.1825189590454102,1.1834158897399902,1.175384521484375,1.1870708465576172,1.1770408153533936,1.1832256317138672,1.1795830726623535,1.183439016342163,1.1845252513885498,1.1870129108428955,1.1883244514465332,1.177492618560791
inference time,0,0,7.9192564487457275,8.029434204101562,8.086467742919922,8.22535252571106,8.304556846618652,8.44620656967163,8.399659156799316,8.53311824798584,8.55018663406372,8.607460498809814,8.618454694747925,8.65169906616211,8.760873556137085,8.782458305358887,8.899659156799316,8.865761041641235,8.98280143737793,9.020632266998291,9.055525064468384,9.092731475830078,9.051246166229248,9.196504354476929,9.110994815826416,9.226576328277588,9.17796277999878,9.275923728942871,9.271501064300537,9.319316625595093,9.306809425354004,9.255326747894287
qp time,0,0,0,0,0,0,0,0,0,0,0,0,0,0,0,0,0,0,0,0,0,0,0,0,0,0,0,0,0,0,0,0
backward time,0,0,1.9468317031860352,1.9411125183105469,1.9743306636810303,1.9625964164733887,1.9726042747497559,1.9776358604431152,1.9750025272369385,1.9717867374420166,1.977454423904419,1.9747042655944824,1.962867259979248,1.9743609428405762,1.9673879146575928,1.9756665229797363,1.9771885871887207,1.9653241634368896,1.9801857471466064,1.9815480709075928,1.9883413314819336,1.9855165481567383,1.983316421508789,1.9844748973846436,1.9754910469055176,1.9768331050872803,1.9744224548339844,1.9812874794006348,1.9848175048828125,1.9836292266845703,1.9907598495483398,1.9804105758666992
