Epoch, 14
Random seed, 0, forward time, 26.631443738937378, inference time, 123.63256621360779, qp time, 0, backward_time, 46.8908805847168
forward time,0,0,1.876904010772705,1.9096641540527344,1.908440113067627,1.9152705669403076,1.9188032150268555,1.887885570526123,1.888375997543335,1.8924219608306885,1.8893914222717285,1.8896851539611816,1.9229063987731934,1.9184751510620117,1.924062728881836,1.8891572952270508
inference time,0,0,8.392117738723755,8.513592720031738,8.54104471206665,8.63465666770935,8.80462384223938,8.92055606842041,8.863610982894897,8.962119340896606,8.940141677856445,8.95594048500061,9.044408082962036,8.989266872406006,9.026298761367798,9.044188261032104
qp time,0,0,0,0,0,0,0,0,0,0,0,0,0,0,0,0
backward time,0,0,3.3510048389434814,3.3308470249176025,3.341918706893921,3.344230890274048,3.358900308609009,3.3403167724609375,3.337902069091797,3.34798264503479,3.348804235458374,3.3340513706207275,3.3775267601013184,3.3690285682678223,3.369464874267578,3.3389015197753906
