Epoch, 11
Random seed, 0, forward time, 11.878621578216553, inference time, 51.993032693862915, qp time, 0, backward_time, 22.914341688156128
forward time,0,0,1.0694589614868164,1.0730361938476562,1.0761122703552246,1.0767316818237305,1.0806095600128174,1.0810399055480957,1.0801446437835693,1.0812397003173828,1.0823428630828857,1.0803608894348145,1.0975449085235596
inference time,0,0,4.555950403213501,4.653642654418945,4.645275831222534,4.663839101791382,4.731473207473755,4.746583938598633,4.726721525192261,4.803960800170898,4.790311574935913,4.794010639190674,4.881263017654419
qp time,0,0,0,0,0,0,0,0,0,0,0,0,0
backward time,0,0,2.3102009296417236,2.0458555221557617,2.0522332191467285,2.05690336227417,2.059054136276245,2.0632436275482178,2.0587263107299805,2.0644567012786865,2.068971872329712,2.0589113235473633,2.075784683227539
