Epoch, 14
Random seed, 0, forward time, 34.70867609977722, inference time, 193.12893748283386, qp time, 0, backward_time, 58.23446559906006
forward time,0,0,2.4174294471740723,2.4447829723358154,2.4526524543762207,2.455078601837158,2.4603281021118164,2.4746458530426025,2.4787964820861816,2.4883930683135986,2.5039854049682617,2.4967145919799805,2.505650043487549,2.5098233222961426,2.503305673599243,2.517090082168579
inference time,0,0,13.128989696502686,13.350050687789917,13.344156503677368,13.401331186294556,13.558934688568115,13.594923257827759,13.68828821182251,13.842408180236816,13.954676866531372,13.965500831604004,14.156945705413818,14.253514051437378,14.389549016952515,14.499668598175049
qp time,0,0,0,0,0,0,0,0,0,0,0,0,0,0,0,0
backward time,0,0,4.065087556838989,4.079833984375,4.113041639328003,4.115913152694702,4.127092599868774,4.150725364685059,4.159095764160156,4.1838366985321045,4.202987432479858,4.193761587142944,4.1931092739105225,4.21199631690979,4.213297128677368,4.224687099456787
