Epoch, 28
Random seed, 0, forward time, 52.10942029953003, inference time, 650.508003950119, qp time, 0, backward_time, 84.82371735572815
forward time,0,0,1.8241500854492188,1.8331141471862793,1.8445873260498047,1.853379487991333,1.829601526260376,1.8309504985809326,1.8478128910064697,1.8423025608062744,1.848719596862793,1.8611421585083008,1.8610844612121582,1.860206127166748,1.8642239570617676,1.866575002670288,1.8658976554870605,1.8869256973266602,1.8735039234161377,1.8741052150726318,1.8732609748840332,1.875593900680542,1.874396562576294,1.8808972835540771,1.8766894340515137,1.8746817111968994,1.8734784126281738,1.8777775764465332,1.865727186203003,1.8686349391937256
inference time,0,0,20.527366876602173,21.058796167373657,21.283844232559204,21.67504858970642,21.69641089439392,22.050348043441772,22.269644021987915,22.465003967285156,22.329925537109375,22.75733184814453,22.845306396484375,23.090063333511353,23.414636850357056,23.357457637786865,23.740857362747192,23.787086963653564,24.05314350128174,24.008758068084717,24.133704662322998,24.215200424194336,24.160590410232544,24.292843103408813,24.28248405456543,24.471759557724,24.51649808883667,24.676769018173218,24.61360216140747,24.733522176742554
qp time,0,0,0,0,0,0,0,0,0,0,0,0,0,0,0,0,0,0,0,0,0,0,0,0,0,0,0,0,0,0
backward time,0,0,2.959867238998413,2.9614439010620117,2.9726457595825195,2.991105556488037,2.98305606842041,2.9855575561523438,3.000833511352539,3.0023462772369385,3.0068886280059814,3.0154104232788086,3.0239641666412354,3.0234017372131348,3.023378610610962,3.026823043823242,3.0448718070983887,3.0688605308532715,3.075266122817993,3.065563201904297,3.0696635246276855,3.056873083114624,3.0636487007141113,3.0709524154663086,3.061546802520752,3.0618784427642822,3.0502212047576904,3.0665059089660645,3.0400032997131348,3.0511398315429688
