Epoch, 20
Random seed, 0, forward time, 71.59436345100403, inference time, 509.50676465034485, qp time, 0, backward_time, 116.03527402877808
forward time,0,0,3.4842498302459717,3.5062859058380127,3.5321168899536133,3.5516507625579834,3.5522217750549316,3.5741238594055176,3.573075771331787,3.574998140335083,3.590503454208374,3.594008445739746,3.6028733253479004,3.6027095317840576,3.608262300491333,3.61081862449646,3.614525318145752,3.6239397525787354,3.6245572566986084,3.5920634269714355,3.581414222717285,3.5999648571014404
inference time,0,0,21.906368017196655,22.52873420715332,23.106950521469116,23.52076292037964,24.081305027008057,24.323340892791748,24.597753763198853,25.31055760383606,25.36961078643799,25.35938596725464,25.65115761756897,25.91060495376587,26.167417526245117,26.641095876693726,26.85263991355896,27.031985759735107,27.61737060546875,27.536086559295654,27.546610355377197,28.447025775909424
qp time,0,0,0,0,0,0,0,0,0,0,0,0,0,0,0,0,0,0,0,0,0,0
backward time,0,0,5.6684088706970215,5.604708433151245,5.686262130737305,5.69428014755249,5.710365295410156,5.772640228271484,5.765207290649414,5.796091318130493,5.817450284957886,5.826324224472046,5.8428568840026855,5.865367650985718,5.863336801528931,5.874507904052734,5.896064758300781,5.891106128692627,5.902750492095947,5.868089914321899,5.822009086608887,5.867446184158325
