Epoch, 22
Random seed, 0, forward time, 49.57201409339905, inference time, 268.6669487953186, qp time, 0, backward_time, 86.17623734474182
forward time,0,0,2.2095742225646973,2.224750280380249,2.2381434440612793,2.2286717891693115,2.243389844894409,2.242631435394287,2.2235705852508545,2.235931634902954,2.2520735263824463,2.2535130977630615,2.256617546081543,2.2602269649505615,2.261848211288452,2.2563867568969727,2.2715847492218018,2.273205518722534,2.270699977874756,2.2776732444763184,2.279794931411743,2.2696661949157715,2.2693443298339844,2.2727158069610596
inference time,0,0,10.832088470458984,11.069668531417847,11.104358434677124,11.151195049285889,11.37357783317566,11.496631622314453,11.43268632888794,11.675485610961914,12.045074701309204,12.100749492645264,12.290722131729126,12.446614742279053,12.524958848953247,12.72512936592102,12.837092876434326,12.829378366470337,12.966076850891113,13.088667154312134,13.154414892196655,13.187695741653442,13.128832578659058,13.205849170684814
qp time,0,0,0,0,0,0,0,0,0,0,0,0,0,0,0,0,0,0,0,0,0,0,0,0
backward time,0,0,3.866218090057373,3.8093550205230713,3.836298704147339,3.840522527694702,3.8810698986053467,3.8817825317382812,3.8456666469573975,3.8672828674316406,3.910372734069824,3.90779447555542,3.9156992435455322,3.9351646900177,3.953899383544922,3.9469916820526123,3.957242012023926,3.960235834121704,3.9698846340179443,3.9854254722595215,3.9893105030059814,3.9641623497009277,3.9799139499664307,3.9719440937042236
