Epoch, 39
Random seed, 0, forward time, 275.07081270217896, inference time, 4795.94371843338, qp time, 0, backward_time, 466.5112781524658
forward time,0,0,6.926546573638916,6.917684316635132,7.011598348617554,7.067357301712036,7.013992547988892,7.030235290527344,6.982549428939819,7.169163227081299,7.159872531890869,7.116003751754761,7.108273506164551,7.0878753662109375,7.162360429763794,7.103226900100708,7.039781332015991,6.990936517715454,7.061068773269653,7.053646087646484,6.98271369934082,7.0585713386535645,7.081669569015503,7.085863828659058,6.995286226272583,6.953542232513428,7.104384660720825,7.07698130607605,7.024320125579834,7.054352045059204,7.06233811378479,7.034529209136963,7.045752048492432,7.080286979675293,7.0627830028533936,7.085299730300903,7.058230400085449,7.029587745666504,7.035452127456665,7.100850820541382,7.055845260620117
inference time,0,0,85.70934057235718,88.84355187416077,93.17829608917236,96.43852663040161,96.90245246887207,98.78237223625183,98.87120747566223,108.15252256393433,109.73355269432068,111.16124081611633,112.81128096580505,114.79919576644897,122.11180782318115,120.04444193840027,119.5905032157898,117.24735569953918,122.01789236068726,122.44192600250244,119.72800254821777,125.972332239151,127.215989112854,128.8402123451233,124.00456762313843,122.93322229385376,135.7468979358673,136.27392673492432,132.66177344322205,136.8281433582306,137.6796371936798,136.07984328269958,139.4851553440094,144.21335434913635,143.30661797523499,144.65701842308044,141.81957817077637,139.56258392333984,143.23299837112427,150.0271122455597,146.83728432655334
qp time,0,0,0,0,0,0,0,0,0,0,0,0,0,0,0,0,0,0,0,0,0,0,0,0,0,0,0,0,0,0,0,0,0,0,0,0,0,0,0,0,0
backward time,0,0,11.542601108551025,11.467736959457397,11.649665117263794,11.686538457870483,11.58535647392273,11.63790512084961,11.51356291770935,11.81183671951294,11.84641170501709,11.893988132476807,11.864586353302002,11.852420091629028,12.049859285354614,11.98867917060852,12.016346454620361,11.95223879814148,12.07714557647705,12.065500020980835,11.896299123764038,12.057233810424805,12.16929292678833,12.183958768844604,11.977012157440186,11.89273190498352,12.205849409103394,12.172574758529663,12.071820497512817,12.111136198043823,12.17377781867981,12.077089071273804,12.08004879951477,12.200640201568604,12.1415274143219,12.134552001953125,12.104859590530396,12.017506837844849,12.037946462631226,12.19944453239441,12.103597402572632
