Epoch, 34
Random seed, 0, forward time, 116.0058958530426, inference time, 2796.4498162269592, qp time, 0, backward_time, 242.17329573631287
forward time,0,0,3.3334500789642334,3.4181339740753174,3.4238243103027344,3.3812263011932373,3.4103705883026123,3.4144480228424072,3.361710548400879,3.363662004470825,3.372405529022217,3.378972291946411,3.377617359161377,3.3768465518951416,3.4056103229522705,3.402160406112671,3.4135167598724365,3.419182777404785,3.424935817718506,3.42041015625,3.4132392406463623,3.4247419834136963,3.425337553024292,3.427826166152954,3.427672863006592,3.4344072341918945,3.4323198795318604,3.4293532371520996,3.4279181957244873,3.4315710067749023,3.430060863494873,3.4347074031829834,3.446237564086914,3.444150447845459,3.443718910217285,3.4341495037078857
inference time,0,0,73.56897592544556,76.64447259902954,76.8787910938263,76.92026615142822,77.81262731552124,79.72990560531616,77.19147443771362,78.37789344787598,78.700439453125,79.20836901664734,79.62429714202881,79.05222201347351,81.10879111289978,80.81273579597473,81.66922521591187,81.71695566177368,82.60992002487183,82.55956625938416,82.34066462516785,83.99747943878174,84.11990404129028,84.6608054637909,84.58663749694824,85.4115297794342,85.48434734344482,85.4691059589386,85.2572705745697,86.28263854980469,86.50445771217346,86.92945337295532,87.53234648704529,87.92703652381897,88.3251302242279,87.43408036231995
qp time,0,0,0,0,0,0,0,0,0,0,0,0,0,0,0,0,0,0,0,0,0,0,0,0,0,0,0,0,0,0,0,0,0,0,0,0
backward time,0,0,5.5603742599487305,5.883177995681763,6.305584907531738,6.520445108413696,6.8394386768341064,6.981514930725098,6.965003252029419,7.06568169593811,7.113190412521362,7.212614059448242,7.2566819190979,7.266871452331543,7.30674147605896,7.323579788208008,7.345473289489746,7.34598445892334,7.315752983093262,7.248389005661011,7.262855529785156,7.365728378295898,7.294422149658203,7.32330322265625,7.366479873657227,7.38620662689209,7.36782169342041,7.3532984256744385,7.27940034866333,7.400143623352051,7.353211164474487,7.383451700210571,7.347202301025391,7.2275660037994385,7.297771453857422,7.307933568954468
