Epoch, 27
Random seed, 0, forward time, 141.35724091529846, inference time, 6065.609755516052, qp time, 0, backward_time, 344.78821659088135
forward time,0,0,5.182234764099121,5.178890228271484,5.164923429489136,5.256386756896973,5.21762752532959,5.246827125549316,5.246309757232666,5.243893623352051,5.238847494125366,5.242902755737305,5.261918783187866,5.249134063720703,5.249080419540405,5.263082981109619,5.250777244567871,5.247373104095459,5.254067659378052,5.242347717285156,5.235841512680054,5.228596448898315,5.228837013244629,5.231410264968872,5.234468698501587,5.242054224014282,5.236283540725708,5.241394758224487,5.241729021072388
inference time,0,0,198.09707307815552,203.13774514198303,200.6055552959442,210.57998967170715,209.59709692001343,213.46025490760803,215.91330671310425,215.7220916748047,220.07274079322815,217.1493182182312,224.6384744644165,221.51592922210693,227.16367864608765,224.84248328208923,228.67192125320435,230.28601813316345,230.82635974884033,235.85897707939148,231.756689786911,238.40569686889648,232.61038613319397,238.9847812652588,236.33884692192078,238.03196835517883,238.68794584274292,237.96883893013,244.68558716773987
qp time,0,0,0,0,0,0,0,0,0,0,0,0,0,0,0,0,0,0,0,0,0,0,0,0,0,0,0,0,0
backward time,0,0,9.40565299987793,10.320503950119019,10.957875490188599,11.339003086090088,11.715252161026001,12.249614238739014,12.49597692489624,12.71202826499939,12.866981029510498,13.068969249725342,13.160334825515747,13.191640853881836,13.357567310333252,13.560975790023804,13.508433103561401,13.449123859405518,13.493573427200317,13.677199363708496,13.57408356666565,13.400600671768188,13.356486320495605,13.304504632949829,13.297279357910156,13.2662672996521,13.200321435928345,13.4089994430542,13.448967933654785
