Epoch, 39
Random seed, 0, forward time, 91.84419441223145, inference time, 1500.6621556282043, qp time, 0, backward_time, 154.7437891960144
forward time,0,0,2.24284029006958,2.2892520427703857,2.2930643558502197,2.3172483444213867,2.3223307132720947,2.3384201526641846,2.3042359352111816,2.3132224082946777,2.352717161178589,2.33864164352417,2.35853910446167,2.3304078578948975,2.3403398990631104,2.3376290798187256,2.3419861793518066,2.3465492725372314,2.3186194896698,2.3216922283172607,2.333566665649414,2.3401269912719727,2.348328113555908,2.3420820236206055,2.3409149646759033,2.352128267288208,2.363067150115967,2.3647148609161377,2.3528101444244385,2.370717763900757,2.3667759895324707,2.380598545074463,2.375736951828003,2.394315242767334,2.408557891845703,2.415579080581665,2.4150314331054688,2.4370152950286865,2.4498274326324463,2.442847967147827,2.4417154788970947
inference time,0,0,30.289753198623657,31.67619776725769,31.939418077468872,33.13859581947327,33.571019411087036,34.59066581726074,34.58386969566345,35.24961471557617,36.10645127296448,36.71202564239502,36.95422673225403,37.02155113220215,37.47339057922363,37.6328341960907,38.115558385849,38.05781936645508,38.602712869644165,38.31339168548584,39.15203881263733,39.52090907096863,39.53903293609619,40.31399345397949,40.35981559753418,40.90226888656616,40.77892184257507,41.329771757125854,40.419952392578125,40.485952377319336,40.85327458381653,40.7719509601593,41.14722037315369,40.955039262771606,41.24911832809448,41.05310130119324,42.01361060142517,41.720773696899414,42.22905898094177,42.57965016365051,43.257603883743286
qp time,0,0,0,0,0,0,0,0,0,0,0,0,0,0,0,0,0,0,0,0,0,0,0,0,0,0,0,0,0,0,0,0,0,0,0,0,0,0,0,0,0
backward time,0,0,3.5560977458953857,3.5907766819000244,3.6102380752563477,3.6578545570373535,3.7004342079162598,3.7254674434661865,3.7169435024261475,3.724497079849243,3.8078010082244873,3.835922956466675,3.8900482654571533,3.885359525680542,3.931241512298584,3.921659469604492,3.962409734725952,3.978008985519409,3.9662609100341797,3.973966121673584,4.009306907653809,4.030118227005005,4.06209921836853,4.053656339645386,4.080944776535034,4.119383096694946,4.138426780700684,4.124963045120239,4.131471872329712,4.125647306442261,4.0986058712005615,4.116591215133667,4.103173494338989,4.1302690505981445,4.142958879470825,4.147959470748901,4.118146657943726,4.145471096038818,4.148798227310181,4.140287160873413,4.140522718429565
