Epoch, 18
Random seed, 0, forward time, 18.886149168014526, inference time, 135.7385869026184, qp time, 0, backward_time, 32.002617835998535
forward time,0,0,1.0326051712036133,1.0128881931304932,1.0166881084442139,1.0226554870605469,1.0404741764068604,1.0534029006958008,1.0522010326385498,1.051464319229126,1.0592849254608154,1.055671215057373,1.0608210563659668,1.0566632747650146,1.0608820915222168,1.0597600936889648,1.060532808303833,1.060957670211792,1.063575029373169,1.0656216144561768
inference time,0,0,7.086564540863037,7.0253942012786865,7.052296876907349,7.110662937164307,7.276345252990723,7.477898597717285,7.472400188446045,7.5599119663238525,7.616629362106323,7.681573390960693,7.708993911743164,7.713184595108032,7.778217315673828,7.764135122299194,7.847118854522705,7.810525417327881,7.87330174446106,7.883432626724243
qp time,0,0,0,0,0,0,0,0,0,0,0,0,0,0,0,0,0,0,0,0
backward time,0,0,1.736565351486206,1.7137367725372314,1.7298321723937988,1.7290422916412354,1.758939266204834,1.7662692070007324,1.7786545753479004,1.7835745811462402,1.7924702167510986,1.794001817703247,1.8008196353912354,1.795466661453247,1.7875864505767822,1.8071858882904053,1.8079984188079834,1.8046987056732178,1.8041775226593018,1.811598300933838
