Epoch, 11
Random seed, 0, forward time, 28.492148637771606, inference time, 161.80397129058838, qp time, 0, backward_time, 48.81445074081421
forward time,0,0,2.517545461654663,2.5534451007843018,2.563488721847534,2.5631351470947266,2.6004650592803955,2.6034722328186035,2.6148245334625244,2.6203300952911377,2.6222426891326904,2.6191115379333496,2.6140880584716797
inference time,0,0,13.572371244430542,13.980834484100342,14.108047008514404,14.206255912780762,14.55679202079773,14.71834921836853,14.88226318359375,15.257285118103027,15.40207314491272,15.509843111038208,15.609856843948364
qp time,0,0,0,0,0,0,0,0,0,0,0,0,0
backward time,0,0,4.340748310089111,4.309733629226685,4.3478312492370605,4.3578009605407715,4.438483238220215,4.4832987785339355,4.485029458999634,4.496229648590088,4.527700662612915,4.518580675125122,4.509014129638672
