Epoch, 29
Random seed, 0, forward time, 105.36109471321106, inference time, 2769.283695936203, qp time, 0, backward_time, 212.91497588157654
forward time,0,0,3.5957999229431152,3.6358842849731445,3.624023914337158,3.6281275749206543,3.65751576423645,3.667174816131592,3.6470117568969727,3.636824131011963,3.627025604248047,3.640489101409912,3.643991231918335,3.645627737045288,3.630397319793701,3.6252598762512207,3.62723970413208,3.6387720108032227,3.6370720863342285,3.635309934616089,3.6253504753112793,3.622582197189331,3.622730255126953,3.622178077697754,3.6260950565338135,3.6311843395233154,3.630568027496338,3.630866050720215,3.6314473152160645,3.6391382217407227,3.6354079246520996
inference time,0,0,79.54626750946045,82.21733021736145,82.152334690094,85.0054931640625,86.7716794013977,90.10001921653748,90.03405213356018,91.70236039161682,91.81614947319031,93.16337180137634,94.54405975341797,94.36023378372192,95.94771122932434,95.62580633163452,97.24874496459961,97.57796049118042,98.67958498001099,99.37572288513184,99.02126932144165,99.54491424560547,100.08443093299866,100.88641262054443,100.98858571052551,101.92614960670471,102.651362657547,103.69773173332214,104.14722275733948,104.9567723274231,105.50996160507202
qp time,0,0,0,0,0,0,0,0,0,0,0,0,0,0,0,0,0,0,0,0,0,0,0,0,0,0,0,0,0,0,0
backward time,0,0,5.908520698547363,6.118810176849365,6.357757806777954,6.63469386100769,6.949714183807373,7.082152843475342,7.1969358921051025,7.326511383056641,7.327788591384888,7.443239688873291,7.485685110092163,7.475285053253174,7.474738836288452,7.520356178283691,7.6099584102630615,7.580539703369141,7.589970350265503,7.633758068084717,7.6605918407440186,7.659125089645386,7.669304132461548,7.697539329528809,7.683758974075317,7.697754383087158,7.710803985595703,7.666102647781372,7.649012804031372,7.5665271282196045,7.538038730621338
