Epoch, 15
Random seed, 0, forward time, 107.48839163780212, inference time, 1539.78981757164, qp time, 0, backward_time, 177.50351977348328
forward time,0,0,7.097020387649536,7.088529586791992,7.106520175933838,6.891741037368774,7.062978506088257,7.160269737243652,7.175010681152344,7.228248596191406,7.237849473953247,7.221750259399414,7.222099542617798,7.197147369384766,7.219123125076294,7.283598184585571,7.296504974365234
inference time,0,0,86.31746625900269,89.60858941078186,91.85999965667725,88.7771565914154,94.32429504394531,97.08093023300171,99.69936442375183,102.84203267097473,105.95586848258972,107.85403060913086,110.13693308830261,113.33355069160461,114.41835761070251,118.27027010917664,119.31097269058228
qp time,0,0,0,0,0,0,0,0,0,0,0,0,0,0,0,0,0
backward time,0,0,11.777918338775635,11.669252634048462,11.828596591949463,11.340802907943726,11.587414979934692,11.753718376159668,11.781915426254272,11.82490611076355,11.950549602508545,11.8675537109375,11.891018152236938,11.922975301742554,11.978139162063599,12.142447233200073,12.1863112449646
