Epoch, 13
Random seed, 0, forward time, 14.559801578521729, inference time, 63.45555567741394, qp time, 0, backward_time, 27.557636737823486
forward time,0,0,1.093512773513794,1.0971689224243164,1.1046698093414307,1.1020824909210205,1.109201431274414,1.1169958114624023,1.1154754161834717,1.119755744934082,1.132462501525879,1.1373600959777832,1.142561435699463,1.1496546268463135,1.1389005184173584
inference time,0,0,4.647684574127197,4.73639702796936,4.753418922424316,4.769382476806641,4.820901155471802,4.841165781021118,4.815852880477905,4.897264719009399,4.94252872467041,4.977168560028076,5.070307493209839,5.113666534423828,5.069816827774048
qp time,0,0,0,0,0,0,0,0,0,0,0,0,0,0,0
backward time,0,0,2.0793726444244385,2.0854671001434326,2.104090929031372,2.096512794494629,2.110680341720581,2.109992265701294,2.1038496494293213,2.114337682723999,2.1393818855285645,2.1511476039886475,2.154548406600952,2.1632587909698486,2.1449966430664062
