Epoch, 22
Random seed, 0, forward time, 119.71620750427246, inference time, 1320.0855593681335, qp time, 0, backward_time, 192.5450382232666
forward time,0,0,5.338165283203125,5.398677825927734,5.421404600143433,5.441637992858887,5.42556095123291,5.444708824157715,5.433263540267944,5.44073748588562,5.445697784423828,5.461516618728638,5.4446399211883545,5.427331447601318,5.440390348434448,5.421886205673218,5.459030866622925,5.458394527435303,5.450479030609131,5.4574267864227295,5.468409299850464,5.474961042404175,5.486145257949829,5.475741863250732
inference time,0,0,51.49861001968384,52.66891694068909,53.59860348701477,54.42433142662048,55.97614574432373,56.84863257408142,57.60607957839966,58.880290031433105,59.65752124786377,60.270928621292114,61.20018243789673,62.30369591712952,62.09835195541382,62.476380825042725,62.51617407798767,62.658530712127686,63.14462995529175,63.87836790084839,63.85425615310669,64.41831541061401,64.73493075370789,65.3716835975647
qp time,0,0,0,0,0,0,0,0,0,0,0,0,0,0,0,0,0,0,0,0,0,0,0,0
backward time,0,0,8.59583854675293,8.594017028808594,8.639021635055542,8.673638820648193,8.641626596450806,8.631262063980103,8.639542579650879,8.730315446853638,8.739043712615967,8.751526594161987,8.737850427627563,8.793567657470703,8.800440788269043,8.78121542930603,8.846534729003906,8.856106281280518,8.848185062408447,8.856306076049805,8.851954698562622,8.831718683242798,8.867079734802246,8.838245630264282
