Epoch, 18
Random seed, 0, forward time, 26.720320463180542, inference time, 230.57388019561768, qp time, 0, backward_time, 41.971914768218994
forward time,0,0,1.4089136123657227,1.41373610496521,1.4041831493377686,1.4308297634124756,1.4327328205108643,1.4496276378631592,1.4473834037780762,1.4542691707611084,1.467144250869751,1.464402675628662,1.4951322078704834,1.5205883979797363,1.5327954292297363,1.5440316200256348,1.545987606048584,1.571988582611084,1.555729627609253,1.5808444023132324
inference time,0,0,12.048365831375122,12.232422590255737,12.101248025894165,12.440732717514038,12.426590919494629,12.738032341003418,12.694821834564209,12.731082439422607,12.834996461868286,12.760345220565796,12.948147773742676,13.046316385269165,13.134157180786133,13.135263919830322,13.24039912223816,13.343443870544434,13.275014162063599,13.44249939918518
qp time,0,0,0,0,0,0,0,0,0,0,0,0,0,0,0,0,0,0,0,0
backward time,0,0,2.32285475730896,2.279149055480957,2.258470058441162,2.2964015007019043,2.3009748458862305,2.317845344543457,2.31322979927063,2.3106470108032227,2.317937135696411,2.3123438358306885,2.340423822402954,2.3661081790924072,2.3657987117767334,2.3760063648223877,2.3640148639678955,2.3809452056884766,2.368363618850708,2.3804006576538086
