Epoch, 39
Random seed, 0, forward time, 44.1295850276947, inference time, 333.76123452186584, qp time, 0, backward_time, 73.92240858078003
forward time,0,0,1.1058015823364258,1.109095811843872,1.1097352504730225,1.1177465915679932,1.116431713104248,1.1193649768829346,1.121549129486084,1.1201019287109375,1.1196844577789307,1.1200733184814453,1.1220669746398926,1.1200778484344482,1.1220309734344482,1.122558832168579,1.1247892379760742,1.1285831928253174,1.130507469177246,1.1295750141143799,1.131432294845581,1.1382789611816406,1.1456196308135986,1.149216890335083,1.1469264030456543,1.1484277248382568,1.148308515548706,1.1431751251220703,1.1409740447998047,1.1406104564666748,1.1403741836547852,1.1412639617919922,1.1427655220031738,1.1370372772216797,1.141434669494629,1.137458324432373,1.1416995525360107,1.1388957500457764,1.1366794109344482,1.1405611038208008,1.1386709213256836
inference time,0,0,7.550055980682373,7.647306442260742,7.685435056686401,7.828350067138672,7.861163854598999,7.990435838699341,8.009817361831665,8.119833707809448,8.128248453140259,8.217793703079224,8.2289559841156,8.215542793273926,8.287065982818604,8.287525177001953,8.423346281051636,8.404999256134033,8.494868040084839,8.479295492172241,8.581501722335815,8.68233346939087,8.769704580307007,8.86794376373291,8.850322008132935,8.918005466461182,8.909778594970703,8.931134939193726,8.913031578063965,8.98397946357727,8.966542959213257,8.96436619758606,9.01254415512085,8.976130962371826,9.070691585540771,9.035545110702515,9.10110092163086,9.05445647239685,9.09675145149231,9.083843231201172,9.131486415863037
qp time,0,0,0,0,0,0,0,0,0,0,0,0,0,0,0,0,0,0,0,0,0,0,0,0,0,0,0,0,0,0,0,0,0,0,0,0,0,0,0,0,0
backward time,0,0,1.8666579723358154,1.848893642425537,1.862191915512085,1.869272232055664,1.86366868019104,1.8836314678192139,1.8872523307800293,1.8868072032928467,1.8831987380981445,1.8819231986999512,1.8819952011108398,1.8849685192108154,1.8807523250579834,1.883657693862915,1.8733882904052734,1.8868160247802734,1.8902902603149414,1.8891501426696777,1.898904800415039,1.907411813735962,1.9205522537231445,1.918348789215088,1.9182467460632324,1.9177649021148682,1.923408031463623,1.911712408065796,1.910736083984375,1.9088594913482666,1.9114649295806885,1.9131159782409668,1.9076502323150635,1.90679931640625,1.9081473350524902,1.906996488571167,1.9066967964172363,1.9037728309631348,1.8998219966888428,1.9080185890197754,1.9094629287719727
