Epoch, 21
Random seed, 0, forward time, 76.08633995056152, inference time, 552.7590248584747, qp time, 0, backward_time, 123.73829984664917
forward time,0,0,3.5396358966827393,3.5609283447265625,3.583364248275757,3.606934070587158,3.599362373352051,3.6028168201446533,3.6083638668060303,3.605093479156494,3.612520933151245,3.6210594177246094,3.631479263305664,3.6307175159454346,3.6324167251586914,3.6358160972595215,3.6460580825805664,3.654911756515503,3.6561646461486816,3.6559770107269287,3.6655662059783936,3.663343906402588,3.673809289932251
inference time,0,0,22.242198944091797,22.977147102355957,23.48490881919861,24.00226616859436,24.570207595825195,24.77810549736023,25.144126653671265,25.771228313446045,25.763644695281982,25.827044248580933,26.15801739692688,26.43648934364319,26.637102603912354,27.20909857749939,27.47312021255493,27.723772764205933,28.431750774383545,28.870471715927124,29.325300931930542,29.853584051132202,30.07943844795227
qp time,0,0,0,0,0,0,0,0,0,0,0,0,0,0,0,0,0,0,0,0,0,0,0
backward time,0,0,5.702697992324829,5.72253680229187,5.782008171081543,5.785634517669678,5.80565071105957,5.854195833206177,5.856152772903442,5.886096954345703,5.8988566398620605,5.908139705657959,5.906480073928833,5.9582343101501465,5.9435203075408936,5.9411163330078125,5.962143421173096,5.948729038238525,5.9605183601379395,5.985191345214844,5.970063209533691,5.975931644439697,5.984401702880859
