Epoch, 26
Random seed, 0, forward time, 143.6506061553955, inference time, 1614.2088844776154, qp time, 0, backward_time, 235.21185898780823
forward time,0,0,5.433669805526733,5.459708213806152,5.472611665725708,5.503514289855957,5.515307903289795,5.53399658203125,5.527847051620483,5.536805868148804,5.52964448928833,5.533873558044434,5.525210380554199,5.519721269607544,5.523897409439087,5.5151526927948,5.5268378257751465,5.534526824951172,5.521264553070068,5.53279185295105,5.534242153167725,5.532434463500977,5.557113885879517,5.557748556137085,5.559131860733032,5.556358098983765,5.543604612350464,5.5635902881622314
inference time,0,0,51.90416431427002,52.90152382850647,53.75864601135254,54.71977472305298,56.40345001220703,57.40353608131409,57.910659074783325,59.28004741668701,60.46739840507507,61.13105368614197,61.66092038154602,62.15250110626221,62.427964210510254,64.03965544700623,63.98021101951599,64.23722100257874,65.2656044960022,65.57373309135437,65.91111850738525,66.06065249443054,66.31370306015015,66.67871260643005,67.9956967830658,68.73373436927795,68.05699133872986,69.24021100997925
qp time,0,0,0,0,0,0,0,0,0,0,0,0,0,0,0,0,0,0,0,0,0,0,0,0,0,0,0,0
backward time,0,0,8.838172912597656,8.747276306152344,8.76526427268982,8.812713623046875,8.896787405014038,8.986552476882935,9.016513586044312,9.044014692306519,9.015181541442871,9.06637978553772,9.031161308288574,9.028935670852661,9.050564527511597,9.089147329330444,9.08427906036377,9.099115371704102,9.120590686798096,9.123053312301636,9.119837045669556,9.152655363082886,9.186495304107666,9.15980315208435,9.20970606803894,9.21193552017212,9.166593074798584,9.18912959098816
