Epoch, 22
Random seed, 0, forward time, 118.3497543334961, inference time, 4948.69256401062, qp time, 0, backward_time, 281.02752685546875
forward time,0,0,5.491362571716309,5.474231004714966,5.459306716918945,5.476153135299683,5.488089323043823,5.51532506942749,5.524112224578857,5.504169702529907,5.480308294296265,5.298613548278809,5.29210638999939,5.1768083572387695,5.317824125289917,5.31096887588501,5.317632675170898,5.315641164779663,5.318219184875488,5.329438924789429,5.320071458816528,5.311896800994873,5.3147382736206055,5.312736511230469
inference time,0,0,207.97915983200073,213.88285493850708,213.07585167884827,219.62099933624268,219.39703559875488,223.90553069114685,226.5027678012848,225.962562084198,228.80970454216003,213.25447607040405,219.44306015968323,210.81241917610168,227.30878257751465,225.23788571357727,229.39194107055664,229.40158772468567,230.42848443984985,235.54834413528442,231.74327182769775,239.95973300933838,235.08922290802002,241.93688869476318
qp time,0,0,0,0,0,0,0,0,0,0,0,0,0,0,0,0,0,0,0,0,0,0,0,0
backward time,0,0,10.018019437789917,10.609658479690552,11.439532995223999,12.005494832992554,12.416130304336548,12.62010908126831,12.994246482849121,13.200625658035278,13.226809740066528,13.02024221420288,13.102439165115356,13.05349326133728,13.08732533454895,13.248115301132202,13.388455152511597,13.309522151947021,13.373397588729858,13.354944944381714,13.505683183670044,13.474703073501587,13.303968667984009,13.274609804153442
