Epoch, 24
Random seed, 0, forward time, 34.587682008743286, inference time, 298.1933035850525, qp time, 0, backward_time, 54.60221219062805
forward time,0,0,1.3625802993774414,1.373436450958252,1.3689708709716797,1.371873140335083,1.380624532699585,1.4038176536560059,1.4097187519073486,1.4168074131011963,1.4272582530975342,1.4298059940338135,1.4383494853973389,1.4457364082336426,1.441253900527954,1.4483177661895752,1.4546213150024414,1.461230993270874,1.4725892543792725,1.4819273948669434,1.4865303039550781,1.4929046630859375,1.4996936321258545,1.502126693725586,1.5110535621643066,1.506453275680542
inference time,0,0,11.662641048431396,11.872839450836182,11.82353949546814,11.93760633468628,11.990825176239014,12.335465669631958,12.282533407211304,12.370389699935913,12.407203197479248,12.435961484909058,12.420437097549438,12.441853046417236,12.414178371429443,12.443053007125854,12.534623146057129,12.513524293899536,12.658569097518921,12.692325115203857,12.752755641937256,12.768352746963501,12.770021915435791,12.83985161781311,12.85933542251587,12.965418100357056
qp time,0,0,0,0,0,0,0,0,0,0,0,0,0,0,0,0,0,0,0,0,0,0,0,0,0,0
backward time,0,0,2.234872579574585,2.231722831726074,2.22448992729187,2.232332468032837,2.2365469932556152,2.2625303268432617,2.263996124267578,2.2682383060455322,2.2722244262695312,2.276175022125244,2.2778289318084717,2.2946760654449463,2.2778501510620117,2.2828023433685303,2.283268451690674,2.280613660812378,2.2881405353546143,2.2929470539093018,2.3016512393951416,2.3015880584716797,2.306521415710449,2.300719738006592,2.3091728687286377,2.301302671432495
