Epoch, 33
Random seed, 0, forward time, 120.02710485458374, inference time, 921.0517807006836, qp time, 0, backward_time, 195.7385609149933
forward time,0,0,3.467160940170288,3.571125030517578,3.607513904571533,3.6021974086761475,3.6223056316375732,3.607639789581299,3.6026570796966553,3.6184425354003906,3.622537612915039,3.6380348205566406,3.6335484981536865,3.6181657314300537,3.628232955932617,3.6583046913146973,3.6703784465789795,3.665792942047119,3.6541337966918945,3.633272171020508,3.6163313388824463,3.631892681121826,3.6320009231567383,3.654042959213257,3.668250560760498,3.662252426147461,3.672081232070923,3.672590970993042,3.6784982681274414,3.6920087337493896,3.67413067817688,3.675107479095459,3.6543238162994385,3.6576292514801025,3.6645195484161377
inference time,0,0,21.94768524169922,23.0044264793396,23.642653465270996,23.987956047058105,24.61315393447876,24.76452398300171,25.102462768554688,25.836094856262207,25.96253728866577,26.009828567504883,26.289109230041504,26.58358931541443,26.8573100566864,27.634095668792725,27.888301134109497,28.49839997291565,28.685281991958618,28.643667697906494,28.702035903930664,29.12820267677307,29.337281227111816,29.84951138496399,30.296895503997803,30.465057134628296,30.59737229347229,30.821090698242188,30.88485622406006,31.0280020236969,31.051419258117676,30.847758293151855,30.540354251861572,30.80262541770935,30.74824070930481
qp time,0,0,0,0,0,0,0,0,0,0,0,0,0,0,0,0,0,0,0,0,0,0,0,0,0,0,0,0,0,0,0,0,0,0,0
backward time,0,0,5.579535245895386,5.736345291137695,5.838369131088257,5.816796064376831,5.861751317977905,5.863054513931274,5.847562074661255,5.916359901428223,5.940268278121948,5.965919733047485,5.946162700653076,5.929734945297241,5.957205057144165,6.003522157669067,6.028521776199341,5.9942381381988525,5.978046655654907,5.944820880889893,5.892625331878662,5.914714574813843,5.944765567779541,5.972987413406372,6.00016188621521,6.021303176879883,6.010002613067627,6.007771968841553,6.036333799362183,6.016253471374512,5.998513221740723,5.988928556442261,5.912119388580322,5.93825888633728,5.935607194900513
