Epoch, 16
Random seed, 0, forward time, 16.46073889732361, inference time, 70.20061779022217, qp time, 0, backward_time, 30.88638687133789
forward time,0,0,1.0190987586975098,1.0167088508605957,1.0240695476531982,1.0213959217071533,1.0285754203796387,1.0293641090393066,1.0291624069213867,1.0304229259490967,1.030961036682129,1.0282769203186035,1.026655673980713,1.035900354385376,1.037442922592163,1.0326130390167236,1.0346007347106934,1.0354902744293213
inference time,0,0,4.256155014038086,4.329449892044067,4.31795859336853,4.313460350036621,4.379992961883545,4.38378643989563,4.3498265743255615,4.406651258468628,4.385549783706665,4.367732286453247,4.410061359405518,4.4437079429626465,4.450243234634399,4.451738119125366,4.497755527496338,4.456548452377319
qp time,0,0,0,0,0,0,0,0,0,0,0,0,0,0,0,0,0,0
backward time,0,0,1.9141709804534912,1.9114952087402344,1.923933982849121,1.9151017665863037,1.9258770942687988,1.9302093982696533,1.9261157512664795,1.9385056495666504,1.9351778030395508,1.927004337310791,1.9217915534973145,1.9444119930267334,1.946843147277832,1.9407083988189697,1.9425456523895264,1.9424941539764404
