Epoch, 26
Random seed, 0, forward time, 142.26418137550354, inference time, 1713.9696514606476, qp time, 0, backward_time, 233.06006383895874
forward time,0,0,5.340051174163818,5.347517490386963,5.379051446914673,5.443633794784546,5.446924686431885,5.448134660720825,5.4524595737457275,5.461060285568237,5.472187757492065,5.481351137161255,5.483059406280518,5.479989528656006,5.4921863079071045,5.484195232391357,5.488561153411865,5.489153146743774,5.472731590270996,5.4895384311676025,5.523860931396484,5.531988859176636,5.552779674530029,5.529641628265381,5.510226249694824,5.5006067752838135,5.491566896438599,5.471723556518555
inference time,0,0,52.432668924331665,53.527464151382446,54.92950248718262,56.35099673271179,58.08262920379639,59.61056423187256,60.689725160598755,62.29886722564697,63.86130094528198,64.49501490592957,66.2598819732666,66.24465847015381,66.91896748542786,68.13178563117981,68.8549792766571,68.83887958526611,69.50907278060913,70.96386313438416,72.7556836605072,74.96648144721985,74.95683360099792,74.38538002967834,73.35868644714355,72.19081401824951,70.9458954334259,68.40905451774597
qp time,0,0,0,0,0,0,0,0,0,0,0,0,0,0,0,0,0,0,0,0,0,0,0,0,0,0,0,0
backward time,0,0,8.721553325653076,8.644231081008911,8.688305616378784,8.779298305511475,8.793686151504517,8.847783327102661,8.831576108932495,8.920354843139648,8.91466474533081,8.975289821624756,8.978654146194458,8.964365720748901,8.989409923553467,8.97522759437561,8.993677377700806,9.026429653167725,9.035956621170044,9.075954914093018,9.094308376312256,9.135356187820435,9.175560235977173,9.165656089782715,9.127365589141846,9.10357666015625,9.089462280273438,9.012359142303467
