Epoch, 17
Random seed, 0, forward time, 90.2358751296997, inference time, 199.72385001182556, qp time, 0, backward_time, 110.8175892829895
forward time,0,0,5.26048731803894,5.248310804367065,5.252086639404297,5.2619054317474365,5.27522611618042,5.258836030960083,5.284639835357666,5.270917892456055,5.294659376144409,5.305110692977905,5.3509697914123535,5.3487019538879395,5.329462289810181,5.346651554107666,5.341323614120483,5.341553211212158,5.465032577514648
inference time,0,0,12.018522262573242,10.519083499908447,10.242072343826294,10.342475891113281,10.76231575012207,11.127482891082764,11.026619672775269,11.308637380599976,11.353503942489624,11.591782569885254,12.120362520217896,12.268182754516602,12.563300371170044,12.843880414962769,12.868319511413574,13.13620376586914,13.631104469299316
qp time,0,0,0,0,0,0,0,0,0,0,0,0,0,0,0,0,0,0,0
backward time,0,0,6.533185720443726,6.461877107620239,6.441010236740112,6.442847967147827,6.461292505264282,6.458768606185913,6.484155654907227,6.46509575843811,6.483455181121826,6.496555805206299,6.566671848297119,6.560326814651489,6.554397821426392,6.574140310287476,6.5636866092681885,6.56484317779541,6.705278158187866
