Epoch, 28
Random seed, 0, forward time, 73.91672158241272, inference time, 154.81205010414124, qp time, 0, backward_time, 122.87136960029602
forward time,0,0,2.639965534210205,2.638423204421997,2.636288642883301,2.641893148422241,2.6345016956329346,2.6364080905914307,2.6374759674072266,2.6468942165374756,2.6518778800964355,2.640502452850342,2.6369636058807373,2.638478994369507,2.63755202293396,2.6388936042785645,2.645515203475952,2.644136428833008,2.6346683502197266,2.639944553375244,2.6335370540618896,2.636521816253662,2.6414079666137695,2.6388025283813477,2.64638352394104,2.644976854324341,2.6372969150543213,2.640435218811035,2.6360583305358887,2.6409177780151367
inference time,0,0,6.411195516586304,5.540862560272217,5.621315002441406,5.532329082489014,5.503833293914795,5.51781153678894,5.49427604675293,5.553584337234497,5.498477458953857,5.429088830947876,5.312187194824219,5.5385541915893555,5.367938756942749,5.545928478240967,5.4608917236328125,5.484683275222778,5.490298509597778,5.51276159286499,5.543756723403931,5.410853862762451,5.441000461578369,5.514352798461914,5.532617807388306,5.482154369354248,5.480942010879517,5.516718149185181,5.526656627655029,5.546979904174805
qp time,0,0,0,0,0,0,0,0,0,0,0,0,0,0,0,0,0,0,0,0,0,0,0,0,0,0,0,0,0,0
backward time,0,0,4.385938882827759,4.384890556335449,4.385577440261841,4.382575511932373,4.383860349655151,4.381698369979858,4.383705139160156,4.399434566497803,4.4079999923706055,4.38783860206604,4.381470203399658,4.384257078170776,4.385238170623779,4.388402700424194,4.390349626541138,4.393627643585205,4.389746427536011,4.390727281570435,4.390091896057129,4.382768630981445,4.387763500213623,4.386608600616455,4.390109300613403,4.391697645187378,4.390905141830444,4.389582395553589,4.388545989990234,4.385957956314087
