Epoch, 16
Random seed, 0, forward time, 149.39643716812134, inference time, 305.8967447280884, qp time, 0, backward_time, 194.03704357147217
forward time,0,0,9.376635074615479,9.348209381103516,9.36065936088562,9.371962785720825,9.360708475112915,9.369345426559448,9.389873266220093,9.387267112731934,9.338807344436646,9.321404695510864,9.315208911895752,9.302383422851562,9.297136545181274,9.285820007324219,9.289114236831665,9.281901121139526
inference time,0,0,19.938076496124268,16.888981819152832,17.173319101333618,17.411556005477905,17.634407997131348,18.604598999023438,18.89893364906311,18.8958957195282,19.503101110458374,19.697500705718994,19.711852312088013,20.063984394073486,20.29188108444214,20.198710680007935,20.439878940582275,20.544065713882446
qp time,0,0,0,0,0,0,0,0,0,0,0,0,0,0,0,0,0,0
backward time,0,0,12.25940465927124,12.16069769859314,12.163338422775269,12.164592504501343,12.158055543899536,12.152316570281982,12.165219783782959,12.16519808769226,12.106878995895386,12.087116718292236,12.079286813735962,12.083835363388062,12.085002422332764,12.076725244522095,12.06838321685791,12.060991525650024
