Epoch, 37
Random seed, 0, forward time, 79.13633584976196, inference time, 186.60822296142578, qp time, 0, backward_time, 133.70061469078064
forward time,0,0,2.128756046295166,2.1324071884155273,2.13283109664917,2.135866641998291,2.135467529296875,2.127337694168091,2.134455680847168,2.1373815536499023,2.1379637718200684,2.1324050426483154,2.1417651176452637,2.1487314701080322,2.1484615802764893,2.1764371395111084,2.175584316253662,2.1559197902679443,2.136942148208618,2.1300113201141357,2.135253429412842,2.135833740234375,2.1323459148406982,2.1383602619171143,2.1314244270324707,2.1357905864715576,2.131582260131836,2.1348636150360107,2.130859613418579,2.1319785118103027,2.1339550018310547,2.132791519165039,2.134861469268799,2.133370876312256,2.1345815658569336,2.180152416229248,2.131610870361328,2.135658025741577,2.1323366165161133
inference time,0,0,5.858361721038818,5.2357017993927,4.9979407787323,4.990758657455444,4.94422173500061,4.9588117599487305,4.931068658828735,4.991801738739014,5.001024007797241,4.986424446105957,4.981813669204712,5.02895188331604,4.971609830856323,4.996636629104614,4.980724811553955,4.993019104003906,4.955962181091309,4.9040491580963135,5.0015647411346436,5.023992300033569,4.953407049179077,4.947081089019775,5.053102970123291,4.982905626296997,4.936096668243408,4.83480167388916,4.854671955108643,4.89072847366333,4.946287155151367,5.013205289840698,5.062288284301758,5.059260845184326,5.177862644195557,5.289276599884033,5.207703351974487,5.3474907875061035,5.317612886428833
qp time,0,0,0,0,0,0,0,0,0,0,0,0,0,0,0,0,0,0,0,0,0,0,0,0,0,0,0,0,0,0,0,0,0,0,0,0,0,0,0
backward time,0,0,3.6052823066711426,3.603882312774658,3.6047496795654297,3.5991735458374023,3.6071743965148926,3.6001639366149902,3.60355281829834,3.604830026626587,3.6166155338287354,3.6005728244781494,3.611893653869629,3.62211012840271,3.6285698413848877,3.676929473876953,3.6710996627807617,3.64437198638916,3.6138737201690674,3.6041014194488525,3.610194206237793,3.609639883041382,3.608557939529419,3.610718250274658,3.607656240463257,3.6056535243988037,3.6084322929382324,3.605783224105835,3.6042306423187256,3.608733654022217,3.6073474884033203,3.6098337173461914,3.6129844188690186,3.6063361167907715,3.6095335483551025,3.6195762157440186,3.611797332763672,3.612886905670166,3.611771821975708
