Epoch, 26
Random seed, 0, forward time, 47.338929414749146, inference time, 119.43881916999817, qp time, 0, backward_time, 81.81421422958374
forward time,0,0,1.8191213607788086,1.8214170932769775,1.8198509216308594,1.8173894882202148,1.8222827911376953,1.8173291683197021,1.8194499015808105,1.8187525272369385,1.8166255950927734,1.819342851638794,1.8242604732513428,1.8255128860473633,1.81892728805542,1.8183152675628662,1.8140363693237305,1.818342924118042,1.8170738220214844,1.8210930824279785,1.818589687347412,1.8231499195098877,1.8243114948272705,1.8239860534667969,1.826531171798706,1.8230845928192139,1.8267903327941895,1.8233623504638672
inference time,0,0,4.857053756713867,4.570267677307129,4.577376127243042,4.4245195388793945,4.5518434047698975,4.4840898513793945,4.479433536529541,4.477166652679443,4.561640024185181,4.443262338638306,4.574098587036133,4.5035240650177,4.530621528625488,4.317745685577393,4.3270204067230225,4.354290723800659,4.436877489089966,4.5056312084198,4.553415536880493,4.662921190261841,4.695765256881714,4.805232048034668,4.850830078125,4.918275356292725,4.994622230529785,4.981294870376587
qp time,0,0,0,0,0,0,0,0,0,0,0,0,0,0,0,0,0,0,0,0,0,0,0,0,0,0,0,0
backward time,0,0,3.146918773651123,3.1439969539642334,3.1420483589172363,3.1416015625,3.1451480388641357,3.141855001449585,3.1416738033294678,3.139051914215088,3.1396899223327637,3.141920328140259,3.149784564971924,3.143186092376709,3.143558979034424,3.140132427215576,3.140267848968506,3.142223834991455,3.1432180404663086,3.144500732421875,3.145782470703125,3.1520028114318848,3.1542370319366455,3.1567513942718506,3.157064199447632,3.157705068588257,3.160327434539795,3.159566640853882
