Epoch, 12
Random seed, 0, forward time, 42.56864309310913, inference time, 99.45295977592468, qp time, 0, backward_time, 54.058857917785645
forward time,0,0,3.5350887775421143,3.535626173019409,3.5411641597747803,3.536980152130127,3.537165403366089,3.5392343997955322,3.5397346019744873,3.5469794273376465,3.5419681072235107,3.548349618911743,3.5838966369628906,3.582455635070801
inference time,0,0,9.302141189575195,7.413302898406982,7.534921884536743,7.729060649871826,7.743063926696777,7.996123313903809,8.274704456329346,8.32406735420227,8.626240968704224,8.630154371261597,8.834035634994507,9.045143127441406
qp time,0,0,0,0,0,0,0,0,0,0,0,0,0,0
backward time,0,0,4.564405202865601,4.493378400802612,4.490372896194458,4.492149829864502,4.48999285697937,4.492514371871948,4.487116813659668,4.498342514038086,4.498386383056641,4.495537757873535,4.528712034225464,4.52794885635376
