Epoch, 26
Random seed, 0, forward time, 1911.575169801712, inference time, 4080.909889936447, qp time, 0, backward_time, 2440.0503838062286
forward time,0,0,74.717524766922,74.3024263381958,73.52795553207397,73.31185913085938,73.46541428565979,73.31105852127075,73.27366423606873,73.1381688117981,71.4081883430481,69.79467630386353,68.4133973121643,68.1512656211853,68.20497345924377,68.41276454925537,73.1995735168457,74.10841131210327,74.3122079372406,75.38252449035645,75.6609480381012,75.58323574066162,75.90300035476685,77.33498477935791,77.59034132957458,76.78841352462769,76.22003412246704,76.05815744400024
inference time,0,0,141.22480940818787,139.4068329334259,140.96087503433228,141.55487895011902,143.92624616622925,146.13841676712036,145.74351048469543,146.71845388412476,143.69419884681702,140.12164759635925,140.16665410995483,142.87889289855957,144.9444715976715,148.26785945892334,164.5397810935974,168.94450664520264,169.97716212272644,172.01905822753906,172.10037469863892,172.45379734039307,173.79246544837952,176.47477650642395,177.0591835975647,176.92170810699463,175.20904159545898,175.67028641700745
qp time,0,0,0,0,0,0,0,0,0,0,0,0,0,0,0,0,0,0,0,0,0,0,0,0,0,0,0,0
backward time,0,0,96.12359952926636,95.58924961090088,94.74262928962708,94.53051543235779,94.68587470054626,94.64017963409424,94.54187798500061,94.46409678459167,91.83864998817444,89.44165539741516,87.1961145401001,86.82822775840759,86.93767046928406,87.34754514694214,93.4904305934906,94.73531079292297,94.94959211349487,95.72320365905762,95.80958294868469,95.77982974052429,96.08761143684387,97.27257966995239,97.61682891845703,97.01518893241882,96.41992783546448,96.24241089820862
