Epoch, 22
Random seed, 0, forward time, 911.5660901069641, inference time, 1833.102617740631, qp time, 0, backward_time, 1123.0083391666412
forward time,0,0,41.461997509002686,41.459357500076294,41.47201466560364,41.445526361465454,41.406489849090576,41.42422080039978,41.43740439414978,41.4012188911438,41.401429891586304,41.4319589138031,41.461251735687256,41.40724754333496,41.40995717048645,41.423542499542236,41.41199278831482,41.42573380470276,41.45611071586609,41.45197606086731,41.4377064704895,41.44741749763489,41.45002794265747,41.44150710105896
inference time,0,0,73.62845969200134,73.72490787506104,77.1127290725708,78.88066077232361,79.93820834159851,80.61517000198364,81.69945454597473,82.57366967201233,82.59852242469788,83.44073295593262,84.18046069145203,84.81377124786377,85.26225233078003,85.83670091629028,86.32945966720581,86.47489142417908,86.68387818336487,87.1732668876648,87.2664041519165,87.92400979995728,88.62564420700073,88.31936287879944
qp time,0,0,0,0,0,0,0,0,0,0,0,0,0,0,0,0,0,0,0,0,0,0,0,0
backward time,0,0,50.98927879333496,50.98774743080139,51.01007628440857,50.979300022125244,50.93498349189758,50.95529294013977,50.93407130241394,50.92885661125183,50.927085399627686,51.00534009933472,51.11581492424011,51.09707045555115,51.09051871299744,51.08787178993225,51.07587718963623,51.11963486671448,51.10691857337952,51.10594058036804,51.10365629196167,51.14739227294922,51.153069257736206,51.15254187583923
