Epoch, 17
Random seed, 0, forward time, 30.688936233520508, inference time, 106.22122740745544, qp time, 0, backward_time, 42.53378510475159
forward time,0,0,1.801377296447754,1.801722764968872,1.8035364151000977,1.8025486469268799,1.8044235706329346,1.8071098327636719,1.8060855865478516,1.8059265613555908,1.804466962814331,1.8089525699615479,1.8062114715576172,1.807626724243164,1.8034389019012451,1.8046808242797852,1.8067214488983154,1.8053276538848877,1.808779001235962
inference time,0,0,6.85690450668335,5.514312505722046,5.544642448425293,5.690894603729248,5.8794779777526855,5.935125827789307,5.9364800453186035,6.107033014297485,6.200928449630737,6.423468351364136,6.479978799819946,6.567805051803589,6.560237884521484,6.59697961807251,6.506039619445801,6.662870645523071,6.758048057556152
qp time,0,0,0,0,0,0,0,0,0,0,0,0,0,0,0,0,0,0,0
backward time,0,0,2.5013434886932373,2.4968440532684326,2.4999687671661377,2.496323823928833,2.502469539642334,2.5008044242858887,2.499572992324829,2.5010769367218018,2.499821424484253,2.5027990341186523,2.503176689147949,2.5008981227874756,2.502964973449707,2.5033278465270996,2.5063343048095703,2.506606340408325,2.5094523429870605
