Epoch, 30
Random seed, 0, forward time, 1264.0382163524628, inference time, 2582.3156208992004, qp time, 0, backward_time, 1580.6539931297302
forward time,0,0,42.467782497406006,42.469629764556885,42.48582744598389,42.48954105377197,42.48707294464111,42.503270387649536,42.47863411903381,42.456669092178345,42.46739649772644,42.444371461868286,42.50408172607422,42.53076910972595,42.19834017753601,42.07789397239685,42.08460760116577,42.07045292854309,42.11534333229065,42.0721070766449,42.23459506034851,42.50164484977722,42.498555421829224,42.5338249206543,42.51402974128723,42.519439697265625,42.37990689277649,40.00387644767761,41.02504539489746,41.15248131752014,41.13556528091431,41.13546013832092
inference time,0,0,73.75604915618896,73.12180876731873,77.30420875549316,79.74157214164734,81.63120079040527,82.09140920639038,83.90662384033203,84.36547660827637,84.92102789878845,85.34368443489075,86.21775031089783,86.3236768245697,86.01092219352722,86.46056842803955,86.59850454330444,87.25337433815002,87.33135938644409,87.91264748573303,88.78050541877747,89.73123145103455,90.16437816619873,90.94312477111816,91.08409976959229,91.11473059654236,91.63550424575806,87.796382188797,89.43164396286011,89.7778639793396,90.44750142097473,91.11678981781006
qp time,0,0,0,0,0,0,0,0,0,0,0,0,0,0,0,0,0,0,0,0,0,0,0,0,0,0,0,0,0,0,0,0
backward time,0,0,53.297133922576904,53.22656059265137,53.26802039146423,53.238619327545166,53.25250053405762,53.289430379867554,53.262789726257324,53.20269751548767,53.242342472076416,53.21512317657471,53.27782082557678,53.377747774124146,52.85679864883423,52.644423484802246,52.63533926010132,52.65510129928589,52.70719242095947,52.645933628082275,52.90983867645264,53.33736968040466,53.314902782440186,53.37985587120056,53.33915901184082,53.38918209075928,53.192387342453,49.05601930618286,50.7001256942749,50.92591977119446,50.87094306945801,50.94271445274353
