Epoch, 31
Random seed, 0, forward time, 109.4510555267334, inference time, 207.13483905792236, qp time, 0, backward_time, 174.4292597770691
forward time,0,0,3.5302019119262695,3.523531436920166,3.5338408946990967,3.5297884941101074,3.5264577865600586,3.525177240371704,3.5274786949157715,3.527432441711426,3.5310373306274414,3.523402452468872,3.5792384147644043,3.529268741607666,3.529350757598877,3.5261850357055664,3.5260331630706787,3.5265891551971436,3.5274758338928223,3.525355100631714,3.52974796295166,3.5322887897491455,3.5313966274261475,3.528233766555786,3.524261474609375,3.530364990234375,3.529998540878296,3.531848192214966,3.531205177307129,3.5341858863830566,3.531970262527466,3.5357131958007812,3.5319957733154297
inference time,0,0,8.520780563354492,7.085246562957764,6.762668609619141,6.4699695110321045,6.570462942123413,6.56074333190918,6.695598840713501,6.482129335403442,6.561295747756958,6.512820720672607,6.7384607791900635,6.42521858215332,6.469653606414795,6.531636953353882,6.53722071647644,6.498176574707031,6.542402982711792,6.503268718719482,6.5567238330841064,6.254462718963623,6.211066722869873,6.261973142623901,6.328517913818359,6.524882555007935,6.6379523277282715,6.74461817741394,6.8641510009765625,6.8878014087677,7.053875207901001,7.054565191268921,7.28649377822876
qp time,0,0,0,0,0,0,0,0,0,0,0,0,0,0,0,0,0,0,0,0,0,0,0,0,0,0,0,0,0,0,0,0,0
backward time,0,0,5.707247495651245,5.6236090660095215,5.625380992889404,5.629972457885742,5.62558650970459,5.618757247924805,5.622937917709351,5.619819402694702,5.627427339553833,5.622538089752197,5.63182258605957,5.618535757064819,5.618992805480957,5.6206746101379395,5.6218421459198,5.619245767593384,5.616220235824585,5.620625734329224,5.623095989227295,5.619303464889526,5.627617359161377,5.636580467224121,5.625245094299316,5.6297032833099365,5.626604318618774,5.6264801025390625,5.6271653175354,5.621641397476196,5.6224164962768555,5.625312566757202,5.626857757568359
