Epoch, 23
Random seed, 0, forward time, 55.73394966125488, inference time, 164.81379461288452, qp time, 0, backward_time, 74.82733297348022
forward time,0,0,2.429865598678589,2.4286327362060547,2.4270055294036865,2.429687023162842,2.4214601516723633,2.4146487712860107,2.4166054725646973,2.418429136276245,2.4191102981567383,2.4200387001037598,2.4204981327056885,2.429412603378296,2.422410249710083,2.4221320152282715,2.42048716545105,2.4225525856018066,2.4271345138549805,2.4254255294799805,2.420466899871826,2.4242963790893555,2.424464702606201,2.422430992126465,2.4267544746398926
inference time,0,0,7.731607437133789,6.068812370300293,6.186188459396362,6.245090007781982,6.263947010040283,6.539039134979248,6.637967824935913,6.8355536460876465,6.9255616664886475,7.105720520019531,7.28898811340332,7.320250988006592,7.338029146194458,7.379499912261963,7.44195818901062,7.594009637832642,7.5159912109375,7.626914978027344,7.723412990570068,7.725079298019409,7.701528310775757,7.793314456939697,7.825329303741455
qp time,0,0,0,0,0,0,0,0,0,0,0,0,0,0,0,0,0,0,0,0,0,0,0,0,0
backward time,0,0,3.261577844619751,3.2592921257019043,3.2567977905273438,3.258446216583252,3.2482261657714844,3.2367258071899414,3.2440173625946045,3.2407965660095215,3.2487823963165283,3.2495851516723633,3.2493221759796143,3.25358510017395,3.2531590461730957,3.252685785293579,3.2477707862854004,3.2542803287506104,3.2567484378814697,3.258665084838867,3.258417844772339,3.259361982345581,3.258669376373291,3.2592334747314453,3.261186122894287
