Epoch, 34
Random seed, 0, forward time, 47.541054010391235, inference time, 138.7663609981537, qp time, 0, backward_time, 82.66609716415405
forward time,0,0,1.405165672302246,1.4031033515930176,1.4063336849212646,1.4019155502319336,1.4137167930603027,1.4020705223083496,1.4017951488494873,1.4016354084014893,1.3986024856567383,1.3998351097106934,1.4117975234985352,1.4041154384613037,1.4009790420532227,1.3990366458892822,1.3994348049163818,1.400986909866333,1.4007456302642822,1.3980965614318848,1.399601936340332,1.3923659324645996,1.3926825523376465,1.3936338424682617,1.391986608505249,1.3906371593475342,1.3894145488739014,1.3936662673950195,1.390171766281128,1.3884451389312744,1.3898000717163086,1.3900837898254395,1.391239881515503,1.3978276252746582,1.4015891551971436,1.3985414505004883
inference time,0,0,4.127072811126709,4.087904214859009,4.037034273147583,3.9898056983947754,4.046351909637451,4.152111768722534,4.0281548500061035,4.095877170562744,4.086139917373657,4.068352699279785,4.008331298828125,4.0171637535095215,4.051356554031372,4.117856025695801,4.008592367172241,4.057000160217285,4.090435028076172,4.041349172592163,4.068645715713501,4.034869909286499,4.084700345993042,4.01613187789917,3.925269603729248,3.951982259750366,3.9799182415008545,4.029372453689575,4.063191175460815,4.109471797943115,4.135856866836548,4.170877933502197,4.212016820907593,4.258942604064941,4.294328451156616,4.319895267486572
qp time,0,0,0,0,0,0,0,0,0,0,0,0,0,0,0,0,0,0,0,0,0,0,0,0,0,0,0,0,0,0,0,0,0,0,0,0
backward time,0,0,2.4412102699279785,2.439967393875122,2.438758134841919,2.43522047996521,2.439929723739624,2.436880588531494,2.433544635772705,2.433757781982422,2.4346940517425537,2.435042142868042,2.4376416206359863,2.433680772781372,2.433953285217285,2.4371345043182373,2.438551187515259,2.4377377033233643,2.436925172805786,2.4330039024353027,2.4319019317626953,2.42211651802063,2.425819158554077,2.4267709255218506,2.4234778881073,2.4213435649871826,2.4209680557250977,2.4258382320404053,2.423107624053955,2.417872190475464,2.4185330867767334,2.416646957397461,2.420525550842285,2.43917179107666,2.4384660720825195,2.4359042644500732
