Epoch, 13
Random seed, 0, forward time, 27.743911027908325, inference time, 86.43543648719788, qp time, 0, backward_time, 37.704339027404785
forward time,0,0,2.1271419525146484,2.133007764816284,2.128624200820923,2.128098964691162,2.132896661758423,2.127479076385498,2.1317861080169678,2.1314353942871094,2.129854202270508,2.132373809814453,2.14509654045105,2.153810739517212,2.142305612564087
inference time,0,0,7.883543014526367,5.872453451156616,5.888747453689575,6.069650650024414,6.094301700592041,6.479237079620361,6.5466227531433105,6.66592812538147,6.882097482681274,6.887407541275024,7.032951831817627,7.073770523071289,7.058724880218506
qp time,0,0,0,0,0,0,0,0,0,0,0,0,0,0,0
backward time,0,0,2.898890733718872,2.8960070610046387,2.893378973007202,2.894418478012085,2.8950912952423096,2.8985402584075928,2.8972370624542236,2.896075963973999,2.8967032432556152,2.903733015060425,2.911118268966675,2.9150500297546387,2.908094644546509
