Epoch, 25
Random seed, 0, forward time, 44.62393641471863, inference time, 116.11893367767334, qp time, 0, backward_time, 76.12557721138
forward time,0,0,1.7865664958953857,1.7857108116149902,1.785515308380127,1.784303903579712,1.7866594791412354,1.7841825485229492,1.7822179794311523,1.7823560237884521,1.7836594581604004,1.7841522693634033,1.8099989891052246,1.7881746292114258,1.7792530059814453,1.7843000888824463,1.7847700119018555,1.7864031791687012,1.785844087600708,1.7784595489501953,1.781031608581543,1.7819795608520508,1.7850167751312256,1.7830517292022705,1.7831263542175293,1.7836434841156006,1.7835590839385986
inference time,0,0,5.537314414978027,4.87024712562561,4.5330657958984375,4.60564398765564,4.522457122802734,4.639419078826904,4.606827735900879,4.58819055557251,4.573273181915283,4.62921404838562,4.5874669551849365,4.595414161682129,4.6557488441467285,4.578073501586914,4.624648809432983,4.6087000370025635,4.58777642250061,4.5997185707092285,4.553107023239136,4.679139852523804,4.66292667388916,4.619025707244873,4.58272910118103,4.483447551727295,4.595357418060303
qp time,0,0,0,0,0,0,0,0,0,0,0,0,0,0,0,0,0,0,0,0,0,0,0,0,0,0,0
backward time,0,0,3.048957347869873,3.0451762676239014,3.048851490020752,3.0435006618499756,3.048654556274414,3.0438530445098877,3.042240858078003,3.0435163974761963,3.0451433658599854,3.045748710632324,3.0526835918426514,3.0465826988220215,3.043009042739868,3.0439443588256836,3.045224189758301,3.0481035709381104,3.0478875637054443,3.0393929481506348,3.0377392768859863,3.04160737991333,3.0421037673950195,3.0452046394348145,3.0451865196228027,3.0457077026367188,3.0455572605133057
