Epoch, 13
Random seed, 0, forward time, 45.55591559410095, inference time, 110.7506628036499, qp time, 0, backward_time, 57.62533473968506
forward time,0,0,3.5050902366638184,3.4979043006896973,3.5057411193847656,3.506101131439209,3.5048458576202393,3.497760772705078,3.504335641860962,3.500561475753784,3.501255989074707,3.509129524230957,3.5083649158477783,3.5100972652435303,3.504727363586426
inference time,0,0,9.233821868896484,7.498038053512573,7.637187719345093,7.982474088668823,8.169546842575073,8.48476243019104,8.539931535720825,8.712861061096191,8.695188522338867,8.766368865966797,8.886057615280151,9.13083291053772,9.013591289520264
qp time,0,0,0,0,0,0,0,0,0,0,0,0,0,0,0
backward time,0,0,4.443643093109131,4.429219007492065,4.431554317474365,4.432394504547119,4.431377410888672,4.427002906799316,4.427687883377075,4.4293999671936035,4.432286739349365,4.435606002807617,4.434141397476196,4.437071800231934,4.433949708938599
