Epoch, 25
Random seed, 0, forward time, 856.7020292282104, inference time, 1922.2242193222046, qp time, 0, backward_time, 1067.542648077011
forward time,0,0,34.12150979042053,34.11495900154114,34.08980989456177,34.137166261672974,34.087650537490845,34.12463998794556,34.44874048233032,34.439194202423096,34.515305042266846,34.62281537055969,34.603251695632935,34.568690061569214,34.5823700428009,34.52371048927307,34.41581892967224,34.3734393119812,34.11086702346802,34.10634183883667,34.06113576889038,34.12468385696411,34.11337637901306,34.13538122177124,34.09061908721924,34.11752796173096,34.07302498817444
inference time,0,0,68.69637870788574,68.29997110366821,70.0420081615448,72.26836705207825,73.57123374938965,74.00761365890503,75.33533787727356,76.21940398216248,76.62957739830017,77.6703577041626,77.84948372840881,78.07846856117249,78.50898838043213,78.70392775535583,79.00085830688477,79.2186062335968,78.5146210193634,78.60580348968506,79.28379344940186,79.43078255653381,79.91519546508789,80.08135199546814,80.38539552688599,80.7384741306305,81.16821932792664
qp time,0,0,0,0,0,0,0,0,0,0,0,0,0,0,0,0,0,0,0,0,0,0,0,0,0,0,0
backward time,0,0,42.46541166305542,42.36065363883972,42.36265230178833,42.428333044052124,42.41152477264404,42.414549350738525,42.831859827041626,42.82916879653931,42.89410138130188,42.99676442146301,43.126378297805786,43.03611445426941,43.066975831985474,43.01728677749634,42.90268850326538,42.86134314537048,42.54049491882324,42.55894446372986,42.59556984901428,42.6107382774353,42.62301206588745,42.66201400756836,42.604082107543945,42.67917013168335,42.66281604766846
