Epoch, 37
Random seed, 0, forward time, 406.8168511390686, inference time, 1159.2611672878265, qp time, 0, backward_time, 707.3383724689484
forward time,0,0,11.406599044799805,10.943347930908203,10.93686819076538,10.939857482910156,10.950422763824463,10.942393064498901,10.943045616149902,10.943576574325562,10.94859528541565,10.945964336395264,10.948732614517212,10.904228925704956,10.910905122756958,10.915271520614624,10.914603471755981,10.928059339523315,10.94498348236084,10.835978031158447,11.292750835418701,11.162527322769165,11.100971460342407,11.037208557128906,11.032238721847534,11.022033929824829,10.994635820388794,11.000523805618286,11.004555702209473,11.007699728012085,11.004598140716553,10.911452054977417,10.928003072738647,10.955527782440186,10.954574346542358,10.994533061981201,11.05162501335144,11.09902048110962,11.05893850326538
inference time,0,0,33.3877010345459,31.410497426986694,32.004096269607544,31.512796878814697,31.562078952789307,31.66594362258911,31.368796825408936,31.39345932006836,31.367369413375854,31.294432640075684,31.264540672302246,31.22592568397522,31.32802414894104,31.05418848991394,31.358700275421143,31.34602379798889,31.432416439056396,30.541117429733276,31.559006452560425,31.23843264579773,31.199117422103882,30.986854553222656,30.977534294128418,31.09851622581482,30.955520391464233,30.996810913085938,31.042593717575073,31.08515453338623,31.12710475921631,30.86565065383911,31.000617504119873,31.267492055892944,30.98239040374756,31.250228881835938,31.757387161254883,31.709622621536255,31.643022775650024
qp time,0,0,0,0,0,0,0,0,0,0,0,0,0,0,0,0,0,0,0,0,0,0,0,0,0,0,0,0,0,0,0,0,0,0,0,0,0,0,0
backward time,0,0,19.74156904220581,18.900646924972534,18.910737991333008,18.916040182113647,18.933767795562744,18.93785572052002,18.924964427947998,18.934943914413452,18.951842546463013,18.971717596054077,18.990594625473022,18.947344303131104,19.013349533081055,19.026793479919434,19.029826641082764,19.039586067199707,19.021838188171387,18.84261465072632,19.576369047164917,19.44352078437805,19.357004642486572,19.28232431411743,19.286662817001343,19.27179718017578,19.23372459411621,19.251886129379272,19.225804805755615,19.23961853981018,19.195030689239502,18.998156785964966,19.02824330329895,19.073336601257324,19.073901891708374,19.121880769729614,19.20108437538147,19.259239673614502,19.182751893997192
