Epoch, 12
Random seed, 0, forward time, 17.29155969619751, inference time, 60.05664682388306, qp time, 0, backward_time, 24.665611743927002
forward time,0,0,1.4381835460662842,1.4399950504302979,1.4364652633666992,1.4375221729278564,1.4374198913574219,1.4437665939331055,1.4436371326446533,1.4424545764923096,1.4407556056976318,1.4403419494628906,1.442241907119751,1.4487760066986084
inference time,0,0,5.472924709320068,4.792076110839844,4.6737823486328125,4.687706232070923,4.732593059539795,4.826324939727783,4.9405317306518555,5.021554708480835,5.047388315200806,5.191337585449219,5.30504035949707,5.365386724472046
qp time,0,0,0,0,0,0,0,0,0,0,0,0,0,0
backward time,0,0,2.058600902557373,2.0528018474578857,2.050896644592285,2.0544960498809814,2.05137038230896,2.057396650314331,2.0569043159484863,2.056788206100464,2.060436725616455,2.0530521869659424,2.0545694828033447,2.058298349380493
