Epoch, 15
Random seed, 0, forward time, 62.46158576011658, inference time, 142.28606724739075, qp time, 0, backward_time, 77.38146114349365
forward time,0,0,4.1670544147491455,4.158283233642578,4.160204887390137,4.159087896347046,4.158973693847656,4.160761833190918,4.157317876815796,4.15467643737793,4.161017656326294,4.165095090866089,4.213208436965942,4.1639084815979,4.160985231399536,4.163050651550293,4.157959938049316
inference time,0,0,10.174937009811401,8.348526954650879,8.506223917007446,8.86686110496521,8.874316215515137,9.382224082946777,9.328271865844727,9.515869379043579,9.580774784088135,9.679343700408936,9.821311235427856,9.92604923248291,9.869011878967285,10.212114334106445,10.200231552124023
qp time,0,0,0,0,0,0,0,0,0,0,0,0,0,0,0,0,0
backward time,0,0,5.245701551437378,5.139322996139526,5.1413373947143555,5.148547887802124,5.145032167434692,5.15424919128418,5.152631044387817,5.150486707687378,5.154979228973389,5.157297134399414,5.164961099624634,5.1590681076049805,5.156220436096191,5.156778573989868,5.154847621917725
