Epoch, 20
Random seed, 0, forward time, 26.0155029296875, inference time, 98.17812061309814, qp time, 0, backward_time, 36.37250232696533
forward time,0,0,1.3002049922943115,1.301802158355713,1.3044726848602295,1.298229694366455,1.2990269660949707,1.3020093441009521,1.3018698692321777,1.3028442859649658,1.3020079135894775,1.2983040809631348,1.2997455596923828,1.31056547164917,1.297872543334961,1.2973618507385254,1.3008103370666504,1.2990186214447021,1.2991633415222168,1.2976114749908447,1.3024382591247559,1.3001434803009033
inference time,0,0,5.906134366989136,5.1466569900512695,4.797720193862915,4.395405054092407,4.433132171630859,4.477811813354492,4.4170897006988525,4.503449201583862,4.65903115272522,4.647794485092163,4.774957180023193,4.963612794876099,4.902690649032593,5.037872076034546,5.052483797073364,5.147777557373047,5.159838914871216,5.215391397476196,5.257652759552002,5.281618356704712
qp time,0,0,0,0,0,0,0,0,0,0,0,0,0,0,0,0,0,0,0,0,0,0
backward time,0,0,1.8209991455078125,1.82258939743042,1.822962999343872,1.8143725395202637,1.8150441646575928,1.8188669681549072,1.8191606998443604,1.8211510181427002,1.8178560733795166,1.8141403198242188,1.8192331790924072,1.8205618858337402,1.8162195682525635,1.8156428337097168,1.8172805309295654,1.8194565773010254,1.8189523220062256,1.8170452117919922,1.819972038269043,1.8209948539733887
