Epoch, 13
Random seed, 0, forward time, 13.55924105644226, inference time, 53.78738331794739, qp time, 0, backward_time, 19.8005268573761
forward time,0,0,1.0457401275634766,1.045708417892456,1.041128158569336,1.0436058044433594,1.0454692840576172,1.046534538269043,1.0482022762298584,1.0459401607513428,1.0423314571380615,1.0380346775054932,1.0374281406402588,1.0424778461456299,1.0366401672363281
inference time,0,0,4.601426362991333,4.1042609214782715,4.197835922241211,4.182864665985107,3.999627113342285,3.9817237854003906,3.9938933849334717,4.014545679092407,4.04685378074646,4.119630575180054,4.105321645736694,4.151736259460449,4.287663221359253
qp time,0,0,0,0,0,0,0,0,0,0,0,0,0,0,0
backward time,0,0,1.528517246246338,1.522979974746704,1.5212368965148926,1.526301622390747,1.5299053192138672,1.526637077331543,1.526862382888794,1.5283958911895752,1.522355556488037,1.5177631378173828,1.517101526260376,1.5170526504516602,1.5154175758361816
