Epoch, 25
Random seed, 0, forward time, 367.2547519207001, inference time, 1243.8816423416138, qp time, 0, backward_time, 525.7890067100525
forward time,0,0,14.805830955505371,14.799985885620117,14.751452684402466,14.776393413543701,14.722251415252686,14.661815404891968,14.646841287612915,14.632908821105957,14.696317672729492,14.717061519622803,14.730390310287476,14.633558988571167,14.623926639556885,14.626699447631836,14.64145803451538,14.648160219192505,14.593449831008911,14.587528944015503,14.612510681152344,14.633904933929443,14.69553828239441,14.725864887237549,14.735986948013306,14.82710576057434,14.727808952331543
inference time,0,0,51.4584059715271,48.77944874763489,48.751709938049316,48.637317419052124,48.46109223365784,48.37805485725403,48.296159744262695,48.20198440551758,48.60070586204529,48.79227590560913,48.9986686706543,49.024463415145874,48.878926038742065,49.446178913116455,49.658092737197876,49.74590826034546,49.85196590423584,50.12663221359253,50.35535454750061,50.65593695640564,50.80741763114929,51.32885408401489,51.80528378486633,52.3577938079834,52.48301029205322
qp time,0,0,0,0,0,0,0,0,0,0,0,0,0,0,0,0,0,0,0,0,0,0,0,0,0,0,0
backward time,0,0,21.126518964767456,21.04074263572693,20.983067989349365,20.999754905700684,20.947482109069824,20.87477159500122,20.83289361000061,20.830833435058594,20.91610813140869,20.989656686782837,21.056552410125732,20.943322896957397,20.957289695739746,20.948140621185303,20.940099716186523,20.988697290420532,20.890316486358643,20.968557834625244,21.047209978103638,21.08656644821167,21.22534155845642,21.27920627593994,21.278675317764282,21.38864493370056,21.248555183410645
