Epoch, 30
Random seed, 0, forward time, 33.24914765357971, inference time, 110.3740508556366, qp time, 0, backward_time, 58.853590965270996
forward time,0,0,1.094771385192871,1.0987257957458496,1.095885992050171,1.098832607269287,1.098214864730835,1.1007609367370605,1.100456953048706,1.1049749851226807,1.1032671928405762,1.1014838218688965,1.1013891696929932,1.1006429195404053,1.098684549331665,1.1020777225494385,1.0991945266723633,1.0991075038909912,1.1021931171417236,1.1017556190490723,1.1017284393310547,1.1055541038513184,1.1151494979858398,1.1132049560546875,1.1160838603973389,1.1227691173553467,1.1289050579071045,1.1279473304748535,1.1312775611877441,1.128833293914795,1.1268815994262695,1.1283931732177734
inference time,0,0,3.6698222160339355,3.637343406677246,3.612232208251953,3.7052557468414307,3.5763533115386963,3.599170207977295,3.61800479888916,3.679473638534546,3.614335775375366,3.6570193767547607,3.6746692657470703,3.597564935684204,3.6218554973602295,3.60892915725708,3.5882034301757812,3.6099228858947754,3.589311361312866,3.5571646690368652,3.5646183490753174,3.57769775390625,3.6229896545410156,3.6218695640563965,3.687417507171631,3.750943183898926,3.789085865020752,3.803781032562256,3.848731517791748,3.893984317779541,3.95985746383667,4.036442756652832
qp time,0,0,0,0,0,0,0,0,0,0,0,0,0,0,0,0,0,0,0,0,0,0,0,0,0,0,0,0,0,0,0,0
backward time,0,0,1.943373680114746,1.9408848285675049,1.9418559074401855,1.9433135986328125,1.944352388381958,1.9507336616516113,1.9495210647583008,1.9564127922058105,1.9575755596160889,1.9487204551696777,1.9476213455200195,1.9483065605163574,1.9471666812896729,1.943742036819458,1.9465723037719727,1.947800874710083,1.9520747661590576,1.948603630065918,1.9536235332489014,1.9556214809417725,1.9761312007904053,1.9725048542022705,1.9736015796661377,1.9895646572113037,1.9940600395202637,1.9972631931304932,1.99900484085083,1.9951376914978027,1.9947559833526611,1.993689775466919
