Epoch, 28
Random seed, 0, forward time, 483.56667280197144, inference time, 1439.5693349838257, qp time, 0, backward_time, 663.5979995727539
forward time,0,0,17.071341276168823,17.00182819366455,17.244932174682617,17.281908988952637,17.19759511947632,17.121216535568237,17.30869960784912,17.432114362716675,17.36074686050415,17.45608878135681,17.283584117889404,17.272709608078003,17.21200132369995,17.31739091873169,17.30282187461853,17.258323669433594,17.23717975616455,17.239997625350952,17.132056951522827,17.320518732070923,17.400269985198975,17.292968034744263,17.19709825515747,17.226834774017334,17.156814098358154,17.20553493499756,17.48729157447815,17.546804666519165
inference time,0,0,49.16756725311279,46.81468939781189,47.48905682563782,47.847200870513916,47.97311735153198,48.0702645778656,48.91632032394409,49.62273359298706,49.623920917510986,50.25133800506592,50.168840408325195,50.589972734451294,50.61164307594299,51.396753549575806,51.622512340545654,51.84770083427429,52.34024715423584,52.72607445716858,52.632214069366455,53.28767704963684,53.85504460334778,53.97535753250122,53.747477293014526,54.18493843078613,54.20389008522034,54.60444927215576,55.6756706237793,56.322662353515625
qp time,0,0,0,0,0,0,0,0,0,0,0,0,0,0,0,0,0,0,0,0,0,0,0,0,0,0,0,0,0,0
backward time,0,0,23.400965452194214,23.20276665687561,23.469327688217163,23.531777143478394,23.496860027313232,23.397863626480103,23.6252121925354,23.81187129020691,23.76793622970581,23.838078022003174,23.74667263031006,23.782245874404907,23.69483709335327,23.80338954925537,23.722363233566284,23.72599458694458,23.706998825073242,23.729949235916138,23.61805510520935,23.822343587875366,23.9083993434906,23.82027578353882,23.743756532669067,23.70445227622986,23.67536187171936,23.697618007659912,24.06576681137085,24.08686089515686
