Epoch, 36
Random seed, 0, forward time, 62.111350774765015, inference time, 163.45029377937317, qp time, 0, backward_time, 106.13774800300598
forward time,0,0,1.725602388381958,1.727410078048706,1.7288908958435059,1.7266957759857178,1.7257516384124756,1.7256097793579102,1.7235686779022217,1.7306160926818848,1.7255370616912842,1.7263431549072266,1.7287254333496094,1.7265543937683105,1.7299041748046875,1.7272953987121582,1.7214083671569824,1.7250378131866455,1.7258126735687256,1.7194197177886963,1.7300019264221191,1.7212092876434326,1.724362850189209,1.7235119342803955,1.7218313217163086,1.7229161262512207,1.7208752632141113,1.7254700660705566,1.7210659980773926,1.7252197265625,1.7241172790527344,1.7258872985839844,1.7290782928466797,1.7225334644317627,1.7259256839752197,1.7233173847198486,1.7253835201263428,1.7284598350524902
inference time,0,0,5.047531366348267,4.523125648498535,4.415365934371948,4.482583522796631,4.5351338386535645,4.492032766342163,4.4748828411102295,4.51849102973938,4.453526258468628,4.474952220916748,4.53725790977478,4.5467689037323,4.478622674942017,4.570104598999023,4.557847261428833,4.5093958377838135,4.511777400970459,4.471064567565918,4.531391859054565,4.48792290687561,4.553574323654175,4.52063250541687,4.544554233551025,4.567331314086914,4.524179458618164,4.387941837310791,4.34246826171875,4.413083553314209,4.388239145278931,4.474960565567017,4.593046188354492,4.584997177124023,4.646472930908203,4.7064878940582275,4.773388862609863,4.809156179428101
qp time,0,0,0,0,0,0,0,0,0,0,0,0,0,0,0,0,0,0,0,0,0,0,0,0,0,0,0,0,0,0,0,0,0,0,0,0,0,0
backward time,0,0,2.9555740356445312,2.948599338531494,2.9506380558013916,2.9511446952819824,2.95220685005188,2.947174072265625,2.946256160736084,2.950948476791382,2.944091796875,2.9466307163238525,2.9555273056030273,2.953026294708252,2.9530892372131348,2.9494049549102783,2.946200370788574,2.939995765686035,2.9469361305236816,2.9411094188690186,2.9559900760650635,2.945336103439331,2.9467051029205322,2.9450833797454834,2.9510958194732666,2.9428203105926514,2.9372482299804688,2.9491121768951416,2.9431488513946533,2.9466378688812256,2.946087121963501,2.950953245162964,2.949451208114624,2.945507764816284,2.9508142471313477,2.949803113937378,2.95166277885437,2.9517369270324707
