Epoch, 33
Random seed, 0, forward time, 146.05590844154358, inference time, 254.4415283203125, qp time, 0, backward_time, 232.88169693946838
forward time,0,0,4.4232611656188965,4.430208683013916,4.4323155879974365,4.4208691120147705,4.426455020904541,4.420137643814087,4.430516719818115,4.428678035736084,4.424530744552612,4.41784930229187,4.481116771697998,4.4208807945251465,4.429154872894287,4.420003414154053,4.417862415313721,4.415302276611328,4.426874876022339,4.417357921600342,4.4187047481536865,4.422572135925293,4.41759467124939,4.418910980224609,4.425761938095093,4.425982475280762,4.424501657485962,4.422210931777954,4.422033309936523,4.421573638916016,4.425711154937744,4.428784370422363,4.430957555770874,4.434383153915405,4.432850360870361
inference time,0,0,9.948775291442871,7.884411811828613,7.8976991176605225,7.802271604537964,7.313814401626587,7.826083421707153,7.400363922119141,7.768533945083618,7.398149251937866,7.7281928062438965,7.615967512130737,7.35379433631897,7.566753387451172,7.38752007484436,7.411754369735718,7.521104335784912,7.402103662490845,7.473155498504639,7.299092054367065,7.491014719009399,7.5065367221832275,7.2262372970581055,7.292673826217651,7.319839000701904,7.619092226028442,7.640245676040649,7.719130754470825,7.914820909500122,7.9870665073394775,8.061399936676025,8.250005960464478,8.179902076721191,8.23402190208435
qp time,0,0,0,0,0,0,0,0,0,0,0,0,0,0,0,0,0,0,0,0,0,0,0,0,0,0,0,0,0,0,0,0,0,0,0
backward time,0,0,7.062981367111206,7.064443588256836,7.067035913467407,7.056809663772583,7.05963134765625,7.051247835159302,7.06361198425293,7.06555962562561,7.046237230300903,7.039211988449097,7.055869817733765,7.057928800582886,7.066043138504028,7.057728290557861,7.053987979888916,7.055422306060791,7.067095756530762,7.04625129699707,7.049156904220581,7.049655914306641,7.038502216339111,7.060673713684082,7.059804916381836,7.062772989273071,7.04550838470459,7.056018829345703,7.04948353767395,7.060025930404663,7.053142547607422,7.062595367431641,7.062324285507202,7.06860613822937,7.066327333450317
