Epoch, 12
Random seed, 0, forward time, 25.36251735687256, inference time, 78.68418169021606, qp time, 0, backward_time, 34.452045917510986
forward time,0,0,2.1120705604553223,2.110333204269409,2.110191583633423,2.113375186920166,2.107839822769165,2.1131460666656494,2.1389427185058594,2.1115565299987793,2.108724355697632,2.110208511352539,2.1104841232299805,2.115644693374634
inference time,0,0,7.382238149642944,5.90285587310791,6.019380331039429,6.1157379150390625,6.214177370071411,6.3850603103637695,6.680099964141846,6.610317945480347,6.7235729694366455,6.803846597671509,6.877045392990112,6.969848871231079
qp time,0,0,0,0,0,0,0,0,0,0,0,0,0,0
backward time,0,0,2.8721117973327637,2.8675997257232666,2.8685193061828613,2.8627676963806152,2.864004373550415,2.869628429412842,2.9078571796417236,2.8727314472198486,2.8653924465179443,2.867382049560547,2.8682637214660645,2.8657877445220947
