Epoch, 24
Random seed, 0, forward time, 201.18058943748474, inference time, 742.456779718399, qp time, 0, backward_time, 300.5887644290924
forward time,0,0,8.342352867126465,8.359320878982544,8.357873916625977,8.376224994659424,8.370679140090942,8.376702308654785,8.382293224334717,8.384931087493896,8.381568670272827,8.474349737167358,8.404735803604126,8.35167121887207,8.352355241775513,8.358231544494629,8.362192392349243,8.374013423919678,8.380280256271362,8.372432231903076,8.397926568984985,8.396970748901367,8.400607347488403,8.402137756347656,8.4039306640625,8.416807413101196
inference time,0,0,32.3352587223053,30.68894338607788,30.310352325439453,30.17659878730774,29.903815269470215,29.91862154006958,29.893187046051025,30.258561372756958,30.398768663406372,30.5383460521698,30.627047538757324,30.837871551513672,30.942068576812744,31.049932956695557,31.165024280548096,31.129796981811523,31.388182640075684,31.4713933467865,31.49968433380127,31.518872499465942,31.504992961883545,31.625832557678223,31.59932804107666,31.67429828643799
qp time,0,0,0,0,0,0,0,0,0,0,0,0,0,0,0,0,0,0,0,0,0,0,0,0,0,0
backward time,0,0,12.471952199935913,12.395264148712158,12.391839981079102,12.398977279663086,12.42193078994751,12.440539121627808,12.439258098602295,12.467920541763306,12.485562801361084,12.58839750289917,12.586425542831421,12.540684461593628,12.546778202056885,12.541743040084839,12.545674324035645,12.568694353103638,12.583308935165405,12.558862447738647,12.581111669540405,12.586643695831299,12.597039937973022,12.597323894500732,12.612960577011108,12.639870882034302
