Epoch, 19
Random seed, 0, forward time, 603.3632628917694, inference time, 1350.670287847519, qp time, 0, backward_time, 737.5311806201935
forward time,0,0,31.83826518058777,31.840888023376465,31.835049390792847,31.846163749694824,31.789827585220337,31.76836109161377,31.757302045822144,31.95633864402771,31.802833318710327,31.891876697540283,31.76270842552185,31.569920539855957,31.499265909194946,31.597883939743042,31.638774633407593,31.628812313079834,31.594669580459595,31.827818393707275,31.916503429412842
inference time,0,0,64.8035626411438,64.29747462272644,65.90464425086975,67.376300573349,69.05091762542725,69.3379373550415,70.35209941864014,71.0225179195404,71.46833229064941,72.11375761032104,72.64520716667175,72.537593126297,72.7937741279602,73.09758830070496,74.12361669540405,74.62660479545593,74.4864239692688,74.9980628490448,75.63387250900269
qp time,0,0,0,0,0,0,0,0,0,0,0,0,0,0,0,0,0,0,0,0,0
backward time,0,0,38.860350131988525,38.74643301963806,38.77634644508362,38.790982484817505,38.75616216659546,38.735085010528564,38.75268578529358,39.11485838890076,38.87152361869812,38.948038816452026,38.93302130699158,38.63424491882324,38.476460456848145,38.67556643486023,38.71943783760071,38.70921301841736,38.716434955596924,39.10003662109375,39.21429920196533
