Epoch, 17
Random seed, 0, forward time, 29.89082670211792, inference time, 101.80530309677124, qp time, 0, backward_time, 41.71134901046753
forward time,0,0,1.74271821975708,1.741194725036621,1.7463133335113525,1.744917392730713,1.7443718910217285,1.7447354793548584,1.7497963905334473,1.7556917667388916,1.756453275680542,1.7591967582702637,1.7577533721923828,1.7630176544189453,1.7542521953582764,1.753809928894043,1.7784817218780518,1.7968347072601318,1.8012878894805908
inference time,0,0,6.649481296539307,5.464390277862549,5.3731019496917725,5.434691429138184,5.438988208770752,5.55853796005249,5.530205249786377,5.7495386600494385,5.997229099273682,5.922119140625,6.163339853286743,6.238055944442749,6.24628472328186,6.290731906890869,6.472290515899658,6.648482799530029,6.62783408164978
qp time,0,0,0,0,0,0,0,0,0,0,0,0,0,0,0,0,0,0,0
backward time,0,0,2.441370725631714,2.4380078315734863,2.438319444656372,2.437228202819824,2.4373817443847656,2.4397270679473877,2.442006826400757,2.4505534172058105,2.449678897857666,2.451913356781006,2.4503328800201416,2.452739953994751,2.451303243637085,2.452051877975464,2.4792771339416504,2.4972472190856934,2.502209186553955
