Epoch, 18
Random seed, 0, forward time, 728.3959336280823, inference time, 1492.2692611217499, qp time, 0, backward_time, 893.1631569862366
forward time,0,0,40.547353744506836,40.507972717285156,40.508948802948,40.461336612701416,40.43826651573181,40.85078263282776,40.426831007003784,40.4297080039978,40.413642168045044,40.535046100616455,40.477535247802734,40.40246510505676,40.29340410232544,40.35230255126953,40.47042489051819,40.491260051727295,40.40446901321411,40.38418436050415
inference time,0,0,74.6701922416687,76.8966372013092,78.5094826221466,79.92296862602234,80.66126203536987,82.38043904304504,82.17725586891174,82.41848516464233,83.79926037788391,84.08287191390991,84.42844986915588,84.58213019371033,85.65045142173767,85.9855546951294,86.19040536880493,86.56147313117981,86.52076530456543,86.83117604255676
qp time,0,0,0,0,0,0,0,0,0,0,0,0,0,0,0,0,0,0,0,0
backward time,0,0,49.6232373714447,49.56344938278198,49.536983251571655,49.526047229766846,49.47431755065918,49.93592691421509,49.53848147392273,49.600696325302124,49.557552337646484,49.65897178649902,49.72851896286011,49.627771615982056,49.48317193984985,49.515504360198975,49.649882793426514,49.76438236236572,49.705626010894775,49.672635316848755
