Epoch, 15
Random seed, 0, forward time, 80.10728931427002, inference time, 168.47794699668884, qp time, 0, backward_time, 100.05437779426575
forward time,0,0,5.346296787261963,5.33342170715332,5.3572399616241455,5.316309213638306,5.3628990650177,5.313539743423462,5.345082759857178,5.310853958129883,5.342103481292725,5.328711748123169,5.346673965454102,5.355194568634033,5.337214946746826,5.363182067871094,5.348565340042114
inference time,0,0,11.777192115783691,10.041610479354858,9.920395612716675,10.27211618423462,10.469600200653076,10.61474084854126,10.918495416641235,11.17255449295044,11.365384817123413,11.50568175315857,11.826929569244385,11.801608324050903,12.094764947891235,12.264045000076294,12.432827234268188
qp time,0,0,0,0,0,0,0,0,0,0,0,0,0,0,0,0,0
backward time,0,0,6.683050870895386,6.673391103744507,6.696836948394775,6.646043539047241,6.697258949279785,6.623222827911377,6.684713840484619,6.628924369812012,6.666200637817383,6.654400110244751,6.679301023483276,6.6779820919036865,6.661916255950928,6.7076332569122314,6.673501968383789
