Epoch, 23
Random seed, 0, forward time, 175.95858430862427, inference time, 611.1339778900146, qp time, 0, backward_time, 313.3532090187073
forward time,0,0,7.704585552215576,7.705098628997803,7.699786424636841,7.7014479637146,7.695640325546265,7.7013983726501465,7.615971326828003,7.60961389541626,7.608509540557861,7.689601421356201,7.607254266738892,7.6112587451934814,7.610527515411377,7.610741138458252,7.616761684417725,7.643075227737427,7.647851467132568,7.642548084259033,7.64901328086853,7.647855758666992,7.646409273147583,7.646389722824097,7.647244691848755
inference time,0,0,27.07225275039673,26.825761318206787,26.80701732635498,26.815547227859497,26.9604434967041,26.784698486328125,26.479396104812622,26.457286834716797,26.472676992416382,26.691314697265625,26.49656844139099,26.413296222686768,26.383694410324097,26.584925174713135,26.357197046279907,26.480382919311523,26.33921241760254,26.473421812057495,26.45493793487549,26.392029285430908,26.35667324066162,26.513692617416382,26.52155113220215
qp time,0,0,0,0,0,0,0,0,0,0,0,0,0,0,0,0,0,0,0,0,0,0,0,0,0
backward time,0,0,13.665227890014648,13.669217109680176,13.661414384841919,13.66408395767212,13.665279626846313,13.659187316894531,13.529761552810669,13.530267477035522,13.522059679031372,13.577409029006958,13.532003402709961,13.528575658798218,13.556437492370605,13.570682287216187,13.598146438598633,13.620887279510498,13.627829551696777,13.665005445480347,13.711568117141724,13.72807788848877,13.716969966888428,13.699340581893921,13.65377688407898
