Epoch, 21
Random seed, 0, forward time, 293.64464235305786, inference time, 904.6756374835968, qp time, 0, backward_time, 404.6219127178192
forward time,0,0,13.944630146026611,13.988485336303711,14.01012921333313,13.980227708816528,14.017034769058228,14.039184331893921,14.042934656143188,13.989062070846558,14.033090353012085,14.12083649635315,13.990025997161865,13.954386472702026,13.94387412071228,13.971614360809326,14.010474443435669,13.916415214538574,13.909730195999146,13.917088985443115,13.978476285934448,13.97338604927063,13.913555145263672
inference time,0,0,43.0685338973999,41.41435432434082,41.60170078277588,41.49795317649841,41.791398763656616,41.928850412368774,42.04243326187134,42.39665770530701,42.558491230010986,42.876238107681274,42.748149394989014,43.04040002822876,43.33905220031738,43.37397074699402,43.765684843063354,43.80008149147034,44.20019817352295,44.45712065696716,44.75784707069397,44.85291886329651,45.163602352142334
qp time,0,0,0,0,0,0,0,0,0,0,0,0,0,0,0,0,0,0,0,0,0,0,0
backward time,0,0,19.123292207717896,19.16933274269104,19.20265030860901,19.163392782211304,19.213518381118774,19.2313711643219,19.23587989807129,19.210989236831665,19.272494077682495,19.36949586868286,19.368993043899536,19.338600873947144,19.268818855285645,19.288954973220825,19.346534252166748,19.281885623931885,19.275707006454468,19.297191619873047,19.327418565750122,19.338862895965576,19.296528339385986
