Epoch, 27
Random seed, 0, forward time, 117.35250353813171, inference time, 205.85034346580505, qp time, 0, backward_time, 187.13733506202698
forward time,0,0,4.328896522521973,4.333920240402222,4.328284025192261,4.34445858001709,4.340960264205933,4.350530385971069,4.349966526031494,4.342382192611694,4.358574151992798,4.352570056915283,4.398094177246094,4.334107398986816,4.3327271938323975,4.323793888092041,4.3377227783203125,4.343360185623169,4.331854820251465,4.3436439037323,4.349006175994873,4.351993799209595,4.357919454574585,4.342755079269409,4.364262819290161,4.356144189834595,4.346865892410278,4.360898017883301,4.346810817718506
inference time,0,0,9.864665508270264,8.170082569122314,7.3260180950164795,7.572944402694702,7.463356971740723,7.269203186035156,7.380163192749023,7.530294418334961,7.3412957191467285,7.649946928024292,7.3560471534729,7.470832824707031,7.188836574554443,7.732502222061157,7.498379230499268,7.015989780426025,6.946213245391846,7.079029321670532,7.162999153137207,7.502789258956909,7.630889892578125,7.707304000854492,7.813744783401489,7.7755186557769775,8.072430610656738,8.113192796707153,8.215672969818115
qp time,0,0,0,0,0,0,0,0,0,0,0,0,0,0,0,0,0,0,0,0,0,0,0,0,0,0,0,0,0
backward time,0,0,6.912463188171387,6.912496089935303,6.897932767868042,6.935084104537964,6.920439720153809,6.936760425567627,6.952955722808838,6.92404842376709,6.95171594619751,6.944445371627808,6.927774667739868,6.910188674926758,6.902587652206421,6.886977195739746,6.923442602157593,6.9237048625946045,6.908987998962402,6.923339366912842,6.944901704788208,6.93721079826355,6.958648920059204,6.917814493179321,6.972700834274292,6.965560436248779,6.942496061325073,6.960475206375122,6.942181825637817
