Epoch, 40
Random seed, 0, forward time, 140.38021659851074, inference time, 268.2608458995819, qp time, 0, backward_time, 224.98889303207397
forward time,0,0,3.506615400314331,3.4974658489227295,3.498236894607544,3.5024735927581787,3.5014724731445312,3.5051169395446777,3.502239942550659,3.501629114151001,3.5020816326141357,3.505667209625244,3.56144118309021,3.509336233139038,3.507052183151245,3.5068271160125732,3.509908437728882,3.508295774459839,3.5110137462615967,3.5062527656555176,3.505711317062378,3.5109825134277344,3.502340793609619,3.507239818572998,3.5059735774993896,3.5075414180755615,3.505398988723755,3.50761342048645,3.508354663848877,3.505841016769409,3.509683609008789,3.522777557373047,3.5096640586853027,3.5100343227386475,3.5150961875915527,3.5172815322875977,3.5124619007110596,3.5148932933807373,3.513993740081787,3.5159554481506348,3.5118069648742676,3.516443967819214
inference time,0,0,8.652407169342041,7.25254487991333,6.563292980194092,6.470088720321655,6.553076505661011,6.5425050258636475,6.832309007644653,6.447084903717041,6.600804805755615,6.462181091308594,6.627957105636597,6.473128080368042,6.512986898422241,6.399362325668335,6.482995510101318,6.412947177886963,6.614435911178589,6.548756122589111,6.562128305435181,6.515293836593628,6.586139678955078,6.547722578048706,6.414640665054321,6.373034715652466,6.48150634765625,6.31334376335144,6.306389808654785,6.384676456451416,6.436404466629028,6.488029479980469,6.647451877593994,6.69620943069458,6.859502553939819,6.99843955039978,7.0283591747283936,7.193223476409912,7.204376459121704,7.234888553619385,7.2549684047698975,7.285252094268799
qp time,0,0,0,0,0,0,0,0,0,0,0,0,0,0,0,0,0,0,0,0,0,0,0,0,0,0,0,0,0,0,0,0,0,0,0,0,0,0,0,0,0,0
backward time,0,0,5.621648073196411,5.614667177200317,5.610546112060547,5.612634181976318,5.613032102584839,5.617093801498413,5.618891000747681,5.618381977081299,5.617639064788818,5.619119882583618,5.630852222442627,5.621441125869751,5.623669862747192,5.621465444564819,5.633422136306763,5.631789922714233,5.628935098648071,5.624765634536743,5.626685380935669,5.6202661991119385,5.61703634262085,5.61895489692688,5.614616870880127,5.619091510772705,5.620963096618652,5.6130805015563965,5.625801086425781,5.626389026641846,5.621256113052368,5.624128103256226,5.623864412307739,5.628312110900879,5.634131193161011,5.637056350708008,5.6440749168396,5.64240026473999,5.636310577392578,5.642756700515747,5.636783123016357,5.634939432144165
