Epoch, 31
Random seed, 0, forward time, 142.43873000144958, inference time, 248.4901475906372, qp time, 0, backward_time, 226.79783582687378
forward time,0,0,4.596679449081421,4.595020055770874,4.5962607860565186,4.591138124465942,4.590811014175415,4.59599757194519,4.5972418785095215,4.593852758407593,4.594770431518555,4.592382431030273,4.658442735671997,4.591237306594849,4.594277620315552,4.590406656265259,4.587059259414673,4.588089942932129,4.585562229156494,4.594463109970093,4.588428735733032,4.595278978347778,4.591379165649414,4.591238737106323,4.59079122543335,4.593659162521362,4.590695142745972,4.594596862792969,4.591546058654785,4.59311580657959,4.589606285095215,4.596424579620361,4.598275899887085
inference time,0,0,10.12942886352539,8.54493498802185,8.346438884735107,7.718194961547852,7.772130012512207,7.686630487442017,7.497950792312622,7.8363118171691895,7.707188606262207,7.66910982131958,7.789092779159546,7.525493621826172,7.6230833530426025,7.595646381378174,7.336232900619507,7.228601455688477,7.272833585739136,7.360351324081421,7.596002101898193,7.579235553741455,7.746932506561279,7.933277606964111,7.991441488265991,8.265323400497437,8.473489761352539,8.407578229904175,8.658293008804321,8.696876287460327,8.752105236053467,8.779999256134033,8.969938516616821
qp time,0,0,0,0,0,0,0,0,0,0,0,0,0,0,0,0,0,0,0,0,0,0,0,0,0,0,0,0,0,0,0,0,0
backward time,0,0,7.403637170791626,7.316927909851074,7.316840410232544,7.309300422668457,7.317404270172119,7.315216541290283,7.31744647026062,7.312003135681152,7.311614036560059,7.313885450363159,7.3154191970825195,7.311037063598633,7.311146020889282,7.30995512008667,7.310542345046997,7.311045408248901,7.310159921646118,7.319811105728149,7.3079283237457275,7.310734987258911,7.3124682903289795,7.312095880508423,7.318619966506958,7.312672138214111,7.316413640975952,7.312295913696289,7.311330080032349,7.315613031387329,7.314578533172607,7.309682130813599,7.31001091003418
