Epoch, 21
Random seed, 0, forward time, 23.516672134399414, inference time, 82.08813524246216, qp time, 0, backward_time, 41.62667202949524
forward time,0,0,1.0990033149719238,1.1074509620666504,1.09285306930542,1.0918605327606201,1.0923891067504883,1.1114928722381592,1.1062088012695312,1.0945558547973633,1.0963923931121826,1.1040945053100586,1.1252853870391846,1.1359665393829346,1.0980148315429688,1.1347529888153076,1.1376612186431885,1.138899803161621,1.1215016841888428,1.113373041152954,1.1445298194885254,1.2184045314788818,1.1519808769226074
inference time,0,0,3.9336307048797607,3.8177030086517334,3.8840646743774414,3.8770334720611572,3.8980016708374023,3.8984997272491455,3.7797110080718994,3.8944106101989746,3.841625452041626,3.8984639644622803,3.836559534072876,3.8069024085998535,3.862304925918579,4.024484634399414,3.969845771789551,3.7888920307159424,3.892944097518921,3.8619422912597656,4.2405641078948975,4.081986904144287,3.9985642433166504
qp time,0,0,0,0,0,0,0,0,0,0,0,0,0,0,0,0,0,0,0,0,0,0,0
backward time,0,0,1.9689686298370361,1.9834837913513184,1.9552958011627197,1.9351003170013428,1.969963550567627,1.9736628532409668,1.9100356101989746,1.9627926349639893,1.9377305507659912,1.965796709060669,1.9878134727478027,1.9962427616119385,2.0214059352874756,1.9894301891326904,2.0420987606048584,1.9699585437774658,1.9627881050109863,1.928968906402588,2.0396652221679688,2.099271535873413,2.026198148727417
