Epoch, 19
Random seed, 0, forward time, 651.2404541969299, inference time, 1109.5243921279907, qp time, 0, backward_time, 1034.122341632843
forward time,0,0,34.223186016082764,34.189218521118164,34.363845109939575,34.43485426902771,34.23389172554016,34.17397999763489,34.229058265686035,34.25791049003601,34.20283818244934,34.424299240112305,34.341378688812256,34.221102714538574,34.17238235473633,34.19268584251404,34.205796003341675,34.264453649520874,34.3190381526947,34.35450506210327,34.43602991104126
inference time,0,0,63.67025828361511,58.894834995269775,59.390934228897095,58.87863755226135,58.47948169708252,58.27267265319824,58.09462857246399,57.83037805557251,57.56076431274414,58.44538640975952,57.87098526954651,57.487788438797,57.89948296546936,57.44589614868164,57.766661167144775,57.779045820236206,58.022499561309814,57.796895265579224,57.93716073036194
qp time,0,0,0,0,0,0,0,0,0,0,0,0,0,0,0,0,0,0,0,0,0
backward time,0,0,54.3369243144989,54.140480756759644,54.588261127471924,54.815534353256226,54.28159546852112,54.120583295822144,54.277774810791016,54.38103485107422,54.21459889411926,54.45402956008911,54.53720235824585,54.31320667266846,54.156548261642456,54.26059412956238,54.243791818618774,54.45125937461853,54.716984033584595,54.844422578811646,54.98751497268677
