Epoch, 28
Random seed, 0, forward time, 62.16593337059021, inference time, 145.4841706752777, qp time, 0, backward_time, 105.17726278305054
forward time,0,0,2.2242376804351807,2.216440200805664,2.215681552886963,2.213681697845459,2.2168524265289307,2.2151644229888916,2.2205922603607178,2.220369815826416,2.220588207244873,2.216756582260132,2.2279698848724365,2.227522850036621,2.2173960208892822,2.2190134525299072,2.214911460876465,2.2186901569366455,2.2240986824035645,2.220858097076416,2.220820426940918,2.227238893508911,2.226205825805664,2.2171032428741455,2.2213761806488037,2.2201457023620605,2.2203593254089355,2.219670295715332,2.2225921154022217,2.2195959091186523
inference time,0,0,5.838987588882446,5.159343719482422,5.199753999710083,5.21551775932312,5.064079761505127,5.090444087982178,5.122412443161011,5.044045686721802,5.203580617904663,5.165389776229858,5.088555812835693,5.109491348266602,5.213113069534302,5.051717281341553,5.087737083435059,5.105894088745117,5.093505859375,5.029371738433838,4.948077201843262,5.028260707855225,5.0464441776275635,5.193052291870117,5.291389226913452,5.2733917236328125,5.348597526550293,5.404673099517822,5.486019611358643,5.5813233852386475
qp time,0,0,0,0,0,0,0,0,0,0,0,0,0,0,0,0,0,0,0,0,0,0,0,0,0,0,0,0,0,0
backward time,0,0,3.766420364379883,3.7545647621154785,3.749666213989258,3.7507576942443848,3.754495620727539,3.756749391555786,3.7599103450775146,3.7565226554870605,3.7582619190216064,3.757171392440796,3.7586584091186523,3.7576241493225098,3.753072500228882,3.7530007362365723,3.7475099563598633,3.7558956146240234,3.759899139404297,3.755676507949829,3.7547173500061035,3.7669618129730225,3.7591922283172607,3.745873212814331,3.753265619277954,3.753979206085205,3.7596781253814697,3.761765956878662,3.7583131790161133,3.7576587200164795
