Epoch, 31
Random seed, 0, forward time, 45.74012207984924, inference time, 131.50915789604187, qp time, 0, backward_time, 79.12808442115784
forward time,0,0,1.4665710926055908,1.4656755924224854,1.4673666954040527,1.4659230709075928,1.4758844375610352,1.4697911739349365,1.4690756797790527,1.467761754989624,1.4681317806243896,1.468216896057129,1.5210793018341064,1.4670100212097168,1.4711525440216064,1.4687678813934326,1.4718070030212402,1.468674659729004,1.47068190574646,1.474189043045044,1.4798569679260254,1.4790012836456299,1.480381727218628,1.477369785308838,1.4785261154174805,1.4796500205993652,1.4795255661010742,1.4797945022583008,1.482267141342163,1.4810631275177002,1.481785774230957,1.481379747390747,1.481759786605835
inference time,0,0,4.304759979248047,4.163382291793823,4.071720600128174,4.09669828414917,4.143760681152344,4.067986249923706,4.191309452056885,4.19335412979126,4.167256832122803,4.1017069816589355,4.222553253173828,4.197854995727539,4.077860593795776,4.116987466812134,4.139196395874023,4.157382011413574,4.038137435913086,4.065285682678223,4.145149230957031,4.185493230819702,4.256766080856323,4.253246545791626,4.340812921524048,4.32868504524231,4.414731025695801,4.4366021156311035,4.440757989883423,4.521834850311279,4.577651023864746,4.534039735794067,4.55619478225708
qp time,0,0,0,0,0,0,0,0,0,0,0,0,0,0,0,0,0,0,0,0,0,0,0,0,0,0,0,0,0,0,0,0,0
backward time,0,0,2.5407371520996094,2.5397543907165527,2.540969133377075,2.5420641899108887,2.5462863445281982,2.539137840270996,2.5432016849517822,2.5444047451019287,2.5417394638061523,2.540555000305176,2.5541365146636963,2.540268659591675,2.5444905757904053,2.5459952354431152,2.5453076362609863,2.5463225841522217,2.547152042388916,2.5528564453125,2.5621390342712402,2.559854745864868,2.5630640983581543,2.561885356903076,2.5627002716064453,2.5634098052978516,2.5637006759643555,2.5601985454559326,2.564970016479492,2.564988136291504,2.5694148540496826,2.566962718963623,2.5694165229797363
