Epoch, 23
Random seed, 0, forward time, 387.3395531177521, inference time, 1126.2988541126251, qp time, 0, backward_time, 527.7973711490631
forward time,0,0,16.874024629592896,16.86310076713562,16.860448598861694,16.893343448638916,16.833003520965576,16.83303952217102,16.838918447494507,16.838253021240234,16.82374882698059,16.8367702960968,16.85654067993164,16.82075572013855,16.804331302642822,16.82478666305542,16.82744288444519,16.841067790985107,16.899913549423218,16.87964391708374,16.864513874053955,16.855305671691895,16.80024743080139,16.780189514160156,16.790163040161133
inference time,0,0,47.59785199165344,45.051509380340576,45.19324445724487,45.97102761268616,46.096681118011475,46.807923793792725,47.088176012039185,47.79898810386658,48.1114227771759,48.74421215057373,49.136003732681274,49.197816133499146,49.75286149978638,49.8704514503479,49.90041661262512,50.167038440704346,50.97983956336975,50.984792947769165,51.09168839454651,51.69474172592163,51.47446823120117,51.787495613098145,51.80020236968994
qp time,0,0,0,0,0,0,0,0,0,0,0,0,0,0,0,0,0,0,0,0,0,0,0,0,0
backward time,0,0,22.899234771728516,22.88697099685669,22.87530541419983,22.908870935440063,22.83715534210205,22.845715045928955,22.853521585464478,22.870452165603638,22.901244163513184,22.954221487045288,23.030930757522583,22.96770668029785,22.944447994232178,22.949784994125366,22.962801218032837,22.987544775009155,23.088929176330566,23.05136752128601,23.024743795394897,23.03568983078003,22.971632480621338,22.947223901748657,23.00187611579895
