Epoch, 16
Random seed, 0, forward time, 22.101269960403442, inference time, 78.73660588264465, qp time, 0, backward_time, 31.05584406852722
forward time,0,0,1.3837616443634033,1.3861260414123535,1.3854377269744873,1.3823444843292236,1.3799550533294678,1.3805186748504639,1.3791096210479736,1.3838505744934082,1.378530740737915,1.3807108402252197,1.3776204586029053,1.3836109638214111,1.379485845565796,1.3815891742706299,1.3794405460357666,1.3791775703430176
inference time,0,0,5.610561370849609,4.630714416503906,4.641113758087158,4.815777778625488,4.738948106765747,4.562316656112671,4.597240447998047,4.714779615402222,4.708472967147827,4.857759475708008,4.903671741485596,5.004819631576538,5.069860458374023,5.163462400436401,5.329834699630737,5.387272357940674
qp time,0,0,0,0,0,0,0,0,0,0,0,0,0,0,0,0,0,0
backward time,0,0,1.9422566890716553,1.9407579898834229,1.9437360763549805,1.9418039321899414,1.9406793117523193,1.9400370121002197,1.9425172805786133,1.9406423568725586,1.9386892318725586,1.9428839683532715,1.940136194229126,1.9422698020935059,1.9403197765350342,1.9398574829101562,1.9374210834503174,1.941835880279541
