Epoch, 29
Random seed, 0, forward time, 411.3853220939636, inference time, 1298.505390405655, qp time, 0, backward_time, 572.9006233215332
forward time,0,0,14.172417879104614,14.177486896514893,14.26351284980774,14.272500038146973,14.26638913154602,14.261713027954102,14.271936893463135,14.282222509384155,14.286200523376465,14.38316011428833,14.299829721450806,14.24196982383728,14.248359203338623,14.253121376037598,14.199203252792358,14.213850498199463,14.386023044586182,14.428657054901123,14.45017385482788,14.461244106292725,14.476455688476562,14.479772806167603,14.490355253219604,14.494664669036865,13.986074924468994,13.367560863494873,13.371891736984253,13.267144441604614,13.63142991065979
inference time,0,0,44.57203698158264,42.07321882247925,42.356526613235474,42.48511838912964,42.52899360656738,42.778279304504395,43.02584362030029,43.234639406204224,43.460915088653564,43.68560457229614,44.085564851760864,44.03611993789673,44.29525709152222,44.46930193901062,44.593595027923584,44.88879132270813,45.57611799240112,45.90736794471741,46.23605275154114,46.00188064575195,46.45143938064575,46.684831619262695,46.96415996551514,47.37550663948059,46.53642177581787,46.15553951263428,46.11681890487671,45.74527978897095,46.18416690826416
qp time,0,0,0,0,0,0,0,0,0,0,0,0,0,0,0,0,0,0,0,0,0,0,0,0,0,0,0,0,0,0,0
backward time,0,0,19.65333867073059,19.642709493637085,19.74771523475647,19.772652626037598,19.774701595306396,19.772401571273804,19.790728092193604,19.791988372802734,19.82401204109192,19.89361333847046,19.92803168296814,19.8828444480896,19.87384843826294,19.894439458847046,19.844223260879517,19.854989051818848,20.071529388427734,20.12497568130493,20.190271615982056,20.22266125679016,20.21898126602173,20.215330839157104,20.246469974517822,20.270922422409058,19.538111686706543,18.66288113594055,18.6627140045166,18.512853622436523,19.02068305015564
