Epoch, 13
Random seed, 0, forward time, 21.35434651374817, inference time, 75.12678647041321, qp time, 0, backward_time, 29.56988763809204
forward time,0,0,1.658355474472046,1.6571629047393799,1.6544833183288574,1.6514568328857422,1.6405668258666992,1.630540132522583,1.632080078125,1.628260612487793,1.6317741870880127,1.6262004375457764,1.6399571895599365,1.6299049854278564,1.6736035346984863
inference time,0,0,6.822649002075195,5.390448331832886,5.386947154998779,5.4525251388549805,5.342883348464966,5.4881792068481445,5.546212434768677,5.602236986160278,5.761857986450195,5.96451735496521,6.028190612792969,6.063583850860596,6.276555061340332
qp time,0,0,0,0,0,0,0,0,0,0,0,0,0,0,0
backward time,0,0,2.3220114707946777,2.2896816730499268,2.283212661743164,2.277872323989868,2.266796112060547,2.2580888271331787,2.258673667907715,2.2541654109954834,2.256284713745117,2.2528181076049805,2.260300874710083,2.2609848976135254,2.3289968967437744
