Epoch, 12
Random seed, 0, forward time, 41.76337456703186, inference time, 99.21531414985657, qp time, 0, backward_time, 53.047587156295776
forward time,0,0,3.486431837081909,3.480095386505127,3.4801723957061768,3.4766147136688232,3.47902250289917,3.4787557125091553,3.477743625640869,3.4756293296813965,3.481597661972046,3.484701156616211,3.4799230098724365,3.48268723487854
inference time,0,0,9.376111030578613,7.306631326675415,7.744260549545288,7.844282150268555,7.696146488189697,7.984175205230713,8.082306385040283,8.29693078994751,8.56088900566101,8.713313817977905,8.777687788009644,8.832579612731934
qp time,0,0,0,0,0,0,0,0,0,0,0,0,0,0
backward time,0,0,4.428934097290039,4.412782669067383,4.412389039993286,4.423908233642578,4.417243480682373,4.421163082122803,4.413314342498779,4.418954849243164,4.421242713928223,4.425804615020752,4.423649549484253,4.4282004833221436
