Epoch, 17
Random seed, 0, forward time, 18.478094339370728, inference time, 75.54253554344177, qp time, 0, backward_time, 26.808182954788208
forward time,0,0,1.0844357013702393,1.084765911102295,1.0855450630187988,1.0850024223327637,1.0888609886169434,1.090744972229004,1.0916895866394043,1.0914075374603271,1.0846834182739258,1.0839767456054688,1.0853421688079834,1.088341236114502,1.086465835571289,1.0842766761779785,1.0873196125030518,1.0867469310760498,1.0884895324707031
inference time,0,0,4.500159740447998,4.231073617935181,4.400577068328857,4.449481964111328,4.474467992782593,4.38118577003479,4.177951812744141,4.187471866607666,4.229169130325317,4.255657911300659,4.362945318222046,4.419421195983887,4.514720916748047,4.649457931518555,4.692805528640747,4.793121814727783,4.822865962982178
qp time,0,0,0,0,0,0,0,0,0,0,0,0,0,0,0,0,0,0,0
backward time,0,0,1.5738706588745117,1.5739984512329102,1.576505184173584,1.575251579284668,1.580296277999878,1.5819437503814697,1.581653118133545,1.5824291706085205,1.5752387046813965,1.5752172470092773,1.5737621784210205,1.5760231018066406,1.5733368396759033,1.5737698078155518,1.5761940479278564,1.578084945678711,1.5806078910827637
