Epoch, 25
Random seed, 0, forward time, 685.6562356948853, inference time, 1640.3524587154388, qp time, 0, backward_time, 874.3968124389648
forward time,0,0,28.27920937538147,28.28806185722351,27.996899843215942,27.96191096305847,27.61564588546753,27.728348970413208,27.457396984100342,27.593196630477905,27.557103633880615,27.5689115524292,27.727697610855103,27.487505674362183,27.206389665603638,27.12353205680847,27.11371660232544,27.083109140396118,27.0718035697937,27.072368383407593,27.077394485473633,27.054485321044922,27.221624851226807,27.28326416015625,27.198490858078003,27.000282049179077,26.887885570526123
inference time,0,0,61.415854692459106,59.08323836326599,59.44480490684509,60.695584535598755,61.671815395355225,62.86467957496643,62.95162224769592,64.15901732444763,65.19335699081421,65.45442152023315,66.14469504356384,66.69093775749207,65.84284234046936,66.27528190612793,66.84398198127747,67.09098553657532,67.5307981967926,67.9589490890503,67.62392783164978,68.17223072052002,68.70558977127075,69.58870005607605,69.43763422966003,69.67819929122925,69.83330941200256
qp time,0,0,0,0,0,0,0,0,0,0,0,0,0,0,0,0,0,0,0,0,0,0,0,0,0,0,0
backward time,0,0,35.82759356498718,35.777888774871826,35.48297929763794,35.43695664405823,35.091259717941284,35.22753572463989,34.95072937011719,35.13767123222351,35.1031596660614,35.132078647613525,35.291444540023804,35.06222701072693,34.78120565414429,34.656262159347534,34.64552354812622,34.631431579589844,34.62911033630371,34.61262893676758,34.62995147705078,34.62057399749756,34.83575105667114,34.934653759002686,34.85201597213745,34.59142017364502,34.45475959777832
