Epoch, 34
Random seed, 0, forward time, 64.58654117584229, inference time, 167.89334535598755, qp time, 0, backward_time, 110.09164071083069
forward time,0,0,1.837996244430542,1.8355128765106201,1.836289405822754,1.836029291152954,1.835479974746704,1.8425655364990234,1.8539831638336182,1.8566620349884033,1.8700649738311768,1.8845624923706055,1.8870573043823242,1.8877859115600586,1.8797287940979004,1.979867696762085,1.985877513885498,1.9984724521636963,2.000157117843628,1.9851837158203125,1.9973249435424805,1.9920623302459717,1.9868690967559814,2.0031235218048096,1.992877721786499,1.9903523921966553,1.992685079574585,1.8711495399475098,1.8238353729248047,1.8267874717712402,1.823730707168579,1.8306334018707275,1.8268578052520752,1.826946496963501,1.826627254486084,1.881401538848877
inference time,0,0,4.933958530426025,4.731312274932861,4.6426520347595215,4.779870271682739,4.655655384063721,4.6809775829315186,4.75613808631897,4.71806263923645,4.842467784881592,4.866972208023071,4.841505765914917,4.778293609619141,4.80276083946228,5.125450611114502,5.055526971817017,5.138506174087524,5.11045241355896,5.076880216598511,5.105456590652466,5.168848991394043,5.1113669872283936,5.16351056098938,5.14093279838562,5.030303239822388,5.073446035385132,4.817316293716431,4.68777871131897,4.767015695571899,4.855900764465332,4.945196151733398,4.986603260040283,5.070721626281738,5.146193027496338,5.285311222076416
qp time,0,0,0,0,0,0,0,0,0,0,0,0,0,0,0,0,0,0,0,0,0,0,0,0,0,0,0,0,0,0,0,0,0,0,0,0
backward time,0,0,3.1419179439544678,3.1447653770446777,3.1457812786102295,3.1446802616119385,3.1460399627685547,3.1488513946533203,3.1629693508148193,3.1743555068969727,3.192601442337036,3.209827184677124,3.216787338256836,3.201096296310425,3.2087137699127197,3.3681626319885254,3.371472120285034,3.3948469161987305,3.3834872245788574,3.373516321182251,3.3982744216918945,3.38777494430542,3.3799257278442383,3.4008195400238037,3.3877639770507812,3.3794503211975098,3.3773152828216553,3.1902666091918945,3.131615400314331,3.13269305229187,3.132640838623047,3.131702423095703,3.127753973007202,3.1291821002960205,3.1314430236816406,3.1431467533111572
