Epoch, 33
Random seed, 0, forward time, 288.5017523765564, inference time, 930.0556948184967, qp time, 0, backward_time, 520.2833964824677
forward time,0,0,8.777153015136719,8.781245470046997,8.779693126678467,8.779018640518188,8.784966707229614,8.785823106765747,8.792638778686523,8.799397468566895,8.80564022064209,8.893692255020142,8.814158916473389,8.76003909111023,8.673246622085571,8.675054550170898,8.678527116775513,8.68153977394104,8.684858083724976,8.685784101486206,8.696302890777588,8.696534156799316,8.704954385757446,8.708247900009155,8.705395698547363,8.69200849533081,8.660678625106812,8.674319505691528,8.674623489379883,8.674038887023926,8.690245628356934,8.79968810081482,8.816165208816528,8.828640460968018,8.847431898117065
inference time,0,0,28.576483249664307,28.5708167552948,28.451538562774658,28.656771421432495,28.46482491493225,28.652141094207764,28.416855096817017,28.40357804298401,28.396668910980225,28.60319685935974,28.352158069610596,28.284266710281372,28.052703619003296,28.018343210220337,28.085096836090088,27.84391450881958,27.778137683868408,27.819324731826782,27.856905937194824,27.866872787475586,27.876582145690918,27.921783447265625,27.940354347229004,28.01183009147644,27.963560819625854,27.971132516860962,27.946296215057373,27.9396915435791,28.00040316581726,28.309062004089355,28.311662673950195,28.339330196380615,28.373406648635864
qp time,0,0,0,0,0,0,0,0,0,0,0,0,0,0,0,0,0,0,0,0,0,0,0,0,0,0,0,0,0,0,0,0,0,0,0
backward time,0,0,15.711499452590942,15.638664484024048,15.648162603378296,15.642638921737671,15.666584968566895,15.687186002731323,15.679064750671387,15.69071078300476,15.70083212852478,15.759260892868042,15.755854845046997,15.71226978302002,15.632086277008057,15.659910678863525,15.687920331954956,15.716892719268799,15.760026693344116,15.849218606948853,15.865480184555054,15.81681513786316,15.816940546035767,15.83284592628479,15.797013759613037,15.770426988601685,15.71209979057312,15.691787719726562,15.704782962799072,15.716935157775879,15.748709440231323,15.923144340515137,15.941277265548706,16.117410898208618,16.228941440582275
