Epoch, 17
Random seed, 0, forward time, 113.59405732154846, inference time, 243.4321756362915, qp time, 0, backward_time, 142.7488272190094
forward time,0,0,6.679949522018433,6.671603202819824,6.664243459701538,6.671884059906006,6.665140867233276,6.69256067276001,6.70291543006897,6.6833336353302,6.702884197235107,6.676865100860596,6.697566509246826,6.6829469203948975,6.68256139755249,6.677864074707031,6.693051815032959,6.660768747329712,6.687917709350586
inference time,0,0,14.580501079559326,12.06388235092163,12.553511381149292,13.012629985809326,13.197281837463379,13.472072839736938,14.055229425430298,13.98149585723877,14.200516939163208,14.485761165618896,14.90728759765625,14.827073335647583,15.067572116851807,15.347954988479614,15.898647785186768,15.718746900558472,16.062010049819946
qp time,0,0,0,0,0,0,0,0,0,0,0,0,0,0,0,0,0,0,0
backward time,0,0,8.413657903671265,8.382874965667725,8.35683560371399,8.376495122909546,8.382627964019775,8.402000427246094,8.427717208862305,8.413768768310547,8.418162107467651,8.373371839523315,8.431120872497559,8.397531270980835,8.44251799583435,8.39772343635559,8.41002869606018,8.34591555595398,8.376477479934692
