Epoch, 34
Random seed, 0, forward time, 44.05061340332031, inference time, 136.07350659370422, qp time, 0, backward_time, 76.21207046508789
forward time,0,0,1.3134207725524902,1.3064465522766113,1.295785903930664,1.295731782913208,1.2945358753204346,1.2973878383636475,1.2928955554962158,1.2948942184448242,1.2955329418182373,1.2938055992126465,1.2933132648468018,1.296895980834961,1.2937753200531006,1.2954328060150146,1.2973883152008057,1.2936630249023438,1.293245553970337,1.2967545986175537,1.2948179244995117,1.2922518253326416,1.2933883666992188,1.2940418720245361,1.2965495586395264,1.291778802871704,1.2922537326812744,1.295001745223999,1.2921903133392334,1.2958698272705078,1.2913777828216553,1.2949106693267822,1.294633388519287,1.2931678295135498,1.3008954524993896,1.2965784072875977
inference time,0,0,4.034420013427734,3.895613670349121,3.9120326042175293,3.9539995193481445,3.8614234924316406,3.8629846572875977,3.8575000762939453,3.8952507972717285,3.93209171295166,3.9382145404815674,3.8583996295928955,3.904383897781372,3.9207513332366943,3.88114595413208,3.8925936222076416,3.8987486362457275,3.893850088119507,3.957043170928955,3.89872407913208,3.8892719745635986,3.9724199771881104,3.9323039054870605,4.001664161682129,3.9724786281585693,4.021543502807617,4.068155527114868,4.121871709823608,4.132735013961792,4.217101573944092,4.250940799713135,4.289980173110962,4.2942070960998535,4.333051443099976,4.3266096115112305
qp time,0,0,0,0,0,0,0,0,0,0,0,0,0,0,0,0,0,0,0,0,0,0,0,0,0,0,0,0,0,0,0,0,0,0,0,0
backward time,0,0,2.2719948291778564,2.2558648586273193,2.243886709213257,2.2410545349121094,2.2417426109313965,2.2443840503692627,2.2376160621643066,2.242604970932007,2.243380069732666,2.2385804653167725,2.237135887145996,2.242039203643799,2.2382967472076416,2.2444334030151367,2.2421295642852783,2.238112211227417,2.2383217811584473,2.241140604019165,2.2420401573181152,2.236415147781372,2.2400519847869873,2.237952709197998,2.242685556411743,2.237544536590576,2.2365901470184326,2.240318775177002,2.2370665073394775,2.242769956588745,2.238003730773926,2.241407632827759,2.2406861782073975,2.238193988800049,2.240027904510498,2.2375969886779785
