Epoch, 32
Random seed, 0, forward time, 178.1916480064392, inference time, 283.70274353027344, qp time, 0, backward_time, 284.3792963027954
forward time,0,0,5.585677146911621,5.577624082565308,5.568261384963989,5.591670989990234,5.567676782608032,5.588056802749634,5.598491668701172,5.607264041900635,5.570943832397461,5.578462362289429,5.643938302993774,5.551990747451782,5.586643934249878,5.568036079406738,5.5595691204071045,5.561269760131836,5.5635199546813965,5.5678277015686035,5.569533586502075,5.5546393394470215,5.554441928863525,5.546226501464844,5.545858383178711,5.552867412567139,5.55052924156189,5.5579211711883545,5.558252573013306,5.544790744781494,5.556063413619995,5.5477893352508545,5.549179315567017,5.5666303634643555
inference time,0,0,11.596433162689209,9.772709846496582,9.094149351119995,8.979164838790894,9.049566507339478,9.089547157287598,8.872331380844116,8.512431383132935,8.43877387046814,8.849116325378418,8.619968175888062,8.390359878540039,8.668594121932983,8.630120038986206,8.63141655921936,8.599337339401245,8.603910207748413,8.40751051902771,8.515023231506348,8.666266202926636,8.210553407669067,8.138723611831665,8.214929103851318,8.394169807434082,8.633867263793945,8.795154809951782,8.85953664779663,9.060117483139038,9.13335394859314,9.339794635772705,9.34904956817627,9.586763143539429
qp time,0,0,0,0,0,0,0,0,0,0,0,0,0,0,0,0,0,0,0,0,0,0,0,0,0,0,0,0,0,0,0,0,0,0
backward time,0,0,9.014466762542725,8.929266929626465,8.904231071472168,8.92778754234314,8.898931741714478,8.924121856689453,8.936655521392822,8.940065860748291,8.914951801300049,8.920448064804077,8.88625192642212,8.852034330368042,8.888376235961914,8.863197803497314,8.870181798934937,8.876309871673584,8.886117458343506,8.899714231491089,8.881797790527344,8.871711730957031,8.86293363571167,8.843675136566162,8.859046220779419,8.858031511306763,8.859570026397705,8.85533857345581,8.86712646484375,8.857269048690796,8.84213900566101,8.857624769210815,8.848779439926147,8.881142139434814
