Epoch, 17
Random seed, 0, forward time, 1229.7925291061401, inference time, 2525.3684010505676, qp time, 0, backward_time, 1564.1265585422516
forward time,0,0,74.9317626953125,74.50639367103577,73.73832774162292,73.67735409736633,73.7000584602356,73.61392402648926,73.49976444244385,73.4887216091156,71.01594924926758,70.04516792297363,69.13642954826355,68.30165219306946,68.29963254928589,68.72493410110474,74.13561272621155,74.49769330024719,74.47915077209473
inference time,0,0,135.68257665634155,137.74008464813232,138.2657434940338,140.92424201965332,142.86689829826355,145.0757176876068,146.42034339904785,149.10970449447632,145.69732856750488,146.5077977180481,147.97588920593262,148.21032285690308,148.7426733970642,150.17164516448975,165.81190037727356,167.86365151405334,168.30188155174255
qp time,0,0,0,0,0,0,0,0,0,0,0,0,0,0,0,0,0,0,0
backward time,0,0,95.50189161300659,94.97915601730347,94.12136125564575,94.0397458076477,94.10912084579468,94.08678841590881,94.02732372283936,93.94637489318848,90.3417615890503,88.92311000823975,87.56284046173096,86.36432194709778,86.39098143577576,87.08381390571594,93.97513747215271,94.33547782897949,94.33735132217407
