Epoch, 13
Random seed, 0, forward time, 32.0015652179718, inference time, 88.9250979423523, qp time, 0, backward_time, 42.02746868133545
forward time,0,0,2.464808940887451,2.4645915031433105,2.4738566875457764,2.469059944152832,2.463885545730591,2.4510738849639893,2.453981876373291,2.458282947540283,2.459016799926758,2.4599101543426514,2.4587669372558594,2.4626076221466064,2.4617223739624023
inference time,0,0,7.7061779499053955,6.154656171798706,6.2321577072143555,6.272634506225586,6.408505201339722,6.634079694747925,6.771359205245972,6.911464214324951,6.991365194320679,7.040022373199463,7.218082904815674,7.214589595794678,7.3700032234191895
qp time,0,0,0,0,0,0,0,0,0,0,0,0,0,0,0
backward time,0,0,3.2441980838775635,3.2426161766052246,3.237994909286499,3.238748073577881,3.2297604084014893,3.2176167964935303,3.2215847969055176,3.2246603965759277,3.232059955596924,3.235041856765747,3.232097625732422,3.2372207641601562,3.2338688373565674
