Epoch, 34
Random seed, 0, forward time, 46.73177766799927, inference time, 137.01561617851257, qp time, 0, backward_time, 80.9073076248169
forward time,0,0,1.3847088813781738,1.387373924255371,1.3868253231048584,1.385026454925537,1.3845703601837158,1.3866329193115234,1.3871464729309082,1.386972427368164,1.387150764465332,1.3852958679199219,1.3874473571777344,1.3749887943267822,1.3690540790557861,1.3661530017852783,1.3670706748962402,1.3670694828033447,1.3653407096862793,1.3678934574127197,1.3689939975738525,1.368805170059204,1.3689050674438477,1.3699679374694824,1.3679406642913818,1.3672220706939697,1.3688621520996094,1.370241403579712,1.371776819229126,1.3675146102905273,1.3704023361206055,1.3694212436676025,1.368767499923706,1.3690087795257568,1.3683502674102783,1.3688766956329346
inference time,0,0,4.246809959411621,3.951849937438965,3.896944046020508,3.9833524227142334,3.993562936782837,4.0796058177948,3.9994726181030273,3.924072504043579,4.033581495285034,4.09766960144043,4.0152952671051025,3.9197041988372803,3.9658617973327637,3.8288755416870117,3.8060250282287598,3.8380143642425537,3.851332664489746,3.874105215072632,3.90665602684021,3.94535493850708,3.9442694187164307,3.9782462120056152,4.045900344848633,4.084839344024658,4.1390721797943115,4.1660850048065186,4.164402723312378,4.162930011749268,4.184932708740234,4.173779249191284,4.17712926864624,4.215237140655518,4.216773509979248,4.2038726806640625
qp time,0,0,0,0,0,0,0,0,0,0,0,0,0,0,0,0,0,0,0,0,0,0,0,0,0,0,0,0,0,0,0,0,0,0,0,0
backward time,0,0,2.4060935974121094,2.4004271030426025,2.397326946258545,2.4008660316467285,2.3988349437713623,2.3992459774017334,2.4013819694519043,2.4024739265441895,2.3963866233825684,2.3919787406921387,2.3813605308532715,2.3705556392669678,2.3691601753234863,2.3646483421325684,2.364532947540283,2.366349697113037,2.3645665645599365,2.3697879314422607,2.367799997329712,2.3707339763641357,2.3691658973693848,2.3709537982940674,2.3688223361968994,2.369063377380371,2.371419668197632,2.374535083770752,2.373785972595215,2.3739137649536133,2.3761699199676514,2.3730833530426025,2.3761699199676514,2.3758015632629395,2.3748700618743896,2.3750412464141846
