Epoch, 22
Random seed, 0, forward time, 188.07237339019775, inference time, 710.3647930622101, qp time, 0, backward_time, 275.99811720848083
forward time,0,0,8.811578512191772,8.803643226623535,8.78479290008545,8.822887420654297,8.825457572937012,8.605457305908203,8.49200439453125,8.487328290939331,8.509774923324585,8.51710557937622,8.51327633857727,8.467116594314575,8.455668926239014,8.47140884399414,8.477165699005127,8.459099769592285,8.465190172195435,8.418967247009277,8.410744905471802,8.42283821105957,8.43385648727417,8.417010068893433
inference time,0,0,33.37007236480713,32.51826596260071,32.140453577041626,32.29172229766846,32.016077756881714,31.193453788757324,30.902015686035156,31.084031581878662,31.267828702926636,31.460114002227783,31.87496042251587,31.963485956192017,32.04848384857178,32.22158360481262,32.39552164077759,32.53992581367493,32.74618482589722,32.69759225845337,32.98876762390137,33.201428174972534,33.565207958221436,33.877615213394165
qp time,0,0,0,0,0,0,0,0,0,0,0,0,0,0,0,0,0,0,0,0,0,0,0,0
backward time,0,0,12.850980043411255,12.77848219871521,12.757280826568604,12.792406558990479,12.803662776947021,12.556116104125977,12.408035516738892,12.415956258773804,12.473047733306885,12.482001066207886,12.520044088363647,12.473663806915283,12.455735921859741,12.482234239578247,12.506551504135132,12.470570087432861,12.470247268676758,12.42426085472107,12.44948959350586,12.474141120910645,12.487597942352295,12.465611696243286
