Epoch, 12
Random seed, 0, forward time, 17.096513271331787, inference time, 60.83770036697388, qp time, 0, backward_time, 24.426071882247925
forward time,0,0,1.4242024421691895,1.4231224060058594,1.4206037521362305,1.4237003326416016,1.422179937362671,1.4265642166137695,1.4242832660675049,1.423698902130127,1.4242591857910156,1.4243152141571045,1.4253814220428467,1.4342021942138672
inference time,0,0,5.7644641399383545,4.892069339752197,4.66787576675415,4.688968658447266,4.774619102478027,4.924109697341919,5.005835771560669,5.0355589389801025,5.210876703262329,5.239850759506226,5.33050012588501,5.302971363067627
qp time,0,0,0,0,0,0,0,0,0,0,0,0,0,0
backward time,0,0,2.0384488105773926,2.035100221633911,2.0321309566497803,2.035538673400879,2.032907485961914,2.035531759262085,2.0348148345947266,2.0371408462524414,2.0380091667175293,2.0354461669921875,2.033281087875366,2.037721872329712
