Epoch, 36
Random seed, 0, forward time, 38.32863473892212, inference time, 133.64876532554626, qp time, 0, backward_time, 68.14973974227905
forward time,0,0,1.032407283782959,1.0338191986083984,1.0325922966003418,1.0344622135162354,1.0314767360687256,1.0350158214569092,1.0327134132385254,1.033280611038208,1.0354745388031006,1.0342671871185303,1.0396041870117188,1.0439860820770264,1.033846139907837,1.0343599319458008,1.0342791080474854,1.0328502655029297,1.0354101657867432,1.0335111618041992,1.033012866973877,1.0320775508880615,1.0325422286987305,1.0330321788787842,1.0446486473083496,1.0715603828430176,1.0855860710144043,1.0915641784667969,1.0850868225097656,1.084324836730957,1.0901944637298584,1.1272907257080078,1.106961727142334,1.1459808349609375,1.165884256362915,1.214059829711914,1.1492865085601807,1.1121842861175537
inference time,0,0,3.523360252380371,3.527608871459961,3.4824295043945312,3.5167789459228516,3.511786460876465,3.472691059112549,3.448673963546753,3.4610416889190674,3.4583890438079834,3.522374391555786,3.5610110759735107,3.486215353012085,3.4992809295654297,3.471696615219116,3.532790422439575,3.4910452365875244,3.534292697906494,3.5227859020233154,3.516469955444336,3.4856438636779785,3.554337739944458,3.4867496490478516,3.663841962814331,3.7478115558624268,3.779127597808838,3.803468942642212,3.850216865539551,3.8657820224761963,3.8823416233062744,4.0736048221588135,4.055512189865112,4.285939455032349,4.409555673599243,4.504464387893677,4.41279149055481,4.2468531131744385
qp time,0,0,0,0,0,0,0,0,0,0,0,0,0,0,0,0,0,0,0,0,0,0,0,0,0,0,0,0,0,0,0,0,0,0,0,0,0,0
backward time,0,0,1.8452417850494385,1.843266487121582,1.8403964042663574,1.8443019390106201,1.8452281951904297,1.8462343215942383,1.8439979553222656,1.847590446472168,1.8462750911712646,1.8446049690246582,1.845879316329956,1.8455095291137695,1.8449656963348389,1.8455262184143066,1.844076156616211,1.8453700542449951,1.8452730178833008,1.8447041511535645,1.846064805984497,1.8467490673065186,1.8447389602661133,1.8453519344329834,1.8646974563598633,1.9084689617156982,1.9253199100494385,1.9337949752807617,1.927504062652588,1.9270195960998535,1.9340260028839111,2.0018069744110107,1.961812973022461,2.032576084136963,2.0564777851104736,2.065340757369995,2.038844585418701,1.9807031154632568
