Epoch, 31
Random seed, 0, forward time, 130.98611783981323, inference time, 230.64934873580933, qp time, 0, backward_time, 203.75238180160522
forward time,0,0,4.228365659713745,4.226269960403442,4.230649948120117,4.231756210327148,4.229632139205933,4.230833292007446,4.2359299659729,4.230926275253296,4.231353282928467,4.231799840927124,4.284643650054932,4.235385417938232,4.231353759765625,4.237179279327393,4.234438180923462,4.237920522689819,4.237253665924072,4.235022068023682,4.233543157577515,4.300919532775879,4.257078409194946,4.213222980499268,4.187183141708374,4.191470384597778,4.193262815475464,4.195600509643555,4.194980621337891,4.189713478088379,4.198612213134766,4.194382429122925,4.195435047149658
inference time,0,0,9.562319278717041,7.730739593505859,7.8391852378845215,7.446651220321655,7.096753358840942,7.372696161270142,7.346271991729736,7.171063423156738,7.264118194580078,7.35857081413269,7.1961143016815186,7.605724334716797,7.15155029296875,7.17518424987793,7.413817405700684,7.631324768066406,7.478826284408569,7.269612073898315,7.137943744659424,7.136517763137817,7.0184831619262695,7.0346081256866455,6.989377975463867,7.224489450454712,7.301952362060547,7.373143196105957,7.486958742141724,7.577136516571045,7.6538567543029785,7.814552307128906,7.78980565071106
qp time,0,0,0,0,0,0,0,0,0,0,0,0,0,0,0,0,0,0,0,0,0,0,0,0,0,0,0,0,0,0,0,0,0
backward time,0,0,6.583883285522461,6.580316543579102,6.582716941833496,6.582601547241211,6.582595109939575,6.581111192703247,6.5887017250061035,6.583787441253662,6.585907697677612,6.57938814163208,6.5948638916015625,6.592831373214722,6.5925681591033936,6.590852737426758,6.597448348999023,6.601125240325928,6.597978115081787,6.599858045578003,6.599606990814209,6.679022312164307,6.610217094421387,6.549306631088257,6.512516975402832,6.512967109680176,6.521978378295898,6.526108264923096,6.527836561203003,6.525453805923462,6.522573709487915,6.530652046203613,6.535606384277344
