Epoch, 25
Random seed, 0, forward time, 899.5127646923065, inference time, 2017.0292580127716, qp time, 0, backward_time, 1128.7736313343048
forward time,0,0,35.17064714431763,35.11420297622681,37.62013244628906,38.48386764526367,38.14861464500427,37.81305384635925,37.4439480304718,36.02791452407837,36.01547122001648,35.68926453590393,35.46221709251404,35.61122488975525,35.62406778335571,35.47735047340393,35.73709750175476,35.684192419052124,35.70383334159851,35.39526081085205,35.37569737434387,35.31716227531433,35.57351803779602,35.601831674575806,35.38937759399414,35.27103781700134,34.761778593063354
inference time,0,0,70.6527943611145,70.0451967716217,76.01540422439575,79.40579652786255,80.01037836074829,80.0866129398346,80.85645890235901,78.70576357841492,79.51100873947144,79.81441283226013,79.635586977005,80.4905092716217,80.9619472026825,81.01802682876587,82.20233654975891,82.20340514183044,83.263991355896,82.16785764694214,83.05152320861816,83.26618099212646,84.9531192779541,84.82885217666626,84.87768316268921,85.02527141571045,83.97913956642151
qp time,0,0,0,0,0,0,0,0,0,0,0,0,0,0,0,0,0,0,0,0,0,0,0,0,0,0,0
backward time,0,0,44.42370080947876,44.250773191452026,46.680787801742554,47.38885831832886,47.53600454330444,47.0298490524292,46.61069989204407,45.10776329040527,45.03882932662964,44.69377398490906,44.61396646499634,44.75335717201233,44.75933289527893,44.513073205947876,44.90322256088257,44.82578706741333,44.91171860694885,44.48425626754761,44.534034967422485,44.48092031478882,44.90713667869568,44.92665362358093,44.78587460517883,44.649566650390625,43.96369004249573
