Epoch, 21
Random seed, 0, forward time, 22.6432683467865, inference time, 74.74154949188232, qp time, 0, backward_time, 40.56681489944458
forward time,0,0,1.0706579685211182,1.0715751647949219,1.0725724697113037,1.0694284439086914,1.0675277709960938,1.0772204399108887,1.0751605033874512,1.0777091979980469,1.079599142074585,1.0789971351623535,1.0832693576812744,1.0824828147888184,1.0753014087677002,1.0765888690948486,1.0774567127227783,1.073915958404541,1.0733177661895752,1.082341194152832,1.0901424884796143,1.0916004180908203,1.0964031219482422
inference time,0,0,3.6603541374206543,3.497649669647217,3.515319585800171,3.539397954940796,3.4962046146392822,3.5107626914978027,3.5720314979553223,3.5592715740203857,3.5412728786468506,3.510282278060913,3.523611307144165,3.4854671955108643,3.497525691986084,3.5119025707244873,3.551199436187744,3.5436933040618896,3.603666067123413,3.676589250564575,3.6429669857025146,3.605581045150757,3.6967997550964355
qp time,0,0,0,0,0,0,0,0,0,0,0,0,0,0,0,0,0,0,0,0,0,0,0
backward time,0,0,1.921485424041748,1.9200217723846436,1.9157164096832275,1.918064832687378,1.913327932357788,1.923161268234253,1.9293010234832764,1.9322597980499268,1.931349754333496,1.9339869022369385,1.9316532611846924,1.9345738887786865,1.9281609058380127,1.9309885501861572,1.929497480392456,1.930299997329712,1.9290392398834229,1.944516897201538,1.9487740993499756,1.9578466415405273,1.9627888202667236
