Epoch, 21
Random seed, 0, forward time, 706.4238321781158, inference time, 1577.0823559761047, qp time, 0, backward_time, 882.9177491664886
forward time,0,0,33.500839948654175,33.52157950401306,33.520110845565796,33.67732095718384,33.6274471282959,33.63449573516846,33.676788091659546,33.67020535469055,33.66885685920715,33.67901349067688,33.721606731414795,33.821359157562256,33.837690591812134,33.85806727409363,33.70030164718628,33.59600615501404,33.611067056655884,33.55054807662964,33.51573395729065,33.50237584114075,33.53241777420044
inference time,0,0,67.44770526885986,67.47549390792847,69.82948470115662,71.38665580749512,72.02796006202698,73.44865822792053,74.51364874839783,74.79157996177673,75.19454741477966,75.94211101531982,76.26187705993652,77.26970028877258,77.03270649909973,77.7254683971405,77.81175398826599,77.63342905044556,77.95340514183044,77.71034979820251,78.63732433319092,78.32551097869873,78.66298532485962
qp time,0,0,0,0,0,0,0,0,0,0,0,0,0,0,0,0,0,0,0,0,0,0,0
backward time,0,0,41.7773859500885,41.76642322540283,41.77291703224182,41.9887375831604,41.97445344924927,41.99682593345642,42.04166841506958,42.025076389312744,42.03157663345337,42.042932987213135,42.148229360580444,42.32416367530823,42.39682340621948,42.38650059700012,42.223960161209106,42.09698224067688,42.06000471115112,42.00857329368591,41.97368335723877,41.92406678199768,41.95676398277283
