Epoch, 21
Random seed, 0, forward time, 72.77571606636047, inference time, 180.98014783859253, qp time, 0, backward_time, 91.49013185501099
forward time,0,0,3.4365570545196533,3.4453866481781006,3.457461357116699,3.4771220684051514,3.4841480255126953,3.4616587162017822,3.4621448516845703,3.469428777694702,3.479604482650757,3.456969976425171,3.4694957733154297,3.4644672870635986,3.4688637256622314,3.4713895320892334,3.4654030799865723,3.463114023208618,3.471353769302368,3.462864637374878,3.465385675430298,3.470623254776001,3.472273349761963
inference time,0,0,8.778839588165283,7.14630389213562,7.285132169723511,7.539516925811768,7.8090431690216064,8.070436239242554,8.233993291854858,8.522159814834595,8.670161485671997,8.664604663848877,8.933697700500488,8.883731365203857,9.020787715911865,9.071672201156616,9.11153507232666,9.028940916061401,9.130432367324829,9.186962604522705,9.386305809020996,9.215092182159424,9.290798664093018
qp time,0,0,0,0,0,0,0,0,0,0,0,0,0,0,0,0,0,0,0,0,0,0,0
backward time,0,0,4.395114898681641,4.3410327434539795,4.343636989593506,4.359797954559326,4.372965335845947,4.348275423049927,4.356820583343506,4.356236457824707,4.367764234542847,4.349499464035034,4.357691764831543,4.356783390045166,4.350773811340332,4.3630993366241455,4.3502373695373535,4.353682518005371,4.353865623474121,4.352228164672852,4.3570568561553955,4.347676753997803,4.355892181396484
