Epoch, 24
Random seed, 0, forward time, 201.07981300354004, inference time, 753.8330795764923, qp time, 0, backward_time, 295.84548687934875
forward time,0,0,8.4772367477417,8.477500438690186,8.485873460769653,8.498622179031372,8.444721460342407,8.439996242523193,8.416718244552612,8.423098802566528,8.423619270324707,8.42698621749878,8.391072511672974,8.345795154571533,8.335604190826416,8.338614702224731,8.351454019546509,8.346145868301392,8.291478633880615,8.298837900161743,8.30546498298645,8.309868812561035,8.316136360168457,8.304815292358398,8.317524909973145,8.312626600265503
inference time,0,0,32.121604442596436,31.26317024230957,30.831812858581543,30.470733642578125,30.475613832473755,30.34685707092285,30.600499153137207,30.487967491149902,30.738520622253418,31.11461877822876,31.204442977905273,31.34267520904541,31.364060878753662,31.432714462280273,31.64277982711792,31.668906211853027,31.609966278076172,31.7458336353302,31.92797613143921,31.97499132156372,32.231247901916504,32.34022498130798,32.38517165184021,32.51068997383118
qp time,0,0,0,0,0,0,0,0,0,0,0,0,0,0,0,0,0,0,0,0,0,0,0,0,0,0
backward time,0,0,12.372002124786377,12.354745149612427,12.357413530349731,12.371238946914673,12.3270263671875,12.327818870544434,12.30866551399231,12.319805145263672,12.31260347366333,12.341110467910767,12.390390634536743,12.303570985794067,12.295994997024536,12.30084490776062,12.334573984146118,12.286635160446167,12.255841255187988,12.244235277175903,12.294270753860474,12.32324481010437,12.34656548500061,12.335812091827393,12.366188049316406,12.374888896942139
