Epoch, 12
Random seed, 0, forward time, 25.834438800811768, inference time, 78.65166354179382, qp time, 0, backward_time, 35.181586027145386
forward time,0,0,2.152721643447876,2.150707721710205,2.1483731269836426,2.152442455291748,2.1528546810150146,2.153705596923828,2.1532437801361084,2.1522581577301025,2.153029441833496,2.1565334796905518,2.1487221717834473,2.159846544265747
inference time,0,0,7.721559524536133,5.978835582733154,5.983734846115112,5.9796142578125,6.045591115951538,6.256228446960449,6.3407204151153564,6.642473936080933,6.774819374084473,6.861446380615234,6.956382751464844,7.110256910324097
qp time,0,0,0,0,0,0,0,0,0,0,0,0,0,0
backward time,0,0,2.962745428085327,2.9272656440734863,2.9258127212524414,2.927123785018921,2.93057918548584,2.931004047393799,2.929917812347412,2.9326093196868896,2.930259943008423,2.931225299835205,2.9261980056762695,2.926844835281372
