Epoch, 16
Random seed, 0, forward time, 108.48049020767212, inference time, 213.28813982009888, qp time, 0, backward_time, 135.35566186904907
forward time,0,0,6.788652420043945,6.777771234512329,6.7829670906066895,6.788304567337036,6.776357173919678,6.776657581329346,6.773801803588867,6.784757375717163,6.778471946716309,6.782092809677124,6.78635311126709,6.781405448913574,6.774267196655273,6.775745630264282,6.773266553878784,6.779618263244629
inference time,0,0,14.21382761001587,11.43798017501831,11.588101387023926,11.431649923324585,11.972514390945435,12.470449447631836,12.68268632888794,12.919027090072632,13.26364541053772,13.716190576553345,13.70320749282837,14.309757471084595,14.401432752609253,14.661097526550293,15.232557773590088,15.284014463424683
qp time,0,0,0,0,0,0,0,0,0,0,0,0,0,0,0,0,0,0
backward time,0,0,8.475987195968628,8.45803165435791,8.47188663482666,8.459172248840332,8.46031641960144,8.462023496627808,8.461444616317749,8.459382057189941,8.461111068725586,8.457037925720215,8.447429418563843,8.453306913375854,8.469258069992065,8.452398538589478,8.449706792831421,8.457168817520142
