Epoch, 28
Random seed, 0, forward time, 65.84112095832825, inference time, 149.26486492156982, qp time, 0, backward_time, 109.34561538696289
forward time,0,0,2.356564998626709,2.3560950756073,2.3550403118133545,2.35823392868042,2.3608198165893555,2.3560526371002197,2.3565616607666016,2.3541531562805176,2.3523292541503906,2.3516204357147217,2.3982791900634766,2.354418992996216,2.3513338565826416,2.356102466583252,2.347479820251465,2.355189323425293,2.35382342338562,2.3523359298706055,2.355117082595825,2.3524343967437744,2.35861873626709,2.3351919651031494,2.337303638458252,2.332568883895874,2.3373990058898926,2.3349385261535645,2.3348588943481445,2.3362555503845215
inference time,0,0,5.766791105270386,5.356816053390503,5.228827714920044,5.257579803466797,5.259021282196045,5.2900800704956055,5.312683582305908,5.239173173904419,5.255390167236328,5.22651219367981,5.311740159988403,5.240381956100464,5.2768566608428955,4.998942613601685,4.863793849945068,4.918060541152954,4.964291095733643,5.005096197128296,5.131122350692749,5.228519916534424,5.438924789428711,5.475358247756958,5.481119394302368,5.630306959152222,5.716593980789185,5.7104268074035645,5.750764846801758,5.929689407348633
qp time,0,0,0,0,0,0,0,0,0,0,0,0,0,0,0,0,0,0,0,0,0,0,0,0,0,0,0,0,0,0
backward time,0,0,3.9407989978790283,3.9086098670959473,3.9141554832458496,3.9112708568573,3.922051429748535,3.9144492149353027,3.913473606109619,3.9135310649871826,3.9113118648529053,3.908802032470703,3.9104881286621094,3.9025821685791016,3.90144419670105,3.9138524532318115,3.902007818222046,3.9108364582061768,3.912825345993042,3.9112374782562256,3.90460205078125,3.901029586791992,3.9140241146087646,3.889317750930786,3.8864800930023193,3.881791830062866,3.8900325298309326,3.8803904056549072,3.8882768154144287,3.885941743850708
