Epoch, 22
Random seed, 0, forward time, 599.7452876567841, inference time, 1414.6860182285309, qp time, 0, backward_time, 755.3765428066254
forward time,0,0,27.391618967056274,27.413222789764404,27.41804051399231,27.452584505081177,27.421101093292236,27.390812158584595,27.31730842590332,27.330759048461914,27.275179624557495,27.33360528945923,27.25184726715088,27.197837829589844,27.155088186264038,27.136610746383667,27.14081072807312,27.156623601913452,27.155811309814453,27.13236141204834,27.138806581497192,27.18011450767517,27.179767608642578,27.17537546157837
inference time,0,0,58.3004047870636,57.334892988204956,58.691221475601196,59.975345849990845,61.38507056236267,62.312004804611206,62.86936569213867,63.17419743537903,63.779383182525635,64.73865580558777,64.8556272983551,65.64992189407349,65.72199010848999,65.98867106437683,66.3129346370697,66.7920446395874,67.27971053123474,67.31920409202576,67.48433208465576,67.96293687820435,68.29303574562073,68.46506667137146
qp time,0,0,0,0,0,0,0,0,0,0,0,0,0,0,0,0,0,0,0,0,0,0,0,0
backward time,0,0,34.496001958847046,34.43349862098694,34.43366837501526,34.48031258583069,34.488927602767944,34.43403077125549,34.333070278167725,34.35809111595154,34.326812982559204,34.362085819244385,34.3844838142395,34.24796223640442,34.18860840797424,34.21050786972046,34.20291590690613,34.27159261703491,34.26107311248779,34.269826889038086,34.24694347381592,34.32306146621704,34.32285189628601,34.300215005874634
