Epoch, 21
Random seed, 0, forward time, 284.86550545692444, inference time, 902.4862084388733, qp time, 0, backward_time, 395.5971131324768
forward time,0,0,13.624295473098755,13.592151641845703,13.553197622299194,13.505192995071411,13.451892375946045,13.471387386322021,13.46686601638794,13.577477216720581,13.636195182800293,13.641558408737183,13.638247728347778,13.598999977111816,13.596790790557861,13.615494012832642,13.674114227294922,13.62440299987793,13.583982944488525,13.591021537780762,13.597203493118286,13.515679359436035,13.309354066848755
inference time,0,0,43.42237424850464,41.616594314575195,41.35321092605591,41.32890748977661,41.13873910903931,41.41375160217285,41.5783212184906,42.02799606323242,42.20305919647217,42.508589029312134,42.8482449054718,43.37928104400635,43.28171992301941,43.49531149864197,44.16463255882263,43.97061014175415,44.06484818458557,44.40675354003906,44.90256977081299,44.67107653617859,44.709617137908936
qp time,0,0,0,0,0,0,0,0,0,0,0,0,0,0,0,0,0,0,0,0,0,0,0
backward time,0,0,18.88953995704651,18.8415687084198,18.769020557403564,18.67660880088806,18.605600118637085,18.637316703796387,18.642120838165283,18.813393115997314,18.919497966766357,18.93120241165161,18.95651340484619,18.943535089492798,18.95056700706482,18.965543508529663,18.982258081436157,19.025450229644775,18.95323944091797,18.933966875076294,18.968021631240845,18.819135427474976,18.373013257980347
