Epoch, 31
Random seed, 0, forward time, 43.09610319137573, inference time, 126.11014485359192, qp time, 0, backward_time, 75.29829859733582
forward time,0,0,1.398820400238037,1.3971550464630127,1.3946635723114014,1.3926234245300293,1.4005420207977295,1.3928031921386719,1.3909029960632324,1.3932013511657715,1.3944556713104248,1.3910143375396729,1.3929064273834229,1.399977207183838,1.3914055824279785,1.3904736042022705,1.3975329399108887,1.3917903900146484,1.3932104110717773,1.393385648727417,1.388401985168457,1.3895955085754395,1.388366460800171,1.3859779834747314,1.383653163909912,1.3857252597808838,1.3840084075927734,1.3846065998077393,1.3886651992797852,1.3801720142364502,1.3805046081542969,1.380422592163086,1.3791391849517822
inference time,0,0,4.1798012256622314,3.968549966812134,3.9527106285095215,4.03209924697876,4.078207731246948,3.99651837348938,4.044499397277832,3.968376874923706,4.014052867889404,3.9082345962524414,4.044248104095459,4.036015748977661,3.9930310249328613,3.926349401473999,4.048491954803467,4.029577255249023,3.9395954608917236,3.8982667922973633,3.9091577529907227,3.9307260513305664,3.973010301589966,4.0429768562316895,4.061095952987671,4.064733266830444,4.1283278465271,4.235646963119507,4.2789952754974365,4.296690225601196,4.342212915420532,4.351120471954346,4.436824321746826
qp time,0,0,0,0,0,0,0,0,0,0,0,0,0,0,0,0,0,0,0,0,0,0,0,0,0,0,0,0,0,0,0,0,0
backward time,0,0,2.4461333751678467,2.4402010440826416,2.4415154457092285,2.4349873065948486,2.432180404663086,2.4308950901031494,2.430314779281616,2.4344100952148438,2.432215452194214,2.4301295280456543,2.432875633239746,2.4324429035186768,2.4320712089538574,2.431706190109253,2.4358370304107666,2.4350435733795166,2.4356164932250977,2.4333302974700928,2.428847312927246,2.4244000911712646,2.4221584796905518,2.422694683074951,2.4226880073547363,2.4210073947906494,2.4205892086029053,2.4241783618927,2.421586275100708,2.4190778732299805,2.413865327835083,2.4170901775360107,2.4182095527648926
