Epoch, 32
Random seed, 0, forward time, 369.3775932788849, inference time, 1232.7451252937317, qp time, 0, backward_time, 521.2396349906921
forward time,0,0,11.179882049560547,11.176307439804077,11.174386978149414,11.160553216934204,11.249182939529419,11.07751750946045,11.09813904762268,11.074754476547241,11.475762844085693,11.460800886154175,11.44636344909668,11.414346933364868,11.43036937713623,11.44467306137085,11.446330070495605,11.460060834884644,11.589387893676758,11.586586713790894,11.666191339492798,11.86810302734375,11.906816005706787,11.857264518737793,11.852142572402954,11.912216663360596,11.906971454620361,11.848682880401611,11.927779197692871,11.945281744003296,11.939083337783813,11.615108013153076,11.60347580909729,11.583070993423462
inference time,0,0,41.5424599647522,35.98388051986694,35.84116768836975,35.88909459114075,36.17771530151367,35.757206439971924,35.82791614532471,35.84287428855896,36.79814100265503,36.69326210021973,36.783605098724365,36.97264099121094,36.99814462661743,37.098544120788574,37.340930700302124,37.57347059249878,38.211026668548584,38.29292345046997,38.723676681518555,39.48854684829712,39.79701280593872,39.81137681007385,39.99182105064392,40.43279480934143,40.955119609832764,40.960410356521606,41.35930919647217,41.38234496116638,41.6314594745636,40.79834055900574,40.94984006881714,40.83806777000427
qp time,0,0,0,0,0,0,0,0,0,0,0,0,0,0,0,0,0,0,0,0,0,0,0,0,0,0,0,0,0,0,0,0,0,0
backward time,0,0,15.737743616104126,15.648736476898193,15.650368213653564,15.636854887008667,15.779650926589966,15.525306463241577,15.602205514907837,15.588821172714233,16.13200354576111,16.122101306915283,16.121501445770264,16.105573177337646,16.116151094436646,16.13659381866455,16.14544939994812,16.160720825195312,16.33538055419922,16.369199752807617,16.50434923171997,16.80002450942993,16.862290859222412,16.77940058708191,16.774168968200684,16.83859395980835,16.830697298049927,16.763612747192383,16.90374255180359,16.939321517944336,16.9519624710083,16.4701726436615,16.459156036376953,16.447779417037964
