Epoch, 40
Random seed, 0, forward time, 180.6902494430542, inference time, 308.9544925689697, qp time, 0, backward_time, 287.5338158607483
forward time,0,0,4.5121214389801025,4.509580135345459,4.518525838851929,4.514217138290405,4.504234075546265,4.504717111587524,4.5229504108428955,4.518569707870483,4.517373561859131,4.502850532531738,4.569120645523071,4.510340929031372,4.522473573684692,4.52192759513855,4.504067897796631,4.513374090194702,4.514765977859497,4.522029399871826,4.529579162597656,4.508641004562378,4.511175155639648,4.514431715011597,4.520907163619995,4.5126941204071045,4.514011383056641,4.5212578773498535,4.513431549072266,4.5105650424957275,4.509912014007568,4.516613245010376,4.5220348834991455,4.517901420593262,4.5187952518463135,4.514065265655518,4.515667200088501,4.52211856842041,4.52620005607605,4.521921396255493,4.5175580978393555,4.527527809143066
inference time,0,0,9.947185516357422,8.265636444091797,7.553427696228027,7.553263425827026,7.635086297988892,8.068679332733154,7.713609457015991,7.694944381713867,7.691365003585815,7.564287424087524,7.507842063903809,7.489527940750122,7.498411655426025,7.594417095184326,7.7046544551849365,7.59737229347229,7.767364025115967,7.493595123291016,7.698342561721802,7.3948071002960205,7.415578842163086,7.524209976196289,7.457190036773682,7.453614711761475,7.16171407699585,6.964534044265747,7.079687595367432,7.113950490951538,7.323728084564209,7.505798101425171,7.594101190567017,7.764656066894531,7.9497997760772705,7.98995041847229,8.085768222808838,8.118858814239502,8.15429425239563,8.153406381607056,8.30017900466919,8.409653186798096
qp time,0,0,0,0,0,0,0,0,0,0,0,0,0,0,0,0,0,0,0,0,0,0,0,0,0,0,0,0,0,0,0,0,0,0,0,0,0,0,0,0,0,0
backward time,0,0,7.186238765716553,7.171189069747925,7.173031330108643,7.177040100097656,7.1761229038238525,7.177855968475342,7.174367189407349,7.188819408416748,7.189926385879517,7.174583911895752,7.178034782409668,7.1733644008636475,7.192292928695679,7.195151090621948,7.179317951202393,7.184451103210449,7.189743757247925,7.197353839874268,7.195899724960327,7.183357000350952,7.190953016281128,7.189023971557617,7.1949851512908936,7.186075687408447,7.185420513153076,7.19918155670166,7.1945507526397705,7.193579196929932,7.195230007171631,7.183796405792236,7.195749521255493,7.20200252532959,7.19774603843689,7.19055962562561,7.190957069396973,7.1960039138793945,7.19527792930603,7.196294784545898,7.200284481048584,7.198002099990845
