Epoch, 18
Random seed, 0, forward time, 942.9713604450226, inference time, 1890.9820647239685, qp time, 0, backward_time, 1172.0851788520813
forward time,0,0,52.32045936584473,52.32018828392029,52.308828830718994,52.44327187538147,52.582632303237915,52.52281355857849,52.57938551902771,52.5784273147583,52.564807653427124,52.574854373931885,52.476916551589966,52.296971797943115,52.29733180999756,52.25119352340698,52.310184717178345,52.24388551712036,52.16396880149841,52.13523864746094
inference time,0,0,94.99752712249756,97.71319937705994,99.47849082946777,101.78182435035706,103.78343319892883,104.0727813243866,105.3280074596405,105.31283450126648,105.94059014320374,106.66973304748535,106.70828747749329,107.23899674415588,106.7941951751709,107.4527997970581,109.1779727935791,108.28559041023254,109.8852002620697,110.36060070991516
qp time,0,0,0,0,0,0,0,0,0,0,0,0,0,0,0,0,0,0,0,0
backward time,0,0,64.84220910072327,64.86357688903809,64.82450127601624,65.0792920589447,65.26868891716003,65.33009386062622,65.41228818893433,65.42860722541809,65.45367431640625,65.3962562084198,65.30847597122192,65.08443760871887,65.0720534324646,64.98550820350647,64.98118138313293,65.00624990463257,64.89422273635864,64.85386157035828
