Epoch, 12
Random seed, 0, forward time, 11.922724485397339, inference time, 49.329567193984985, qp time, 0, backward_time, 17.19248366355896
forward time,0,0,0.992013692855835,0.9914696216583252,0.9921891689300537,0.9905662536621094,0.9904053211212158,0.9937798976898193,0.9971780776977539,0.9956932067871094,0.99643874168396,0.9945931434631348,0.9956181049346924,0.9927792549133301
inference time,0,0,4.330234050750732,3.966153621673584,3.96329665184021,3.9555580615997314,3.940748691558838,3.947019577026367,3.9948232173919678,4.096693515777588,4.1943981647491455,4.19783353805542,4.335790634155273,4.407017469406128
qp time,0,0,0,0,0,0,0,0,0,0,0,0,0,0
backward time,0,0,1.4360239505767822,1.428267240524292,1.432344675064087,1.430232286453247,1.4300897121429443,1.4305193424224854,1.4326508045196533,1.431976079940796,1.4341764450073242,1.4343979358673096,1.4353797435760498,1.4364254474639893
