Epoch, 29
Random seed, 0, forward time, 495.3029046058655, inference time, 1439.9405434131622, qp time, 0, backward_time, 681.2714235782623
forward time,0,0,17.074143171310425,17.053571462631226,17.058021545410156,17.063828468322754,17.053348541259766,17.071227073669434,17.07664179801941,17.07986569404602,17.09852409362793,17.104301929473877,17.12444543838501,17.05951976776123,17.052834033966064,17.058919668197632,17.06093192100525,17.074325561523438,17.080954790115356,17.0815486907959,17.08952307701111,17.08784794807434,17.097527265548706,17.11161160469055,17.11107873916626,17.120964288711548,17.05636692047119,17.05778169631958,17.071325540542603,17.08359432220459,17.088329553604126
inference time,0,0,46.92971158027649,45.04399108886719,44.99268960952759,45.27244329452515,45.7039909362793,46.12331199645996,46.80847668647766,46.95854878425598,47.64738464355469,48.42174506187439,48.76158809661865,49.295634031295776,49.102580547332764,49.614224910736084,50.0978639125824,50.2312650680542,50.82701849937439,51.07987070083618,51.3259642124176,51.521546363830566,51.90884780883789,51.93925976753235,52.18072986602783,52.373663663864136,52.62302827835083,52.991943359375,53.34805250167847,53.30974626541138,53.50542187690735
qp time,0,0,0,0,0,0,0,0,0,0,0,0,0,0,0,0,0,0,0,0,0,0,0,0,0,0,0,0,0,0,0
backward time,0,0,23.369242906570435,23.35394835472107,23.34454917907715,23.35581111907959,23.371532917022705,23.374300003051758,23.395061016082764,23.41651678085327,23.469152688980103,23.47569704055786,23.520283699035645,23.46406364440918,23.489119291305542,23.450318574905396,23.44201111793518,23.45137095451355,23.494935750961304,23.462399005889893,23.524033784866333,23.568386793136597,23.56780195236206,23.5814368724823,23.59490466117859,23.634955883026123,23.566445112228394,23.599632740020752,23.62420678138733,23.647283792495728,23.662021160125732
