Epoch, 36
Random seed, 0, forward time, 402.15664982795715, inference time, 1362.479440689087, qp time, 0, backward_time, 568.4667088985443
forward time,0,0,11.246143817901611,11.200916290283203,11.194518566131592,11.213967084884644,11.19307565689087,11.20309066772461,11.131339073181152,11.130206108093262,11.132497787475586,11.141253232955933,11.134059429168701,11.096097946166992,11.086110591888428,11.08661961555481,11.09188961982727,11.089351415634155,11.011659860610962,10.99503493309021,10.89420223236084,10.902315855026245,10.891515970230103,11.243446826934814,11.36342167854309,11.36962366104126,11.315814971923828,11.288211584091187,11.299139022827148,11.300942182540894,11.305345058441162,11.304524660110474,11.207058906555176,11.207086086273193,11.212356805801392,11.218433141708374,11.225709915161133,11.229669570922852
inference time,0,0,37.689263343811035,36.27074837684631,36.265034914016724,36.22920536994934,36.22536015510559,36.21442532539368,36.2292685508728,36.332101821899414,36.30474328994751,36.4542191028595,36.58685350418091,36.78237700462341,36.780211448669434,37.02433133125305,37.057692766189575,37.12819242477417,37.3862144947052,37.42400002479553,37.37019371986389,37.47460055351257,37.72087621688843,38.740108489990234,39.03670787811279,39.24923658370972,39.26635026931763,39.273292541503906,39.34535074234009,39.49893879890442,39.3635995388031,39.572011947631836,39.203150510787964,39.27588391304016,39.35360145568848,39.391446590423584,39.450472593307495,39.50937509536743
qp time,0,0,0,0,0,0,0,0,0,0,0,0,0,0,0,0,0,0,0,0,0,0,0,0,0,0,0,0,0,0,0,0,0,0,0,0,0,0
backward time,0,0,15.86291241645813,15.704829454421997,15.690501689910889,15.708653211593628,15.718825340270996,15.754410028457642,15.60183572769165,15.628623962402344,15.650056838989258,15.684279203414917,15.746538639068604,15.647501468658447,15.605949640274048,15.620825290679932,15.628852128982544,15.64878535270691,15.585636615753174,15.520756244659424,15.496846675872803,15.50960373878479,15.527084350585938,15.9738929271698,16.16000771522522,16.16010618209839,16.04603600502014,16.011563301086426,16.015122652053833,16.037150144577026,16.04952883720398,16.039319038391113,15.87087106704712,15.889551162719727,15.903283834457397,15.89558744430542,15.916998624801636,15.954381942749023
