Epoch, 20
Random seed, 0, forward time, 277.13320207595825, inference time, 704.763828754425, qp time, 0, backward_time, 482.97390484809875
forward time,0,0,13.846219539642334,13.858464002609253,13.88749623298645,13.834441184997559,13.871897220611572,13.929940700531006,13.932110786437988,13.910207748413086,13.869446277618408,13.999011039733887,13.903020143508911,13.820937633514404,13.82377552986145,13.819138288497925,13.840068101882935,13.881524801254272,13.775858640670776,13.750200986862183,13.76022219657898,13.819221019744873
inference time,0,0,36.23631453514099,35.75883746147156,35.65351891517639,35.367595195770264,35.595176219940186,35.49413871765137,35.329081535339355,35.28044629096985,35.10785627365112,35.47480010986328,35.231300592422485,35.17082333564758,35.16731929779053,34.93083047866821,35.01012873649597,35.20420217514038,34.6204297542572,34.4654016494751,34.92650103569031,34.739126443862915
qp time,0,0,0,0,0,0,0,0,0,0,0,0,0,0,0,0,0,0,0,0,0,0
backward time,0,0,24.079779863357544,24.101523876190186,24.140895128250122,24.071135997772217,24.128679037094116,24.2040753364563,24.218495845794678,24.221692323684692,24.1871497631073,24.26786732673645,24.243074655532837,24.09516143798828,24.099743604660034,24.135929107666016,24.179324626922607,24.203230142593384,24.073952436447144,24.06269073486328,24.09065341949463,24.16885018348694
