Epoch, 32
Random seed, 0, forward time, 127.94854474067688, inference time, 241.32529163360596, qp time, 0, backward_time, 199.16470384597778
forward time,0,0,4.015340089797974,4.0101282596588135,4.0072314739227295,4.002490282058716,3.9977002143859863,3.993711471557617,3.9921064376831055,4.017924785614014,4.018213510513306,4.02118182182312,4.0066869258880615,4.006509780883789,4.0090012550354,4.014014959335327,4.013984441757202,4.024806022644043,4.020282506942749,4.018644094467163,4.021475315093994,4.021417856216431,4.009555339813232,3.9657249450683594,3.9724533557891846,3.9723258018493652,3.973141670227051,3.9714925289154053,3.9764485359191895,3.976367473602295,3.9747188091278076,3.969662666320801,3.976829767227173,3.9769723415374756
inference time,0,0,9.67263650894165,8.555631637573242,7.59878134727478,7.388158798217773,7.15111231803894,7.112894296646118,7.244311809539795,7.099336862564087,7.224687337875366,7.425436019897461,7.009311199188232,7.006383657455444,7.028603553771973,6.832183122634888,6.788044691085815,6.758214235305786,6.836078405380249,7.032174587249756,7.108499050140381,7.3702216148376465,7.328638792037964,7.447950124740601,7.641889572143555,7.675263404846191,7.747573137283325,7.8556227684021,8.010666847229004,8.21381163597107,8.213111639022827,8.370672225952148,8.305513620376587,8.271876811981201
qp time,0,0,0,0,0,0,0,0,0,0,0,0,0,0,0,0,0,0,0,0,0,0,0,0,0,0,0,0,0,0,0,0,0,0
backward time,0,0,6.276305675506592,6.246761322021484,6.227543115615845,6.23095178604126,6.218124628067017,6.199419021606445,6.2051801681518555,6.2502546310424805,6.254436731338501,6.247185468673706,6.231573820114136,6.2329323291778564,6.232634782791138,6.2465150356292725,6.250670433044434,6.2635817527771,6.257956504821777,6.258050441741943,6.257079362869263,6.246830940246582,6.2204248905181885,6.171804666519165,6.189637899398804,6.190251111984253,6.18332314491272,6.188016653060913,6.195943593978882,6.204081058502197,6.193612813949585,6.1952619552612305,6.199961423873901,6.198396682739258
