Epoch, 27
Random seed, 0, forward time, 118.5501434803009, inference time, 285.0200288295746, qp time, 0, backward_time, 149.73290705680847
forward time,0,0,4.380899429321289,4.3701863288879395,4.370176792144775,4.378342151641846,4.3669679164886475,4.382431507110596,4.372274875640869,4.370895862579346,4.378181219100952,4.368669033050537,4.380779981613159,4.3824567794799805,4.383490085601807,4.400916337966919,4.39743185043335,4.401387691497803,4.3978798389434814,4.399948358535767,4.40641975402832,4.403045415878296,4.4007887840271,4.40630841255188,4.412648439407349,4.40766716003418,4.408003807067871,4.409742116928101,4.412203550338745
inference time,0,0,10.025250434875488,8.633570432662964,8.788480758666992,9.096478939056396,9.365835189819336,9.618946075439453,9.663005828857422,9.739474534988403,10.06491732597351,10.057790994644165,10.199048519134521,10.252074718475342,10.417732954025269,10.647735357284546,10.779678344726562,11.003778457641602,11.114167213439941,11.193503141403198,11.264964580535889,11.359364748001099,11.390652418136597,11.563624620437622,11.759495735168457,11.726830959320068,11.768787622451782,11.812884330749512,11.711954593658447
qp time,0,0,0,0,0,0,0,0,0,0,0,0,0,0,0,0,0,0,0,0,0,0,0,0,0,0,0,0,0
backward time,0,0,5.59841251373291,5.528015851974487,5.5240278244018555,5.516626834869385,5.519509792327881,5.522484302520752,5.5214760303497314,5.519296884536743,5.518796682357788,5.522701978683472,5.527519702911377,5.517359733581543,5.541594743728638,5.556401491165161,5.557927131652832,5.5614166259765625,5.5510969161987305,5.5586113929748535,5.561697483062744,5.557965993881226,5.560166358947754,5.561335802078247,5.566673994064331,5.568814992904663,5.565643072128296,5.5640387535095215,5.563294172286987
