Epoch, 18
Random seed, 0, forward time, 641.9156103134155, inference time, 1465.3809390068054, qp time, 0, backward_time, 815.8066818714142
forward time,0,0,35.59424805641174,35.698750495910645,35.690314531326294,35.72493648529053,35.70640444755554,35.693443059921265,35.694525480270386,35.6891233921051,35.68080472946167,35.77601408958435,35.63764214515686,35.58977508544922,35.59819221496582,35.63079833984375,35.62471342086792,35.62798357009888,35.62862992286682,35.629310846328735
inference time,0,0,73.4150116443634,73.54891443252563,76.27941703796387,77.7892713546753,78.3919153213501,79.51175308227539,80.98785328865051,81.45144009590149,82.38808345794678,82.94196009635925,83.17334151268005,83.50272703170776,84.09225511550903,84.97223711013794,85.24851727485657,85.40133595466614,85.94511795043945,86.33978724479675
qp time,0,0,0,0,0,0,0,0,0,0,0,0,0,0,0,0,0,0,0,0
backward time,0,0,45.17564034461975,45.275285720825195,45.2473418712616,45.281108379364014,45.28651475906372,45.29285669326782,45.311967849731445,45.31269431114197,45.35904359817505,45.368513107299805,45.379666566848755,45.30811905860901,45.348856925964355,45.39528751373291,45.35214185714722,45.369497299194336,45.374515771865845,45.36763024330139
