Epoch, 22
Random seed, 0, forward time, 80.73783922195435, inference time, 150.75254702568054, qp time, 0, backward_time, 130.08270049095154
forward time,0,0,3.693887710571289,3.6918928623199463,3.6925246715545654,3.6974074840545654,3.698800802230835,3.6968042850494385,3.7011046409606934,3.6709909439086914,3.6365647315979004,3.7243189811706543,3.7146153450012207,3.6423215866088867,3.6394269466400146,3.651036262512207,3.665621280670166,3.6580605506896973,3.643798351287842,3.6501305103302,3.6471595764160156,3.636976480484009,3.640301465988159,3.6440937519073486
inference time,0,0,8.76330041885376,7.15453314781189,6.736658811569214,6.855348348617554,6.862592935562134,7.097168207168579,6.835419654846191,6.77710485458374,6.7111852169036865,6.877291440963745,6.686463356018066,6.586663246154785,6.62172532081604,6.603561162948608,6.828537225723267,6.593419075012207,6.694879531860352,6.768151044845581,6.76183557510376,6.645987272262573,6.595139265060425,6.695581912994385
qp time,0,0,0,0,0,0,0,0,0,0,0,0,0,0,0,0,0,0,0,0,0,0,0,0
backward time,0,0,6.034918308258057,5.960217237472534,5.957716703414917,5.965607404708862,5.964330673217773,5.968531131744385,5.951159477233887,5.917175531387329,5.859606027603149,5.980198621749878,5.947269678115845,5.860426187515259,5.867167234420776,5.8776843547821045,5.8936638832092285,5.883392095565796,5.866911172866821,5.8724095821380615,5.870509147644043,5.861136436462402,5.8602211475372314,5.862448453903198
