Epoch, 16
Random seed, 0, forward time, 107.33703470230103, inference time, 226.50374555587769, qp time, 0, backward_time, 136.38440108299255
forward time,0,0,6.714062452316284,6.712147951126099,6.703580141067505,6.706714391708374,6.701782464981079,6.707625389099121,6.707367181777954,6.700290679931641,6.700427293777466,6.704463958740234,6.711926221847534,6.715274333953857,6.713655948638916,6.713557958602905,6.710470199584961,6.713688135147095
inference time,0,0,14.02380633354187,12.02370810508728,12.621070146560669,12.761843204498291,13.122258424758911,13.434132099151611,14.023212909698486,13.988306999206543,14.228119850158691,14.501243591308594,15.090969800949097,15.16112732887268,15.326016664505005,15.458818435668945,15.334262371063232,15.404849290847778
qp time,0,0,0,0,0,0,0,0,0,0,0,0,0,0,0,0,0,0
backward time,0,0,8.546809673309326,8.532451868057251,8.533506393432617,8.527361631393433,8.529723167419434,8.521769762039185,8.516586303710938,8.514699697494507,8.520849466323853,8.525794982910156,8.524307012557983,8.519129037857056,8.519407033920288,8.515435695648193,8.51783037185669,8.518738985061646
