Epoch, 22
Random seed, 0, forward time, 378.983713388443, inference time, 1093.0923552513123, qp time, 0, backward_time, 517.5642881393433
forward time,0,0,17.265751123428345,17.277920484542847,17.283287048339844,17.23569130897522,17.246960401535034,17.243633270263672,17.243390560150146,17.21760606765747,17.20189356803894,17.2140634059906,17.263243198394775,17.216535091400146,17.2081401348114,17.179418087005615,17.172967195510864,17.19388175010681,17.206170082092285,17.21450114250183,17.2236807346344,17.229692935943604,17.225412607192993,17.219873189926147
inference time,0,0,48.271631479263306,46.119829177856445,46.239325523376465,45.965681314468384,46.422197580337524,47.301461696624756,47.53269124031067,48.04536485671997,48.56922483444214,49.06911778450012,49.436718463897705,50.102561235427856,50.31722331047058,50.53480005264282,50.96060514450073,51.401196002960205,52.09008574485779,52.63052487373352,52.65300369262695,53.05538821220398,53.13685417175293,53.2368688583374
qp time,0,0,0,0,0,0,0,0,0,0,0,0,0,0,0,0,0,0,0,0,0,0,0,0
backward time,0,0,23.416678428649902,23.439658641815186,23.465577125549316,23.410308361053467,23.436396598815918,23.438793897628784,23.433364391326904,23.41386127471924,23.406978368759155,23.474326133728027,23.60116171836853,23.565699577331543,23.538284301757812,23.589767932891846,23.53807282447815,23.55387020111084,23.59285068511963,23.60342836380005,23.632325410842896,23.63248920440674,23.712036848068237,23.668357849121094
