Epoch, 12
Random seed, 0, forward time, 20.802255153656006, inference time, 68.3009684085846, qp time, 0, backward_time, 28.23070502281189
forward time,0,0,1.7304296493530273,1.7305028438568115,1.7299275398254395,1.7274088859558105,1.7295846939086914,1.7289745807647705,1.7268941402435303,1.7301123142242432,1.7319178581237793,1.7322163581848145,1.7732925415039062,1.7309937477111816
inference time,0,0,7.0384721755981445,5.3246448040008545,5.229230880737305,5.289899587631226,5.37895941734314,5.498222589492798,5.413564443588257,5.590924978256226,5.696532249450684,5.8049256801605225,6.046373128890991,5.989218473434448
qp time,0,0,0,0,0,0,0,0,0,0,0,0,0,0
backward time,0,0,2.361513614654541,2.3505899906158447,2.3519089221954346,2.3448116779327393,2.350756883621216,2.347097396850586,2.3467965126037598,2.353912353515625,2.3536038398742676,2.3540706634521484,2.363919973373413,2.3517231941223145
