Epoch, 17
Random seed, 0, forward time, 184.74361515045166, inference time, 615.5570406913757, qp time, 0, backward_time, 263.39295291900635
forward time,0,0,10.82387638092041,10.828368186950684,10.830012083053589,10.852897644042969,10.840766429901123,10.8436918258667,10.839054584503174,10.845357656478882,10.851221799850464,10.846891641616821,11.000306844711304,10.890703916549683,10.879074335098267,10.878254890441895,10.89112377166748,10.896158933639526,10.905854225158691
inference time,0,0,40.49457049369812,35.59416842460632,35.41679382324219,35.39935326576233,35.28872489929199,35.45758771896362,35.467857837677,35.58254861831665,35.61207032203674,35.8103129863739,36.18415379524231,36.13731002807617,36.21661353111267,36.49054026603699,36.65533113479614,36.87406134605408,36.8750422000885
qp time,0,0,0,0,0,0,0,0,0,0,0,0,0,0,0,0,0,0,0
backward time,0,0,15.459744215011597,15.375953197479248,15.384153127670288,15.393182754516602,15.387573480606079,15.391982078552246,15.432677268981934,15.441447257995605,15.430165767669678,15.465485334396362,15.725388050079346,15.59404993057251,15.554039001464844,15.553423881530762,15.571611404418945,15.599748611450195,15.632327556610107
