Epoch, 22
Random seed, 0, forward time, 76.40908861160278, inference time, 202.5931372642517, qp time, 0, backward_time, 95.9951159954071
forward time,0,0,3.476607084274292,3.482325553894043,3.477430582046509,3.478461503982544,3.480713367462158,3.4831793308258057,3.489016056060791,3.4831809997558594,3.473137378692627,3.4740562438964844,3.474287271499634,3.4671144485473633,3.465114116668701,3.4672625064849854,3.467182159423828,3.467132091522217,3.4672651290893555,3.4650557041168213,3.4657514095306396,3.46162486076355,3.4703433513641357,3.4728474617004395
inference time,0,0,9.330472230911255,7.671219825744629,7.897947549819946,8.33638310432434,8.464427471160889,8.728346109390259,8.918951272964478,9.074187517166138,8.960712909698486,9.241838216781616,9.344661235809326,9.223327398300171,9.344342470169067,9.531254768371582,9.398839950561523,9.618679761886597,9.611674070358276,9.722754001617432,9.688279390335083,9.922967195510864,10.210381984710693,10.351488828659058
qp time,0,0,0,0,0,0,0,0,0,0,0,0,0,0,0,0,0,0,0,0,0,0,0,0
backward time,0,0,4.380338668823242,4.3750832080841064,4.372858762741089,4.3696534633636475,4.372047424316406,4.377622127532959,4.376987934112549,4.372457504272461,4.3637940883636475,4.364936828613281,4.3611602783203125,4.35431432723999,4.3512043952941895,4.355537176132202,4.356531381607056,4.355585098266602,4.353929758071899,4.3492653369903564,4.3495213985443115,4.348822593688965,4.362391471862793,4.371072769165039
