Epoch, 22
Random seed, 0, forward time, 1622.1701002120972, inference time, 3564.074439764023, qp time, 0, backward_time, 2130.422236919403
forward time,0,0,73.75419306755066,73.73167181015015,75.56709122657776,78.86196255683899,73.78688883781433,73.83909130096436,73.75786304473877,73.88316988945007,73.75097966194153,73.3615562915802,72.36140966415405,71.87757849693298,71.59683346748352,73.76554346084595,73.61553859710693,73.535076379776,73.52352452278137,73.35522890090942,73.37975311279297,73.54085612297058,73.58551287651062,73.73877692222595
inference time,0,0,139.44257831573486,140.6955132484436,144.49600291252136,149.61616444587708,152.30296921730042,155.41666650772095,154.897296667099,157.84219408035278,159.04682230949402,162.62209677696228,161.399169921875,159.5697476863861,159.57722353935242,174.46160173416138,174.28099727630615,173.88363933563232,172.34732747077942,172.8918788433075,173.58150100708008,175.70578789710999,174.84477758407593,175.1524829864502
qp time,0,0,0,0,0,0,0,0,0,0,0,0,0,0,0,0,0,0,0,0,0,0,0,0
backward time,0,0,96.97316861152649,96.91175580024719,98.26368880271912,101.04275584220886,97.25760746002197,97.42381072044373,97.20048952102661,97.2583749294281,97.06466770172119,96.41207003593445,94.29307556152344,93.28753924369812,92.87811040878296,97.32054042816162,97.12211966514587,97.05152988433838,96.81790781021118,96.75897121429443,96.99430441856384,97.15020298957825,97.33462119102478,97.60492467880249
