Epoch, 20
Random seed, 0, forward time, 1076.7058794498444, inference time, 2202.703043460846, qp time, 0, backward_time, 1347.8654580116272
forward time,0,0,53.62682223320007,54.26652789115906,53.64337420463562,54.137125968933105,53.55445623397827,54.10223364830017,53.90384840965271,53.73137927055359,54.020878076553345,53.609870195388794,53.89004349708557,53.793241024017334,53.48666596412659,53.828922748565674,53.78325319290161,53.62522768974304,53.94652438163757,53.935842514038086,53.88870644569397,53.930935859680176
inference time,0,0,98.64387464523315,102.13660621643066,103.51466727256775,106.19149971008301,105.97077369689941,108.51116466522217,109.16437268257141,109.3383777141571,111.31346726417542,110.37855052947998,111.68000268936157,111.58118271827698,111.82226085662842,112.50284171104431,113.70554375648499,113.36700558662415,115.14622592926025,115.22724342346191,116.14163279533386,116.36574959754944
qp time,0,0,0,0,0,0,0,0,0,0,0,0,0,0,0,0,0,0,0,0,0,0
backward time,0,0,66.84107804298401,67.95487475395203,66.98046684265137,67.8671395778656,66.81116437911987,67.8435730934143,67.5301239490509,67.23040294647217,67.7366714477539,66.88005113601685,67.65332865715027,67.19581437110901,66.74671578407288,67.42902660369873,67.2623782157898,67.1125738620758,67.66231608390808,67.76514315605164,67.67259573936462,67.69001936912537
