Epoch, 26
Random seed, 0, forward time, 1340.3540260791779, inference time, 2758.75781750679, qp time, 0, backward_time, 1678.0546839237213
forward time,0,0,51.997024059295654,51.81758189201355,51.73421669006348,51.69008278846741,51.735724687576294,51.71272420883179,51.754910469055176,51.78875756263733,51.78661394119263,51.927154779434204,51.81992316246033,51.81291484832764,51.77676820755005,51.72476530075073,51.852299213409424,51.841338872909546,51.87067103385925,51.857401847839355,51.87228345870972,51.866772413253784,51.13996243476868,51.17953848838806,51.1353600025177,50.67981719970703,49.97881484031677,50.000603675842285
inference time,0,0,95.0846848487854,96.57865262031555,99.32554650306702,100.5322847366333,102.30872344970703,102.69160389900208,103.23637342453003,104.51507616043091,104.98859715461731,105.3996274471283,105.65347838401794,106.10353207588196,106.66649270057678,107.5485942363739,108.4861044883728,108.56690764427185,108.21116399765015,108.85175228118896,109.4919376373291,110.3898754119873,109.62177896499634,110.28211951255798,111.66876983642578,110.9202995300293,110.40575408935547,111.22808647155762
qp time,0,0,0,0,0,0,0,0,0,0,0,0,0,0,0,0,0,0,0,0,0,0,0,0,0,0,0,0
backward time,0,0,65.21902871131897,64.81798505783081,64.6184196472168,64.55868077278137,64.66577959060669,64.69292259216309,64.7584171295166,64.89589476585388,64.97207450866699,65.05014967918396,65.0869722366333,65.03048968315125,64.93750739097595,64.97484731674194,65.14668154716492,65.15019083023071,65.21904945373535,65.20715832710266,65.21741795539856,65.23561501502991,63.798505783081055,63.8005907535553,63.690757513046265,63.024738788604736,62.1384494304657,62.14635944366455
