Epoch, 25
Random seed, 0, forward time, 34.31995415687561, inference time, 98.81992077827454, qp time, 0, backward_time, 59.51372814178467
forward time,0,0,1.3811423778533936,1.3823606967926025,1.3794500827789307,1.3800725936889648,1.3822681903839111,1.3744540214538574,1.3663947582244873,1.366882085800171,1.366898775100708,1.3654961585998535,1.4186184406280518,1.3693931102752686,1.3641457557678223,1.3626389503479004,1.366084337234497,1.3645901679992676,1.3661439418792725,1.3678910732269287,1.36500883102417,1.3673954010009766,1.366896629333496,1.3729937076568604,1.3743605613708496,1.3747873306274414,1.3735861778259277
inference time,0,0,4.002443313598633,3.9034852981567383,3.900019884109497,3.9268901348114014,3.9696242809295654,3.973453998565674,3.898632764816284,3.8584177494049072,3.918349504470825,3.8396661281585693,4.017076253890991,3.9765326976776123,3.959317684173584,3.7662580013275146,3.765052318572998,3.8037428855895996,3.8225693702697754,3.8919997215270996,3.9361066818237305,3.9888148307800293,4.073232889175415,4.111294984817505,4.1615142822265625,4.165604829788208,4.189820289611816
qp time,0,0,0,0,0,0,0,0,0,0,0,0,0,0,0,0,0,0,0,0,0,0,0,0,0,0,0
backward time,0,0,2.4041481018066406,2.401085376739502,2.39947509765625,2.394477128982544,2.3911349773406982,2.3862788677215576,2.3726272583007812,2.3740062713623047,2.375385046005249,2.372173547744751,2.3803563117980957,2.3722949028015137,2.3682963848114014,2.368321418762207,2.3688032627105713,2.3703184127807617,2.37079119682312,2.3715221881866455,2.3699114322662354,2.3737809658050537,2.3745827674865723,2.3857405185699463,2.3915061950683594,2.3876566886901855,2.3890538215637207
