Epoch, 19
Random seed, 0, forward time, 330.4453377723694, inference time, 924.6066806316376, qp time, 0, backward_time, 451.99943375587463
forward time,0,0,17.403640747070312,17.382928133010864,17.392929792404175,17.401958465576172,17.397605419158936,17.38455843925476,17.388137817382812,17.391687154769897,17.400102376937866,17.50146460533142,17.42123532295227,17.377301931381226,17.374919891357422,17.38304877281189,17.399638891220093,17.345789432525635,17.363218545913696,17.36231756210327,17.372854471206665
inference time,0,0,47.78565192222595,45.71355199813843,45.67161273956299,46.41737484931946,46.630855083465576,47.020992279052734,47.69661474227905,47.99444913864136,48.5261766910553,48.96891403198242,49.155537843704224,49.396564245224,49.767699241638184,50.15255069732666,50.234814405441284,50.56454563140869,50.619532108306885,50.97815299034119,51.31108999252319
qp time,0,0,0,0,0,0,0,0,0,0,0,0,0,0,0,0,0,0,0,0,0
backward time,0,0,23.685999870300293,23.669089794158936,23.66522526741028,23.662062168121338,23.68273115158081,23.681164264678955,23.703460693359375,23.755364179611206,23.780811071395874,23.91049027442932,23.93563485145569,23.876590251922607,23.89252996444702,23.85055923461914,23.86636781692505,23.808287382125854,23.8700168132782,23.821178913116455,23.881869792938232
