Epoch, 19
Random seed, 0, forward time, 156.1353690624237, inference time, 585.0556733608246, qp time, 0, backward_time, 232.3494689464569
forward time,0,0,8.208215236663818,8.223917722702026,8.226707220077515,8.252891302108765,8.293061017990112,8.24726390838623,8.232771158218384,8.212448120117188,8.221560001373291,8.25022554397583,8.237844944000244,8.202380180358887,8.181777954101562,8.205033302307129,8.183371782302856,8.180251598358154,8.184863090515137,8.189856052398682,8.200928926467896
inference time,0,0,33.417545557022095,30.437123775482178,30.275089502334595,30.021451473236084,29.93607211112976,29.710242986679077,29.914096355438232,29.861931800842285,29.975228309631348,30.29933214187622,30.673166513442993,30.754104137420654,30.88821840286255,31.082518339157104,31.119672060012817,31.267109870910645,31.52643084526062,31.75730586051941,32.13903331756592
qp time,0,0,0,0,0,0,0,0,0,0,0,0,0,0,0,0,0,0,0,0,0
backward time,0,0,12.166334629058838,12.160174369812012,12.176667928695679,12.200729846954346,12.26852297782898,12.214068174362183,12.194068670272827,12.170938730239868,12.206242561340332,12.279720067977905,12.284690618515015,12.248486042022705,12.251381874084473,12.238835573196411,12.228996515274048,12.233069896697998,12.253551483154297,12.276079893112183,12.296909093856812
