Epoch, 23
Random seed, 0, forward time, 966.9723992347717, inference time, 1978.3420832157135, qp time, 0, backward_time, 1211.7632942199707
forward time,0,0,42.24999403953552,42.25340557098389,42.242807388305664,42.26841402053833,42.23609757423401,42.19567847251892,42.19631052017212,42.23438787460327,42.24734592437744,42.0291268825531,41.85268545150757,41.82182788848877,41.83403277397156,41.846652030944824,41.82467436790466,41.913957357406616,42.228869676589966,42.22887587547302,42.242934703826904,42.23263216018677,42.236634731292725,42.24236345291138,40.3126904964447
inference time,0,0,76.87115740776062,76.22531008720398,79.38503217697144,81.4177098274231,82.8642168045044,83.16319537162781,84.27530097961426,85.10270595550537,85.40201139450073,85.42411160469055,85.31047630310059,86.22884273529053,86.23553609848022,87.1030580997467,87.57615804672241,88.15795016288757,89.7372407913208,90.69609022140503,90.67055678367615,91.40113472938538,92.2192211151123,92.66357207298279,90.21149444580078
qp time,0,0,0,0,0,0,0,0,0,0,0,0,0,0,0,0,0,0,0,0,0,0,0,0,0
backward time,0,0,53.04319930076599,52.96377158164978,52.98028302192688,52.94129514694214,52.93139171600342,52.91088795661926,52.928171157836914,52.9322943687439,52.9607093334198,52.63955044746399,52.410685300827026,52.39674210548401,52.41466403007507,52.450116872787476,52.411317348480225,52.48968768119812,52.995357036590576,52.97210741043091,53.00455832481384,53.010241985321045,53.07414174079895,53.054306507110596,49.847813844680786
