Epoch, 23
Random seed, 0, forward time, 965.6226994991302, inference time, 2022.0792934894562, qp time, 0, backward_time, 1192.2027933597565
forward time,0,0,41.61242747306824,42.05428743362427,42.1916720867157,42.05886769294739,41.921637773513794,41.840399742126465,41.725666999816895,41.77556920051575,42.122536182403564,41.89327526092529,41.876327991485596,41.84964108467102,42.35588264465332,42.41429781913757,42.05116057395935,41.97822570800781,42.16284513473511,42.22026705741882,42.27505660057068,42.02297496795654,42.14690899848938,41.5832998752594,41.489471197128296
inference time,0,0,77.6518657207489,79.66955399513245,82.16095185279846,82.85186529159546,83.67652821540833,84.92789077758789,84.48972868919373,86.06854295730591,87.37016367912292,87.72847843170166,87.96137237548828,88.33061909675598,90.93395042419434,91.39518594741821,90.148122549057,91.02791619300842,91.60921621322632,92.32213354110718,92.597012758255,92.3026807308197,93.5604202747345,91.73148036003113,91.5636134147644
qp time,0,0,0,0,0,0,0,0,0,0,0,0,0,0,0,0,0,0,0,0,0,0,0,0,0
backward time,0,0,51.2762393951416,51.85620880126953,52.075127601623535,51.849830627441406,51.72400498390198,51.620394706726074,51.44836401939392,51.558091163635254,51.86461877822876,51.73818564414978,51.71731662750244,51.74724626541138,52.35686659812927,52.42663884162903,51.94098877906799,51.859232664108276,52.09495782852173,52.19808650016785,52.25139355659485,51.99273872375488,51.98976969718933,51.36703157424927,51.249459981918335
