Epoch, 31
Random seed, 0, forward time, 109.81681823730469, inference time, 208.70003652572632, qp time, 0, backward_time, 176.42511105537415
forward time,0,0,3.487072467803955,3.489326000213623,3.4897282123565674,3.489863395690918,3.4939029216766357,3.4918198585510254,3.4881060123443604,3.502103090286255,3.507551908493042,3.522061586380005,3.5901780128479004,3.5381884574890137,3.5579323768615723,3.5615286827087402,3.5806024074554443,3.5718631744384766,3.5594658851623535,3.5593090057373047,3.5710506439208984,3.5775699615478516,3.5629279613494873,3.562966823577881,3.5606560707092285,3.5600435733795166,3.5746703147888184,3.5656275749206543,3.5592339038848877,3.5553719997406006,3.5655288696289062,3.5617058277130127,3.558861255645752
inference time,0,0,8.566171407699585,7.016066551208496,6.7490620613098145,6.640251636505127,6.69196343421936,6.556743860244751,6.56867527961731,6.7145092487335205,6.543503046035767,6.638345241546631,6.704394102096558,6.558440923690796,6.88077187538147,6.673844337463379,6.757183790206909,6.767642974853516,6.765872478485107,6.712526321411133,6.65379524230957,6.450855016708374,6.3338963985443115,6.309960603713989,6.298583984375,6.391037464141846,6.564064025878906,6.636783123016357,6.724180221557617,6.8064963817596436,6.912441253662109,7.025381326675415,7.08659291267395
qp time,0,0,0,0,0,0,0,0,0,0,0,0,0,0,0,0,0,0,0,0,0,0,0,0,0,0,0,0,0,0,0,0,0
backward time,0,0,5.6385414600372314,5.597975969314575,5.598230361938477,5.59508490562439,5.600677967071533,5.592922687530518,5.5984580516815186,5.619335889816284,5.6346213817596436,5.662890911102295,5.68905234336853,5.681257247924805,5.7259299755096436,5.730744123458862,5.752004384994507,5.743698835372925,5.730405330657959,5.7242090702056885,5.736389636993408,5.744851350784302,5.73444676399231,5.728454828262329,5.7313148975372314,5.726102352142334,5.74578857421875,5.729948043823242,5.729775905609131,5.723087310791016,5.726696729660034,5.7260901927948,5.726123571395874
