Epoch, 32
Random seed, 0, forward time, 44.16564416885376, inference time, 126.78239727020264, qp time, 0, backward_time, 76.38246393203735
forward time,0,0,1.3790977001190186,1.3815841674804688,1.3823163509368896,1.3812716007232666,1.3804681301116943,1.3783812522888184,1.3789629936218262,1.3799848556518555,1.3794803619384766,1.3774819374084473,1.4265062808990479,1.3822238445281982,1.3791511058807373,1.3767764568328857,1.3789796829223633,1.3768081665039062,1.3778743743896484,1.3790667057037354,1.3787953853607178,1.3788557052612305,1.377117395401001,1.3793365955352783,1.3791422843933105,1.3752789497375488,1.3753690719604492,1.379202127456665,1.3772788047790527,1.3767483234405518,1.3783836364746094,1.3766992092132568,1.3805913925170898,1.3764293193817139
inference time,0,0,3.9533021450042725,3.9323019981384277,4.00617790222168,3.9495413303375244,3.9284892082214355,3.9014811515808105,3.852315902709961,3.9406862258911133,3.880626678466797,3.8300960063934326,4.008486270904541,3.9513320922851562,3.9416866302490234,3.912240743637085,4.05129599571228,4.0059404373168945,3.924093246459961,3.990311622619629,4.028390407562256,3.999691963195801,3.843280792236328,3.836489200592041,3.872547149658203,3.8976619243621826,3.9178948402404785,3.9732797145843506,3.9673075675964355,4.003321170806885,4.049143552780151,4.093849420547485,4.156249046325684,4.182884931564331
qp time,0,0,0,0,0,0,0,0,0,0,0,0,0,0,0,0,0,0,0,0,0,0,0,0,0,0,0,0,0,0,0,0,0,0
backward time,0,0,2.3931429386138916,2.3909966945648193,2.3931355476379395,2.389315605163574,2.3910059928894043,2.38975191116333,2.386669874191284,2.383728265762329,2.3837718963623047,2.3804781436920166,2.394097089767456,2.388753652572632,2.384446859359741,2.38655424118042,2.3900208473205566,2.3854968547821045,2.3843791484832764,2.3858790397644043,2.3878636360168457,2.384481906890869,2.3845980167388916,2.384228229522705,2.383864641189575,2.3822038173675537,2.3811721801757812,2.3867876529693604,2.3854715824127197,2.3845937252044678,2.386601209640503,2.38747501373291,2.3905956745147705,2.390902042388916
