Epoch, 14
Random seed, 0, forward time, 29.80491542816162, inference time, 70.47983503341675, qp time, 0, backward_time, 50.57605814933777
forward time,0,0,2.130100727081299,2.124992609024048,2.12701153755188,2.1293716430664062,2.1272261142730713,2.128857374191284,2.131643772125244,2.128451347351074,2.1290788650512695,2.122572183609009,2.1325604915618896,2.137155294418335,2.1287710666656494,2.127122402191162
inference time,0,0,5.715172529220581,4.901289939880371,4.950814485549927,5.0136027336120605,4.914438486099243,4.978910207748413,4.948977470397949,4.988280773162842,4.9778594970703125,5.002019166946411,4.9672863483428955,5.0577232837677,4.96683931350708,5.096620798110962
qp time,0,0,0,0,0,0,0,0,0,0,0,0,0,0,0,0
backward time,0,0,3.6172547340393066,3.6123480796813965,3.6085269451141357,3.6083154678344727,3.6127500534057617,3.6088032722473145,3.626399517059326,3.6111841201782227,3.616410255432129,3.6119496822357178,3.6080262660980225,3.6168527603149414,3.610567808151245,3.6066691875457764
