Epoch, 12
Random seed, 0, forward time, 12.808616399765015, inference time, 42.051573514938354, qp time, 0, backward_time, 22.644685745239258
forward time,0,0,1.0570435523986816,1.0620789527893066,1.0659921169281006,1.0635111331939697,1.063826084136963,1.0611255168914795,1.0653634071350098,1.0586159229278564,1.0643274784088135,1.0606560707092285,1.1157417297363281,1.0703344345092773
inference time,0,0,3.487213373184204,3.452328681945801,3.462460517883301,3.483069658279419,3.479170799255371,3.4770431518554688,3.4988858699798584,3.5773093700408936,3.5119788646698,3.498319149017334,3.595782518386841,3.5280115604400635
qp time,0,0,0,0,0,0,0,0,0,0,0,0,0,0
backward time,0,0,1.881462574005127,1.8819739818572998,1.891289472579956,1.8845393657684326,1.8853578567504883,1.8813409805297852,1.8884921073913574,1.8833293914794922,1.8886685371398926,1.8859364986419678,1.9022259712219238,1.8900690078735352
