Epoch, 21
Random seed, 0, forward time, 140.88023281097412, inference time, 314.0957109928131, qp time, 0, backward_time, 176.76597142219543
forward time,0,0,6.692501783370972,6.687907457351685,6.697252035140991,6.696179151535034,6.688584089279175,6.686040878295898,6.696413516998291,6.698813199996948,6.7058539390563965,6.703976154327393,6.701313734054565,6.730088710784912,6.739289999008179,6.738657712936401,6.735477924346924,6.733562231063843,6.732727766036987,6.7302937507629395,6.730883359909058,6.6737823486328125,6.680633068084717
inference time,0,0,14.855897426605225,12.486586093902588,13.003451824188232,13.227506637573242,13.260893106460571,13.76333236694336,14.210994720458984,14.838196754455566,15.143466472625732,15.396235942840576,15.53863000869751,15.593443393707275,15.76169490814209,15.746010541915894,15.76806378364563,15.946462631225586,15.820666313171387,16.053871154785156,15.98554801940918,15.809325695037842,15.885433197021484
qp time,0,0,0,0,0,0,0,0,0,0,0,0,0,0,0,0,0,0,0,0,0,0,0
backward time,0,0,8.43316102027893,8.406748533248901,8.406734228134155,8.412682056427002,8.407636404037476,8.410433769226074,8.408448934555054,8.404638051986694,8.415103197097778,8.412323951721191,8.41682767868042,8.425066947937012,8.43082046508789,8.432817935943604,8.430616855621338,8.429614067077637,8.424896001815796,8.420861959457397,8.444769382476807,8.389829158782959,8.401940822601318
