Epoch, 25
Random seed, 0, forward time, 1007.8008086681366, inference time, 2137.286968946457, qp time, 0, backward_time, 1245.1572053432465
forward time,0,0,40.501911878585815,40.487364053726196,40.43859553337097,40.35216403007507,40.34526014328003,40.42805624008179,40.4609591960907,40.34766602516174,40.32417416572571,40.48591327667236,40.411699533462524,40.36036419868469,40.352845668792725,40.374661922454834,40.37001061439514,40.35045886039734,40.432377576828,40.32985281944275,40.35525560379028,40.24276351928711,40.220744371414185,40.18042802810669,40.09883642196655,40.15248489379883,39.395960092544556
inference time,0,0,77.02236843109131,76.53595781326294,79.73086380958557,81.08521819114685,82.30445766448975,83.25301861763,83.38366866111755,83.65057134628296,84.52807998657227,85.15611267089844,85.42414236068726,85.7876353263855,85.78697609901428,86.32060861587524,87.04016971588135,87.09559082984924,87.78708100318909,88.49426651000977,88.66458082199097,89.1858651638031,89.39477276802063,89.47828936576843,90.16011023521423,90.24680256843567,89.76976037025452
qp time,0,0,0,0,0,0,0,0,0,0,0,0,0,0,0,0,0,0,0,0,0,0,0,0,0,0,0
backward time,0,0,50.00156593322754,49.981926918029785,49.886967420578,49.757091999053955,49.764596700668335,49.91990661621094,49.97430729866028,49.809919595718384,49.78958201408386,49.916959047317505,49.942179679870605,49.913883686065674,49.88088631629944,49.94590926170349,49.95704698562622,49.88660001754761,49.94369626045227,49.83365774154663,49.854422092437744,49.81228280067444,49.79390287399292,49.749919414520264,49.63659715652466,49.688262939453125,48.51513457298279
