Epoch, 32
Random seed, 0, forward time, 46.10412120819092, inference time, 133.79060626029968, qp time, 0, backward_time, 81.10117816925049
forward time,0,0,1.4404478073120117,1.4369337558746338,1.4379191398620605,1.4358878135681152,1.4370043277740479,1.439291000366211,1.4565081596374512,1.4484457969665527,1.4386086463928223,1.4367039203643799,1.4510865211486816,1.4435276985168457,1.4404172897338867,1.4390430450439453,1.437432050704956,1.4386301040649414,1.437974214553833,1.4370222091674805,1.4372498989105225,1.4380087852478027,1.4365100860595703,1.4373078346252441,1.4392714500427246,1.439262866973877,1.440201759338379,1.442323923110962,1.4428279399871826,1.4427671432495117,1.4425642490386963,1.445138692855835,1.444394588470459,1.443408489227295
inference time,0,0,4.136005878448486,4.123203992843628,4.0658252239227295,4.072458028793335,4.124044179916382,4.0761559009552,4.20234489440918,4.04770827293396,4.101094007492065,4.168804168701172,4.0950281620025635,4.060908317565918,4.075484037399292,4.104556083679199,4.072822093963623,4.106462240219116,4.143646478652954,3.9557642936706543,3.9409408569335938,3.9477474689483643,3.9635815620422363,4.010545015335083,4.070080280303955,4.097948312759399,4.205106019973755,4.341125011444092,4.4017333984375,4.4266767501831055,4.5309672355651855,4.637643337249756,4.723140478134155,4.761054277420044
qp time,0,0,0,0,0,0,0,0,0,0,0,0,0,0,0,0,0,0,0,0,0,0,0,0,0,0,0,0,0,0,0,0,0,0
backward time,0,0,2.534193754196167,2.5306832790374756,2.5307095050811768,2.525144577026367,2.52927565574646,2.533940076828003,2.5642738342285156,2.5448153018951416,2.531374931335449,2.5327277183532715,2.529202699661255,2.5264081954956055,2.5288727283477783,2.5301032066345215,2.528317928314209,2.5293304920196533,2.527738094329834,2.523739814758301,2.5277915000915527,2.5271716117858887,2.529151201248169,2.527937889099121,2.531946897506714,2.5317165851593018,2.537343740463257,2.540363311767578,2.5401337146759033,2.5415518283843994,2.5435500144958496,2.544480323791504,2.545840263366699,2.551347494125366
