Epoch, 33
Random seed, 0, forward time, 47.336835622787476, inference time, 137.20064401626587, qp time, 0, backward_time, 82.71759986877441
forward time,0,0,1.4359047412872314,1.4341557025909424,1.4348974227905273,1.436729907989502,1.4325168132781982,1.4366161823272705,1.4346637725830078,1.4336190223693848,1.4361882209777832,1.4359922409057617,1.4409587383270264,1.440694808959961,1.435204267501831,1.4374980926513672,1.43035888671875,1.4352335929870605,1.4325873851776123,1.4342961311340332,1.433483362197876,1.4298830032348633,1.43345308303833,1.4342067241668701,1.4345903396606445,1.431208610534668,1.432488203048706,1.4344375133514404,1.4337067604064941,1.4350509643554688,1.4340839385986328,1.4302704334259033,1.4333384037017822,1.4337265491485596,1.4347918033599854
inference time,0,0,4.839382171630859,4.530969858169556,4.055570363998413,4.074415445327759,4.110152006149292,4.050916433334351,4.119135856628418,4.074668645858765,4.098689794540405,4.06573224067688,4.1332433223724365,4.13425612449646,4.122696399688721,4.132291316986084,4.084738731384277,4.147923231124878,4.06531286239624,4.085942268371582,4.055969476699829,4.122669219970703,4.1706037521362305,4.107590913772583,4.088079214096069,4.12608003616333,4.070613384246826,4.188887119293213,4.18414568901062,4.191805839538574,4.153765916824341,4.184131145477295,4.1836090087890625,4.271049737930298,4.1756064891815186
qp time,0,0,0,0,0,0,0,0,0,0,0,0,0,0,0,0,0,0,0,0,0,0,0,0,0,0,0,0,0,0,0,0,0,0,0
backward time,0,0,2.52156400680542,2.510056495666504,2.5031039714813232,2.5035452842712402,2.5030856132507324,2.5008153915405273,2.503934621810913,2.5020077228546143,2.504503011703491,2.5034754276275635,2.5055336952209473,2.504166841506958,2.504993438720703,2.5086727142333984,2.5021183490753174,2.5064170360565186,2.5067059993743896,2.5042264461517334,2.5075197219848633,2.5047659873962402,2.5094661712646484,2.505582332611084,2.5055758953094482,2.503565549850464,2.5039117336273193,2.5080158710479736,2.5090208053588867,2.508436918258667,2.5086400508880615,2.5077595710754395,2.510690689086914,2.5129356384277344,2.512786865234375
