Epoch, 13
Random seed, 0, forward time, 27.64061975479126, inference time, 65.21790194511414, qp time, 0, backward_time, 46.769758224487305
forward time,0,0,2.1191792488098145,2.115999221801758,2.1208677291870117,2.118129014968872,2.1175730228424072,2.119645833969116,2.121255874633789,2.1309220790863037,2.150648832321167,2.1205313205718994,2.1252083778381348,2.138643741607666,2.1420154571533203
inference time,0,0,5.513724327087402,4.878824710845947,4.926803827285767,5.006824493408203,4.928690433502197,4.97332763671875,4.999546527862549,4.964509725570679,5.064332723617554,5.00286340713501,4.9342944622039795,5.022557497024536,5.0016021728515625
qp time,0,0,0,0,0,0,0,0,0,0,0,0,0,0,0
backward time,0,0,3.5929598808288574,3.5863678455352783,3.5886058807373047,3.587512254714966,3.5867507457733154,3.584153175354004,3.5853657722473145,3.6038334369659424,3.6382431983947754,3.591768741607666,3.597541093826294,3.6070728302001953,3.6195833683013916
