Epoch, 18
Random seed, 0, forward time, 1275.4151799678802, inference time, 2602.0472781658173, qp time, 0, backward_time, 1644.6893000602722
forward time,0,0,70.7619104385376,70.72927784919739,70.63137149810791,70.52091789245605,70.6469578742981,70.63806700706482,70.6742045879364,70.63395023345947,70.41868329048157,69.70026230812073,69.65976810455322,69.40230059623718,69.34851408004761,72.37402820587158,72.3868498802185,72.29667329788208,72.27782940864563,72.3136134147644
inference time,0,0,127.69343996047974,129.59865832328796,131.45545268058777,133.07956337928772,136.286146402359,137.3287124633789,137.24899244308472,138.94313764572144,139.907790184021,141.10165739059448,142.18415546417236,142.49745965003967,145.5530936717987,157.83632373809814,163.55463552474976,164.96286916732788,166.3342764377594,166.4809136390686
qp time,0,0,0,0,0,0,0,0,0,0,0,0,0,0,0,0,0,0,0,0
backward time,0,0,90.88093709945679,90.90475177764893,90.86705660820007,90.76222586631775,91.00616502761841,91.04759669303894,91.09078741073608,91.08296251296997,90.71920251846313,89.23695993423462,89.18083190917969,88.56950783729553,88.44826221466064,93.98839902877808,94.33536028862,94.23771405220032,94.15143489837646,94.1791443824768
