Epoch, 17
Random seed, 0, forward time, 59.36288022994995, inference time, 145.0567171573639, qp time, 0, backward_time, 75.26128339767456
forward time,0,0,3.5122323036193848,3.47041916847229,3.491973400115967,3.506852149963379,3.474811315536499,3.492386817932129,3.4982264041900635,3.478281021118164,3.491541862487793,3.511645793914795,3.4807839393615723,3.486769199371338,3.49135684967041,3.4756627082824707,3.4968416690826416,3.5133118629455566,3.489783763885498
inference time,0,0,10.07296872138977,7.402655601501465,7.419002294540405,7.672638177871704,7.624305248260498,7.83848762512207,8.057944297790527,8.231394052505493,8.33700704574585,8.731552362442017,8.743192434310913,8.897526502609253,9.142074823379517,9.050325155258179,9.12813663482666,9.365358591079712,9.342147588729858
qp time,0,0,0,0,0,0,0,0,0,0,0,0,0,0,0,0,0,0,0
backward time,0,0,4.464738130569458,4.394752502441406,4.432252407073975,4.445132255554199,4.403080463409424,4.4290807247161865,4.4351232051849365,4.41083550453186,4.425302982330322,4.446012258529663,4.40497612953186,4.414297819137573,4.428781509399414,4.404669761657715,4.430938720703125,4.46112322807312,4.430185794830322
