Epoch, 20
Random seed, 0, forward time, 48.839399099349976, inference time, 136.2436969280243, qp time, 0, backward_time, 64.57968735694885
forward time,0,0,2.4549858570098877,2.457033634185791,2.45462703704834,2.4587106704711914,2.447544574737549,2.439293146133423,2.448777437210083,2.4476613998413086,2.448584794998169,2.451251745223999,2.4508142471313477,2.4568252563476562,2.451472759246826,2.4516966342926025,2.4355509281158447,2.4138407707214355,2.418227195739746,2.4161579608917236,2.420987367630005,2.415355682373047
inference time,0,0,7.987648010253906,6.071793794631958,6.197772264480591,6.2121422290802,6.093656301498413,6.1136908531188965,6.105888605117798,6.29549503326416,6.4749932289123535,6.537935733795166,6.644072771072388,6.792686223983765,7.030107259750366,7.1210620403289795,7.259267568588257,7.353893280029297,7.2633957862854,7.514292478561401,7.554808855056763,7.619094610214233
qp time,0,0,0,0,0,0,0,0,0,0,0,0,0,0,0,0,0,0,0,0,0,0
backward time,0,0,3.249886989593506,3.246004581451416,3.2458717823028564,3.246706008911133,3.2358102798461914,3.2263755798339844,3.232534885406494,3.2305619716644287,3.233564615249634,3.2379982471466064,3.234006404876709,3.2398340702056885,3.236811637878418,3.2304930686950684,3.2156755924224854,3.2016382217407227,3.208869695663452,3.208991289138794,3.209833860397339,3.208218574523926
