Epoch, 29
Random seed, 0, forward time, 1223.709820508957, inference time, 2559.484785795212, qp time, 0, backward_time, 1537.3374841213226
forward time,0,0,42.349499464035034,42.34630608558655,42.389583587646484,42.40577745437622,42.39117431640625,42.36155891418457,42.350053548812866,42.34209084510803,42.324307918548584,42.423126220703125,42.34632158279419,42.332637548446655,42.31631827354431,42.36587929725647,42.299867391586304,42.288721323013306,42.29545021057129,42.31113529205322,42.284401178359985,42.28027701377869,42.29395794868469,42.3178768157959,42.31416606903076,42.3329598903656,42.30112886428833,42.2864203453064,42.326104164123535,41.029433488845825,39.703285455703735
inference time,0,0,77.88795566558838,78.3854923248291,80.3917076587677,81.71750497817993,83.52101826667786,84.15003561973572,84.59766387939453,85.4202733039856,85.80177283287048,86.33060431480408,87.1291069984436,88.0493049621582,88.34397077560425,88.75716781616211,89.3426878452301,89.38259029388428,89.81222176551819,90.30724453926086,90.60472917556763,90.82686424255371,92.1139645576477,92.11204719543457,92.99965143203735,93.44416642189026,93.71098589897156,93.5910975933075,95.0912697315216,93.34026193618774,92.32142376899719
qp time,0,0,0,0,0,0,0,0,0,0,0,0,0,0,0,0,0,0,0,0,0,0,0,0,0,0,0,0,0,0,0
backward time,0,0,53.25940179824829,53.17090153694153,53.19384789466858,53.20649576187134,53.19168496131897,53.144055128097534,53.13553762435913,53.17708349227905,53.168532609939575,53.21703362464905,53.27071809768677,53.28316116333008,53.21337080001831,53.2458872795105,53.23017072677612,53.205713510513306,53.219414710998535,53.175461769104004,53.198668241500854,53.22528386116028,53.25942349433899,53.26257944107056,53.32683849334717,53.31781220436096,53.22577905654907,53.2645845413208,53.320221185684204,51.21765685081482,49.01016426086426
