Epoch, 20
Random seed, 0, forward time, 1030.3453180789948, inference time, 2093.2111485004425, qp time, 0, backward_time, 1282.6877670288086
forward time,0,0,51.76657843589783,51.85569477081299,51.762709856033325,51.66341543197632,51.661694288253784,51.59830904006958,51.762019872665405,51.86615800857544,51.69232773780823,51.746593952178955,51.711536169052124,51.50312781333923,51.48490238189697,51.511940717697144,51.50904726982117,51.46149468421936,50.95899939537048,50.88116192817688,50.97602844238281,50.971577882766724
inference time,0,0,92.45812702178955,96.26385450363159,98.732990026474,100.75333547592163,101.35260105133057,102.2525806427002,103.70979475975037,104.65782809257507,105.19738149642944,105.96174502372742,106.26861047744751,106.85775947570801,107.95097327232361,107.88716197013855,109.12152552604675,108.52303814888,108.04795479774475,108.07318568229675,109.46907019615173,109.671630859375
qp time,0,0,0,0,0,0,0,0,0,0,0,0,0,0,0,0,0,0,0,0,0,0
backward time,0,0,64.45182728767395,64.59920740127563,64.45098733901978,64.2784366607666,64.3299012184143,64.21635913848877,64.57613825798035,64.70381712913513,64.4925057888031,64.57439184188843,64.58504557609558,64.20837569236755,64.23216938972473,64.23245000839233,64.276047706604,64.18196296691895,63.06920385360718,62.98381280899048,63.153932094573975,63.09119486808777
