Epoch, 16
Random seed, 0, forward time, 21.986802339553833, inference time, 79.10698914527893, qp time, 0, backward_time, 31.253044605255127
forward time,0,0,1.3776581287384033,1.3762996196746826,1.3739385604858398,1.3749558925628662,1.373488187789917,1.379749059677124,1.3796489238739014,1.3800480365753174,1.3742988109588623,1.376319408416748,1.3758137226104736,1.379406452178955,1.378699541091919,1.3665354251861572,1.361325740814209,1.358616828918457
inference time,0,0,5.844517469406128,4.6637122631073,5.048253774642944,4.892016887664795,4.680105686187744,4.592725992202759,4.742844104766846,4.729002475738525,4.676876544952393,4.756692409515381,4.774844408035278,5.017979860305786,5.08363676071167,5.1466450691223145,5.228250503540039,5.228884935379028
qp time,0,0,0,0,0,0,0,0,0,0,0,0,0,0,0,0,0,0
backward time,0,0,1.958214282989502,1.957688331604004,1.9547255039215088,1.9563322067260742,1.95491361618042,1.9576737880706787,1.957014799118042,1.9577794075012207,1.9574720859527588,1.9558613300323486,1.95320463180542,1.9540810585021973,1.9540305137634277,1.9455406665802002,1.9396846294403076,1.9388277530670166
