Epoch, 12
Random seed, 0, forward time, 19.670740604400635, inference time, 69.48066544532776, qp time, 0, backward_time, 27.0069317817688
forward time,0,0,1.6622121334075928,1.6623713970184326,1.6646811962127686,1.6526062488555908,1.6268036365509033,1.6263625621795654,1.6311254501342773,1.6306862831115723,1.6255059242248535,1.6271026134490967,1.629216194152832,1.6320669651031494
inference time,0,0,6.7039713859558105,5.305107593536377,5.3858866691589355,5.381160259246826,5.431458473205566,5.581556081771851,5.755945682525635,5.851550102233887,5.879264831542969,6.0019190311431885,6.055629014968872,6.147216320037842
qp time,0,0,0,0,0,0,0,0,0,0,0,0,0,0
backward time,0,0,2.291414499282837,2.277040958404541,2.2886691093444824,2.2776174545288086,2.233819007873535,2.228628396987915,2.239168167114258,2.2399070262908936,2.229769468307495,2.2365245819091797,2.2341508865356445,2.230222225189209
