Epoch, 23
Random seed, 0, forward time, 1193.1260437965393, inference time, 2464.5258269309998, qp time, 0, backward_time, 1484.2703325748444
forward time,0,0,52.156495332717896,52.20341515541077,52.161545753479004,52.05962777137756,52.066696643829346,52.02582812309265,52.21166753768921,52.2548291683197,52.15360236167908,52.27218675613403,52.13196516036987,51.927963733673096,51.91865921020508,51.92873406410217,51.96626830101013,51.90842413902283,51.369709968566895,51.313533782958984,51.4342155456543,51.38342833518982,51.33524131774902,51.44359731674194,51.49840831756592
inference time,0,0,95.96382117271423,97.58105540275574,100.36033773422241,101.00367283821106,101.8857204914093,103.11970710754395,105.28499245643616,106.29669880867004,106.00377035140991,107.3042209148407,107.59161424636841,107.09323072433472,108.47663283348083,109.64424204826355,110.2307391166687,110.547194480896,109.6781919002533,110.5363461971283,110.83908891677856,112.29553413391113,114.03107905387878,114.17199516296387,114.58594083786011
qp time,0,0,0,0,0,0,0,0,0,0,0,0,0,0,0,0,0,0,0,0,0,0,0,0,0
backward time,0,0,64.96230864524841,65.0782241821289,64.95138883590698,64.83642768859863,64.7729742527008,64.75415539741516,65.0829930305481,65.23352980613708,65.02827382087708,65.11658978462219,65.09155464172363,64.74347424507141,64.74072527885437,64.73430132865906,64.77923393249512,64.66357970237732,63.59942412376404,63.50169396400452,63.6650550365448,63.65255618095398,63.559685945510864,63.846420764923096,63.87576198577881
