Epoch, 12
Random seed, 0, forward time, 28.853222370147705, inference time, 79.65184330940247, qp time, 0, backward_time, 38.814571380615234
forward time,0,0,2.4101638793945312,2.4095981121063232,2.411759614944458,2.4091246128082275,2.4037487506866455,2.392526388168335,2.4004111289978027,2.3974123001098633,2.3986456394195557,2.4032933712005615,2.4029877185821533,2.413550853729248
inference time,0,0,7.724446058273315,6.124219179153442,6.228228807449341,6.24595308303833,6.2190210819244385,6.342098712921143,6.474043369293213,6.583904266357422,6.747507333755493,6.825201988220215,7.027015447616577,7.110203981399536
qp time,0,0,0,0,0,0,0,0,0,0,0,0,0,0
backward time,0,0,3.247343063354492,3.243664503097534,3.240995407104492,3.2409780025482178,3.233595609664917,3.2231435775756836,3.225249767303467,3.225008487701416,3.2292263507843018,3.2332088947296143,3.2342636585235596,3.237894058227539
