Epoch, 19
Random seed, 0, forward time, 33.468689918518066, inference time, 116.33674454689026, qp time, 0, backward_time, 46.50208282470703
forward time,0,0,1.7414376735687256,1.7384490966796875,1.742218255996704,1.742021083831787,1.7417020797729492,1.744297742843628,1.7458088397979736,1.7538273334503174,1.7532925605773926,1.7544589042663574,1.800356388092041,1.7525672912597656,1.7527666091918945,1.7499780654907227,1.7791779041290283,1.7994964122772217,1.7986066341400146,1.8055369853973389,1.7726900577545166
inference time,0,0,6.551710367202759,5.345531940460205,5.368157625198364,5.463302135467529,5.519200801849365,5.675590753555298,5.712984800338745,5.86843466758728,5.946957111358643,6.169682502746582,6.293537378311157,6.267287015914917,6.307577133178711,6.397414207458496,6.6217522621154785,6.612562656402588,6.67417049407959,6.762954473495483,6.777936220169067
qp time,0,0,0,0,0,0,0,0,0,0,0,0,0,0,0,0,0,0,0,0,0
backward time,0,0,2.4306678771972656,2.426783800125122,2.4275882244110107,2.4258272647857666,2.4268884658813477,2.4301700592041016,2.432927131652832,2.4405317306518555,2.436997652053833,2.4412851333618164,2.4473536014556885,2.4398293495178223,2.4398562908172607,2.439300775527954,2.469529151916504,2.490246295928955,2.4918012619018555,2.498887300491333,2.465611457824707
