Epoch, 24
Random seed, 0, forward time, 997.0992650985718, inference time, 2089.061729669571, qp time, 0, backward_time, 1240.4331212043762
forward time,0,0,41.66744017601013,41.618011713027954,41.63278388977051,41.640140533447266,41.7261118888855,41.618727684020996,41.676735639572144,41.70383286476135,41.64392423629761,41.497661113739014,41.53692269325256,41.67977833747864,41.65163969993591,41.57346034049988,41.59031271934509,41.55396485328674,41.47376084327698,41.32232689857483,41.3136248588562,41.3486545085907,41.28075051307678,41.43251013755798,41.59114456176758,41.32504439353943
inference time,0,0,77.22893905639648,76.88958430290222,80.63628697395325,82.92802476882935,83.91580724716187,85.00302505493164,85.75328946113586,86.64033794403076,86.79673767089844,86.87915062904358,87.4439582824707,88.5406847000122,88.68767523765564,88.98379611968994,89.07305216789246,89.41019630432129,89.77783274650574,89.48713898658752,90.25076580047607,90.86913847923279,90.27217936515808,91.22333860397339,91.45759677886963,90.91319298744202
qp time,0,0,0,0,0,0,0,0,0,0,0,0,0,0,0,0,0,0,0,0,0,0,0,0,0,0
backward time,0,0,51.832337617874146,51.682467222213745,51.74627375602722,51.67759871482849,51.876808404922485,51.69179892539978,51.808809757232666,51.88458585739136,51.775038719177246,51.55309867858887,51.661736488342285,51.94624352455139,51.913814306259155,51.75486874580383,51.793984174728394,51.68416786193848,51.60743260383606,51.29024958610535,51.36613607406616,51.480315923690796,51.36359715461731,51.67680478096008,51.89341473579407,51.471537590026855
