Epoch, 20
Random seed, 0, forward time, 134.83446764945984, inference time, 290.075181722641, qp time, 0, backward_time, 169.26358580589294
forward time,0,0,6.724961519241333,6.727138042449951,6.745146751403809,6.714914321899414,6.718448877334595,6.7287983894348145,6.709094047546387,6.746766805648804,6.735475063323975,6.742632627487183,6.731277942657471,6.787690877914429,6.765164613723755,6.771945953369141,6.7688093185424805,6.755109786987305,6.769362211227417,6.7581281661987305,6.733291387557983,6.700310945510864
inference time,0,0,14.473528861999512,12.123899936676025,12.518652200698853,12.561957120895386,13.047364950180054,13.335240840911865,13.440423965454102,14.050132036209106,14.484567403793335,14.481552839279175,14.845500469207764,15.206605672836304,15.256590127944946,15.510000228881836,15.640900373458862,15.692002058029175,15.8729829788208,15.954471588134766,15.780209302902222,15.798598766326904
qp time,0,0,0,0,0,0,0,0,0,0,0,0,0,0,0,0,0,0,0,0,0,0
backward time,0,0,8.495504379272461,8.454346895217896,8.467382907867432,8.437616348266602,8.445268630981445,8.451512336730957,8.442617177963257,8.458927392959595,8.456417798995972,8.460176706314087,8.442504405975342,8.478256940841675,8.480628967285156,8.478391647338867,8.485586643218994,8.47847604751587,8.483421325683594,8.466645002365112,8.461101293563843,8.43880295753479
