Epoch, 17
Random seed, 0, forward time, 24.925902605056763, inference time, 89.53818416595459, qp time, 0, backward_time, 35.953245639801025
forward time,0,0,1.4680838584899902,1.4648528099060059,1.466597080230713,1.4680430889129639,1.4670755863189697,1.4661273956298828,1.4640259742736816,1.4633774757385254,1.4670584201812744,1.4652049541473389,1.4685518741607666,1.4725031852722168,1.4648923873901367,1.4630308151245117,1.4663193225860596,1.4644460678100586,1.465712308883667
inference time,0,0,6.264481544494629,5.640939950942993,5.372472047805786,5.178122043609619,5.040138483047485,5.390143394470215,4.906926393508911,4.815830707550049,4.848678112030029,4.888444185256958,5.058960914611816,5.136507034301758,5.2955663204193115,5.310181379318237,5.361562013626099,5.484795331954956,5.544434309005737
qp time,0,0,0,0,0,0,0,0,0,0,0,0,0,0,0,0,0,0,0
backward time,0,0,2.1745808124542236,2.113783597946167,2.111053705215454,2.1120967864990234,2.1093602180480957,2.112738847732544,2.108036756515503,2.1087863445281982,2.1096434593200684,2.10660982131958,2.1116421222686768,2.1119611263275146,2.1124634742736816,2.112217903137207,2.112035036087036,2.1120030879974365,2.1142325401306152
