Epoch, 27
Random seed, 0, forward time, 42.91229581832886, inference time, 121.82446146011353, qp time, 0, backward_time, 73.46046662330627
forward time,0,0,1.5475175380706787,1.5484850406646729,1.5511071681976318,1.532668113708496,1.6351854801177979,1.6400878429412842,1.636634349822998,1.5635833740234375,1.532390832901001,1.5384454727172852,1.597902774810791,1.5417416095733643,1.5383436679840088,1.5399954319000244,1.5368635654449463,1.5409302711486816,1.5392444133758545,1.5570037364959717,1.6440980434417725,1.6456983089447021,1.645275592803955,1.6427867412567139,1.6434671878814697,1.6446378231048584,1.643258810043335,1.6416149139404297,1.6433277130126953
inference time,0,0,5.096297264099121,4.407820701599121,4.332544803619385,4.212776184082031,4.607075214385986,4.575235843658447,4.582110166549683,4.366064071655273,4.283775568008423,4.340878248214722,4.424069404602051,4.265793323516846,4.230009317398071,4.267561435699463,4.2641143798828125,4.175611257553101,4.160784721374512,4.2237701416015625,4.596324443817139,4.6145501136779785,4.665903568267822,4.699925899505615,4.7676355838775635,4.818086385726929,4.865299224853516,4.923930406570435,5.056513786315918
qp time,0,0,0,0,0,0,0,0,0,0,0,0,0,0,0,0,0,0,0,0,0,0,0,0,0,0,0,0,0
backward time,0,0,2.6994543075561523,2.656071901321411,2.6605336666107178,2.635849952697754,2.792530059814453,2.802896738052368,2.797640562057495,2.684921979904175,2.6374006271362305,2.6411027908325195,2.660421133041382,2.65189266204834,2.6446614265441895,2.6436188220977783,2.6432156562805176,2.6458895206451416,2.6469781398773193,2.6741843223571777,2.801302909851074,2.804814577102661,2.8110880851745605,2.8011698722839355,2.7987372875213623,2.79941987991333,2.8018476963043213,2.811018228530884,2.8118038177490234
