Epoch, 24
Random seed, 0, forward time, 126.21002101898193, inference time, 278.95626878738403, qp time, 0, backward_time, 156.76889562606812
forward time,0,0,5.27214789390564,5.2579522132873535,5.247599124908447,5.241972923278809,5.239183664321899,5.24888014793396,5.242389678955078,5.242617130279541,5.261409282684326,5.255497932434082,5.315841197967529,5.269675016403198,5.263467311859131,5.255365371704102,5.268386125564575,5.255560398101807,5.287111520767212,5.2441627979278564,5.2501208782196045,5.2444000244140625,5.257282733917236,5.25864839553833,5.2687225341796875,5.261626720428467
inference time,0,0,11.419827938079834,9.669457197189331,9.601906299591064,9.876136779785156,10.028655052185059,10.564199209213257,10.666425228118896,10.875949382781982,11.10512399673462,11.159355640411377,11.653207540512085,11.610270023345947,11.962052583694458,11.965616464614868,12.310721397399902,12.379968881607056,12.527507066726685,12.614863872528076,12.724979639053345,12.67806339263916,12.737604141235352,12.860018253326416,12.969133377075195,12.995225429534912
qp time,0,0,0,0,0,0,0,0,0,0,0,0,0,0,0,0,0,0,0,0,0,0,0,0,0,0
backward time,0,0,6.598247528076172,6.536927700042725,6.513536214828491,6.504710674285889,6.496262311935425,6.51965856552124,6.497976779937744,6.511704206466675,6.539568185806274,6.521212100982666,6.545903444290161,6.551216125488281,6.543640375137329,6.529646158218384,6.5391576290130615,6.531506061553955,6.566090822219849,6.520550012588501,6.530088901519775,6.512958288192749,6.525571823120117,6.5426185131073,6.549841642379761,6.540301561355591
