Epoch, 35
Random seed, 0, forward time, 38.131263971328735, inference time, 130.45523047447205, qp time, 0, backward_time, 68.45222544670105
forward time,0,0,1.0831995010375977,1.0771985054016113,1.0767393112182617,1.0823960304260254,1.0666587352752686,1.0764837265014648,1.0735116004943848,1.0844476222991943,1.0799202919006348,1.0768074989318848,1.1304867267608643,1.0640506744384766,1.069655418395996,1.0818874835968018,1.081488847732544,1.080474615097046,1.0790681838989258,1.0798563957214355,1.081010341644287,1.0631558895111084,1.0711793899536133,1.0747895240783691,1.0833795070648193,1.0861454010009766,1.0808837413787842,1.0941801071166992,1.0903804302215576,1.1009321212768555,1.1269614696502686,1.12660551071167,1.1216106414794922,1.1265246868133545,1.1216261386871338,1.1380932331085205,1.0994746685028076
inference time,0,0,3.621710777282715,3.5927677154541016,3.6596646308898926,3.6334080696105957,3.540604829788208,3.607480764389038,3.5877749919891357,3.7210049629211426,3.608968734741211,3.6863036155700684,3.691419839859009,3.540788173675537,3.5658838748931885,3.6360886096954346,3.615816116333008,3.6821813583374023,3.6682071685791016,3.619598865509033,3.6470882892608643,3.5974555015563965,3.641245126724243,3.6517927646636963,3.6244304180145264,3.657304525375366,3.6749818325042725,3.758923053741455,3.7999660968780518,3.838942766189575,3.9646527767181396,3.982403516769409,4.000073671340942,4.075169563293457,4.09852409362793,4.0854620933532715,4.077141284942627
qp time,0,0,0,0,0,0,0,0,0,0,0,0,0,0,0,0,0,0,0,0,0,0,0,0,0,0,0,0,0,0,0,0,0,0,0,0,0
backward time,0,0,1.9714276790618896,1.936464786529541,1.9357759952545166,1.9449491500854492,1.9216887950897217,1.9359586238861084,1.935716152191162,1.9441416263580322,1.9383900165557861,1.9394152164459229,1.9558770656585693,1.9129085540771484,1.9216434955596924,1.9406111240386963,1.9419171810150146,1.9446496963500977,1.942716360092163,1.9390008449554443,1.942579746246338,1.916285514831543,1.9318037033081055,1.9359931945800781,1.9487810134887695,1.9497268199920654,1.9457075595855713,1.9642233848571777,1.966303825378418,1.9810669422149658,2.0234010219573975,2.0267999172210693,2.0163817405700684,2.0206267833709717,2.0152764320373535,1.9797663688659668,1.9842491149902344
