Epoch, 16
Random seed, 0, forward time, 1119.4687473773956, inference time, 1661.90097117424, qp time, 0, backward_time, 1839.6056056022644
forward time,0,0,70.73106002807617,69.90619826316833,69.8822033405304,69.83536219596863,69.71306896209717,69.72850489616394,69.67892956733704,69.97040319442749,69.89360117912292,69.70631551742554,69.50264739990234,70.62005114555359,70.61640501022339,69.88361048698425,69.94058108329773,69.8598051071167
inference time,0,0,133.23995685577393,104.65190196037292,99.74483919143677,99.67466354370117,98.73353958129883,99.91781234741211,100.66428065299988,101.60098385810852,101.37361431121826,101.3290913105011,101.57838702201843,101.06300663948059,103.32998466491699,104.15956044197083,105.09066891670227,105.74867987632751
qp time,0,0,0,0,0,0,0,0,0,0,0,0,0,0,0,0,0,0
backward time,0,0,116.33056688308716,114.46389150619507,114.3829698562622,114.20232152938843,114.00418639183044,114.1010332107544,113.96185803413391,114.77293872833252,114.64543724060059,114.07459306716919,113.58578586578369,116.58893609046936,116.51485848426819,115.95166969299316,116.01967024803162,116.00488877296448
