Epoch, 17
Random seed, 0, forward time, 85.75067591667175, inference time, 179.04231429100037, qp time, 0, backward_time, 105.15326809883118
forward time,0,0,5.0414674282073975,5.0345354080200195,5.031960487365723,5.033779859542847,5.028561353683472,5.031324148178101,5.0335235595703125,5.034871816635132,5.035902261734009,5.03082275390625,5.05228066444397,5.053443193435669,5.046732425689697,5.083404302597046,5.093235731124878,5.042836904525757,5.041993618011475
inference time,0,0,11.414630889892578,9.051638841629028,9.02904987335205,9.223861932754517,9.450790405273438,9.669803142547607,9.954376697540283,10.157148838043213,10.458012342453003,10.691109418869019,10.808083772659302,11.13088059425354,11.093172311782837,11.397091627120972,11.79304838180542,11.875471591949463,11.844143629074097
qp time,0,0,0,0,0,0,0,0,0,0,0,0,0,0,0,0,0,0,0
backward time,0,0,6.1811912059783936,6.177147388458252,6.176248550415039,6.165518045425415,6.172543287277222,6.170281887054443,6.173578500747681,6.177955865859985,6.181135177612305,6.17250919342041,6.183768272399902,6.190325975418091,6.189255952835083,6.2233967781066895,6.244359731674194,6.1908040046691895,6.183248281478882
