Epoch, 6
Random seed, 0, forward time, 21.710622549057007, inference time, 75.56411957740784, qp time, 0, backward_time, 30.861014366149902
forward time,0,0,3.543567180633545,3.578812837600708,3.676243543624878,3.6289896965026855,3.6394295692443848,3.6435797214508057
inference time,0,0,11.98522400856018,12.206178188323975,12.552074432373047,12.84407377243042,12.939199209213257,13.037369966506958
qp time,0,0,0,0,0,0,0,0
backward time,0,0,5.036949396133423,5.063951015472412,5.208422660827637,5.16442346572876,5.190073490142822,5.197194337844849
