Epoch, 16
Random seed, 0, forward time, 40.43178415298462, inference time, 133.90750455856323, qp time, 0, backward_time, 61.90957427024841
forward time,0,0,2.4594686031341553,2.482550859451294,2.4876625537872314,2.504821538925171,2.5151138305664062,2.4947686195373535,2.4868314266204834,2.5291919708251953,2.5604467391967773,2.554248332977295,2.556302547454834,2.5579144954681396,2.572864532470703,2.55710506439209,2.5551154613494873,2.557377576828003
inference time,0,0,7.857264757156372,7.973024129867554,7.96356463432312,8.172313213348389,8.202713966369629,8.227204084396362,8.176302671432495,8.434134721755981,8.5466148853302,8.533324241638184,8.585660219192505,8.594761610031128,8.687337398529053,8.621407985687256,8.677873373031616,8.654002666473389
qp time,0,0,0,0,0,0,0,0,0,0,0,0,0,0,0,0,0,0
backward time,0,0,3.762382745742798,3.780526876449585,3.802290916442871,3.8411805629730225,3.84322190284729,3.8132171630859375,3.7983956336975098,3.8801462650299072,3.9236695766448975,3.9264073371887207,3.923100709915161,3.916804313659668,3.9342918395996094,3.9196035861968994,3.9220943450927734,3.9222404956817627
