Epoch, 10
Random seed, 0, forward time, 18.111327648162842, inference time, 55.297893047332764, qp time, 0, backward_time, 29.449050426483154
forward time,0,0,1.7077343463897705,2.109910011291504,1.9492876529693604,1.663517713546753,1.6595258712768555,1.6508328914642334,1.789332389831543,2.0605380535125732,1.8584423065185547,1.6622064113616943
inference time,0,0,5.137466669082642,6.417788505554199,6.007225513458252,5.014080762863159,4.993777751922607,4.981415271759033,5.477355480194092,6.544350862503052,5.740394353866577,4.98403787612915
qp time,0,0,0,0,0,0,0,0,0,0,0,0
backward time,0,0,2.773545026779175,3.448568105697632,3.195481061935425,2.6713449954986572,2.6732659339904785,2.647451639175415,2.9153940677642822,3.432884931564331,3.0303263664245605,2.6607882976531982
