Epoch, 6
Random seed, 0, forward time, 15.412772417068481, inference time, 49.764045000076294, qp time, 0, backward_time, 23.416008234024048
forward time,0,0,2.5593643188476562,2.561492919921875,2.591186285018921,2.579749822616577,2.526914596557617,2.594064474105835
inference time,0,0,8.098162174224854,8.178837299346924,8.254354238510132,8.407591581344604,8.227257251739502,8.597842454910278
qp time,0,0,0,0,0,0,0,0
backward time,0,0,3.8930823802948,3.885622978210449,3.922118902206421,3.906087636947632,3.8473730087280273,3.9617233276367188
