Epoch, 21
Random seed, 0, forward time, 1946.003871679306, inference time, 25095.800835371017, qp time, 0, backward_time, 3033.02858042717
forward time,0,0,93.50696039199829,92.4650366306305,92.55737280845642,92.71110606193542,92.50030660629272,91.9317979812622,92.0047538280487,92.78675937652588,93.01827025413513,91.62652277946472,91.88308358192444,91.98794531822205,91.95250797271729,92.0666995048523,92.4288682937622,92.6805784702301,92.88096618652344,93.21991968154907,93.97371053695679,93.86803460121155,93.95267081260681
inference time,0,0,1067.583228111267,1120.581003665924,1143.842087507248,1173.4778702259064,1181.0433230400085,1140.9575998783112,1127.390790462494,1202.9963314533234,1207.8102159500122,1153.7717897891998,1179.8847432136536,1181.321882724762,1158.0109689235687,1181.5217764377594,1180.399343252182,1220.4097256660461,1256.4056119918823,1263.1501216888428,1314.3689258098602,1308.587209701538,1332.2862858772278
qp time,0,0,0,0,0,0,0,0,0,0,0,0,0,0,0,0,0,0,0,0,0,0,0
backward time,0,0,153.55662488937378,149.6703178882599,146.6267054080963,143.86708331108093,146.42521119117737,145.18308019638062,142.49976563453674,144.9088752269745,144.5703353881836,142.10354447364807,142.21497797966003,143.6231882572174,143.29656457901,142.79117226600647,142.92546343803406,141.40252566337585,143.57721257209778,142.6428098678589,143.65668058395386,143.20444703102112,144.28199458122253
