Epoch, 6
Random seed, 0, forward time, 26.938979625701904, inference time, 897.3317713737488, qp time, 0, backward_time, 52.22096610069275
forward time,0,0,4.450648069381714,4.4219582080841064,4.464969158172607,4.545210361480713,4.522274494171143,4.533919334411621
inference time,0,0,142.40446662902832,144.08876943588257,147.73901271820068,152.15098977088928,154.06534600257874,156.8831868171692
qp time,0,0,0,0,0,0,0,0
backward time,0,0,9.362403392791748,8.454162120819092,8.502186059951782,8.644335746765137,8.612104654312134,8.645774126052856
