Epoch, 6
Random seed, 0, forward time, 27.549285650253296, inference time, 695.9769132137299, qp time, 0, backward_time, 186.4913341999054
forward time,0,0,0,0,0,0,0,27.549285650253296
inference time,0,0,0,0,0,0,0,695.9769132137299
qp time,0,0,0,0,0,0,0,0
backward time,0,0,31.076133966445923,30.92611789703369,30.923739433288574,30.897002696990967,30.917678117752075,31.750662088394165
