Epoch, 24
Random seed, 0, forward time, 2338.741313457489, inference time, 35160.07965159416, qp time, 0, backward_time, 3661.5544517040253
forward time,0,0,97.2359311580658,95.7765748500824,96.02909541130066,95.90678215026855,95.82382845878601,95.90766596794128,96.83371067047119,97.10795211791992,96.82613277435303,96.50122594833374,96.84556007385254,96.94548153877258,97.37219285964966,97.23725032806396,98.59277558326721,98.27500557899475,98.49009346961975,98.62885022163391,97.86703848838806,97.65965366363525,98.44555711746216,98.26166772842407,98.97256255149841,101.1987247467041
inference time,0,0,1114.0197222232819,1213.2190296649933,1269.70259141922,1315.205007314682,1334.8011600971222,1354.2382934093475,1427.3757603168488,1469.1993865966797,1429.776665687561,1461.20441198349,1480.4766762256622,1517.8991706371307,1491.3444151878357,1519.6352035999298,1593.5831849575043,1592.3016903400421,1599.3018445968628,1590.060824394226,1535.0290653705597,1479.9760870933533,1495.4356434345245,1506.787966966629,1597.0183145999908,1772.4875354766846
qp time,0,0,0,0,0,0,0,0,0,0,0,0,0,0,0,0,0,0,0,0,0,0,0,0,0,0
backward time,0,0,156.4948878288269,154.13483929634094,155.46301913261414,154.56593823432922,153.58566427230835,151.56500339508057,153.05830788612366,152.44722175598145,153.2868070602417,153.06504678726196,151.06236386299133,151.52382731437683,151.12717366218567,150.84200263023376,153.51455569267273,151.32744312286377,153.8117322921753,153.50300335884094,151.78809905052185,149.41479992866516,149.0324718952179,150.02210640907288,150.9465618133545,155.97157502174377
