Epoch, 14
Random seed, 0, forward time, 474.3184597492218, inference time, 18850.757540225983, qp time, 0, backward_time, 893.1050655841827
forward time,0,0,34.88082695007324,35.1422233581543,34.216254472732544,34.13952159881592,33.46456551551819,33.41708493232727,33.43731498718262,33.47712779045105,33.47291970252991,33.495075702667236,33.56302738189697,33.73678636550903,33.825807332992554,34.04992365837097
inference time,0,0,1239.4850041866302,1330.2997732162476,1259.4076635837555,1291.6714255809784,1258.4866394996643,1275.0547845363617,1304.1838274002075,1323.1405293941498,1349.2652752399445,1353.9339702129364,1375.5668587684631,1457.032577753067,1487.7626173496246,1545.466593503952
qp time,0,0,0,0,0,0,0,0,0,0,0,0,0,0,0,0
backward time,0,0,66.12011313438416,65.05309295654297,63.71509623527527,63.75303268432617,62.38945436477661,62.485522508621216,62.64356589317322,63.00372123718262,63.23491311073303,63.2763249874115,63.530202865600586,64.1576337814331,64.57793712615967,65.16445469856262
