Epoch, 16
Random seed, 0, forward time, 136.06777429580688, inference time, 1091.9188430309296, qp time, 0, backward_time, 237.48786735534668
forward time,0,0,8.056628227233887,8.036056518554688,8.312142610549927,8.463688611984253,8.572789907455444,8.551377296447754,8.583804845809937,8.5597083568573,8.55131721496582,8.565344095230103,8.602109909057617,8.599462747573853,8.63658094406128,8.653162002563477,8.65451693534851,8.669084072113037
inference time,0,0,61.13542914390564,61.27897644042969,65.74350666999817,67.53732299804688,68.76045250892639,68.56468200683594,69.05157375335693,69.17316198348999,69.30602598190308,69.70512390136719,70.00276160240173,69.95717215538025,70.09140658378601,70.368243932724,70.50596737861633,70.73703598976135
qp time,0,0,0,0,0,0,0,0,0,0,0,0,0,0,0,0,0,0
backward time,0,0,14.589922428131104,14.259294748306274,14.696941614151001,14.767680168151855,14.89472770690918,14.827511548995972,14.81925106048584,14.831732273101807,14.836446046829224,14.868254899978638,14.919428825378418,14.954277992248535,15.014991760253906,15.066576480865479,15.017395734786987,15.123434066772461
