Epoch, 15
Random seed, 0, forward time, 1047.5241918563843, inference time, 9255.969081878662, qp time, 0, backward_time, 1489.4438891410828
forward time,0,0,68.61386585235596,68.21850371360779,68.03034782409668,68.34921026229858,68.83298540115356,68.96637058258057,69.24578285217285,69.30017614364624,69.75476360321045,69.79405808448792,70.11259770393372,70.55905866622925,70.89326620101929,73.17408180236816,73.67912316322327
inference time,0,0,554.0542948246002,562.7449064254761,570.132648229599,579.8815326690674,589.614529132843,593.1416711807251,598.8961489200592,605.9582026004791,614.4668502807617,619.9948635101318,628.5748643875122,641.6250109672546,648.2181160449982,711.2778744697571,737.3875682353973
qp time,0,0,0,0,0,0,0,0,0,0,0,0,0,0,0,0,0
backward time,0,0,99.99723410606384,98.77767038345337,98.16437077522278,98.40923070907593,98.84075784683228,98.07632446289062,98.29398703575134,98.33737802505493,98.85975170135498,98.93368077278137,99.10391640663147,99.21022963523865,99.44237565994263,102.41261506080627,102.5843665599823
