Epoch, 12
Random seed, 0, forward time, 44.25555086135864, inference time, 161.40323448181152, qp time, 0, backward_time, 63.79957580566406
forward time,0,0,3.7234716415405273,3.6804416179656982,3.3834431171417236,4.220513343811035,3.393914222717285,3.4447438716888428,3.993673801422119,3.459665060043335,3.8693509101867676,3.5805745124816895,3.4826860427856445,4.023072719573975
inference time,0,0,12.790672779083252,12.766176462173462,11.77004361152649,14.537012338638306,12.087262630462646,12.35193419456482,15.023887157440186,12.545310497283936,15.119054794311523,13.361234903335571,12.906345129013062,16.14429998397827
qp time,0,0,0,0,0,0,0,0,0,0,0,0,0,0
backward time,0,0,5.492781162261963,5.305713891983032,4.8200578689575195,6.067293405532837,4.822297811508179,4.913556814193726,5.842260360717773,4.935013771057129,5.650256872177124,5.104140043258667,4.944628953933716,5.9015748500823975
