Epoch, 18
Random seed, 0, forward time, 532.998304605484, inference time, 2403.2589917182922, qp time, 0, backward_time, 757.373147726059
forward time,0,0,28.529657125473022,28.636201858520508,28.790498971939087,28.961891651153564,29.126473426818848,29.40109419822693,29.720710515975952,29.994232892990112,30.024778604507446,29.52073574066162,29.818845748901367,29.815756797790527,29.876688718795776,29.888920783996582,30.14593243598938,30.21981930732727,30.26120901107788,30.264856815338135
inference time,0,0,116.64499950408936,122.28214931488037,126.09998989105225,127.78457188606262,129.61104679107666,130.03489661216736,131.85372376441956,133.4684510231018,134.3180603981018,130.96619319915771,134.415034532547,135.1326982975006,136.48220324516296,138.24731302261353,141.697199344635,143.68887734413147,145.04606246948242,145.48552107810974
qp time,0,0,0,0,0,0,0,0,0,0,0,0,0,0,0,0,0,0,0,0
backward time,0,0,41.346784591674805,41.47633171081543,41.781217098236084,42.0416374206543,42.00294518470764,42.057199001312256,42.22479581832886,42.31433725357056,42.477816343307495,41.45462393760681,41.70266389846802,41.897714614868164,41.95691752433777,41.86556696891785,42.571250677108765,42.72748017311096,42.73958420753479,42.73428130149841
