Epoch, 6
Random seed, 0, forward time, 17.278680086135864, inference time, 255.116614818573, qp time, 0, backward_time, 114.30613541603088
forward time,0,0,0,0,0,0,0,17.278680086135864
inference time,0,0,0,0,0,0,0,255.116614818573
qp time,0,0,0,0,0,0,0,0
backward time,0,0,18.625389099121094,18.749250888824463,18.8214213848114,18.841506004333496,18.84312152862549,20.42544651031494
