Epoch, 13
Random seed, 0, forward time, 571.8020534515381, inference time, 3437.237561225891, qp time, 0, backward_time, 786.013929605484
forward time,0,0,42.42798471450806,42.36764717102051,43.424134731292725,43.383495807647705,43.44882678985596,44.23044800758362,44.58636403083801,44.74780058860779,44.932785749435425,45.221803426742554,45.42820334434509,43.59188222885132,44.010676860809326
inference time,0,0,220.81645321846008,233.06320714950562,256.9944097995758,264.25010561943054,263.60684633255005,273.4778506755829,276.54221296310425,278.5088710784912,279.23977494239807,280.1117949485779,280.14617371559143,260.68623185157776,269.79362893104553
qp time,0,0,0,0,0,0,0,0,0,0,0,0,0,0,0
backward time,0,0,59.6028835773468,59.16655397415161,60.37771677970886,60.446189403533936,60.01887345314026,60.99114370346069,61.01355981826782,61.2540225982666,61.29447555541992,61.30758571624756,61.85902667045593,59.1800377368927,59.50186061859131
