Epoch, 4
Random seed, 0, forward time, 281.2835953235626, inference time, 23795.502457380295, qp time, 0, backward_time, 743.3464484214783
forward time,0,0,70.68580484390259,69.97096347808838,70.11169695854187,70.51513004302979
inference time,0,0,5916.962383985519,5721.328133821487,6008.616391181946,6148.595548391342
qp time,0,0,0,0,0,0
backward time,0,0,189.9480106830597,184.7483320236206,183.5293264389038,185.12077927589417
