Epoch, 6
Random seed, 0, forward time, 3.290989637374878, inference time, 79.5896806716919, qp time, 0, backward_time, 22.660422325134277
forward time,0,0,0,0,0,0,0,3.290989637374878
inference time,0,0,0,0,0,0,0,79.5896806716919
qp time,0,0,0,0,0,0,0,0
backward time,0,0,3.8528294563293457,3.7361578941345215,3.741002321243286,3.7283830642700195,3.6966891288757324,3.905360460281372
