Epoch, 11
Random seed, 0, forward time, 93.8188042640686, inference time, 329.60383129119873, qp time, 0, backward_time, 168.16929626464844
forward time,0,0,8.452101707458496,8.680253982543945,8.516479015350342,8.466694355010986,8.521587610244751,8.522584915161133,8.536547183990479,8.546523094177246,8.541879177093506,8.54124140739441,8.49291181564331
inference time,0,0,30.347048044204712,30.599910497665405,29.792742252349854,29.590548276901245,29.809651851654053,29.886433601379395,29.911543130874634,29.925365924835205,29.961333751678467,29.936227083206177,29.843026876449585
qp time,0,0,0,0,0,0,0,0,0,0,0,0,0
backward time,0,0,15.438029289245605,15.57688283920288,15.200625658035278,15.110995292663574,15.215802669525146,15.252091646194458,15.25915241241455,15.293352842330933,15.287050485610962,15.289777278900146,15.245535850524902
