Epoch, 10
Random seed, 0, forward time, 123.53319811820984, inference time, 403.7956585884094, qp time, 0, backward_time, 202.17438197135925
forward time,0,0,11.94424557685852,12.14074993133545,12.416610717773438,12.36913275718689,12.355881214141846,12.424456357955933,12.384378433227539,12.466873168945312,12.516960382461548,12.513909578323364
inference time,0,0,39.79486703872681,40.20414352416992,40.47860527038574,40.17832684516907,40.18226099014282,40.44613003730774,40.28214907646179,40.61011219024658,40.82083702087402,40.79822659492493
qp time,0,0,0,0,0,0,0,0,0,0,0,0
backward time,0,0,20.03975796699524,20.150616884231567,20.233301877975464,20.10808491706848,20.105949878692627,20.228590965270996,20.170337915420532,20.327892541885376,20.402289867401123,20.407559156417847
