Epoch, 6
Random seed, 0, forward time, 27.241809844970703, inference time, 633.6640694141388, qp time, 0, backward_time, 201.50478529930115
forward time,0,0,0,0,0,0,0,27.241809844970703
inference time,0,0,0,0,0,0,0,633.6640694141388
qp time,0,0,0,0,0,0,0,0
backward time,0,0,35.09423112869263,35.07702565193176,32.213157653808594,31.867494106292725,34.20461416244507,33.04826259613037
