Epoch, 12
Random seed, 0, forward time, 29.754855394363403, inference time, 548.6614878177643, qp time, 0, backward_time, 53.316285133361816
forward time,0,0,2.4608652591705322,2.4690380096435547,2.47033429145813,2.4852983951568604,2.4910166263580322,2.4892921447753906,2.4875245094299316,2.4871437549591064,2.521137237548828,2.4610934257507324,2.4609506130218506,2.471161127090454
inference time,0,0,42.68075776100159,43.58593678474426,44.01441144943237,45.023354053497314,45.61788558959961,46.26128959655762,46.351601123809814,46.45416736602783,48.19624447822571,46.55626606941223,46.662193059921265,47.25738048553467
qp time,0,0,0,0,0,0,0,0,0,0,0,0,0,0
backward time,0,0,4.773536920547485,4.435076713562012,4.432778358459473,4.415289878845215,4.427563905715942,4.417720794677734,4.423877477645874,4.413180351257324,4.4551403522491455,4.3768627643585205,4.365915060043335,4.379342555999756
