Epoch, 13
Random seed, 0, forward time, 70.24021244049072, inference time, 331.5868330001831, qp time, 0, backward_time, 98.78619408607483
forward time,0,0,5.750359058380127,5.367778539657593,5.030524969100952,5.721645832061768,5.176441669464111,5.177443742752075,5.7254638671875,5.207725286483765,5.170637845993042,5.711641788482666,5.4078240394592285,5.1030614376068115,5.689664363861084
inference time,0,0,24.77171540260315,23.69488286972046,22.336861848831177,26.237610816955566,23.653379917144775,23.915324449539185,27.812463998794556,24.712564706802368,24.73833179473877,28.765681982040405,26.788144826889038,24.526095151901245,29.633775234222412
qp time,0,0,0,0,0,0,0,0,0,0,0,0,0,0,0
backward time,0,0,8.211934566497803,7.5385096073150635,7.029497861862183,8.128922939300537,7.218411445617676,7.21513557434082,8.103877782821655,7.2909698486328125,7.195034503936768,8.13844633102417,7.599024057388306,7.0473952293396,8.069034337997437
