Epoch, 9
Random seed, 0, forward time, 20.256349802017212, inference time, 317.97680854797363, qp time, 0, backward_time, 35.890979290008545
forward time,0,0,2.195159912109375,2.2012228965759277,2.230041265487671,2.2695350646972656,2.272484064102173,2.2665886878967285,2.3020293712615967,2.2399299144744873,2.2793586254119873
inference time,0,0,31.519834518432617,32.796000957489014,33.795265913009644,35.15039610862732,35.49862289428711,36.3363082408905,37.646907806396484,36.905991554260254,38.32748055458069
qp time,0,0,0,0,0,0,0,0,0,0,0
backward time,0,0,4.081087350845337,3.9273781776428223,3.9614264965057373,4.001885890960693,4.010056734085083,3.979705333709717,4.022711515426636,3.9282193183898926,3.978508472442627
