Epoch, 14
Random seed, 0, forward time, 24.70856022834778, inference time, 302.3146781921387, qp time, 0, backward_time, 44.522820472717285
forward time,0,0,1.7213084697723389,1.7539668083190918,1.741528034210205,1.7570903301239014,1.743077039718628,1.7558140754699707,1.7592239379882812,1.7282781600952148,1.7842769622802734,1.7859852313995361,1.7944798469543457,1.7904815673828125,1.796478271484375,1.7965714931488037
inference time,0,0,20.245673656463623,20.70847201347351,20.86485481262207,21.09521746635437,21.178076028823853,21.364312410354614,21.56362271308899,21.07061791419983,21.91808247566223,22.303993463516235,22.14171051979065,22.48673677444458,22.64296817779541,22.730339765548706
qp time,0,0,0,0,0,0,0,0,0,0,0,0,0,0,0,0
backward time,0,0,3.2376549243927,3.1688454151153564,3.1473467350006104,3.161703109741211,3.1354005336761475,3.144028425216675,3.156064033508301,3.1053459644317627,3.1805317401885986,3.2017483711242676,3.2092297077178955,3.21834397315979,3.228513717651367,3.2280638217926025
