Epoch, 22
Random seed, 0, forward time, 310.144939661026, inference time, 4376.6230273246765, qp time, 0, backward_time, 541.4651956558228
forward time,0,0,14.158839225769043,14.14552092552185,14.098846435546875,13.872502088546753,13.894350528717041,13.929981708526611,13.957946538925171,13.97745966911316,13.982958555221558,13.997560262680054,14.017233848571777,14.053296327590942,14.061609268188477,14.080739259719849,14.168730735778809,14.202535152435303,14.21509337425232,14.236557245254517,14.262340307235718,14.286132335662842,14.282090187072754,14.26261568069458
inference time,0,0,182.0176384449005,185.4284324645996,186.78459978103638,184.79396533966064,187.36224555969238,190.2641565799713,192.52929043769836,194.16322445869446,195.71482276916504,197.09935688972473,198.98416423797607,201.1209785938263,202.37556958198547,203.65372228622437,205.25038075447083,206.6090612411499,207.89247822761536,209.34212350845337,210.7411596775055,211.33825516700745,211.16091918945312,211.99648213386536
qp time,0,0,0,0,0,0,0,0,0,0,0,0,0,0,0,0,0,0,0,0,0,0,0,0
backward time,0,0,25.975212812423706,25.39770269393921,24.956424474716187,24.35087490081787,24.235182523727417,24.189156770706177,24.209524869918823,24.2220721244812,24.250313997268677,24.249993562698364,24.254990100860596,24.44239640235901,24.50530242919922,24.497304916381836,24.576452493667603,24.51007914543152,24.592348337173462,24.672550916671753,24.740055799484253,24.82175374031067,24.8957097530365,24.919792890548706
