Epoch, 10
Random seed, 0, forward time, 267.4597215652466, inference time, 1057.266827583313, qp time, 0, backward_time, 380.57962012290955
forward time,0,0,26.37826156616211,26.265141487121582,26.442795991897583,26.565810441970825,26.634641408920288,26.787700414657593,26.90581512451172,27.07560133934021,27.158047676086426,27.245906114578247
inference time,0,0,98.11835217475891,99.00327157974243,101.26753091812134,103.20698070526123,105.10468077659607,106.6860511302948,108.34957885742188,110.33220982551575,111.61273789405823,113.58543372154236
qp time,0,0,0,0,0,0,0,0,0,0,0,0
backward time,0,0,37.64873456954956,37.30259132385254,37.67382860183716,37.843361616134644,38.044008016586304,38.178231716156006,38.37680625915527,38.464484214782715,38.49915957450867,38.54841423034668
