Epoch, 18
Random seed, 0, forward time, 1741.8045210838318, inference time, 25146.492077350616, qp time, 0, backward_time, 2759.5881474018097
forward time,0,0,97.43744015693665,95.51358079910278,95.91361808776855,96.19443154335022,96.75206542015076,96.32402229309082,96.07897472381592,96.2482533454895,95.99210524559021,96.17499542236328,96.62222170829773,97.18378257751465,96.98555755615234,97.40190410614014,98.1457998752594,97.50379061698914,97.84955382347107,97.48242378234863
inference time,0,0,1130.6445665359497,1169.9501237869263,1244.1675736904144,1270.2987067699432,1351.2375836372375,1353.530053138733,1358.6920983791351,1362.1044707298279,1341.031319141388,1366.6071605682373,1418.7791669368744,1489.1499099731445,1493.6250967979431,1518.3780009746552,1577.1996331214905,1553.7046475410461,1568.4356384277344,1578.956327199936
qp time,0,0,0,0,0,0,0,0,0,0,0,0,0,0,0,0,0,0,0,0
backward time,0,0,161.40686559677124,156.44423842430115,156.25215768814087,153.15112161636353,153.24649238586426,154.91332387924194,152.65934658050537,151.77392196655273,154.05044603347778,151.30757403373718,153.26053309440613,152.31818890571594,152.47125387191772,151.04963850975037,151.71949768066406,150.08666253089905,150.7507519721985,152.72613263130188
