Epoch, 13
Random seed, 0, forward time, 227.27519607543945, inference time, 763.3144431114197, qp time, 0, backward_time, 351.5553946495056
forward time,0,0,16.910110235214233,17.088634490966797,17.18201732635498,17.284545421600342,17.569934844970703,17.377683877944946,17.247695684432983,17.605870485305786,17.890445232391357,17.87342071533203,17.680773973464966,17.605143547058105,17.95892024040222
inference time,0,0,53.53172183036804,55.10257315635681,56.595208406448364,57.34536552429199,59.30839467048645,58.17403531074524,57.48591113090515,59.74520969390869,61.5733106136322,61.57178354263306,60.495341539382935,60.015342235565186,62.37024545669556
qp time,0,0,0,0,0,0,0,0,0,0,0,0,0,0,0
backward time,0,0,26.580273866653442,26.677654266357422,26.8238468170166,26.80397939682007,27.139577388763428,26.83637499809265,26.64701819419861,27.089226484298706,27.46708917617798,27.488673210144043,27.21972131729126,27.16036081314087,27.621598720550537
