Epoch, 7
Random seed, 0, forward time, 83.26660871505737, inference time, 9805.356968641281, qp time, 0, backward_time, 273.9686450958252
forward time,0,0,11.537938117980957,11.648661851882935,11.69959306716919,11.887135028839111,12.005710124969482,12.174967050552368,12.31260347366333
inference time,0,0,1399.0396327972412,1398.0627188682556,1392.350905418396,1388.5688107013702,1392.1400454044342,1410.6285424232483,1424.5663130283356
qp time,0,0,0,0,0,0,0,0,0
backward time,0,0,41.32658815383911,37.682382345199585,38.085434675216675,38.76282072067261,39.01648759841919,39.2633330821991,39.83159852027893
