Epoch, 6
Random seed, 0, forward time, 447.21391010284424, inference time, 40308.22922754288, qp time, 0, backward_time, 1187.1949875354767
forward time,0,0,74.85589599609375,75.01199221611023,75.51999068260193,75.61254620552063,76.0171127319336,70.1963722705841
inference time,0,0,6484.704631567001,6608.381719589233,6827.660407066345,6983.593419551849,7150.648295164108,6253.24075460434
qp time,0,0,0,0,0,0,0,0
backward time,0,0,202.70314621925354,198.05752897262573,198.1055748462677,198.60881805419922,200.86562156677246,188.85429787635803
