Epoch, 6
Random seed, 0, forward time, 72.38141560554504, inference time, 700.5832285881042, qp time, 0, backward_time, 121.04728889465332
forward time,0,0,11.565890312194824,11.841485738754272,12.199945449829102,12.301424503326416,12.288442611694336,12.184226989746094
inference time,0,0,110.39388370513916,111.87026405334473,116.4180097579956,119.19988059997559,120.83232712745667,121.8688633441925
qp time,0,0,0,0,0,0,0,0
backward time,0,0,20.475640058517456,20.299903631210327,20.240859508514404,20.14825439453125,19.987532377243042,19.89509892463684
