Epoch, 6
Random seed, 0, forward time, 11.130090475082397, inference time, 103.9803261756897, qp time, 0, backward_time, 73.38110876083374
forward time,0,0,0,0,0,0,0,11.130090475082397
inference time,0,0,0,0,0,0,0,103.9803261756897
qp time,0,0,0,0,0,0,0,0
backward time,0,0,12.115307807922363,12.008167743682861,11.963188886642456,11.973411083221436,12.021551847457886,13.299481391906738
