Epoch, 26
Random seed, 0, forward time, 90.34968662261963, inference time, 335.23201966285706, qp time, 0, backward_time, 128.86497974395752
forward time,0,0,3.443812847137451,3.458040714263916,3.4622883796691895,3.4778358936309814,3.5010793209075928,3.4831736087799072,3.4770994186401367,3.444732427597046,3.447026491165161,3.4753353595733643,3.4915835857391357,3.491781234741211,3.503166675567627,3.507415294647217,3.500859260559082,3.5114455223083496,3.461419105529785,3.4714112281799316,3.470932722091675,3.4727377891540527,3.457993745803833,3.4568850994110107,3.4643983840942383,3.4723668098449707,3.4817049503326416,3.463160753250122
inference time,0,0,11.898001432418823,12.02128005027771,12.070311784744263,12.366105794906616,12.46297836303711,12.479682683944702,12.436312198638916,12.403467655181885,12.498281002044678,12.712244510650635,12.95100712776184,12.948251247406006,13.134185552597046,13.208016157150269,13.278172731399536,13.327485799789429,13.0652334690094,13.246984481811523,13.22001838684082,13.330468654632568,13.228357315063477,13.252516269683838,13.310678958892822,13.437246561050415,13.447014093399048,13.497717380523682
qp time,0,0,0,0,0,0,0,0,0,0,0,0,0,0,0,0,0,0,0,0,0,0,0,0,0,0,0,0
backward time,0,0,5.032312631607056,4.937104940414429,4.9374589920043945,4.9386985301971436,4.988791227340698,4.961512327194214,4.926905632019043,4.889115333557129,4.8905556201934814,4.963545799255371,4.963284730911255,4.983415603637695,4.9895594120025635,5.000735282897949,5.028519630432129,5.039065599441528,4.915591478347778,4.939105272293091,4.944955348968506,4.948611259460449,4.933269023895264,4.937601566314697,4.926911354064941,4.952834844589233,4.958107948303223,4.937410354614258
