Epoch, 6
Random seed, 0, forward time, 27.675418853759766, inference time, 700.9929547309875, qp time, 0, backward_time, 181.9192419052124
forward time,0,0,0,0,0,0,0,27.675418853759766
inference time,0,0,0,0,0,0,0,700.9929547309875
qp time,0,0,0,0,0,0,0,0
backward time,0,0,30.475555896759033,29.482651948928833,29.61768651008606,30.332122802734375,30.137473583221436,31.873751163482666
