Epoch, 10
Random seed, 0, forward time, 505.62326526641846, inference time, 30666.98831319809, qp time, 0, backward_time, 1147.3998878002167
forward time,0,0,49.79832673072815,49.97993850708008,50.281272172927856,50.14774775505066,49.99802565574646,50.1480827331543,50.89781427383423,51.306859493255615,51.437533140182495,51.62766480445862
inference time,0,0,2639.3934948444366,2695.2281703948975,2753.202719926834,2838.3131046295166,2870.5340666770935,2979.2354254722595,3240.055810689926,3435.883246421814,3578.487030506134,3636.6552436351776
qp time,0,0,0,0,0,0,0,0,0,0,0,0
backward time,0,0,114.46093964576721,111.69086146354675,111.88627600669861,112.19133639335632,112.86059713363647,114.07250666618347,116.09739112854004,117.28517580032349,118.00737643241882,118.84742712974548
