Epoch, 5
Random seed, 0, forward time, 268.1760470867157, inference time, 16286.942209720612, qp time, 0, backward_time, 592.8234231472015
forward time,0,0,53.7345449924469,53.60634422302246,53.73412275314331,53.45322918891907,53.64780592918396
inference time,0,0,3000.2568707466125,3121.854198694229,3246.08110165596,3379.3017506599426,3539.448287963867
qp time,0,0,0,0,0,0,0
backward time,0,0,118.93834519386292,117.48278474807739,118.19469332695007,118.46345138549805,119.74414849281311
