Epoch, 26
Random seed, 0, forward time, 395.74356961250305, inference time, 6238.156053304672, qp time, 0, backward_time, 673.6522045135498
forward time,0,0,15.01417088508606,14.937540054321289,14.955216407775879,14.928413391113281,15.077297925949097,15.039443016052246,15.096778392791748,15.015318632125854,15.000088691711426,15.020880937576294,15.022551536560059,15.130053281784058,15.090723752975464,15.1490318775177,15.179317235946655,15.261033535003662,15.447220087051392,15.381896018981934,15.425253629684448,15.374608755111694,15.354377269744873,15.454772710800171,15.548447132110596,15.622318267822266,15.566959142684937,15.64985704421997
inference time,0,0,203.88905811309814,211.5947995185852,220.44426274299622,228.78966450691223,245.23449802398682,247.21425867080688,250.40721082687378,246.02230620384216,245.30462956428528,244.7179398536682,242.98443031311035,245.79825735092163,243.84882259368896,243.37402653694153,240.75340914726257,241.24373722076416,245.88285994529724,245.04771208763123,246.76992678642273,244.47970604896545,244.4967701435089,243.74439024925232,243.2553768157959,243.06464886665344,239.6695203781128,240.1238307952881
qp time,0,0,0,0,0,0,0,0,0,0,0,0,0,0,0,0,0,0,0,0,0,0,0,0,0,0,0,0
backward time,0,0,26.944795608520508,26.3515465259552,26.076821088790894,25.826589584350586,25.907158374786377,25.834501266479492,25.845728874206543,25.6226327419281,25.574265241622925,25.555206537246704,25.531606197357178,25.647154331207275,25.630499362945557,25.682480573654175,25.596927642822266,25.662135362625122,25.899900197982788,25.863224983215332,25.97475266456604,25.9830904006958,26.016226291656494,26.065690517425537,26.077073335647583,26.157031059265137,26.108028411865234,26.217137336730957
