Epoch, 22
Random seed, 0, forward time, 72.09175372123718, inference time, 263.27065229415894, qp time, 0, backward_time, 102.45211839675903
forward time,0,0,3.2674005031585693,3.2629146575927734,3.249073028564453,3.2762913703918457,3.2641475200653076,3.282849073410034,3.281575918197632,3.2798945903778076,3.27060604095459,3.2890496253967285,3.3146471977233887,3.315699577331543,3.3122754096984863,3.328092098236084,3.294795036315918,3.2611916065216064,3.269198417663574,3.2447454929351807,3.2550599575042725,3.2414352893829346,3.269164800643921,3.2616465091705322
inference time,0,0,11.529483795166016,11.475570440292358,11.453259229660034,11.745596647262573,11.689818143844604,11.848795413970947,11.833061218261719,11.901951789855957,11.871775388717651,11.963798761367798,12.184048414230347,12.16764760017395,12.255077362060547,12.335700273513794,12.207867622375488,12.084043264389038,12.10074782371521,11.99228310585022,12.079469680786133,12.086504936218262,12.228555917739868,12.235595464706421
qp time,0,0,0,0,0,0,0,0,0,0,0,0,0,0,0,0,0,0,0,0,0,0,0,0
backward time,0,0,4.748484373092651,4.622166156768799,4.619320869445801,4.660539150238037,4.623561859130859,4.64267635345459,4.663140773773193,4.644778251647949,4.633728742599487,4.667618036270142,4.698185443878174,4.69687032699585,4.701501846313477,4.727431774139404,4.6610352993011475,4.628484725952148,4.6377763748168945,4.592066049575806,4.649866104125977,4.6097211837768555,4.666511535644531,4.656653165817261
