Epoch, 11
Random seed, 0, forward time, 57.24199151992798, inference time, 264.4945499897003, qp time, 0, backward_time, 79.5099983215332
forward time,0,0,5.141780138015747,5.160415172576904,5.173566579818726,5.220300912857056,5.24137544631958,5.225226402282715,5.191894292831421,5.197452783584595,5.195068359375,5.231715202331543,5.263196229934692
inference time,0,0,23.35135579109192,23.19580054283142,23.103740453720093,23.545771598815918,23.840384483337402,24.161686182022095,24.198988676071167,24.532917737960815,24.61336851119995,24.804104328155518,25.14643168449402
qp time,0,0,0,0,0,0,0,0,0,0,0,0,0
backward time,0,0,7.325275659561157,7.194153785705566,7.150924921035767,7.200361251831055,7.251270771026611,7.229195833206177,7.158096075057983,7.235925674438477,7.198888778686523,7.270100831985474,7.295804738998413
