Epoch, 6
Random seed, 0, forward time, 11.26012110710144, inference time, 1426.9925150871277, qp time, 0, backward_time, 87.14765286445618
forward time,0,0,0,0,0,0,0,11.26012110710144
inference time,0,0,0,0,0,0,0,1426.9925150871277
qp time,0,0,0,0,0,0,0,0
backward time,0,0,14.70519733428955,14.63739538192749,14.411275863647461,14.236691951751709,14.23136305809021,14.925729274749756
