Epoch, 14
Random seed, 0, forward time, 380.899276971817, inference time, 1548.622623682022, qp time, 0, backward_time, 539.3708322048187
forward time,0,0,26.160537004470825,26.307730197906494,26.501025199890137,26.588170528411865,27.603137969970703,27.743008852005005,27.94944453239441,28.16313147544861,27.993174076080322,27.265037298202515,27.326213836669922,27.42065691947937,27.446743965148926,26.431265115737915
inference time,0,0,96.36339235305786,98.79085731506348,101.15616917610168,103.0515661239624,113.26992559432983,114.85850262641907,116.36543941497803,118.06016874313354,117.08323645591736,113.36726069450378,115.33912515640259,117.25304937362671,116.91801333427429,106.74591732025146
qp time,0,0,0,0,0,0,0,0,0,0,0,0,0,0,0,0
backward time,0,0,37.04006218910217,37.24460220336914,37.56052923202515,37.70349860191345,39.298301219940186,39.472755432128906,39.59219765663147,39.682804107666016,39.46776461601257,38.50196599960327,38.6445107460022,38.79589915275574,38.85154318809509,37.514397859573364
