Epoch, 15
Random seed, 0, forward time, 34.86682868003845, inference time, 111.29298424720764, qp time, 0, backward_time, 55.3748242855072
forward time,0,0,2.284367561340332,2.4407293796539307,2.2323410511016846,2.1228740215301514,2.183499813079834,2.4467356204986572,2.421769618988037,2.1753652095794678,2.2402095794677734,2.4130561351776123,2.4934356212615967,2.3273801803588867,2.253615379333496,2.3331189155578613,2.498330593109131
inference time,0,0,7.010439872741699,7.429267406463623,6.866652011871338,6.594008922576904,6.669593334197998,7.694790840148926,7.676150321960449,6.826082944869995,7.100375413894653,7.8071959018707275,8.276878118515015,7.525078296661377,7.311579942703247,7.750720739364624,8.754170179367065
qp time,0,0,0,0,0,0,0,0,0,0,0,0,0,0,0,0,0
backward time,0,0,3.641735792160034,3.845909357070923,3.523292064666748,3.323798656463623,3.379556179046631,3.9040074348449707,3.8550474643707275,3.4254350662231445,3.5375704765319824,3.8650646209716797,4.021788597106934,3.7154757976531982,3.574084997177124,3.7317371368408203,4.030320644378662
