Epoch, 6
Random seed, 0, forward time, 7.954253196716309, inference time, 58.476720094680786, qp time, 0, backward_time, 53.91964793205261
forward time,0,0,0,0,0,0,0,7.954253196716309
inference time,0,0,0,0,0,0,0,58.476720094680786
qp time,0,0,0,0,0,0,0,0
backward time,0,0,8.90128755569458,8.909467935562134,8.888798475265503,8.898887634277344,8.90967321395874,9.411533117294312
