Epoch, 6
Random seed, 0, forward time, 14.53307843208313, inference time, 180.9571089744568, qp time, 0, backward_time, 99.05112719535828
forward time,0,0,0,0,0,0,0,14.53307843208313
inference time,0,0,0,0,0,0,0,180.9571089744568
qp time,0,0,0,0,0,0,0,0
backward time,0,0,16.749884605407715,15.954278707504272,16.349825859069824,16.902299642562866,15.942750453948975,17.152087926864624
