Epoch, 9
Random seed, 0, forward time, 81.37139081954956, inference time, 285.2090446949005, qp time, 0, backward_time, 146.03996014595032
forward time,0,0,8.77682638168335,8.991137027740479,8.98784875869751,9.101901769638062,9.108489990234375,9.082624912261963,9.104954957962036,9.089153051376343,9.128453969955444
inference time,0,0,31.278329610824585,31.360276699066162,31.3496675491333,31.77319073677063,31.840330123901367,31.82941222190857,31.8853178024292,31.873072147369385,32.019447803497314
qp time,0,0,0,0,0,0,0,0,0,0,0
backward time,0,0,15.94684648513794,16.10006070137024,16.08905529975891,16.256935834884644,16.29312777519226,16.300432682037354,16.323766469955444,16.335535526275635,16.39419937133789
