Epoch, 13
Random seed, 0, forward time, 56.81182146072388, inference time, 1858.0266902446747, qp time, 0, backward_time, 108.33533143997192
forward time,0,0,4.350791931152344,4.342233419418335,4.373511075973511,4.351227045059204,4.33036994934082,4.354884386062622,4.370494842529297,4.363195180892944,4.375511884689331,4.41495418548584,4.36811089515686,4.405575752258301,4.410960912704468
inference time,0,0,133.41929388046265,134.6011290550232,137.58756971359253,138.13838386535645,139.86127614974976,141.2091555595398,142.16862678527832,142.8366618156433,145.21266150474548,148.12137246131897,147.81027841567993,152.21658515930176,154.84369587898254
qp time,0,0,0,0,0,0,0,0,0,0,0,0,0,0,0
backward time,0,0,9.010171890258789,8.206568241119385,8.276913166046143,8.147425651550293,8.13731575012207,8.144814252853394,8.212708711624146,8.215527057647705,8.215018510818481,8.378381490707397,8.313783645629883,8.494492530822754,8.582210540771484
