Epoch, 6
Random seed, 0, forward time, 17.25682306289673, inference time, 253.6131932735443, qp time, 0, backward_time, 116.80685234069824
forward time,0,0,0,0,0,0,0,17.25682306289673
inference time,0,0,0,0,0,0,0,253.6131932735443
qp time,0,0,0,0,0,0,0,0
backward time,0,0,19.349121570587158,19.287800073623657,19.320950031280518,19.299850463867188,19.13449478149414,20.41463541984558
