Epoch, 5
Random seed, 0, forward time, 0, inference time, 0, qp time, 0, backward_time, 569.8209407329559
forward time,0,0,0,0,0,0,0
inference time,0,0,0,0,0,0,0
qp time,0,0,0,0,0,0,0
backward time,0,0,114.47716951370239,114.05397248268127,113.71028780937195,113.81068420410156,113.76882672309875
