Epoch, 6
Random seed, 0, forward time, 8.116567373275757, inference time, 60.49879741668701, qp time, 0, backward_time, 54.35839629173279
forward time,0,0,0,0,0,0,0,8.116567373275757
inference time,0,0,0,0,0,0,0,60.49879741668701
qp time,0,0,0,0,0,0,0,0
backward time,0,0,9.024119138717651,8.907248735427856,8.915095090866089,8.925291538238525,8.9325270652771,9.654114723205566
