Epoch, 13
Random seed, 0, forward time, 366.8948667049408, inference time, 11255.393926143646, qp time, 0, backward_time, 631.9551935195923
forward time,0,0,27.865558624267578,27.927417516708374,27.742953300476074,27.681467294692993,27.83912491798401,27.834826707839966,27.85209846496582,28.355189085006714,28.55273747444153,28.60261058807373,28.69380211830139,28.93590235710144,29.011178255081177
inference time,0,0,795.3623435497284,821.8703520298004,833.009191274643,837.5820746421814,876.3343150615692,885.8280503749847,884.7007570266724,889.102813243866,891.7536625862122,875.6808018684387,877.3676850795746,896.5339465141296,890.2679328918457
qp time,0,0,0,0,0,0,0,0,0,0,0,0,0,0,0
backward time,0,0,50.597261905670166,49.34177875518799,48.86856126785278,48.51447772979736,48.410197019577026,48.18095326423645,48.07193946838379,48.16529369354248,48.246352672576904,48.18122363090515,48.29107618331909,48.536163330078125,48.549914598464966
