Epoch, 9
Random seed, 0, forward time, 375.9809308052063, inference time, 18320.555394887924, qp time, 0, backward_time, 745.0401735305786
forward time,0,0,42.41667723655701,42.237892627716064,42.05900764465332,41.97372770309448,41.46932625770569,41.35029578208923,41.397300481796265,41.527909994125366,41.54879307746887
inference time,0,0,1889.0428295135498,1963.841789484024,2002.9791762828827,2041.6078670024872,2015.6180529594421,2039.5310728549957,2073.319202184677,2133.2095851898193,2161.405819416046
qp time,0,0,0,0,0,0,0,0,0,0,0
backward time,0,0,84.70945286750793,82.85776782035828,82.65397095680237,82.47897124290466,81.98767566680908,81.93618726730347,82.45907855033875,82.82214403152466,83.13492512702942
