Epoch, 18
Random seed, 0, forward time, 238.3984775543213, inference time, 2931.5831820964813, qp time, 0, backward_time, 415.2795379161835
forward time,0,0,13.745607376098633,13.651420831680298,13.660604238510132,13.254003047943115,13.161953449249268,13.128469467163086,13.134022951126099,13.13358736038208,13.151713609695435,13.197492837905884,13.199358701705933,13.229103088378906,13.169923305511475,13.002724409103394,13.067629098892212,13.141371488571167,13.17008638381958,13.199405908584595
inference time,0,0,169.159925699234,167.5674147605896,169.23058485984802,162.571227312088,161.01599287986755,160.43679189682007,160.78645658493042,161.1153461933136,161.79285168647766,163.15654134750366,163.58585214614868,164.45879673957825,163.23247957229614,159.21461272239685,160.01297044754028,160.68644547462463,161.2606840133667,162.29820775985718
qp time,0,0,0,0,0,0,0,0,0,0,0,0,0,0,0,0,0,0,0,0
backward time,0,0,25.10782790184021,24.407419681549072,24.07333493232727,23.319321870803833,22.987355709075928,22.804032802581787,22.769185066223145,22.711669921875,22.785247564315796,22.909108638763428,22.862990856170654,22.85965919494629,22.782589435577393,22.4259250164032,22.520174503326416,22.623120069503784,22.613845348358154,22.716729402542114
