Epoch, 23
Random seed, 0, forward time, 97.18342447280884, inference time, 401.78037667274475, qp time, 0, backward_time, 140.00035953521729
forward time,0,0,5.614506721496582,5.620375394821167,4.321583032608032,4.2076380252838135,4.201003313064575,4.228119611740112,4.103890657424927,3.971550941467285,3.975836992263794,3.987271547317505,4.017733573913574,4.035393714904785,3.967885732650757,3.9509410858154297,3.9811437129974365,3.99229097366333,4.011456727981567,4.0057532787323,4.099080324172974,4.243757247924805,4.251008987426758,4.181707859039307,4.2134950160980225
inference time,0,0,14.014142751693726,14.382426738739014,15.357614517211914,16.07144808769226,16.270679473876953,16.65718102455139,17.099730968475342,16.482065439224243,16.531695127487183,16.59567618370056,17.221741437911987,17.36736011505127,17.622194528579712,17.753409385681152,17.97354221343994,18.147114992141724,18.23209524154663,18.53131079673767,19.4212007522583,20.299206256866455,19.663710117340088,20.14508891105652,19.939741611480713
qp time,0,0,0,0,0,0,0,0,0,0,0,0,0,0,0,0,0,0,0,0,0,0,0,0,0
backward time,0,0,7.925867795944214,7.7380897998809814,6.145815134048462,6.062812328338623,6.093059301376343,5.961949586868286,5.960341930389404,5.817307472229004,5.84574818611145,5.7885353565216064,5.847931146621704,5.91099739074707,5.73769998550415,5.757750749588013,5.783434152603149,5.784811496734619,5.820985317230225,5.84022855758667,5.935978889465332,6.096850872039795,5.985111713409424,6.043757915496826,6.115294456481934
