Epoch, 20
Random seed, 0, forward time, 850.3981516361237, inference time, 45924.470517635345, qp time, 0, backward_time, 1692.5019173622131
forward time,0,0,43.25936532020569,43.062891244888306,42.540576457977295,42.15501046180725,42.108415842056274,42.1076979637146,42.1495840549469,41.84051537513733,42.37062096595764,42.02027869224548,42.06136083602905,42.21968221664429,42.37172842025757,42.46089720726013,42.79739451408386,42.802842140197754,42.88709020614624,43.49542260169983,42.969324827194214,42.71745228767395
inference time,0,0,1967.3873662948608,2051.062667608261,2072.009505033493,2096.2331166267395,2130.2966997623444,2167.9559845924377,2207.7730691432953,2191.10378408432,2337.503018140793,2268.9073610305786,2302.351462841034,2327.911227464676,2371.0963957309723,2385.0878808498383,2469.281599998474,2461.5499215126038,2527.1860892772675,2550.6856944561005,2527.2192933559418,2511.868379831314
qp time,0,0,0,0,0,0,0,0,0,0,0,0,0,0,0,0,0,0,0,0,0,0
backward time,0,0,85.20095896720886,83.43800520896912,82.77516078948975,82.24030303955078,82.62529587745667,82.68033623695374,82.91957092285156,82.79899668693542,84.1482162475586,84.2721152305603,84.67871046066284,85.06859230995178,85.50898838043213,85.48768830299377,86.15391111373901,85.9243745803833,86.42690253257751,86.83803033828735,86.6303493976593,86.68541073799133
