Epoch, 10
Random seed, 0, forward time, 520.7407846450806, inference time, 33401.54892849922, qp time, 0, backward_time, 1156.9336905479431
forward time,0,0,53.087695837020874,52.12408256530762,52.43734407424927,51.48315668106079,51.3875207901001,51.602269649505615,52.101741313934326,52.47512102127075,51.94564342498779,52.09620928764343
inference time,0,0,2995.067100763321,3061.8643929958344,3124.6990621089935,3191.427675962448,3257.536959171295,3378.250556945801,3540.281656265259,3689.4633955955505,3586.999068260193,3575.9590604305267
qp time,0,0,0,0,0,0,0,0,0,0,0,0
backward time,0,0,117.57191133499146,113.10839104652405,113.05480313301086,113.46993684768677,113.96429204940796,115.3906581401825,116.35675263404846,117.77855014801025,117.81879878044128,118.41959643363953
