Epoch, 9
Random seed, 0, forward time, 18.78828477859497, inference time, 283.1538963317871, qp time, 0, backward_time, 33.96384239196777
forward time,0,0,2.0767245292663574,2.0670833587646484,2.077904462814331,2.076925277709961,2.096292018890381,2.08622407913208,2.1158266067504883,2.085395574569702,2.1059088706970215
inference time,0,0,29.922547101974487,30.294076919555664,30.86540198326111,31.104982376098633,31.679486513137817,31.770654916763306,32.44955587387085,32.19093155860901,32.876259088516235
qp time,0,0,0,0,0,0,0,0,0,0,0
backward time,0,0,3.9844982624053955,3.730123519897461,3.7442173957824707,3.7162792682647705,3.7610979080200195,3.741420030593872,3.782949686050415,3.7331924438476562,3.770063877105713
