Epoch, 39
Random seed, 0, forward time, 345.68287682533264, inference time, 3002.9087421894073, qp time, 0, backward_time, 504.0866153240204
forward time,0,0,8.948940992355347,8.948719024658203,9.000532150268555,8.966828107833862,8.976256608963013,8.867694616317749,8.747462034225464,8.747796773910522,8.786537170410156,8.800709009170532,8.816670417785645,8.80334997177124,8.815548658370972,8.829716682434082,8.839577674865723,8.829125165939331,8.836472988128662,8.85905408859253,8.848281860351562,8.844410181045532,8.840978860855103,8.836059093475342,8.839317798614502,8.833548069000244,8.84586763381958,8.865317821502686,8.866219282150269,8.872909545898438,8.869303941726685,8.868518590927124,8.882108688354492,8.870693922042847,8.879533290863037,8.888164281845093,8.890213966369629,8.885798215866089,8.907392978668213,8.907610654830933,8.919636011123657
inference time,0,0,69.68543696403503,70.62965774536133,71.43079233169556,72.21464967727661,72.278555393219,71.94017934799194,71.93503451347351,72.02919673919678,72.45652723312378,72.46152257919312,73.41807842254639,74.73704409599304,76.09403896331787,76.63137865066528,76.61529493331909,77.78050351142883,76.62510180473328,76.9327085018158,76.90067315101624,76.71134305000305,77.18581223487854,77.39332675933838,78.13180637359619,77.96661472320557,78.78835344314575,79.01279950141907,79.84709668159485,80.05263686180115,80.49721217155457,80.60330009460449,80.76515030860901,81.14132142066956,81.1187093257904,81.57064151763916,81.41338396072388,81.47174286842346,81.77011013031006,82.17617511749268,82.49483108520508
qp time,0,0,0,0,0,0,0,0,0,0,0,0,0,0,0,0,0,0,0,0,0,0,0,0,0,0,0,0,0,0,0,0,0,0,0,0,0,0,0,0,0
backward time,0,0,13.318354368209839,13.103432893753052,13.223618030548096,13.254665851593018,13.127613306045532,12.94570803642273,12.882996559143066,12.695952653884888,12.465184688568115,12.628381490707397,12.628695964813232,12.81486701965332,12.915277242660522,12.958489656448364,12.926345586776733,12.94995665550232,12.845986366271973,12.778424978256226,12.845075368881226,12.781606197357178,12.76645827293396,12.770684480667114,12.754401445388794,12.822006702423096,12.806174278259277,12.855990409851074,12.783775568008423,12.883604049682617,12.917855501174927,12.969985485076904,12.997217655181885,12.940258979797363,13.095995426177979,12.989780902862549,13.116990327835083,13.088297128677368,13.139720678329468,13.155693054199219,13.14109206199646
