Epoch, 14
Random seed, 0, forward time, 191.96230030059814, inference time, 2424.1814851760864, qp time, 0, backward_time, 334.3127546310425
forward time,0,0,14.079648494720459,14.088179588317871,14.118421077728271,13.772100448608398,13.498944997787476,13.729074001312256,13.744534730911255,13.732628583908081,13.770792007446289,13.460636854171753,13.42943263053894,13.472217082977295,13.507573366165161,13.558116436004639
inference time,0,0,175.86099576950073,178.92689728736877,182.2844889163971,172.35850071907043,167.38372683525085,174.80524325370789,175.7650454044342,175.99548482894897,178.33204793930054,167.32720017433167,166.6523118019104,168.19530534744263,169.67286705970764,170.6213698387146
qp time,0,0,0,0,0,0,0,0,0,0,0,0,0,0,0,0
backward time,0,0,25.633572340011597,25.060192346572876,24.803293228149414,24.04878854751587,23.6309335231781,23.8331515789032,23.776440858840942,23.613656520843506,23.692052364349365,23.144453525543213,23.100709676742554,23.270040273666382,23.33710551261902,23.368364334106445
