Epoch, 6
Random seed, 0, forward time, 29.78457999229431, inference time, 812.5295350551605, qp time, 0, backward_time, 201.57133293151855
forward time,0,0,0,0,0,0,0,29.78457999229431
inference time,0,0,0,0,0,0,0,812.5295350551605
qp time,0,0,0,0,0,0,0,0
backward time,0,0,33.83788800239563,33.554818630218506,33.2473201751709,33.27602243423462,33.17604923248291,34.47923445701599
