Epoch, 12
Random seed, 0, forward time, 50.275684118270874, inference time, 194.94124031066895, qp time, 0, backward_time, 68.1573383808136
forward time,0,0,4.187720775604248,4.1748552322387695,4.1819798946380615,4.190023183822632,4.18306565284729,4.210713148117065,4.229334592819214,4.248488426208496,4.171832799911499,4.147593975067139,4.1757988929748535,4.1742775440216064
inference time,0,0,15.931968688964844,15.870636940002441,15.899905443191528,16.09305477142334,16.147043704986572,16.413251638412476,16.52793264389038,16.674740076065063,16.377658367156982,16.207895755767822,16.414159536361694,16.3829927444458
qp time,0,0,0,0,0,0,0,0,0,0,0,0,0,0
backward time,0,0,5.7815423011779785,5.65653657913208,5.675255298614502,5.669434070587158,5.696730613708496,5.7286787033081055,5.742732524871826,5.7663233280181885,5.639079332351685,5.5959601402282715,5.607710838317871,5.5973546504974365
