Epoch, 11
Random seed, 0, forward time, 14.479011058807373, inference time, 133.07543516159058, qp time, 0, backward_time, 26.45450234413147
forward time,0,0,1.3045506477355957,1.3067891597747803,1.2987096309661865,1.3013052940368652,1.3118970394134521,1.3215181827545166,1.3154022693634033,1.315427541732788,1.3212320804595947,1.3417370319366455,1.340442180633545
inference time,0,0,11.80348014831543,11.921401023864746,11.870346784591675,11.942217826843262,12.046825408935547,12.239119291305542,12.138124704360962,12.191314935684204,12.25385856628418,12.364996433258057,12.303750038146973
qp time,0,0,0,0,0,0,0,0,0,0,0,0,0
backward time,0,0,2.420426845550537,2.3818838596343994,2.382564067840576,2.3885786533355713,2.4077107906341553,2.4288272857666016,2.4036026000976562,2.3918955326080322,2.4013447761535645,2.426604986190796,2.42106294631958
