Epoch, 16
Random seed, 0, forward time, 337.8934371471405, inference time, 7309.769102573395, qp time, 0, backward_time, 564.5944056510925
forward time,0,0,20.59503936767578,20.523853540420532,20.765018224716187,21.158153295516968,21.043628692626953,21.35583472251892,21.596801280975342,21.745921850204468,21.028429985046387,20.846020221710205,20.69416904449463,21.142719745635986,21.437853813171387,21.273935794830322,21.3354914188385,21.350566148757935
inference time,0,0,439.46724700927734,453.39285039901733,463.6360936164856,472.8840835094452,457.16512155532837,459.2143621444702,464.76372361183167,473.277006149292,454.36098861694336,441.62781524658203,422.1419486999512,449.4808840751648,480.0511038303375,452.6459219455719,460.0221130847931,465.6378390789032
qp time,0,0,0,0,0,0,0,0,0,0,0,0,0,0,0,0,0,0
backward time,0,0,37.10032272338867,35.99812412261963,35.59044790267944,35.42086386680603,35.094701528549194,35.10170316696167,35.08860969543457,35.22112846374512,34.9003369808197,34.596208810806274,34.4222137928009,34.904478549957275,35.371052980422974,35.13860750198364,35.20715069770813,35.4384548664093
