Epoch, 40
Random seed, 0, forward time, 1169.4563374519348, inference time, 5223.163032054901, qp time, 0, backward_time, 1674.5404214859009
forward time,0,0,31.196282386779785,31.41201663017273,31.67183828353882,30.67371916770935,29.615285634994507,29.92001962661743,30.141408443450928,28.87508249282837,28.31173825263977,28.541695833206177,28.762453079223633,28.874034881591797,28.862213134765625,28.849980115890503,29.650121450424194,29.728715896606445,29.719412565231323,29.83622145652771,29.229097843170166,29.101188898086548,29.21848750114441,29.217719078063965,29.292577981948853,29.28491234779358,29.47429633140564,28.79571557044983,28.91581964492798,28.83957290649414,28.901586532592773,28.86154341697693,27.825359582901,28.45688271522522,28.591139316558838,28.6129891872406,28.551902294158936,28.610934495925903,28.72491192817688,28.65297842025757,28.813570737838745,28.840911388397217
inference time,0,0,113.0803918838501,117.03473210334778,120.24208211898804,127.4238178730011,130.15987062454224,131.16806960105896,133.1202962398529,125.42276549339294,121.75546026229858,124.8016881942749,127.71397304534912,130.2262077331543,131.67784214019775,132.99487924575806,138.7943389415741,140.14663791656494,140.87824010849,142.28977489471436,138.31973004341125,138.11840677261353,139.7693634033203,140.37202620506287,140.9877314567566,141.8665201663971,143.2974123954773,127.54713439941406,128.75374150276184,128.03812956809998,128.34617257118225,127.93576455116272,119.8716630935669,125.89921593666077,126.5141830444336,126.96156811714172,127.17507982254028,127.91145539283752,128.59497356414795,128.50191116333008,129.4303686618805,130.01941180229187
qp time,0,0,0,0,0,0,0,0,0,0,0,0,0,0,0,0,0,0,0,0,0,0,0,0,0,0,0,0,0,0,0,0,0,0,0,0,0,0,0,0,0,0
backward time,0,0,44.67465829849243,44.441832304000854,45.071033239364624,44.23514413833618,43.26349377632141,43.24185657501221,43.39814352989197,41.57767605781555,40.72979712486267,41.07738947868347,41.24531698226929,41.470256328582764,41.441352128982544,41.64299464225769,42.54813003540039,42.65431189537048,42.74726963043213,42.7776837348938,42.10722851753235,41.99778485298157,42.06254839897156,42.12949800491333,42.15415000915527,42.32050275802612,42.26283669471741,40.922932624816895,41.2539336681366,40.98591661453247,41.100276708602905,40.941128730773926,39.286932945251465,40.428481101989746,40.62394905090332,40.846954345703125,40.649282455444336,40.58057618141174,40.81328821182251,40.78796672821045,41.0102744102478,41.03563857078552
