Epoch, 29
Random seed, 0, forward time, 124.31293272972107, inference time, 523.4146683216095, qp time, 0, backward_time, 171.81930804252625
forward time,0,0,4.35282826423645,4.270830869674683,4.288097620010376,4.258839130401611,4.313903093338013,4.232049226760864,4.1711554527282715,4.190306663513184,4.168143272399902,4.230921030044556,4.247597932815552,4.276361465454102,4.271503686904907,4.277831077575684,4.2958104610443115,4.317352294921875,4.278760671615601,4.272645950317383,4.333453178405762,4.440254211425781,4.463916301727295,4.475769996643066,4.23485541343689,4.2327351570129395,4.238274574279785,4.29207181930542,4.318405628204346,4.2875449657440186,4.280713319778442
inference time,0,0,16.823756456375122,16.740703105926514,16.778384685516357,16.927420616149902,17.227388620376587,16.95268177986145,16.767805814743042,16.843385696411133,16.806814670562744,17.050008535385132,17.31030511856079,17.4447124004364,17.628592252731323,17.697126626968384,17.85915184020996,18.15831446647644,17.947943687438965,18.220102548599243,18.680278062820435,20.193363666534424,20.368821620941162,20.465623140335083,18.256800174713135,18.362027168273926,18.445560455322266,19.141770362854004,19.54525852203369,19.292129278182983,19.478436946868896
qp time,0,0,0,0,0,0,0,0,0,0,0,0,0,0,0,0,0,0,0,0,0,0,0,0,0,0,0,0,0,0,0
backward time,0,0,6.106645584106445,5.948577642440796,5.944159269332886,5.895548105239868,5.956246852874756,5.84690523147583,5.736414909362793,5.743774652481079,5.737933874130249,5.808490514755249,5.831352472305298,5.853178262710571,5.872933626174927,5.877605676651001,5.904626369476318,5.942918062210083,5.880013704299927,5.90265965461731,6.013942718505859,6.235572338104248,6.236533164978027,6.247038125991821,5.804200887680054,5.814612627029419,5.816980600357056,5.9520063400268555,5.997087478637695,5.950062274932861,5.961287021636963
