Epoch, 19
Random seed, 0, forward time, 265.60739374160767, inference time, 3594.9216678142548, qp time, 0, backward_time, 463.69135308265686
forward time,0,0,13.930720090866089,13.925740480422974,13.990574598312378,13.946022748947144,13.916730642318726,14.16096043586731,14.197579622268677,14.176652431488037,14.216181993484497,13.887586832046509,13.676126956939697,13.70338249206543,13.705360889434814,13.737345695495605,13.862243890762329,14.121828317642212,14.145102739334106,14.142499208450317,14.164753675460815
inference time,0,0,173.98729348182678,177.05697536468506,180.41354489326477,182.81104588508606,184.33015060424805,196.53836584091187,200.18714332580566,201.64223337173462,205.54668736457825,190.07260131835938,179.47284364700317,180.8625454902649,182.2587354183197,183.80597400665283,186.6588032245636,196.5372941493988,197.58570075035095,197.0464129447937,198.10731673240662
qp time,0,0,0,0,0,0,0,0,0,0,0,0,0,0,0,0,0,0,0,0,0
backward time,0,0,25.695392370224,25.169001579284668,24.89242672920227,24.651267051696777,24.48941421508789,24.741273164749146,24.67411756515503,24.652204751968384,24.65847086906433,24.14456605911255,23.80680513381958,23.83815908432007,23.879528045654297,23.835105419158936,23.88630199432373,24.07585620880127,24.128190517425537,24.192749738693237,24.28052258491516
