Epoch, 14
Random seed, 0, forward time, 760.0707092285156, inference time, 52008.774676799774, qp time, 0, backward_time, 1707.6012721061707
forward time,0,0,54.39409112930298,54.22321319580078,54.46036648750305,53.80770206451416,54.87088418006897,54.06639814376831,54.35054039955139,54.324394941329956,54.28487277030945,54.338274240493774,54.505611181259155,54.399945974349976,54.16121244430542,53.88320207595825
inference time,0,0,3039.8467400074005,3192.165007829666,3277.4317355155945,3425.3572323322296,3764.2643802165985,3746.6413366794586,3896.5890192985535,3944.460417032242,3981.793680667877,3999.67680811882,4004.579610347748,4018.470794916153,3911.0745737552643,3806.4233400821686
qp time,0,0,0,0,0,0,0,0,0,0,0,0,0,0,0,0
backward time,0,0,119.976069688797,117.78643894195557,117.4824435710907,118.26545238494873,120.94728446006775,120.41109371185303,121.90543603897095,122.59853434562683,123.68827533721924,124.18002223968506,124.90411925315857,125.27908539772034,125.01601028442383,125.16100645065308
