Epoch, 11
Random seed, 0, forward time, 75.79348540306091, inference time, 4002.7688097953796, qp time, 0, backward_time, 174.5667862892151
forward time,0,0,7.021998405456543,6.970648288726807,6.875514030456543,6.889110565185547,6.871941804885864,6.737524747848511,6.831271409988403,6.854490280151367,6.875485897064209,6.927192211151123,6.938307762145996
inference time,0,0,353.8980004787445,355.90117263793945,356.5734107494354,361.98239183425903,362.801331281662,354.55098819732666,363.09893321990967,364.85102462768555,371.6473422050476,375.16224241256714,382.3019721508026
qp time,0,0,0,0,0,0,0,0,0,0,0,0,0
backward time,0,0,16.81912660598755,15.701621532440186,15.508936405181885,15.362666606903076,15.753719568252563,15.524998903274536,15.733261823654175,15.798061609268188,16.005919218063354,16.180349588394165,16.17812442779541
