Epoch, 12
Random seed, 0, forward time, 212.8914656639099, inference time, 3585.5422010421753, qp time, 0, backward_time, 351.608980178833
forward time,0,0,17.39379096031189,17.300288200378418,17.398006200790405,17.57144546508789,17.716086626052856,17.889798164367676,18.05826687812805,17.90956163406372,17.846238136291504,17.829866886138916,17.887096166610718,18.091020345687866
inference time,0,0,279.8823585510254,286.2015311717987,292.89800906181335,288.6601462364197,290.15826892852783,298.7160050868988,304.8429203033447,299.6368296146393,298.16529512405396,305.3677146434784,313.3970410823822,327.61608123779297
qp time,0,0,0,0,0,0,0,0,0,0,0,0,0,0
backward time,0,0,30.515589952468872,29.643235206604004,29.509941339492798,29.280925750732422,29.191940784454346,29.198960304260254,29.12032198905945,28.879285097122192,28.76085138320923,28.97528576850891,29.14724063873291,29.385401964187622
