Epoch, 20
Random seed, 0, forward time, 53.886550426483154, inference time, 180.79228687286377, qp time, 0, backward_time, 82.23553895950317
forward time,0,0,2.4382402896881104,2.6666128635406494,2.667145252227783,2.7078776359558105,2.7157580852508545,2.71061110496521,2.7203471660614014,2.704413652420044,2.719041109085083,2.7169699668884277,2.690619707107544,2.6797025203704834,2.6851983070373535,2.696719169616699,2.711728811264038,2.7211592197418213,2.725691080093384,2.7276039123535156,2.734626531600952,2.7464840412139893
inference time,0,0,7.722627878189087,8.49523663520813,8.507197141647339,8.815384864807129,8.949269771575928,9.183225631713867,9.153668642044067,9.160628080368042,9.137591361999512,9.139355182647705,9.086016178131104,9.041263580322266,9.139398097991943,9.125532388687134,9.222822427749634,9.26509952545166,9.315415143966675,9.384401082992554,9.415319919586182,9.532833337783813
qp time,0,0,0,0,0,0,0,0,0,0,0,0,0,0,0,0,0,0,0,0,0,0
backward time,0,0,3.6848573684692383,4.0345025062561035,4.045565366744995,4.107961416244507,4.143055438995361,4.153436183929443,4.151448011398315,4.156168699264526,4.165597200393677,4.169741630554199,4.1151556968688965,4.1038336753845215,4.1006340980529785,4.1105968952178955,4.137257099151611,4.151486873626709,4.185521364212036,4.1746156215667725,4.17792534828186,4.166178464889526
