Epoch, 13
Random seed, 0, forward time, 123.39078330993652, inference time, 1060.5216965675354, qp time, 0, backward_time, 185.29732394218445
forward time,0,0,9.22135591506958,9.481361150741577,9.486532211303711,9.380592107772827,9.396435260772705,9.500933647155762,9.688054084777832,9.747102975845337,9.550922155380249,9.436789751052856,9.379200458526611,9.478581666946411,9.642921924591064
inference time,0,0,72.6854989528656,76.74347567558289,77.60738348960876,77.13849258422852,77.64414954185486,80.07426524162292,83.19839382171631,85.87849569320679,84.3233289718628,82.94651246070862,82.64997863769531,86.5395975112915,93.09212398529053
qp time,0,0,0,0,0,0,0,0,0,0,0,0,0,0,0
backward time,0,0,14.223769187927246,14.446215391159058,14.59566855430603,14.377807855606079,14.314504861831665,14.382094383239746,14.418298959732056,14.585962295532227,14.070596933364868,13.896955728530884,13.742978811264038,13.960062742233276,14.282408237457275
