Epoch, 14
Random seed, 0, forward time, 1070.4895491600037, inference time, 13268.071858882904, qp time, 0, backward_time, 1534.8281199932098
forward time,0,0,76.11421251296997,75.99520540237427,75.10627222061157,75.48205208778381,75.32338738441467,76.01076912879944,75.90936803817749,76.39742803573608,76.50225305557251,76.32585382461548,77.08320617675781,77.61552739143372,77.99020075798035,78.63381314277649
inference time,0,0,708.7753219604492,779.1761622428894,828.3854620456696,895.2820081710815,913.1642558574677,968.1593627929688,978.3118598461151,995.863707780838,1017.590886592865,989.4542696475983,1011.4467301368713,1054.3907256126404,1054.6092565059662,1073.4618496894836
qp time,0,0,0,0,0,0,0,0,0,0,0,0,0,0,0,0
backward time,0,0,111.35988688468933,110.61381101608276,110.37902331352234,110.9490749835968,109.99169850349426,110.15217995643616,109.94826626777649,109.34616756439209,109.51871681213379,108.13603806495667,108.53790330886841,108.70601773262024,108.28556418418884,108.90377140045166
