Epoch, 4
Random seed, 0, forward time, 280.63854122161865, inference time, 24161.102330207825, qp time, 0, backward_time, 756.150801897049
forward time,0,0,69.15420174598694,68.47590565681458,70.99674224853516,72.01169157028198
inference time,0,0,5663.912981510162,5678.889898061752,6230.196074962616,6588.103375673294
qp time,0,0,0,0,0,0
backward time,0,0,190.20011019706726,186.5230405330658,190.78079628944397,188.64685487747192
