Epoch, 6
Random seed, 0, forward time, 11.232494831085205, inference time, 1395.7029433250427, qp time, 0, backward_time, 85.12510848045349
forward time,0,0,0,0,0,0,0,11.232494831085205
inference time,0,0,0,0,0,0,0,1395.7029433250427
qp time,0,0,0,0,0,0,0,0
backward time,0,0,14.285179376602173,14.140077829360962,14.1532461643219,13.767606735229492,13.93579626083374,14.843202114105225
