Epoch, 4
Random seed, 0, forward time, 276.0731818675995, inference time, 23595.667335271835, qp time, 0, backward_time, 741.5918686389923
forward time,0,0,67.20316076278687,67.08997941017151,70.67126297950745,71.10877871513367
inference time,0,0,5531.844984769821,5542.596605539322,6123.831302642822,6397.39444231987
qp time,0,0,0,0,0,0
backward time,0,0,185.0526511669159,180.40749382972717,187.3006386756897,188.83108496665955
