Epoch, 9
Random seed, 0, forward time, 316.819144487381, inference time, 1505.6827917099, qp time, 0, backward_time, 436.4435451030731
forward time,0,0,33.93145132064819,34.20609211921692,35.01385545730591,35.542797327041626,35.86762189865112,35.76545310020447,35.8355278968811,35.03482460975647,35.62152075767517
inference time,0,0,147.6065526008606,156.1619439125061,163.97181582450867,168.96990132331848,173.3626732826233,176.28497529029846,177.28377604484558,168.71484875679016,173.32630467414856
qp time,0,0,0,0,0,0,0,0,0,0,0
backward time,0,0,47.18904185295105,47.355002880096436,48.63639831542969,48.969470500946045,49.221458196640015,49.41658926010132,49.30160307884216,47.8871808052063,48.46680021286011
