Epoch, 14
Random seed, 0, forward time, 256.21601366996765, inference time, 4911.032333850861, qp time, 0, backward_time, 420.96361684799194
forward time,0,0,17.77683115005493,17.941548585891724,18.0287344455719,18.40762710571289,17.938424825668335,18.072514533996582,18.50908398628235,18.518789052963257,18.398789405822754,18.50129771232605,18.682246446609497,18.38194489479065,18.432295560836792,18.62588596343994
inference time,0,0,305.08535385131836,326.9808294773102,332.3280975818634,341.8414776325226,332.9742739200592,339.48183965682983,356.7285451889038,363.9443955421448,355.004967212677,358.80820298194885,375.46495962142944,367.5916213989258,369.4714615345001,385.32630825042725
qp time,0,0,0,0,0,0,0,0,0,0,0,0,0,0,0,0
backward time,0,0,31.612548828125,30.687297344207764,30.295562267303467,30.33091449737549,29.49350380897522,29.50869870185852,29.87199354171753,29.797372102737427,29.6577365398407,29.692008018493652,30.082947254180908,29.896240234375,29.898048400878906,30.138745307922363
