Epoch, 20
Random seed, 0, forward time, 405.79454255104065, inference time, 7912.398952245712, qp time, 0, backward_time, 672.9343812465668
forward time,0,0,19.78510618209839,19.56761646270752,19.776565313339233,20.050387620925903,20.13489270210266,20.13276982307434,20.252163887023926,20.27653670310974,20.17916965484619,20.274285316467285,20.36776828765869,20.4666428565979,20.58591628074646,20.600560188293457,20.652538061141968,20.63308095932007,20.36338782310486,20.63401985168457,20.55131196975708,20.509822607040405
inference time,0,0,394.0273199081421,380.5696680545807,385.5346269607544,388.93600630760193,390.253497838974,384.69815015792847,385.5428845882416,387.5889616012573,389.9175317287445,391.479017496109,395.28523683547974,399.6589734554291,404.329962015152,408.2590961456299,412.69715762138367,416.3134911060333,390.56515884399414,407.711549282074,394.6941945552826,404.3364677429199
qp time,0,0,0,0,0,0,0,0,0,0,0,0,0,0,0,0,0,0,0,0,0,0
backward time,0,0,35.417699337005615,33.8459734916687,33.59186124801636,33.54766488075256,33.42326736450195,33.295255184173584,33.30412530899048,33.28616499900818,33.41908550262451,33.45928478240967,33.522857666015625,33.61644458770752,33.66971302032471,33.68141007423401,33.732648611068726,33.802387714385986,33.351752281188965,33.70259714126587,33.513943910598755,33.750244140625
