Epoch, 6
Random seed, 0, forward time, 50.290175676345825, inference time, 2640.25590634346, qp time, 0, backward_time, 326.86979579925537
forward time,0,0,0,0,0,0,0,50.290175676345825
inference time,0,0,0,0,0,0,0,2640.25590634346
qp time,0,0,0,0,0,0,0,0
backward time,0,0,53.879236936569214,53.668973445892334,53.59216022491455,53.54658603668213,53.509279012680054,58.67356014251709
