Epoch, 20
Random seed, 0, forward time, 411.0474579334259, inference time, 1533.6644368171692, qp time, 0, backward_time, 624.6949756145477
forward time,0,0,19.238879203796387,19.484506368637085,19.473896980285645,19.632119178771973,19.789767503738403,19.838459491729736,20.12913990020752,19.795052766799927,21.339895486831665,21.466118097305298,21.572670698165894,21.567627906799316,21.46440029144287,21.481274366378784,21.550076484680176,20.943970680236816,21.125060319900513,20.699941158294678,20.08356022834778,20.37104082107544
inference time,0,0,64.8368628025055,66.92413425445557,67.67348790168762,69.27247977256775,69.8766074180603,69.80504870414734,72.08150315284729,70.35975766181946,80.31211614608765,81.60446524620056,82.81375193595886,83.4668915271759,83.54316782951355,84.45330548286438,85.29355430603027,81.84946894645691,83.22721099853516,80.65038204193115,76.57515001296997,79.045090675354
qp time,0,0,0,0,0,0,0,0,0,0,0,0,0,0,0,0,0,0,0,0,0,0
backward time,0,0,29.817708253860474,29.976139068603516,29.950251579284668,30.154338598251343,30.27212691307068,30.23658800125122,30.515655994415283,30.07649278640747,32.17841601371765,32.40060067176819,32.43697690963745,32.454423904418945,32.401352882385254,32.424911975860596,32.547577142715454,31.714576482772827,32.10246658325195,31.481104373931885,30.608913898468018,30.944353580474854
