Epoch, 14
Random seed, 0, forward time, 20.81918454170227, inference time, 191.95636415481567, qp time, 0, backward_time, 36.50212621688843
forward time,0,0,1.4270038604736328,1.4456281661987305,1.4299571514129639,1.4552712440490723,1.4688546657562256,1.4599976539611816,1.4870893955230713,1.513068675994873,1.5032885074615479,1.4998650550842285,1.5085058212280273,1.5413262844085693,1.5390856266021729,1.5402424335479736
inference time,0,0,12.888131141662598,13.296090602874756,13.16675853729248,13.486302614212036,13.633942365646362,13.680590391159058,13.786234140396118,14.147591352462769,13.997657060623169,13.929367303848267,13.902645826339722,14.015913724899292,14.07718563079834,13.947953462600708
qp time,0,0,0,0,0,0,0,0,0,0,0,0,0,0,0,0
backward time,0,0,2.6304736137390137,2.5566422939300537,2.52266526222229,2.5625057220458984,2.59552001953125,2.594273328781128,2.61076021194458,2.6472628116607666,2.615072011947632,2.6126463413238525,2.6119771003723145,2.649345874786377,2.6504697799682617,2.6425118446350098
