Epoch, 6
Random seed, 0, forward time, 42.75661611557007, inference time, 1842.8922989368439, qp time, 0, backward_time, 287.2825918197632
forward time,0,0,0,0,0,0,0,42.75661611557007
inference time,0,0,0,0,0,0,0,1842.8922989368439
qp time,0,0,0,0,0,0,0,0
backward time,0,0,46.90041947364807,48.068097829818726,46.70082187652588,47.03184700012207,48.17767286300659,50.403732776641846
