Epoch, 6
Random seed, 0, forward time, 5.644854307174683, inference time, 209.40282702445984, qp time, 0, backward_time, 38.72675800323486
forward time,0,0,0,0,0,0,0,5.644854307174683
inference time,0,0,0,0,0,0,0,209.40282702445984
qp time,0,0,0,0,0,0,0,0
backward time,0,0,6.328305959701538,6.326351642608643,6.375093460083008,6.561579704284668,6.68949818611145,6.445929050445557
