Epoch, 6
Random seed, 0, forward time, 15.416686534881592, inference time, 278.4313790798187, qp time, 0, backward_time, 27.654148817062378
forward time,0,0,2.5566747188568115,2.5877139568328857,2.562427282333374,2.5682945251464844,2.5675559043884277,2.5740201473236084
inference time,0,0,44.67202115058899,45.83834409713745,45.87178635597229,47.048524379730225,47.0308096408844,47.96989345550537
qp time,0,0,0,0,0,0,0,0
backward time,0,0,4.822489261627197,4.624131202697754,4.549863815307617,4.553266763687134,4.55645489692688,4.547942876815796
