Epoch, 6
Random seed, 0, forward time, 10.166030645370483, inference time, 136.03053665161133, qp time, 0, backward_time, 18.573578357696533
forward time,0,0,1.7101194858551025,1.6872949600219727,1.6959023475646973,1.682840347290039,1.6744122505187988,1.715461254119873
inference time,0,0,22.05521059036255,22.175870180130005,22.64195418357849,22.67239809036255,23.023739099502563,23.46136450767517
qp time,0,0,0,0,0,0,0,0
backward time,0,0,3.1749372482299805,3.0827555656433105,3.0890843868255615,3.071091413497925,3.0619423389434814,3.0937674045562744
