Epoch, 21
Random seed, 0, forward time, 1964.4233984947205, inference time, 25810.763635873795, qp time, 0, backward_time, 3063.288746356964
forward time,0,0,93.99445152282715,93.61081290245056,93.5297749042511,93.5152816772461,93.7051796913147,93.50558495521545,93.74524927139282,93.51328301429749,93.2051568031311,92.84933638572693,92.75188994407654,93.07130837440491,92.81097221374512,93.22444796562195,93.59601640701294,93.48943209648132,93.58130145072937,93.75256967544556,93.97006130218506,94.906503200531,94.0947847366333
inference time,0,0,1055.7370975017548,1151.1609418392181,1182.3910365104675,1217.3933935165405,1261.516741514206,1287.0627098083496,1308.5097897052765,1305.6935279369354,1243.7282428741455,1202.2997767925262,1182.2706673145294,1218.4579753875732,1188.901113986969,1191.5258181095123,1232.547653913498,1236.6878018379211,1248.1743676662445,1240.8270514011383,1251.5839612483978,1302.8467853069305,1301.4471817016602
qp time,0,0,0,0,0,0,0,0,0,0,0,0,0,0,0,0,0,0,0,0,0,0,0
backward time,0,0,152.88502717018127,152.0011694431305,149.69130730628967,147.8889558315277,147.9841592311859,148.52980518341064,147.55023050308228,148.01659440994263,148.2923069000244,144.41798901557922,144.19081020355225,143.31653690338135,143.4693148136139,141.04665517807007,141.82451272010803,144.10552144050598,143.1920464038849,142.60052490234375,143.84037518501282,144.54522395133972,143.89967966079712
