Epoch, 6
Random seed, 0, forward time, 11.021277666091919, inference time, 101.280681848526, qp time, 0, backward_time, 73.07805252075195
forward time,0,0,0,0,0,0,0,11.021277666091919
inference time,0,0,0,0,0,0,0,101.280681848526
qp time,0,0,0,0,0,0,0,0
backward time,0,0,12.147447109222412,12.069349527359009,11.941510915756226,11.915386199951172,11.979900121688843,13.024458646774292
