Epoch, 9
Random seed, 0, forward time, 3.483668565750122, inference time, 82.47630143165588, qp time, 0, backward_time, 34.2501904964447
forward time,0,0,0,0,0,0,0,0,0,0,3.483668565750122
inference time,0,0,0,0,0,0,0,0,0,0,82.47630143165588
qp time,0,0,0,0,0,0,0,0,0,0,0
backward time,0,0,3.743868827819824,3.7771778106689453,3.7646961212158203,3.77013897895813,3.7674667835235596,3.8228402137756348,3.816284418106079,3.8150794506073,3.972637891769409
