Epoch, 14
Random seed, 0, forward time, 37.04496788978577, inference time, 756.2254629135132, qp time, 0, backward_time, 65.93266201019287
forward time,0,0,2.6179800033569336,2.645836591720581,2.643468141555786,2.659341335296631,2.636121988296509,2.6453895568847656,2.6424648761749268,2.6279983520507812,2.636268377304077,2.6214983463287354,2.646902084350586,2.654581308364868,2.697416305541992,2.6697006225585938
inference time,0,0,46.624147176742554,48.24317240715027,49.25890564918518,51.263182163238525,51.51391053199768,52.67086386680603,53.407440423965454,54.071818590164185,55.93868541717529,55.52442932128906,57.07742166519165,57.952985763549805,62.141786336898804,60.53671360015869
qp time,0,0,0,0,0,0,0,0,0,0,0,0,0,0,0,0
backward time,0,0,4.986982345581055,4.716346502304077,4.679019212722778,4.703168630599976,4.684406518936157,4.679328680038452,4.666611671447754,4.641452312469482,4.679591655731201,4.646606206893921,4.662454843521118,4.692320823669434,4.7602245807647705,4.734148025512695
