Epoch, 18
Random seed, 0, forward time, 250.8264045715332, inference time, 3404.534116268158, qp time, 0, backward_time, 437.2529766559601
forward time,0,0,14.185765027999878,14.238855123519897,14.137707471847534,14.100143432617188,13.692297458648682,13.641562461853027,13.877539157867432,13.957312822341919,13.96977710723877,14.009283781051636,14.05057668685913,13.891242980957031,13.727898120880127,13.774167537689209,13.836234092712402,13.935585498809814,13.955666303634644,13.844789505004883
inference time,0,0,179.04112100601196,183.3184313774109,184.05441093444824,186.77773451805115,179.0806438922882,179.58031725883484,188.19052457809448,192.348566532135,194.9610412120819,197.12233233451843,199.5355784893036,193.96225881576538,188.1900930404663,189.69566297531128,191.1042721271515,192.42269110679626,194.12897896766663,191.0194571018219
qp time,0,0,0,0,0,0,0,0,0,0,0,0,0,0,0,0,0,0,0,0
backward time,0,0,25.94287395477295,25.416414499282837,24.924330472946167,24.696799993515015,23.976930856704712,23.804231643676758,24.103593587875366,24.16952919960022,24.240142583847046,24.28029727935791,24.324130535125732,24.065242528915405,23.779480934143066,23.872564554214478,23.877549648284912,23.941717624664307,24.00046157836914,23.836685180664062
