Epoch, 10
Random seed, 0, forward time, 420.60828042030334, inference time, 20244.578624248505, qp time, 0, backward_time, 829.134152173996
forward time,0,0,42.615689516067505,42.64890384674072,42.522106409072876,42.33238363265991,41.87645101547241,41.80340385437012,41.80901026725769,41.77930188179016,41.656657695770264,41.564372301101685
inference time,0,0,1869.5018253326416,1973.9636149406433,2033.044128894806,2042.7244727611542,2025.1477618217468,2050.177984714508,2071.3249485492706,2077.2066416740417,2052.7187609672546,2048.7684845924377
qp time,0,0,0,0,0,0,0,0,0,0,0,0
backward time,0,0,84.71149206161499,83.24485301971436,83.34918069839478,83.14652037620544,81.92674660682678,82.09336137771606,82.33653044700623,82.74714970588684,82.69124603271484,82.88707184791565
