Epoch, 15
Random seed, 0, forward time, 280.53880310058594, inference time, 1000.8994562625885, qp time, 0, backward_time, 439.39611291885376
forward time,0,0,18.536552906036377,18.37340474128723,18.630817651748657,18.74667763710022,18.772839069366455,18.557011127471924,18.670889854431152,18.69065260887146,18.69789218902588,18.880727291107178,18.558791875839233,18.85357356071472,18.838305234909058,18.849764823913574,18.880902528762817
inference time,0,0,62.60979700088501,64.99766612052917,66.40934586524963,66.86277103424072,67.67868709564209,66.79561877250671,67.404376745224,67.44614791870117,67.50962662696838,67.36420440673828,66.02952790260315,67.30177879333496,67.24914741516113,67.45048093795776,67.79027962684631
qp time,0,0,0,0,0,0,0,0,0,0,0,0,0,0,0,0,0
backward time,0,0,29.68410015106201,29.271636962890625,29.430713653564453,29.373676776885986,29.40501880645752,29.116048097610474,29.23876953125,29.26685619354248,29.1947820186615,29.353935718536377,28.784198999404907,29.28060793876648,29.293057441711426,29.301870346069336,29.400840282440186
