Epoch, 14
Random seed, 0, forward time, 189.8897190093994, inference time, 597.2105832099915, qp time, 0, backward_time, 302.47686219215393
forward time,0,0,13.500678777694702,13.352762699127197,13.398793458938599,13.461543560028076,13.285510540008545,13.41644287109375,13.493609189987183,13.549861431121826,13.595259666442871,13.656463146209717,13.795710563659668,13.744568109512329,13.803385019302368,13.835129976272583
inference time,0,0,40.253073930740356,40.92547345161438,41.380794525146484,41.8060941696167,40.66869401931763,41.735567569732666,42.52686929702759,42.76165509223938,43.28099870681763,43.63436198234558,44.563708782196045,44.32114863395691,44.5518593788147,44.800283670425415
qp time,0,0,0,0,0,0,0,0,0,0,0,0,0,0,0,0
backward time,0,0,21.390683889389038,21.377782106399536,21.480947494506836,21.50594925880432,21.262139558792114,21.461321592330933,21.620527029037476,21.603407382965088,21.700357913970947,21.685466527938843,21.90882635116577,21.802472591400146,21.876265287399292,21.80071520805359
