Epoch, 5
Random seed, 0, forward time, 270.25665736198425, inference time, 16656.450536251068, qp time, 0, backward_time, 597.3064315319061
forward time,0,0,54.613335371017456,54.314619302749634,53.9581663608551,53.74889588356018,53.62164044380188
inference time,0,0,3121.331557035446,3206.9204132556915,3313.8120052814484,3425.832624197006,3588.553936481476
qp time,0,0,0,0,0,0,0
backward time,0,0,121.49270486831665,118.60957050323486,118.56113076210022,119.02375841140747,119.61926698684692
