Epoch, 9
Random seed, 0, forward time, 2.485530376434326, inference time, 42.45460557937622, qp time, 0, backward_time, 24.838815212249756
forward time,0,0,0,0,0,0,0,0,0,0,2.485530376434326
inference time,0,0,0,0,0,0,0,0,0,0,42.45460557937622
qp time,0,0,0,0,0,0,0,0,0,0,0
backward time,0,0,2.793217182159424,2.7433671951293945,2.7101025581359863,2.7493674755096436,2.7158708572387695,2.742051362991333,2.6925606727600098,2.739440441131592,2.9528374671936035
