Epoch, 15
Random seed, 0, forward time, 63.81621956825256, inference time, 255.01779294013977, qp time, 0, backward_time, 87.66639804840088
forward time,0,0,4.211221694946289,4.232313871383667,4.239671230316162,4.254086256027222,4.15272855758667,4.126513719558716,4.12431001663208,4.260470867156982,4.300138473510742,4.302576541900635,4.293320417404175,4.325899839401245,4.315579175949097,4.3305699825286865,4.346818923950195
inference time,0,0,16.257588863372803,16.37422823905945,16.364681243896484,16.62043571472168,16.272692680358887,16.31329035758972,16.368337869644165,17.06006622314453,17.25944685935974,17.277760982513428,17.440664529800415,17.578498601913452,17.772148609161377,17.932674169540405,18.125277996063232
qp time,0,0,0,0,0,0,0,0,0,0,0,0,0,0,0,0,0
backward time,0,0,5.921128749847412,5.831829786300659,5.823199510574341,5.828039646148682,5.662142992019653,5.621118068695068,5.632708311080933,5.850603818893433,5.9040000438690186,5.909881591796875,5.8962602615356445,5.935006380081177,5.931614637374878,5.951933860778809,5.966930389404297
