Epoch, 11
Random seed, 0, forward time, 129.80980944633484, inference time, 417.96103978157043, qp time, 0, backward_time, 213.32535457611084
forward time,0,0,11.555871963500977,11.576941013336182,11.759047269821167,11.845738649368286,11.915479898452759,11.860630750656128,11.876376152038574,11.879324913024902,11.878992319107056,11.877795696258545,11.783610820770264
inference time,0,0,37.723496198654175,37.80856156349182,37.7294135093689,38.02401947975159,38.21417164802551,38.04718828201294,38.117700815200806,38.15435814857483,38.16089057922363,38.1590473651886,37.82219219207764
qp time,0,0,0,0,0,0,0,0,0,0,0,0,0
backward time,0,0,19.546149730682373,19.31564474105835,19.287402868270874,19.37127375602722,19.45331907272339,19.378567457199097,19.41110372543335,19.439098358154297,19.412729024887085,19.450864553451538,19.259201288223267
