Epoch, 14
Random seed, 0, forward time, 750.7460374832153, inference time, 50554.068895578384, qp time, 0, backward_time, 1699.8856129646301
forward time,0,0,54.613335371017456,54.314619302749634,53.9581663608551,53.74889588356018,53.62164044380188,53.41108322143555,53.32203245162964,53.308526039123535,53.64304304122925,53.49288487434387,53.91432571411133,53.25395727157593,53.073567152023315,53.06996035575867
inference time,0,0,3121.331557035446,3206.9204132556915,3313.8120052814484,3425.832624197006,3588.553936481476,3643.056986808777,3707.353930950165,3762.7698493003845,3873.2811965942383,3822.8382329940796,3853.0624947547913,3774.2202785015106,3742.683789730072,3718.3515996932983
qp time,0,0,0,0,0,0,0,0,0,0,0,0,0,0,0,0
backward time,0,0,121.49270486831665,118.60957050323486,118.56113076210022,119.02375841140747,119.61926698684692,120.3345046043396,120.93215823173523,121.16197371482849,122.75620460510254,122.79096937179565,123.19968891143799,123.41856932640076,123.68587565422058,124.29923701286316
