Epoch, 18
Random seed, 0, forward time, 262.15580201148987, inference time, 3709.2081236839294, qp time, 0, backward_time, 451.0720672607422
forward time,0,0,14.544834613800049,14.560375690460205,14.586281061172485,14.613526344299316,14.603872776031494,14.618681192398071,14.619693279266357,14.594314575195312,14.480943202972412,14.50655198097229,14.533271312713623,14.455737829208374,14.457350730895996,14.498181819915771,14.583917617797852,14.59104037284851,14.623326063156128,14.68390154838562
inference time,0,0,185.43426847457886,191.1988799571991,195.91324043273926,201.43100118637085,202.43899202346802,207.5645968914032,211.8259391784668,212.68037915229797,207.5311315059662,209.5706684589386,212.13366556167603,211.2961983680725,206.98597311973572,208.66212844848633,209.43694472312927,210.46814608573914,211.37405490875244,213.26191520690918
qp time,0,0,0,0,0,0,0,0,0,0,0,0,0,0,0,0,0,0,0,0
backward time,0,0,26.265095949172974,25.854076862335205,25.537738800048828,25.32870650291443,25.16304326057434,25.096027612686157,25.0178005695343,25.00918745994568,24.80778741836548,24.819008827209473,24.846153259277344,24.70301103591919,24.677054405212402,24.74591851234436,24.76791524887085,24.753453493118286,24.80161714553833,24.87847089767456
