Epoch, 12
Random seed, 0, forward time, 413.52510690689087, inference time, 16727.98073410988, qp time, 0, backward_time, 775.2278022766113
forward time,0,0,34.990201473236084,34.75747799873352,34.558133602142334,34.22480249404907,34.18549203872681,34.29422688484192,34.37588167190552,34.348028898239136,34.37584638595581,34.26825022697449,34.6016480922699,34.545117139816284
inference time,0,0,1278.600224494934,1304.2924292087555,1335.0156133174896,1325.7488725185394,1340.1364221572876,1368.5255403518677,1399.4424090385437,1386.3154821395874,1436.6745324134827,1440.5063254833221,1562.7874705791473,1549.9354124069214
qp time,0,0,0,0,0,0,0,0,0,0,0,0,0,0
backward time,0,0,66.04554080963135,64.38199186325073,63.903687715530396,63.760152101516724,63.83808135986328,64.09681534767151,64.27565932273865,64.33848738670349,64.75933003425598,64.69985175132751,65.47667360305786,65.65153098106384
