Epoch, 11
Random seed, 0, forward time, 39.469592809677124, inference time, 143.1580731868744, qp time, 0, backward_time, 56.941137075424194
forward time,0,0,3.5373482704162598,3.596033811569214,3.5808916091918945,3.5620179176330566,3.564819097518921,3.5912582874298096,3.5997698307037354,3.594301223754883,3.6041769981384277,3.6121742725372314,3.6268014907836914
inference time,0,0,12.221202373504639,12.500748634338379,12.553670883178711,12.757712841033936,12.787932872772217,13.009973526000977,13.107377529144287,13.281621932983398,13.42710566520691,13.634214162826538,13.8765127658844
qp time,0,0,0,0,0,0,0,0,0,0,0,0,0
backward time,0,0,5.2950921058654785,5.150895595550537,5.1724302768707275,5.1166017055511475,5.1079394817352295,5.154055833816528,5.166740417480469,5.163842439651489,5.156944036483765,5.208600282669067,5.247994899749756
