Epoch, 30
Random seed, 0, forward time, 536.9637944698334, inference time, 1844.7966575622559, qp time, 0, backward_time, 834.1504149436951
forward time,0,0,17.302902698516846,17.389382123947144,17.524373531341553,17.722068548202515,17.75474214553833,17.852850198745728,17.90030074119568,17.926651000976562,18.257511615753174,17.92071795463562,17.935617923736572,18.10816192626953,18.078670978546143,18.072109699249268,17.966360569000244,17.974421501159668,17.967410802841187,17.99389123916626,18.019937992095947,17.913928031921387,17.819058179855347,17.802826404571533,17.868760347366333,17.943267822265625,18.020155668258667,18.048378229141235,17.995482683181763,17.934417009353638,17.930604457855225,18.018832445144653
inference time,0,0,55.43900513648987,57.704204082489014,59.441800355911255,60.40882968902588,60.60765838623047,61.08354902267456,61.341851472854614,61.52690577507019,63.36910963058472,61.64069747924805,61.80477166175842,62.73828101158142,62.66163754463196,62.65756845474243,62.244425773620605,62.30085849761963,62.22331357002258,62.321672201156616,62.46638774871826,61.984113931655884,61.47662019729614,61.48597192764282,61.62084603309631,61.73439979553223,62.008219718933105,62.2319061756134,62.09745955467224,61.95541191101074,62.02065181732178,62.19852900505066
qp time,0,0,0,0,0,0,0,0,0,0,0,0,0,0,0,0,0,0,0,0,0,0,0,0,0,0,0,0,0,0,0,0
backward time,0,0,27.51972460746765,27.436426401138306,27.560064554214478,27.615742206573486,27.551505088806152,27.600298166275024,27.62287473678589,27.67062282562256,28.224363565444946,27.636587381362915,27.698888540267944,28.016386032104492,28.017057180404663,28.00183415412903,27.856894731521606,28.00073790550232,27.9723219871521,27.979833364486694,28.04093337059021,27.904143571853638,27.668336391448975,27.678019285202026,27.778383016586304,27.834378719329834,27.869826793670654,27.917333841323853,27.925598859786987,27.795117378234863,27.87145757675171,27.88472270965576
