Epoch, 10
Random seed, 0, forward time, 35.20944356918335, inference time, 124.63002252578735, qp time, 0, backward_time, 50.1661651134491
forward time,0,0,3.4683406352996826,3.521535634994507,3.530324935913086,3.5407888889312744,3.5510826110839844,3.5184738636016846,3.5139663219451904,3.5143120288848877,3.529867172241211,3.520751476287842
inference time,0,0,11.884939908981323,12.033910036087036,12.102548360824585,12.410276174545288,12.439574241638184,12.510324954986572,12.57739806175232,12.729037046432495,12.942061185836792,12.999952554702759
qp time,0,0,0,0,0,0,0,0,0,0,0,0
backward time,0,0,4.966565847396851,5.00218391418457,5.024923086166382,5.011203765869141,5.038907766342163,5.014658451080322,5.023357629776001,5.019068241119385,5.028213739395142,5.037082672119141
