Epoch, 11
Random seed, 0, forward time, 780.6795737743378, inference time, 7092.908355474472, qp time, 0, backward_time, 1116.5587558746338
forward time,0,0,69.53220462799072,70.34073567390442,70.44709897041321,70.72053909301758,70.98260593414307,71.26990818977356,71.56399416923523,71.64377021789551,71.10086297988892,71.295978307724,71.78187561035156
inference time,0,0,576.0565223693848,601.8520736694336,613.0380182266235,626.7930099964142,638.0169878005981,659.2451672554016,673.6710708141327,687.4028553962708,662.2284202575684,671.6204471588135,682.9837825298309
qp time,0,0,0,0,0,0,0,0,0,0,0,0,0
backward time,0,0,101.7243263721466,102.22822856903076,101.64080476760864,102.19226622581482,101.31043934822083,101.79907131195068,101.89201164245605,101.45426893234253,100.85878682136536,100.63131380081177,100.82723808288574
