Epoch, 9
Random seed, 0, forward time, 12.621780157089233, inference time, 39.757822036743164, qp time, 0, backward_time, 21.183002710342407
forward time,0,0,1.368694543838501,1.378075122833252,1.3894798755645752,1.3960742950439453,1.391892910003662,1.415724277496338,1.4452452659606934,1.429253101348877,1.4073407649993896
inference time,0,0,4.280739784240723,4.285367488861084,4.299196004867554,4.379849195480347,4.338831663131714,4.494611501693726,4.613197565078735,4.594720363616943,4.471308469772339
qp time,0,0,0,0,0,0,0,0,0,0,0
backward time,0,0,2.3078861236572266,2.3198165893554688,2.3252499103546143,2.3329532146453857,2.3279807567596436,2.3811252117156982,2.4319193363189697,2.4005770683288574,2.355494499206543
