Epoch, 9
Random seed, 0, forward time, 0.9758646488189697, inference time, 6.908959865570068, qp time, 0, backward_time, 10.126341342926025
forward time,0,0,0,0,0,0,0,0,0,0,0.9758646488189697
inference time,0,0,0,0,0,0,0,0,0,0,6.908959865570068
qp time,0,0,0,0,0,0,0,0,0,0,0
backward time,0,0,1.1289253234863281,1.1232202053070068,1.1210072040557861,1.120854377746582,1.1218795776367188,1.1256129741668701,1.12009859085083,1.1244945526123047,1.1402485370635986
