Epoch, 17
Random seed, 0, forward time, 698.071799993515, inference time, 32524.24626684189, qp time, 0, backward_time, 1393.8178057670593
forward time,0,0,41.141629695892334,41.43768095970154,41.52012658119202,41.54449009895325,40.990355014801025,40.79240703582764,40.563273906707764,40.881219148635864,40.81818914413452,40.812355518341064,40.86267566680908,40.79435849189758,40.88695430755615,41.0157208442688,41.13861060142517,41.37104845046997,41.500704526901245
inference time,0,0,1692.320727109909,1754.1832265853882,1828.0752193927765,1855.4672088623047,1817.806382894516,1799.5099029541016,1808.4141340255737,1917.302350282669,1935.039689540863,1937.756634235382,1950.5561201572418,1939.386902332306,1979.591224193573,1992.7104706764221,2012.7762756347656,2122.37602353096,2180.973774433136
qp time,0,0,0,0,0,0,0,0,0,0,0,0,0,0,0,0,0,0,0
backward time,0,0,82.82925343513489,81.3269772529602,81.47973871231079,81.26565551757812,80.71864056587219,80.26717782020569,80.59966850280762,81.48283839225769,81.69124150276184,81.7383291721344,82.0877058506012,82.19428396224976,82.63878011703491,83.12715721130371,83.16089272499084,83.47172379493713,83.73774123191833
