Epoch, 18
Random seed, 0, forward time, 139.18090057373047, inference time, 1050.3359575271606, qp time, 0, backward_time, 249.7136025428772
forward time,0,0,7.644565105438232,7.652116775512695,7.666044235229492,7.682932615280151,7.69062066078186,7.698046445846558,7.696892261505127,7.711633920669556,7.715052843093872,7.721503496170044,7.73530650138855,7.74310302734375,7.756835699081421,7.770973205566406,7.784103155136108,7.817209243774414,7.8434484004974365,7.850512981414795
inference time,0,0,55.673598527908325,55.948615312576294,56.29381513595581,56.717302322387695,56.99516820907593,57.34487533569336,57.583914279937744,57.923139810562134,58.270193576812744,58.55566477775574,58.94142007827759,59.16858792304993,59.44851851463318,59.73181653022766,59.98944544792175,60.47546195983887,60.5322482585907,60.7421715259552
qp time,0,0,0,0,0,0,0,0,0,0,0,0,0,0,0,0,0,0,0,0
backward time,0,0,13.98057746887207,13.841914415359497,13.747587442398071,13.73488974571228,13.693778038024902,13.708231687545776,13.703454494476318,13.722028017044067,13.771984815597534,13.811064720153809,13.875295162200928,13.907711029052734,13.939757108688354,13.958562135696411,13.999295711517334,14.047669887542725,14.110037088394165,14.15976357460022
