Epoch, 6
Random seed, 0, forward time, 11.432470083236694, inference time, 106.00088953971863, qp time, 0, backward_time, 76.90309548377991
forward time,0,0,0,0,0,0,0,11.432470083236694
inference time,0,0,0,0,0,0,0,106.00088953971863
qp time,0,0,0,0,0,0,0,0
backward time,0,0,12.893509864807129,12.590722799301147,12.59087610244751,12.611345052719116,12.603325128555298,13.613316535949707
