Epoch, 6
Random seed, 0, forward time, 5.903375625610352, inference time, 42.292969942092896, qp time, 0, backward_time, 10.76297640800476
forward time,0,0,0.9808528423309326,0.9774496555328369,0.9848089218139648,0.9822080135345459,0.9856514930725098,0.9924046993255615
inference time,0,0,7.015061378479004,6.974905490875244,7.012128829956055,7.034120321273804,7.0648112297058105,7.1919426918029785
qp time,0,0,0,0,0,0,0,0
backward time,0,0,1.8062543869018555,1.7658185958862305,1.796729326248169,1.7928590774536133,1.796621561050415,1.8046934604644775
