Epoch, 11
Random seed, 0, forward time, 135.16439008712769, inference time, 1354.301795244217, qp time, 0, backward_time, 224.4608449935913
forward time,0,0,11.879050016403198,11.989761114120483,12.320281505584717,12.466155767440796,12.532854557037354,12.580418825149536,12.515601873397827,12.368903160095215,12.2726731300354,12.21103572845459,12.02765440940857
inference time,0,0,111.8115906715393,113.04203748703003,118.09910035133362,120.76733183860779,123.43130993843079,125.99713683128357,126.68323945999146,126.83717703819275,127.95997548103333,129.30845499038696,130.36444115638733
qp time,0,0,0,0,0,0,0,0,0,0,0,0,0
backward time,0,0,20.94260597229004,20.65139627456665,20.553963661193848,20.414944648742676,20.40090560913086,20.346886157989502,20.28335475921631,20.2469379901886,20.18423628807068,20.20168709754944,20.23392653465271
