Epoch, 6
Random seed, 0, forward time, 98.97140645980835, inference time, 11681.415292978287, qp time, 0, backward_time, 729.4792077541351
forward time,0,0,0,0,0,0,0,98.97140645980835
inference time,0,0,0,0,0,0,0,11681.415292978287
qp time,0,0,0,0,0,0,0,0
backward time,0,0,121.09280347824097,120.91933107376099,120.87397193908691,120.85153079032898,120.73849606513977,125.00307440757751
