Epoch, 6
Random seed, 0, forward time, 33.85884499549866, inference time, 1119.1198081970215, qp time, 0, backward_time, 220.47587823867798
forward time,0,0,0,0,0,0,0,33.85884499549866
inference time,0,0,0,0,0,0,0,1119.1198081970215
qp time,0,0,0,0,0,0,0,0
backward time,0,0,36.483341693878174,36.13540029525757,36.16885852813721,36.160099506378174,36.20586323738098,39.322314977645874
