Epoch, 6
Random seed, 0, forward time, 9.990123987197876, inference time, 30.164836406707764, qp time, 0, backward_time, 16.16042423248291
forward time,0,0,1.6725788116455078,1.7139947414398193,1.6433680057525635,1.6530523300170898,1.650740385055542,1.6563897132873535
inference time,0,0,5.042799472808838,5.212085723876953,4.935314178466797,5.006361484527588,4.960880756378174,5.007394790649414
qp time,0,0,0,0,0,0,0,0
backward time,0,0,2.7477262020111084,2.780729055404663,2.642336845397949,2.6564345359802246,2.663194417953491,2.6700031757354736
