Epoch, 15
Random seed, 0, forward time, 772.4424023628235, inference time, 50262.39014339447, qp time, 0, backward_time, 1759.700395822525
forward time,0,0,52.77356290817261,51.63758659362793,51.88969135284424,51.086426734924316,50.954670906066895,51.21113324165344,51.481685638427734,52.0746386051178,51.56679844856262,51.675209283828735,51.50976037979126,51.31207990646362,50.81479549407959,51.209851026535034,51.24451184272766
inference time,0,0,2993.0546929836273,3046.4308383464813,3100.615124464035,3168.226904153824,3221.0474560260773,3331.1701934337616,3453.685371875763,3641.4734013080597,3593.733907222748,3568.486552476883,3544.906895160675,3492.847930908203,3346.1169459819794,3370.3415842056274,3390.2523448467255
qp time,0,0,0,0,0,0,0,0,0,0,0,0,0,0,0,0,0
backward time,0,0,117.6970648765564,113.8106906414032,113.6400933265686,113.55213904380798,114.6674370765686,115.3956606388092,116.81541419029236,117.97682547569275,118.36666989326477,119.05037140846252,119.4040596485138,119.70598316192627,119.22570562362671,120.14037728309631,120.25190353393555
