Epoch, 11
Random seed, 0, forward time, 559.8918404579163, inference time, 33562.25646972656, qp time, 0, backward_time, 1280.6571521759033
forward time,0,0,50.82422423362732,50.61855936050415,51.268433809280396,50.93404841423035,50.688019037246704,51.035630226135254,50.68605852127075,50.889819383621216,50.798163175582886,51.07612919807434,51.072755098342896
inference time,0,0,2747.5698988437653,2745.649803161621,2834.3485305309296,2930.0241231918335,2989.2901990413666,3104.558979034424,3150.107410430908,3205.7878291606903,3205.0247955322266,3344.5966868400574,3305.2982139587402
qp time,0,0,0,0,0,0,0,0,0,0,0,0,0
backward time,0,0,117.03607320785522,114.02899122238159,114.43314337730408,115.2845664024353,116.26846051216125,116.86852860450745,116.7962384223938,116.52806448936462,117.20124459266663,117.747323513031,118.46451783180237
