Epoch, 19
Random seed, 0, forward time, 19.514822959899902, inference time, 146.36986756324768, qp time, 0, backward_time, 35.7002911567688
forward time,0,0,1.0217220783233643,1.016589879989624,1.0290331840515137,1.023977279663086,1.023813247680664,1.0312566757202148,1.0257000923156738,1.022409439086914,1.0314223766326904,1.0192506313323975,1.0271880626678467,1.027785062789917,1.0280418395996094,1.0262820720672607,1.028796672821045,1.0331923961639404,1.0312769412994385,1.027357816696167,1.0397272109985352
inference time,0,0,7.42826247215271,7.397460460662842,7.503112316131592,7.4870312213897705,7.462412595748901,7.6358606815338135,7.60393762588501,7.674353361129761,7.7155139446258545,7.682697057723999,7.762437343597412,7.783238649368286,7.817918300628662,7.78065299987793,7.847970962524414,7.895290374755859,7.929516077041626,7.90458345413208,8.057617664337158
qp time,0,0,0,0,0,0,0,0,0,0,0,0,0,0,0,0,0,0,0,0,0
backward time,0,0,2.0051960945129395,1.8384966850280762,1.8637421131134033,1.862215518951416,1.847581386566162,1.879342794418335,1.8646950721740723,1.865790843963623,1.8799090385437012,1.8622827529907227,1.881169080734253,1.8829460144042969,1.875605821609497,1.883237600326538,1.8859763145446777,1.8899874687194824,1.8815178871154785,1.8656628131866455,1.8849358558654785
