Epoch, 19
Random seed, 0, forward time, 20.84793996810913, inference time, 75.41564297676086, qp time, 0, backward_time, 38.43757486343384
forward time,0,0,1.074986219406128,1.0704822540283203,1.1079988479614258,1.1284613609313965,1.0780737400054932,1.0177111625671387,1.0768754482269287,1.0680880546569824,1.1384251117706299,1.141737461090088,1.036912441253662,1.0587046146392822,1.1038002967834473,1.1071760654449463,1.11578369140625,1.1488912105560303,1.156465768814087,1.1161541938781738,1.1012120246887207
inference time,0,0,3.8748466968536377,3.839242458343506,3.9937496185302734,4.154086351394653,3.894961357116699,3.661858320236206,3.8949670791625977,3.8916373252868652,4.1532204151153564,4.16056227684021,3.7215757369995117,3.7855770587921143,4.0032570362091064,3.9749481678009033,4.051269054412842,4.1866559982299805,4.214298725128174,4.017903804779053,3.941025495529175
qp time,0,0,0,0,0,0,0,0,0,0,0,0,0,0,0,0,0,0,0,0,0
backward time,0,0,2.0741963386535645,1.9874615669250488,2.073029041290283,2.1203458309173584,2.0104176998138428,1.8743970394134521,1.9912071228027344,1.967773675918579,2.1034040451049805,2.1115458011627197,1.8920202255249023,1.9261486530303955,2.002533197402954,2.0058822631835938,2.0263094902038574,2.1152517795562744,2.128897190093994,2.030423164367676,1.996330738067627
