Epoch, 30
Random seed, 0, forward time, 331.17370104789734, inference time, 3199.4783973693848, qp time, 0, backward_time, 568.9423635005951
forward time,0,0,10.796045303344727,10.916569471359253,10.860263109207153,10.657217264175415,10.702224493026733,10.754175186157227,10.853432655334473,10.787705421447754,10.799574136734009,10.467694997787476,11.481932401657104,11.615731239318848,11.532657861709595,11.493278741836548,11.55408263206482,11.044957399368286,10.69787883758545,10.722504138946533,10.811720371246338,10.78153133392334,10.76960802078247,10.80506443977356,10.864259958267212,10.946976900100708,10.88040828704834,10.882215023040771,11.687861442565918,11.66287350654602,11.748559713363647,11.594696760177612
inference time,0,0,99.6281955242157,100.5770616531372,100.80144214630127,100.12559366226196,100.90070009231567,101.63375329971313,102.73823094367981,102.48852562904358,102.8967912197113,95.6896812915802,117.43504190444946,117.70157432556152,117.64633560180664,116.45368599891663,116.50853419303894,107.8284010887146,98.41811633110046,99.23722863197327,100.61382222175598,100.40872049331665,100.6612012386322,101.00164580345154,101.61425566673279,102.20501494407654,103.03972291946411,103.84484052658081,121.8662977218628,122.28612470626831,121.66563105583191,121.56222653388977
qp time,0,0,0,0,0,0,0,0,0,0,0,0,0,0,0,0,0,0,0,0,0,0,0,0,0,0,0,0,0,0,0,0
backward time,0,0,19.319495916366577,19.31824517250061,19.011248350143433,18.516274452209473,18.384642601013184,18.37575101852417,18.394701719284058,18.293152570724487,18.3482506275177,17.92857575416565,19.459627866744995,19.545515060424805,19.466270685195923,19.43976140022278,19.487521648406982,18.893099069595337,18.275962114334106,18.433550119400024,18.559778451919556,18.55277705192566,18.593859910964966,18.642701625823975,18.672680854797363,18.706962823867798,18.772185564041138,18.802634477615356,20.16527771949768,20.198070764541626,20.22724747657776,20.156540632247925
