Epoch, 6
Random seed, 0, forward time, 38.44055414199829, inference time, 1932.65918302536, qp time, 0, backward_time, 88.41722249984741
forward time,0,0,6.499090909957886,6.393939733505249,6.332742929458618,6.332240343093872,6.467324495315552,6.415215730667114
inference time,0,0,323.0295834541321,318.4334228038788,312.4680643081665,315.86264753341675,331.9256556034088,330.9398093223572
qp time,0,0,0,0,0,0,0,0
backward time,0,0,16.34159541130066,14.166080713272095,14.179412841796875,14.215655088424683,14.76007342338562,14.75440502166748
