Epoch, 10
Random seed, 0, forward time, 65.29457902908325, inference time, 362.95600152015686, qp time, 0, backward_time, 90.98843359947205
forward time,0,0,6.451575994491577,6.49785041809082,6.467268705368042,6.498980522155762,6.55058217048645,6.590705871582031,6.5649683475494385,6.524463891983032,6.5432586669921875,6.604924440383911
inference time,0,0,34.91457796096802,35.22312307357788,34.77348518371582,35.3180730342865,35.88884162902832,36.732858180999756,36.71679067611694,37.20126438140869,37.71740674972534,38.46958065032959
qp time,0,0,0,0,0,0,0,0,0,0,0,0
backward time,0,0,9.054511308670044,9.083061456680298,8.96980595588684,9.018125772476196,9.10977816581726,9.168126344680786,9.06619930267334,9.11004900932312,9.153210163116455,9.255566120147705
