Epoch, 9
Random seed, 0, forward time, 12.671753406524658, inference time, 115.46181416511536, qp time, 0, backward_time, 22.893761157989502
forward time,0,0,1.3931052684783936,1.394667148590088,1.3987929821014404,1.4177131652832031,1.4245009422302246,1.4001317024230957,1.3987696170806885,1.4184150695800781,1.4256575107574463
inference time,0,0,12.53199315071106,12.616153001785278,12.706023931503296,12.941150665283203,13.021158933639526,12.899091958999634,12.774522304534912,12.975563049316406,12.996157169342041
qp time,0,0,0,0,0,0,0,0,0,0,0
backward time,0,0,2.5789551734924316,2.5069568157196045,2.520801067352295,2.565701484680176,2.5741894245147705,2.533794403076172,2.5181899070739746,2.5455949306488037,2.5495779514312744
