Epoch, 35
Random seed, 0, forward time, 2579.1828870773315, inference time, 28447.850126504898, qp time, 0, backward_time, 3646.293652534485
forward time,0,0,71.04075813293457,71.40684127807617,71.4072892665863,71.62976169586182,71.98523473739624,71.9984290599823,72.05843091011047,72.36500000953674,71.92795038223267,71.76713919639587,72.04793453216553,72.81750726699829,73.46630501747131,74.09184670448303,74.47236490249634,74.59894680976868,74.85307478904724,74.69282913208008,74.67936754226685,74.5874547958374,74.76161551475525,74.66217279434204,74.48511052131653,74.44483733177185,74.78392171859741,74.77863550186157,74.78931498527527,75.17551231384277,75.13063335418701,75.20207500457764,75.06812453269958,74.67218112945557,74.70871496200562,74.26770401000977,74.35786724090576
inference time,0,0,607.5707249641418,635.9087064266205,649.8536615371704,669.9386358261108,690.8309779167175,707.7416939735413,721.6683411598206,739.0908026695251,745.0935542583466,761.5344016551971,764.9836282730103,829.3056654930115,864.3021972179413,875.5948696136475,875.3358287811279,848.0144519805908,865.2868819236755,862.0788924694061,846.5244727134705,862.5689060688019,859.2228891849518,864.7505896091461,853.9340722560883,842.0630576610565,857.2036402225494,852.7351605892181,856.3071649074554,879.7614812850952,874.3177425861359,895.2638301849365,882.3298184871674,881.250158071518,891.1177144050598,865.1092891693115,869.2562229633331
qp time,0,0,0,0,0,0,0,0,0,0,0,0,0,0,0,0,0,0,0,0,0,0,0,0,0,0,0,0,0,0,0,0,0,0,0,0,0
backward time,0,0,105.25803017616272,105.13826394081116,104.2999792098999,104.57520961761475,103.96935963630676,103.99650716781616,103.67080473899841,103.45771193504333,102.61192560195923,102.47920298576355,102.3328812122345,102.3582992553711,102.72399997711182,103.38935446739197,103.6890766620636,103.17089223861694,103.7903995513916,103.37866425514221,103.43555569648743,103.71341681480408,103.77770328521729,104.03765511512756,104.075763463974,104.09860324859619,104.32887434959412,104.87174201011658,105.10077047348022,105.7131495475769,105.64583778381348,106.00189423561096,106.04876327514648,105.88548970222473,105.50554490089417,104.9323992729187,104.82992672920227
