Epoch, 18
Random seed, 0, forward time, 1761.0446138381958, inference time, 13860.28651022911, qp time, 0, backward_time, 2423.0342226028442
forward time,0,0,95.89088749885559,96.19127249717712,96.39651036262512,96.80133008956909,97.1824460029602,97.36107540130615,97.53694105148315,97.26750230789185,97.20300245285034,97.51740026473999,97.85617876052856,98.44595241546631,98.73967552185059,99.23824644088745,99.10459899902344,99.31117558479309,99.51908779144287,99.48133039474487
inference time,0,0,632.5923280715942,668.9566264152527,682.628960609436,697.4965472221375,726.3773145675659,747.1300468444824,769.5128815174103,755.670735836029,754.815792798996,771.8885014057159,787.7029435634613,807.4256217479706,819.8471119403839,840.4352660179138,853.4019784927368,841.4830405712128,849.7564418315887,853.1643707752228
qp time,0,0,0,0,0,0,0,0,0,0,0,0,0,0,0,0,0,0,0,0
backward time,0,0,136.26953959465027,136.41773128509521,135.41235661506653,135.13228368759155,135.40090990066528,135.30674695968628,135.36922669410706,133.71312308311462,132.85058093070984,133.7402675151825,133.7049744129181,133.5131607055664,133.7874038219452,134.35468816757202,134.26984238624573,134.251939535141,134.95644235610962,134.58300495147705
