Epoch, 7
Random seed, 0, forward time, 81.55033564567566, inference time, 9348.917583703995, qp time, 0, backward_time, 272.35134625434875
forward time,0,0,11.677693367004395,11.812210083007812,11.862443923950195,11.449047803878784,11.503901243209839,11.641337871551514,11.60370135307312
inference time,0,0,1387.1381900310516,1413.7393939495087,1340.5283606052399,1301.3067030906677,1306.7986707687378,1297.4484016895294,1301.9578635692596
qp time,0,0,0,0,0,0,0,0,0
backward time,0,0,41.56233191490173,39.058640003204346,38.736953020095825,37.91127920150757,38.06364417076111,38.37381982803345,38.64467811584473
