Epoch, 20
Random seed, 0, forward time, 669.2710106372833, inference time, 25975.89542388916, qp time, 0, backward_time, 1266.770179271698
forward time,0,0,33.57386779785156,33.44656467437744,33.449527740478516,33.35406684875488,33.5369598865509,33.506850719451904,33.54721403121948,33.638832569122314,33.43913459777832,33.183136224746704,32.76254940032959,32.778560161590576,33.1632616519928,33.223246812820435,33.84023666381836,33.61632537841797,33.58034300804138,33.58411908149719,33.74678945541382,34.299423933029175
inference time,0,0,1133.5251653194427,1157.6790707111359,1188.7912709712982,1187.8350055217743,1224.504045009613,1224.9678139686584,1242.988864660263,1261.6706111431122,1239.4546880722046,1163.7354717254639,1122.1329083442688,1128.0012679100037,1329.6777243614197,1331.8939101696014,1521.90683054924,1469.6772129535675,1463.462744474411,1471.3880796432495,1498.8651626110077,1613.7375757694244
qp time,0,0,0,0,0,0,0,0,0,0,0,0,0,0,0,0,0,0,0,0,0,0
backward time,0,0,64.25494861602783,62.49891424179077,62.25833344459534,61.949912309646606,62.216328859329224,62.254926443099976,62.39859127998352,62.81278109550476,62.39744019508362,61.81231880187988,62.106788873672485,62.39461421966553,63.461939096450806,63.54854083061218,64.95973515510559,64.67264246940613,64.62667036056519,64.78889894485474,65.05628061294556,66.29957342147827
