Epoch, 6
Random seed, 0, forward time, 14.00297999382019, inference time, 167.88534212112427, qp time, 0, backward_time, 93.6573097705841
forward time,0,0,0,0,0,0,0,14.00297999382019
inference time,0,0,0,0,0,0,0,167.88534212112427
qp time,0,0,0,0,0,0,0,0
backward time,0,0,15.464050054550171,15.386555194854736,15.345545530319214,15.401176691055298,15.400121927261353,16.659860372543335
