Epoch, 16
Random seed, 0, forward time, 111.26097559928894, inference time, 668.4499626159668, qp time, 0, backward_time, 156.5030119419098
forward time,0,0,6.755487680435181,6.997204303741455,6.917984247207642,6.981205701828003,7.224047660827637,7.110592365264893,6.76937460899353,6.963979005813599,7.004739761352539,6.839283227920532,6.9496307373046875,7.0298686027526855,6.844244003295898,6.963787317276001,7.030477285385132,6.879069089889526
inference time,0,0,37.23542332649231,38.63608193397522,37.76527810096741,37.702898263931274,39.854578495025635,40.50969743728638,38.66998338699341,42.01607823371887,43.36244821548462,41.108683586120605,44.0121545791626,46.03668546676636,42.89789843559265,46.09348917007446,47.93702530860901,44.61155867576599
qp time,0,0,0,0,0,0,0,0,0,0,0,0,0,0,0,0,0,0
backward time,0,0,9.789766788482666,9.892199516296387,9.723183631896973,9.713537216186523,9.962237119674683,9.847294569015503,9.426060199737549,9.727503538131714,9.82803750038147,9.57288146018982,9.800097942352295,9.967775821685791,9.65735387802124,9.88830280303955,10.000375270843506,9.706404685974121
