Epoch, 15
Random seed, 0, forward time, 38.724191188812256, inference time, 129.01490139961243, qp time, 0, backward_time, 59.46810436248779
forward time,0,0,2.5718209743499756,2.578685998916626,2.5855252742767334,2.5737059116363525,2.559760093688965,2.6055595874786377,2.591615915298462,2.605837821960449,2.5933210849761963,2.5954744815826416,2.5872509479522705,2.5840067863464355,2.5478169918060303,2.5671775341033936,2.576631784439087
inference time,0,0,8.209446668624878,8.315568208694458,8.338773727416992,8.474137544631958,8.428500175476074,8.750805854797363,8.675171613693237,8.77335524559021,8.71913743019104,8.705830097198486,8.754199981689453,8.72455906867981,8.651182889938354,8.668643236160278,8.825589656829834
qp time,0,0,0,0,0,0,0,0,0,0,0,0,0,0,0,0,0
backward time,0,0,3.9540581703186035,3.976602077484131,3.967853546142578,3.9517617225646973,3.9295737743377686,3.9968252182006836,3.97697377204895,4.002595901489258,3.9733242988586426,3.999572992324829,3.967323064804077,3.983121156692505,3.9078896045684814,3.9179799556732178,3.96264910697937
