Epoch, 20
Random seed, 0, forward time, 234.79655027389526, inference time, 751.6212520599365, qp time, 0, backward_time, 383.1005163192749
forward time,0,0,11.41080093383789,11.66550064086914,11.92290735244751,11.917716979980469,11.987113952636719,12.021468162536621,12.071537256240845,12.033333539962769,11.895232439041138,11.904885292053223,11.916000127792358,11.949616193771362,11.956960201263428,11.672868967056274,11.431106567382812,11.438020944595337,11.446298122406006,11.46671175956726,11.367627143859863,11.320843696594238
inference time,0,0,36.89989495277405,37.90047883987427,38.21359586715698,38.2213978767395,38.394286155700684,38.58189558982849,38.793466329574585,38.699644804000854,38.187073945999146,38.20109272003174,38.20843696594238,38.32603335380554,38.549654960632324,37.21734976768494,36.27991962432861,36.25536346435547,36.32600736618042,36.614108085632324,36.01938986778259,35.73216152191162
qp time,0,0,0,0,0,0,0,0,0,0,0,0,0,0,0,0,0,0,0,0,0,0
backward time,0,0,19.086222648620605,19.30732274055481,19.390264749526978,19.38864016532898,19.462257146835327,19.529011249542236,19.605536460876465,19.571687936782837,19.295818090438843,19.31441307067871,19.295928716659546,19.362895250320435,19.482037782669067,18.966923236846924,18.6520094871521,18.703588485717773,18.697248935699463,18.743849515914917,18.62406277656555,18.620797872543335
