Epoch, 14
Random seed, 0, forward time, 46.55375003814697, inference time, 1123.8799777030945, qp time, 0, backward_time, 86.18439602851868
forward time,0,0,3.280123710632324,3.2969632148742676,3.302152395248413,3.3383872509002686,3.390052318572998,3.367288112640381,3.3042171001434326,3.314652681350708,3.31860613822937,3.319718837738037,3.31837797164917,3.3163552284240723,3.335413694381714,3.3514413833618164
inference time,0,0,73.67800521850586,74.34433364868164,75.04661297798157,76.79327893257141,79.90677285194397,80.37754559516907,80.01666522026062,81.52290749549866,82.31979370117188,82.90075397491455,83.26577615737915,83.35345244407654,84.67455291748047,85.6795265674591
qp time,0,0,0,0,0,0,0,0,0,0,0,0,0,0,0,0
backward time,0,0,6.60322117805481,6.127661466598511,6.1118152141571045,6.1699254512786865,6.218064785003662,6.156304121017456,6.045535326004028,6.058487176895142,6.082447052001953,6.093363523483276,6.067367315292358,6.116877317428589,6.121891975402832,6.2114341259002686
