Epoch, 6
Random seed, 0, forward time, 14.335496664047241, inference time, 176.74975538253784, qp time, 0, backward_time, 98.95899105072021
forward time,0,0,0,0,0,0,0,14.335496664047241
inference time,0,0,0,0,0,0,0,176.74975538253784
qp time,0,0,0,0,0,0,0,0
backward time,0,0,16.705482006072998,16.42591953277588,15.886971473693848,16.187884092330933,16.68886423110962,17.06386971473694
