Epoch, 11
Random seed, 0, forward time, 201.35582900047302, inference time, 682.4982013702393, qp time, 0, backward_time, 307.8463456630707
forward time,0,0,17.703803777694702,17.907508611679077,18.09526562690735,18.311779737472534,18.308517932891846,18.369986295700073,18.46496033668518,18.527706384658813,18.56350564956665,18.5386700630188,18.564124584197998
inference time,0,0,56.28682065010071,59.00047278404236,61.14108419418335,62.38831663131714,62.36367321014404,62.807213306427,63.21262311935425,63.5308141708374,63.825754165649414,63.88839554786682,64.05303359031677
qp time,0,0,0,0,0,0,0,0,0,0,0,0,0
backward time,0,0,27.537954807281494,27.817424058914185,27.980588674545288,28.10473132133484,27.924262285232544,27.965492486953735,28.021453619003296,28.04768967628479,28.130773305892944,28.142908573150635,28.17306685447693
