Epoch, 13
Random seed, 0, forward time, 44.47907590866089, inference time, 1078.9475886821747, qp time, 0, backward_time, 83.01901364326477
forward time,0,0,3.366013526916504,3.3842227458953857,3.3909575939178467,3.4146621227264404,3.414541006088257,3.415680170059204,3.42155122756958,3.4283673763275146,3.44268536567688,3.450009346008301,3.4713094234466553,3.449836492538452,3.429239511489868
inference time,0,0,76.7458918094635,77.75015163421631,78.46854448318481,80.30374836921692,80.96006894111633,82.4730794429779,83.40640306472778,84.59705448150635,86.00748634338379,86.32722997665405,88.62659978866577,87.41784048080444,85.86348986625671
qp time,0,0,0,0,0,0,0,0,0,0,0,0,0,0,0
backward time,0,0,6.818830966949463,6.253946781158447,6.234489440917969,6.2721781730651855,6.272152900695801,6.304419755935669,6.332963705062866,6.343351602554321,6.363819599151611,6.430053949356079,6.483598947525024,6.47036075592041,6.438847064971924
