Epoch, 14
Random seed, 0, forward time, 164.09423327445984, inference time, 531.8437759876251, qp time, 0, backward_time, 269.3953802585602
forward time,0,0,11.22121262550354,11.384673357009888,11.643159866333008,11.570255756378174,11.66314148902893,11.791001796722412,11.816266775131226,11.819827556610107,11.712773084640503,11.897433519363403,11.911115884780884,11.955844163894653,11.848681688308716,11.858845710754395
inference time,0,0,36.37748694419861,37.24302911758423,37.58248519897461,37.399776458740234,37.66141653060913,38.19467067718506,38.30722618103027,38.26445984840393,37.930872678756714,38.64021944999695,38.64005923271179,38.73535108566284,38.425737380981445,38.44098520278931
qp time,0,0,0,0,0,0,0,0,0,0,0,0,0,0,0,0
backward time,0,0,18.950576782226562,18.992591381072998,19.091336011886597,18.952613830566406,19.045169830322266,19.248047828674316,19.28548264503479,19.309908390045166,19.102852821350098,19.494815349578857,19.46855401992798,19.585209846496582,19.42074680328369,19.447474718093872
