Epoch, 23
Random seed, 0, forward time, 31.013864994049072, inference time, 96.27653694152832, qp time, 0, backward_time, 51.62969899177551
forward time,0,0,1.3354439735412598,1.3382105827331543,1.3362011909484863,1.3408479690551758,1.3407292366027832,1.344243049621582,1.3461008071899414,1.3453261852264404,1.3483428955078125,1.3473341464996338,1.3456425666809082,1.3463034629821777,1.352860450744629,1.348557949066162,1.3517589569091797,1.3513329029083252,1.3525731563568115,1.3561930656433105,1.355675220489502,1.3559253215789795,1.355630874633789,1.3625109195709229,1.3561201095581055
inference time,0,0,4.115770578384399,4.094919919967651,4.09248423576355,4.156035423278809,4.129786968231201,4.170419692993164,4.149536609649658,4.183756113052368,4.164620876312256,4.160202741622925,4.198213338851929,4.158000707626343,4.227345705032349,4.170029640197754,4.222527742385864,4.200425148010254,4.198875188827515,4.229431629180908,4.216311931610107,4.268420696258545,4.2274556159973145,4.303411483764648,4.238554954528809
qp time,0,0,0,0,0,0,0,0,0,0,0,0,0,0,0,0,0,0,0,0,0,0,0,0,0
backward time,0,0,2.2362453937530518,2.2316768169403076,2.230588436126709,2.2376835346221924,2.238110065460205,2.2432940006256104,2.2380290031433105,2.2413694858551025,2.2467377185821533,2.2409145832061768,2.245185136795044,2.2391905784606934,2.249213695526123,2.243934154510498,2.2447521686553955,2.241633653640747,2.248030424118042,2.255916118621826,2.2511179447174072,2.2592005729675293,2.253596544265747,2.2613253593444824,2.251953601837158
