Epoch, 5
Random seed, 0, forward time, 339.9647719860077, inference time, 28638.497076511383, qp time, 0, backward_time, 919.5420317649841
forward time,0,0,66.83472561836243,66.463383436203,67.29321026802063,71.70664358139038,67.66680908203125
inference time,0,0,5428.694618225098,5477.593913316727,5560.940644264221,6423.726917743683,5747.540982961655
qp time,0,0,0,0,0,0,0
backward time,0,0,184.69741559028625,178.82077932357788,179.49666285514832,193.83310222625732,182.69407176971436
