Epoch, 24
Random seed, 0, forward time, 105.56429958343506, inference time, 446.07507038116455, qp time, 0, backward_time, 147.46285915374756
forward time,0,0,4.318658351898193,4.3317930698394775,4.315648555755615,4.309325456619263,4.348266363143921,4.366424083709717,4.38395619392395,4.396717071533203,4.409578323364258,4.4156811237335205,4.432403087615967,4.441691160202026,4.395740985870361,4.3948023319244385,4.414529085159302,4.404335021972656,4.513855218887329,4.510362386703491,4.441939830780029,4.3839216232299805,4.444549560546875,4.399637937545776,4.39678430557251,4.393698453903198
inference time,0,0,16.801281452178955,16.85786485671997,16.776230812072754,17.022234439849854,17.339906930923462,17.636414766311646,17.761149168014526,17.953120708465576,18.00540256500244,18.095053672790527,18.36369776725769,18.485114097595215,18.46042823791504,18.57412362098694,18.768831491470337,18.982768297195435,19.885249853134155,20.187358379364014,19.82711100578308,19.797876834869385,19.84664273262024,20.090171098709106,20.258411407470703,20.2986261844635
qp time,0,0,0,0,0,0,0,0,0,0,0,0,0,0,0,0,0,0,0,0,0,0,0,0,0,0
backward time,0,0,6.136460304260254,6.050782918930054,5.9895100593566895,5.96132755279541,6.063123464584351,6.0926353931427,6.112214803695679,6.124145030975342,6.135580778121948,6.14645791053772,6.165376663208008,6.151833534240723,6.081921815872192,6.086374282836914,6.12058687210083,6.145119905471802,6.3758721351623535,6.3782877922058105,6.266814470291138,6.168536186218262,6.151555776596069,6.191672086715698,6.189537286758423,6.1771321296691895
