Epoch, 6
Random seed, 0, forward time, 19.708191633224487, inference time, 379.87883591651917, qp time, 0, backward_time, 132.3847050666809
forward time,0,0,0,0,0,0,0,19.708191633224487
inference time,0,0,0,0,0,0,0,379.87883591651917
qp time,0,0,0,0,0,0,0,0
backward time,0,0,21.79842710494995,21.662569999694824,21.75868558883667,21.797215700149536,22.103214740753174,23.264591932296753
