Epoch, 10
Random seed, 0, forward time, 87.07426905632019, inference time, 713.7324724197388, qp time, 0, backward_time, 151.27788400650024
forward time,0,0,8.557617664337158,8.514450788497925,8.63526701927185,8.724022388458252,8.744781017303467,8.754773378372192,8.770080804824829,8.775711297988892,8.787035465240479,8.810529232025146
inference time,0,0,67.81975030899048,68.34702920913696,70.27442574501038,71.18550252914429,71.8611421585083,72.30084204673767,72.61654877662659,72.86413335800171,73.11818957328796,73.34490871429443
qp time,0,0,0,0,0,0,0,0,0,0,0,0
backward time,0,0,15.532111644744873,15.101955652236938,15.096803665161133,15.07817792892456,15.067850589752197,15.07979440689087,15.057976722717285,15.080926179885864,15.07268500328064,15.109602212905884
