Epoch, 12
Random seed, 0, forward time, 17.384265184402466, inference time, 159.57925152778625, qp time, 0, backward_time, 31.010764598846436
forward time,0,0,1.423421859741211,1.4118683338165283,1.4137775897979736,1.4422059059143066,1.4547832012176514,1.421323537826538,1.4759392738342285,1.4349772930145264,1.456965684890747,1.4822087287902832,1.5039329528808594,1.4628608226776123
inference time,0,0,12.807604789733887,12.84381890296936,12.928916215896606,13.240780591964722,13.481333255767822,13.233041524887085,13.668079376220703,13.236019134521484,13.379805088043213,13.686213493347168,13.788171529769897,13.285467624664307
qp time,0,0,0,0,0,0,0,0,0,0,0,0,0,0
backward time,0,0,2.576754570007324,2.5439298152923584,2.5484325885772705,2.5982859134674072,2.619812488555908,2.5670788288116455,2.6218888759613037,2.5582218170166016,2.5766282081604004,2.6105117797851562,2.61942195892334,2.5697977542877197
