Epoch, 4
Random seed, 0, forward time, 301.00042510032654, inference time, 26904.34017777443, qp time, 0, backward_time, 797.4750680923462
forward time,0,0,74.85589599609375,75.01199221611023,75.51999068260193,75.61254620552063
inference time,0,0,6484.704631567001,6608.381719589233,6827.660407066345,6983.593419551849
qp time,0,0,0,0,0,0
backward time,0,0,202.70314621925354,198.05752897262573,198.1055748462677,198.60881805419922
