Epoch, 10
Random seed, 0, forward time, 88.21553444862366, inference time, 308.2991111278534, qp time, 0, backward_time, 157.98771715164185
forward time,0,0,8.537781953811646,8.758955955505371,8.791021585464478,8.922396421432495,8.896496534347534,8.856731653213501,8.848952054977417,8.850534439086914,8.860341310501099,8.892322540283203
inference time,0,0,30.37061357498169,30.54744601249695,30.616914987564087,31.097628355026245,31.035484552383423,30.905864477157593,30.82594633102417,30.843188047409058,30.965107917785645,31.090916872024536
qp time,0,0,0,0,0,0,0,0,0,0,0,0
backward time,0,0,15.515871524810791,15.6311776638031,15.671070098876953,15.920008420944214,15.901405811309814,15.826680421829224,15.820783138275146,15.84976577758789,15.891433477401733,15.959520816802979
