Epoch, 15
Random seed, 0, forward time, 86.65098333358765, inference time, 407.324688911438, qp time, 0, backward_time, 121.74334263801575
forward time,0,0,5.868825435638428,5.756551265716553,5.894157648086548,5.790805339813232,5.844134330749512,5.797135829925537,5.929314613342285,5.6629509925842285,5.760953664779663,5.8436431884765625,5.7251060009002686,5.63795018196106,5.7971155643463135,5.707339763641357,5.634999513626099
inference time,0,0,24.75930953025818,25.28102135658264,25.02442979812622,25.86923909187317,26.17015051841736,26.931458234786987,27.380104064941406,27.149958610534668,27.666573524475098,27.646758556365967,28.609450101852417,28.201281547546387,28.91619610786438,28.593860626220703,29.124897241592407
qp time,0,0,0,0,0,0,0,0,0,0,0,0,0,0,0,0,0
backward time,0,0,8.242533445358276,8.24088454246521,8.292828798294067,8.126763105392456,8.217698574066162,8.10336184501648,8.2476065158844,8.064034461975098,8.005843877792358,8.081110954284668,8.16379714012146,7.975558042526245,8.002170085906982,8.034139394760132,7.945011854171753
