Epoch, 18
Random seed, 0, forward time, 548.095983505249, inference time, 18830.318386793137, qp time, 0, backward_time, 925.6100301742554
forward time,0,0,29.78503942489624,29.026055574417114,28.811169624328613,28.79502511024475,28.93762493133545,29.191911458969116,29.586328506469727,29.773863554000854,30.299476385116577,30.711951971054077,31.31214666366577,31.558214902877808,31.676440000534058,31.58385443687439,31.67903232574463,31.78783941268921,31.767078161239624,31.812931060791016
inference time,0,0,886.2395765781403,910.5285384654999,921.2213325500488,955.613082408905,994.4003252983093,1046.9635133743286,1059.1461298465729,1055.336972951889,1079.443920135498,1075.7145867347717,1072.8413116931915,1085.9372901916504,1098.7836842536926,1089.228453874588,1107.2359447479248,1130.6185619831085,1131.1587862968445,1129.9063754081726
qp time,0,0,0,0,0,0,0,0,0,0,0,0,0,0,0,0,0,0,0,0
backward time,0,0,53.392107248306274,51.04512810707092,50.583253383636475,50.4987907409668,50.49300956726074,50.54659056663513,50.658496141433716,50.51698875427246,50.923051834106445,51.08435869216919,51.299973487854004,51.554168939590454,51.771064043045044,51.68526911735535,52.00867533683777,52.370766401290894,52.528027057647705,52.650310754776
