Epoch, 23
Random seed, 0, forward time, 49.77847146987915, inference time, 157.81030869483948, qp time, 0, backward_time, 78.85254216194153
forward time,0,0,2.1080753803253174,2.1259303092956543,2.143143653869629,2.155747652053833,2.1528024673461914,2.152221918106079,2.1637516021728516,2.1651225090026855,2.1728622913360596,2.152855634689331,2.1746339797973633,2.1704702377319336,2.159705877304077,2.1795108318328857,2.17791748046875,2.1707470417022705,2.1795408725738525,2.1778225898742676,2.1752712726593018,2.177346706390381,2.170750617980957,2.1896233558654785,2.1826171875
inference time,0,0,6.538078784942627,6.546021938323975,6.579809665679932,6.692165374755859,6.65341591835022,6.717572450637817,6.705267429351807,6.7790162563323975,6.80292010307312,6.741595268249512,6.891944169998169,6.85898232460022,6.873430013656616,6.930271625518799,7.015428304672241,6.936113357543945,6.99502158164978,7.030858993530273,7.0377748012542725,7.087256908416748,7.041001558303833,7.197879791259766,7.158482074737549
qp time,0,0,0,0,0,0,0,0,0,0,0,0,0,0,0,0,0,0,0,0,0,0,0,0,0
backward time,0,0,3.439307928085327,3.3692569732666016,3.393688440322876,3.4012770652770996,3.4106314182281494,3.418492317199707,3.4173643589019775,3.4273319244384766,3.433666706085205,3.4069406986236572,3.4364304542541504,3.430187940597534,3.4114012718200684,3.453436851501465,3.46195650100708,3.4299027919769287,3.4510366916656494,3.447413444519043,3.4467859268188477,3.439922571182251,3.425004243850708,3.455899715423584,3.4452059268951416
