Epoch, 14
Random seed, 0, forward time, 729.3614463806152, inference time, 47977.48631262779, qp time, 0, backward_time, 1639.5444569587708
forward time,0,0,52.88899302482605,51.74272274971008,51.76439690589905,51.9895441532135,51.946022510528564,52.34136080741882,52.37753176689148,52.736762285232544,52.2267370223999,51.92662525177002,51.638408184051514,51.820868730545044,52.170363903045654,51.79110908508301
inference time,0,0,2981.381438970566,3016.7313888072968,3096.364206314087,3251.5933690071106,3384.894864797592,3558.355155944824,3635.6966075897217,3742.423129081726,3663.6527926921844,3606.367038011551,3505.909598827362,3535.40278172493,3568.2742915153503,3430.4396493434906
qp time,0,0,0,0,0,0,0,0,0,0,0,0,0,0,0,0
backward time,0,0,116.871333360672,113.19056820869446,113.36185789108276,114.53833627700806,115.77250957489014,116.36741256713867,117.3242757320404,118.65660214424133,118.21113681793213,118.10181832313538,118.22425103187561,119.26634407043457,120.13019013404846,119.52782082557678
