Epoch, 15
Random seed, 0, forward time, 515.9332790374756, inference time, 20280.942226409912, qp time, 0, backward_time, 971.1417188644409
forward time,0,0,34.792895555496216,34.761435985565186,34.66851806640625,34.607712745666504,34.716256618499756,34.71472144126892,34.47631096839905,34.69091033935547,34.39772605895996,34.08718514442444,33.95402812957764,34.047280073165894,34.25190758705139,33.66309666633606,34.103293657302856
inference time,0,0,1193.1612124443054,1209.9400401115417,1247.294319152832,1280.5488204956055,1309.957837820053,1332.7770702838898,1311.2383253574371,1332.812617778778,1390.966682434082,1420.195336341858,1420.2991497516632,1466.1644189357758,1531.6760103702545,1335.517207145691,1498.393177986145
qp time,0,0,0,0,0,0,0,0,0,0,0,0,0,0,0,0,0
backward time,0,0,66.28911352157593,64.76303744316101,64.48562550544739,64.46335339546204,64.52186512947083,64.53435754776001,64.43239164352417,64.34561443328857,64.02371001243591,64.06782960891724,64.4454505443573,64.94024562835693,65.52474761009216,64.62690091133118,65.67747592926025
