Epoch, 6
Random seed, 0, forward time, 26.50072479248047, inference time, 642.3135240077972, qp time, 0, backward_time, 174.0435848236084
forward time,0,0,0,0,0,0,0,26.50072479248047
inference time,0,0,0,0,0,0,0,642.3135240077972
qp time,0,0,0,0,0,0,0,0
backward time,0,0,28.872801065444946,28.74495267868042,28.5971040725708,28.598609685897827,28.573843479156494,30.65627384185791
