Epoch, 6
Random seed, 0, forward time, 336.4953451156616, inference time, 2591.0330064296722, qp time, 0, backward_time, 474.18794441223145
forward time,0,0,55.321903467178345,55.56580090522766,55.68200182914734,56.17443561553955,56.736114263534546,57.01508903503418
inference time,0,0,364.9283378124237,392.98873496055603,419.512823343277,446.9241485595703,472.1217255592346,494.5572361946106
qp time,0,0,0,0,0,0,0,0
backward time,0,0,79.32961821556091,78.97206425666809,78.5915777683258,78.88896107673645,79.16113948822021,79.24458360671997
