Epoch, 6
Random seed, 0, forward time, 13.688894033432007, inference time, 162.6098997592926, qp time, 0, backward_time, 92.49130916595459
forward time,0,0,0,0,0,0,0,13.688894033432007
inference time,0,0,0,0,0,0,0,162.6098997592926
qp time,0,0,0,0,0,0,0,0
backward time,0,0,15.362159013748169,15.396922826766968,15.399057388305664,15.206236600875854,14.9643235206604,16.162609815597534
