Epoch, 34
Random seed, 0, forward time, 473.96902084350586, inference time, 1541.3168590068817, qp time, 0, backward_time, 746.572386264801
forward time,0,0,14.06091046333313,14.217077493667603,14.08455491065979,14.086091756820679,14.03792691230774,14.018118143081665,14.116544723510742,14.246289014816284,14.362066745758057,13.675253868103027,13.676621437072754,13.697618961334229,13.778015851974487,13.50737476348877,13.612468242645264,13.667399644851685,13.687627077102661,13.749881744384766,13.753090858459473,13.736090183258057,13.798992395401001,13.835204362869263,13.912372350692749,13.958367586135864,13.99824595451355,14.013175964355469,14.021514654159546,13.995487213134766,14.026890277862549,14.069760084152222,14.104552507400513,14.163240194320679,14.145020723342896,14.155173778533936
inference time,0,0,44.04120445251465,45.84154939651489,45.95962429046631,46.300333738327026,46.21978211402893,46.39694261550903,46.94362807273865,47.25852870941162,47.564403772354126,44.323127031326294,44.48211050033569,44.62680959701538,44.947771310806274,42.92540645599365,43.40946173667908,43.776142597198486,43.91961431503296,44.28661060333252,44.43185830116272,44.39300894737244,44.65737771987915,44.98311972618103,45.129700660705566,45.31442475318909,45.477492809295654,45.71836757659912,45.73963284492493,45.62463665008545,45.83007597923279,45.970885038375854,46.08823537826538,46.28964686393738,46.16378307342529,46.28156137466431
qp time,0,0,0,0,0,0,0,0,0,0,0,0,0,0,0,0,0,0,0,0,0,0,0,0,0,0,0,0,0,0,0,0,0,0,0,0
backward time,0,0,22.64013433456421,22.95022702217102,22.6603581905365,22.647306203842163,22.50777792930603,22.460160732269287,22.529942989349365,22.68258023262024,22.663756132125854,21.649130821228027,21.613327503204346,21.60474944114685,21.670507669448853,21.35361337661743,21.42507553100586,21.572187423706055,21.500582456588745,21.681647539138794,21.601568460464478,21.599790334701538,21.662800788879395,21.661412954330444,21.782265424728394,21.738367319107056,21.813832759857178,21.850597620010376,21.858670949935913,21.78750777244568,21.791665077209473,21.83837580680847,21.923913955688477,21.95927619934082,21.94632863998413,21.942946672439575
