Epoch, 10
Random seed, 0, forward time, 35.092578411102295, inference time, 126.24749565124512, qp time, 0, backward_time, 50.426270723342896
forward time,0,0,3.475693941116333,3.496190309524536,3.4991536140441895,3.4939050674438477,3.4932546615600586,3.530344009399414,3.534996271133423,3.518982410430908,3.5265417098999023,3.5235164165496826
inference time,0,0,12.08703899383545,12.216514825820923,12.30077052116394,12.518940448760986,12.53169846534729,12.781598567962646,12.80004096031189,12.873210191726685,13.018088817596436,13.119593858718872
qp time,0,0,0,0,0,0,0,0,0,0,0,0
backward time,0,0,5.207118988037109,5.001617193222046,4.9919114112854,4.999351978302002,4.989760160446167,5.0462965965271,5.054286003112793,5.041874170303345,5.050081729888916,5.043972492218018
