Epoch, 14
Random seed, 0, forward time, 77.79276061058044, inference time, 3234.1248931884766, qp time, 0, backward_time, 157.1817376613617
forward time,0,0,5.681464672088623,5.616055011749268,5.771711587905884,5.5050623416900635,5.509369134902954,5.489516019821167,5.504131555557251,5.504472970962524,5.514718055725098,5.5122668743133545,5.535949230194092,5.518938779830933,5.601506948471069,5.527597427368164
inference time,0,0,227.45618391036987,230.21288537979126,234.93345069885254,226.1044363975525,225.8424153327942,227.95599699020386,227.81153178215027,230.90470480918884,234.90225529670715,227.6415457725525,234.05998349189758,231.1367428302765,240.45637965202332,234.7063808441162
qp time,0,0,0,0,0,0,0,0,0,0,0,0,0,0,0,0
backward time,0,0,11.837126731872559,11.026169776916504,11.155433416366577,10.889832496643066,10.8900728225708,10.9610013961792,11.061009168624878,11.17571759223938,11.262788534164429,11.25304126739502,11.36531114578247,11.358152389526367,11.499069452285767,11.447011470794678
