Epoch, 16
Random seed, 0, forward time, 84.14582371711731, inference time, 397.43776750564575, qp time, 0, backward_time, 117.42731046676636
forward time,0,0,5.191808700561523,5.204420566558838,5.242977142333984,5.2591283321380615,5.2351109981536865,5.252390623092651,5.285766839981079,5.290821075439453,5.239893436431885,5.262206077575684,5.25725245475769,5.2784528732299805,5.283952474594116,5.296843767166138,5.307098388671875,5.257699966430664
inference time,0,0,23.072274923324585,23.289134979248047,23.42398238182068,23.818015098571777,23.77146816253662,24.34728741645813,24.774328470230103,25.238518953323364,25.110299587249756,25.232338428497314,25.5290470123291,25.600114345550537,25.795741319656372,25.940195083618164,26.280025243759155,26.214996099472046
qp time,0,0,0,0,0,0,0,0,0,0,0,0,0,0,0,0,0,0
backward time,0,0,7.3659138679504395,7.288790941238403,7.348771572113037,7.346970558166504,7.257293462753296,7.3127217292785645,7.378080368041992,7.41224479675293,7.287781000137329,7.347029685974121,7.318748950958252,7.339082717895508,7.340299367904663,7.378725290298462,7.400015115737915,7.304841041564941
