Epoch, 9
Random seed, 0, forward time, 15.335137367248535, inference time, 46.35800886154175, qp time, 0, backward_time, 24.807016372680664
forward time,0,0,1.6691510677337646,1.6754059791564941,1.6744701862335205,1.6883625984191895,1.6882085800170898,1.6934840679168701,1.7273316383361816,1.7540714740753174,1.7646517753601074
inference time,0,0,5.0613853931427,5.0575597286224365,5.039987564086914,5.11652946472168,5.07182240486145,5.12519907951355,5.207735776901245,5.327979326248169,5.3498101234436035
qp time,0,0,0,0,0,0,0,0,0,0,0
backward time,0,0,2.770911693572998,2.7005114555358887,2.6861064434051514,2.717534065246582,2.7144670486450195,2.7227554321289062,2.7845141887664795,2.8395702838897705,2.870645761489868
