Epoch, 15
Random seed, 0, forward time, 20.17340922355652, inference time, 63.93452262878418, qp time, 0, backward_time, 34.15022349357605
forward time,0,0,1.328678846359253,1.3388638496398926,1.340034008026123,1.3450939655303955,1.344590187072754,1.3307373523712158,1.3268420696258545,1.3413352966308594,1.3502662181854248,1.3551795482635498,1.347736120223999,1.3391776084899902,1.3563551902770996,1.3622963428497314,1.366222620010376
inference time,0,0,4.164066314697266,4.187802076339722,4.18408465385437,4.2585227489471436,4.225670337677002,4.222086191177368,4.17025089263916,4.274745464324951,4.278189420700073,4.2939512729644775,4.312952518463135,4.235418796539307,4.365081071853638,4.348996162414551,4.412704706192017
qp time,0,0,0,0,0,0,0,0,0,0,0,0,0,0,0,0,0
backward time,0,0,2.2892823219299316,2.2679731845855713,2.2771103382110596,2.2808632850646973,2.2775914669036865,2.252387523651123,2.240023136138916,2.2700774669647217,2.2860424518585205,2.2848169803619385,2.2755239009857178,2.260037660598755,2.2916793823242188,2.297398328781128,2.2994160652160645
