Epoch, 6
Random seed, 0, forward time, 448.28860664367676, inference time, 41423.0387737751, qp time, 0, backward_time, 1177.1355738639832
forward time,0,0,74.02164363861084,75.15483260154724,74.6689465045929,74.8673574924469,74.9586193561554,74.61720705032349
inference time,0,0,6282.014240026474,6729.302983522415,6886.844730615616,7014.401620864868,7201.5973217487335,7308.877876996994
qp time,0,0,0,0,0,0,0,0
backward time,0,0,195.06237816810608,194.97964715957642,194.70159649848938,196.68572473526,197.9518940448761,197.75433325767517
