Epoch, 11
Random seed, 0, forward time, 14.804146766662598, inference time, 136.88917756080627, qp time, 0, backward_time, 26.841358184814453
forward time,0,0,1.3278706073760986,1.3411481380462646,1.3359031677246094,1.3411157131195068,1.340733289718628,1.3364081382751465,1.3480110168457031,1.357090950012207,1.355438232421875,1.365734577178955,1.3546929359436035
inference time,0,0,12.112636089324951,12.304312705993652,12.304302215576172,12.38681435585022,12.411197662353516,12.481470346450806,12.49252462387085,12.612088441848755,12.5881986618042,12.668480396270752,12.527152061462402
qp time,0,0,0,0,0,0,0,0,0,0,0,0,0
backward time,0,0,2.4668405055999756,2.418151617050171,2.4325852394104004,2.449065923690796,2.4453721046447754,2.4362800121307373,2.4425997734069824,2.4511260986328125,2.4449174404144287,2.4448204040527344,2.4095990657806396
