Epoch, 13
Random seed, 0, forward time, 372.47215580940247, inference time, 11690.059161424637, qp time, 0, backward_time, 649.9175703525543
forward time,0,0,28.825615882873535,27.99231505393982,27.821269273757935,27.805011510849,27.94515895843506,28.03965139389038,28.28478693962097,28.584266424179077,28.898162841796875,29.05216097831726,29.363028526306152,29.596025228500366,30.264702796936035
inference time,0,0,820.6403889656067,803.7791032791138,824.5812036991119,857.5858631134033,893.7031860351562,917.0553593635559,933.6409635543823,940.2748312950134,952.5302975177765,936.5837850570679,936.2925972938538,937.0083694458008,936.3832128047943
qp time,0,0,0,0,0,0,0,0,0,0,0,0,0,0,0
backward time,0,0,52.49475574493408,49.55943846702576,49.35237908363342,49.244325160980225,49.29192399978638,49.313891887664795,49.50536274909973,49.69654130935669,50.05773401260376,50.077449560165405,50.33450794219971,50.501370906829834,50.487889528274536
