Epoch, 28
Random seed, 0, forward time, 238.7098069190979, inference time, 832.7008583545685, qp time, 0, backward_time, 430.01044058799744
forward time,0,0,8.579357624053955,8.720646142959595,8.589205265045166,8.405758142471313,8.432611227035522,8.549943923950195,8.550685405731201,8.554000854492188,8.54116702079773,8.545532703399658,8.561305522918701,8.498499155044556,8.497122287750244,8.474310159683228,8.51073670387268,8.497032642364502,8.548350095748901,8.50629711151123,8.50666093826294,8.521560668945312,8.514690160751343,8.499069213867188,8.51564359664917,8.497236967086792,8.513382196426392,8.52794885635376,8.521955251693726,8.529097080230713
inference time,0,0,30.38561177253723,30.30873942375183,29.820390939712524,29.177674293518066,29.218629121780396,29.7179172039032,29.758321523666382,29.807649850845337,29.7821843624115,29.791211366653442,29.84497356414795,29.62705421447754,29.590166091918945,29.56718921661377,29.70518970489502,29.6857693195343,29.849870443344116,29.71115255355835,29.685694217681885,29.685534715652466,29.72029161453247,29.696911811828613,29.718481302261353,29.679155588150024,29.70755624771118,29.86885952949524,29.80250597000122,29.78617238998413
qp time,0,0,0,0,0,0,0,0,0,0,0,0,0,0,0,0,0,0,0,0,0,0,0,0,0,0,0,0,0,0
backward time,0,0,15.716114282608032,15.621025562286377,15.325660228729248,15.008773565292358,15.039339303970337,15.295372724533081,15.308972597122192,15.346059799194336,15.318413734436035,15.3483304977417,15.391463279724121,15.256619215011597,15.256992101669312,15.252369403839111,15.358137130737305,15.353902816772461,15.461392641067505,15.403403759002686,15.386069774627686,15.363099575042725,15.400483131408691,15.381290674209595,15.383824586868286,15.365396738052368,15.383493900299072,15.44108772277832,15.42305612564087,15.420295715332031
