Epoch, 9
Random seed, 0, forward time, 4.273810625076294, inference time, 130.1649558544159, qp time, 0, backward_time, 41.613627910614014
forward time,0,0,0,0,0,0,0,0,0,0,4.273810625076294
inference time,0,0,0,0,0,0,0,0,0,0,130.1649558544159
qp time,0,0,0,0,0,0,0,0,0,0,0
backward time,0,0,4.660306453704834,4.528377532958984,4.5881359577178955,4.580674648284912,4.6191887855529785,4.565887689590454,4.61382794380188,4.607285499572754,4.849943399429321
