Epoch, 17
Random seed, 0, forward time, 196.9217231273651, inference time, 22788.558606863022, qp time, 0, backward_time, 663.0017194747925
forward time,0,0,11.598737001419067,11.433085441589355,11.438112497329712,11.488523721694946,11.520413875579834,11.575066328048706,11.624581098556519,11.642250537872314,11.641911506652832,11.591170310974121,11.598551511764526,11.588069438934326,11.70221757888794,11.871453523635864,11.87285828590393,11.395249605178833,11.339470863342285
inference time,0,0,1387.1443846225739,1374.5576846599579,1322.539171218872,1318.3462748527527,1315.8885533809662,1312.134869337082,1317.313039302826,1310.633071422577,1328.831627368927,1309.4459750652313,1337.4100222587585,1327.1506757736206,1366.4465923309326,1424.020560503006,1399.8204350471497,1313.7207612991333,1323.1549084186554
qp time,0,0,0,0,0,0,0,0,0,0,0,0,0,0,0,0,0,0,0
backward time,0,0,45.11246848106384,38.04055595397949,37.65876293182373,37.87030601501465,37.95295548439026,38.05554986000061,38.389012575149536,38.34467816352844,38.39004349708557,38.5143084526062,38.636544704437256,38.74914741516113,39.13617205619812,39.61530327796936,39.68148159980774,39.430030822753906,39.42439818382263
