Epoch, 10
Random seed, 0, forward time, 25.438899993896484, inference time, 470.189927816391, qp time, 0, backward_time, 45.587072134017944
forward time,0,0,2.5151407718658447,2.5277440547943115,2.5373384952545166,2.5458199977874756,2.5410327911376953,2.5416197776794434,2.549159049987793,2.5539634227752686,2.559781074523926,2.56730055809021
inference time,0,0,43.60914659500122,44.699432611465454,45.20536279678345,46.40081715583801,46.79039239883423,47.63288497924805,47.991644859313965,48.67907214164734,49.19829535484314,49.98287892341614
qp time,0,0,0,0,0,0,0,0,0,0,0,0
backward time,0,0,4.83739972114563,4.513987302780151,4.513249158859253,4.504816293716431,4.518253803253174,4.524260759353638,4.533702611923218,4.549745321273804,4.543440103530884,4.548217058181763
