Epoch, 9
Random seed, 0, forward time, 159.53295636177063, inference time, 544.8909366130829, qp time, 0, backward_time, 247.18121314048767
forward time,0,0,17.13029909133911,17.53654980659485,17.60279154777527,17.93297290802002,17.734278202056885,17.831749200820923,17.85000705718994,17.8979754447937,18.01633310317993
inference time,0,0,54.99712634086609,58.4486768245697,59.7613525390625,61.74577593803406,61.067233085632324,61.82080149650574,61.91395449638367,62.27954602241516,62.85646986961365
qp time,0,0,0,0,0,0,0,0,0,0,0
backward time,0,0,26.9378182888031,27.55464220046997,27.43444538116455,27.760392665863037,27.399978160858154,27.436336755752563,27.45157504081726,27.52190852165222,27.68411612510681
