Epoch, 23
Random seed, 0, forward time, 106.07911157608032, inference time, 469.69585704803467, qp time, 0, backward_time, 150.3172709941864
forward time,0,0,4.664634943008423,4.340240001678467,4.722935199737549,4.396688222885132,4.734893321990967,4.4962475299835205,4.624793767929077,4.621306896209717,4.522325277328491,4.788275241851807,4.395634651184082,4.967507839202881,4.391429424285889,4.899174928665161,4.402436256408691,4.734487295150757,4.634262800216675,4.497097969055176,4.844807863235474,4.3937084674835205,4.921941757202148,4.498307943344116,4.5859739780426025
inference time,0,0,18.607402801513672,17.254404544830322,18.965003490447998,17.829139232635498,19.539353609085083,18.69847536087036,19.52471685409546,19.6360285282135,19.074365377426147,20.89278292655945,18.70101833343506,22.87447190284729,19.024640321731567,22.994584560394287,19.46843957901001,21.96939444541931,21.326014280319214,20.620867013931274,23.616711139678955,20.22370457649231,24.95008111000061,21.41936182975769,22.4848952293396
qp time,0,0,0,0,0,0,0,0,0,0,0,0,0,0,0,0,0,0,0,0,0,0,0,0,0
backward time,0,0,6.676693916320801,6.0889599323272705,6.68966269493103,6.137913703918457,6.676488161087036,6.297070264816284,6.5351903438568115,6.528839349746704,6.318887948989868,6.784410715103149,6.136248826980591,7.138602018356323,6.12180233001709,7.042719125747681,6.204730033874512,6.787596702575684,6.607702016830444,6.346101760864258,6.997771739959717,6.188986301422119,7.103681802749634,6.37996506690979,6.5272462368011475
