Epoch, 6
Random seed, 0, forward time, 17.122271060943604, inference time, 256.7956118583679, qp time, 0, backward_time, 116.21151852607727
forward time,0,0,0,0,0,0,0,17.122271060943604
inference time,0,0,0,0,0,0,0,256.7956118583679
qp time,0,0,0,0,0,0,0,0
backward time,0,0,19.288456201553345,19.247024059295654,19.07689595222473,19.124367237091064,19.038299798965454,20.43647527694702
