Epoch, 7
Random seed, 0, forward time, 81.20407295227051, inference time, 9281.63634467125, qp time, 0, backward_time, 267.9274220466614
forward time,0,0,11.522216796875,11.546389102935791,11.468522548675537,11.576955318450928,11.576287508010864,11.681796073913574,11.831905603408813
inference time,0,0,1341.3208270072937,1332.9669935703278,1312.8053214550018,1325.9717605113983,1324.2259783744812,1315.5463585853577,1328.799105167389
qp time,0,0,0,0,0,0,0,0,0
backward time,0,0,41.41649651527405,37.24531102180481,37.344682455062866,37.56201982498169,37.7950394153595,38.1116726398468,38.452200174331665
