Epoch, 6
Random seed, 0, forward time, 311.2830402851105, inference time, 17947.95983695984, qp time, 0, backward_time, 695.1756222248077
forward time,0,0,52.32030415534973,51.77754354476929,52.29023218154907,51.663331747055054,51.443387269973755,51.788241386413574
inference time,0,0,2850.7168951034546,2866.6670739650726,2930.3569672107697,3040.121586561203,3068.8799498081207,3191.2173643112183
qp time,0,0,0,0,0,0,0,0
backward time,0,0,116.62479972839355,114.43408823013306,115.15802907943726,115.57485294342041,116.04766750335693,117.33618474006653
