Epoch, 12
Random seed, 0, forward time, 427.3096692562103, inference time, 2088.6784772872925, qp time, 0, backward_time, 592.8038694858551
forward time,0,0,34.721431493759155,34.92210340499878,35.08275890350342,35.53198766708374,35.38616919517517,35.089698791503906,35.42868900299072,35.37548351287842,35.669798135757446,36.572962522506714,36.758495569229126,36.77009105682373
inference time,0,0,154.85967206954956,164.43506145477295,167.36178541183472,172.39769792556763,170.4878785610199,170.72146677970886,176.1923496723175,175.152414560318,177.1303403377533,186.9194152355194,186.8400948047638,186.18030047416687
qp time,0,0,0,0,0,0,0,0,0,0,0,0,0,0
backward time,0,0,49.014140605926514,49.22970247268677,49.29255795478821,49.556530237197876,48.92964005470276,48.738234996795654,49.38852310180664,49.095746994018555,49.204646825790405,50.049132108688354,50.103758573532104,50.201255559921265
