Epoch, 6
Random seed, 0, forward time, 17.145084619522095, inference time, 253.36937952041626, qp time, 0, backward_time, 116.11678838729858
forward time,0,0,0,0,0,0,0,17.145084619522095
inference time,0,0,0,0,0,0,0,253.36937952041626
qp time,0,0,0,0,0,0,0,0
backward time,0,0,19.425880670547485,19.389091730117798,18.823051691055298,18.831992626190186,19.270923852920532,20.375847816467285
