Epoch, 14
Random seed, 0, forward time, 476.9863851070404, inference time, 17336.184476614, qp time, 0, backward_time, 892.3326823711395
forward time,0,0,34.11348271369934,33.970173597335815,33.81603717803955,33.929025650024414,34.01926851272583,34.031102418899536,34.06125235557556,34.07405352592468,34.231250286102295,34.27603054046631,34.17109441757202,34.13261675834656,34.060545921325684,34.10045123100281
inference time,0,0,1120.566196680069,1129.0466248989105,1165.0747752189636,1180.8840777873993,1199.8008456230164,1222.5308549404144,1224.821480512619,1249.8856959342957,1288.3230848312378,1287.5834910869598,1310.1586771011353,1326.4304223060608,1310.976054906845,1320.1021947860718
qp time,0,0,0,0,0,0,0,0,0,0,0,0,0,0,0,0
backward time,0,0,64.85781979560852,63.07810020446777,62.84880876541138,62.786938428878784,62.678059816360474,62.872615814208984,62.90161418914795,63.32247281074524,63.757288455963135,64.0623710155487,64.42281222343445,64.77033400535583,64.84819054603577,65.12525629997253
