Epoch, 15
Random seed, 0, forward time, 420.87642550468445, inference time, 12872.290033578873, qp time, 0, backward_time, 733.6577880382538
forward time,0,0,28.036200284957886,27.870643615722656,27.785318851470947,27.640835285186768,27.70014524459839,27.769693613052368,27.775882244110107,28.106929540634155,28.115615367889404,28.20098900794983,28.218201398849487,28.13845157623291,28.457863092422485,28.53818678855896,28.521469593048096
inference time,0,0,808.5393347740173,831.9750008583069,854.8061487674713,857.4483888149261,879.0024089813232,900.7394390106201,876.3928034305573,879.6748859882355,875.8426656723022,880.3997240066528,867.9827792644501,838.7879874706268,863.3256747722626,822.5212666988373,834.8515250682831
qp time,0,0,0,0,0,0,0,0,0,0,0,0,0,0,0,0,0
backward time,0,0,51.38305401802063,49.863128900527954,49.476784467697144,48.9014949798584,48.56300926208496,48.650901317596436,48.238709688186646,48.35151648521423,48.43793535232544,48.612390995025635,48.64652490615845,48.57197451591492,48.725226640701294,48.569495677948,48.66564083099365
