Epoch, 9
Random seed, 0, forward time, 23.10488510131836, inference time, 427.2644109725952, qp time, 0, backward_time, 41.46262860298157
forward time,0,0,2.5361764430999756,2.565845012664795,2.560570001602173,2.5722172260284424,2.579979181289673,2.5662779808044434,2.5698699951171875,2.568751811981201,2.5851974487304688
inference time,0,0,43.74043107032776,45.316651582717896,45.78146457672119,47.140976428985596,47.74864721298218,48.40150594711304,48.924506187438965,49.320950746536255,50.88927721977234
qp time,0,0,0,0,0,0,0,0,0,0,0
backward time,0,0,4.893112897872925,4.559873342514038,4.566665887832642,4.578235864639282,4.581595182418823,4.561387300491333,4.578893184661865,4.56515908241272,4.5777058601379395
