Epoch, 6
Random seed, 0, forward time, 74.53526306152344, inference time, 8869.92900276184, qp time, 0, backward_time, 237.70078945159912
forward time,0,0,11.97922682762146,12.188178062438965,12.339012622833252,12.513655424118042,12.670581579208374,12.844608545303345
inference time,0,0,1469.7180290222168,1484.106125831604,1466.0059661865234,1486.0269787311554,1480.6447587013245,1483.4271442890167
qp time,0,0,0,0,0,0,0,0
backward time,0,0,42.63702845573425,38.33052110671997,38.78606343269348,39.02762174606323,39.31126832962036,39.60828638076782
