Epoch, 4
Random seed, 0, forward time, 245.03056049346924, inference time, 24695.13445496559, qp time, 0, backward_time, 678.0495934486389
forward time,0,0,61.38347625732422,60.94672751426697,61.13251090049744,61.567845821380615
inference time,0,0,5986.644826889038,6092.574620246887,6225.425305843353,6390.489701986313
qp time,0,0,0,0,0,0
backward time,0,0,173.54681777954102,167.8626582622528,167.9592945575714,168.68082284927368
