Epoch, 23
Random seed, 0, forward time, 1755.5976572036743, inference time, 21161.49413585663, qp time, 0, backward_time, 2507.986967086792
forward time,0,0,73.34760236740112,74.06733798980713,74.17090368270874,74.91641640663147,75.11142325401306,75.18793153762817,75.37434267997742,75.59331321716309,75.02086329460144,75.03351879119873,76.04944372177124,76.24686288833618,76.67510890960693,77.04445600509644,77.63199782371521,77.91369819641113,77.81566715240479,77.92912244796753,78.1560332775116,78.14983654022217,78.43554544448853,77.89105129241943,77.83518028259277
inference time,0,0,650.7895550727844,702.9830837249756,736.3164780139923,763.3188025951385,810.6711304187775,843.027245759964,874.6968739032745,891.5929155349731,865.6705226898193,871.3397161960602,952.56485247612,971.352441072464,981.183887720108,980.2513687610626,1006.2224972248077,993.9188451766968,1001.4746127128601,1024.2281918525696,1042.0971415042877,1043.1936631202698,1054.7351348400116,1047.369347333908,1052.4958281517029
qp time,0,0,0,0,0,0,0,0,0,0,0,0,0,0,0,0,0,0,0,0,0,0,0,0,0
backward time,0,0,109.97058510780334,110.037362575531,108.85859274864197,108.25610733032227,108.62491631507874,108.93193030357361,109.15805459022522,109.02742266654968,107.99266481399536,107.45298624038696,108.56220769882202,108.0358054637909,108.52109575271606,108.6160659790039,109.52670216560364,108.2852737903595,108.66989231109619,109.2561764717102,109.56788921356201,109.96578121185303,110.29014253616333,109.99946999549866,110.3798418045044
