Epoch, 6
Random seed, 0, forward time, 27.067530632019043, inference time, 106.43999791145325, qp time, 0, backward_time, 37.66865801811218
forward time,0,0,4.474370718002319,4.493196725845337,4.5164406299591064,4.531644105911255,4.522959232330322,4.528919219970703
inference time,0,0,17.16575336456299,17.30580735206604,17.502791166305542,17.91825771331787,18.152313232421875,18.39507508277893
qp time,0,0,0,0,0,0,0,0
backward time,0,0,6.312185764312744,6.228166103363037,6.253968715667725,6.266018867492676,6.302287340164185,6.306031227111816
