Epoch, 6
Random seed, 0, forward time, 40.83576941490173, inference time, 1750.9522349834442, qp time, 0, backward_time, 280.8024733066559
forward time,0,0,0,0,0,0,0,40.83576941490173
inference time,0,0,0,0,0,0,0,1750.9522349834442
qp time,0,0,0,0,0,0,0,0
backward time,0,0,46.86475396156311,46.729204416275024,46.73710370063782,46.69639468193054,46.79258990287781,46.98242664337158
