Epoch, 16
Random seed, 0, forward time, 281.36088609695435, inference time, 4852.265861749649, qp time, 0, backward_time, 465.26511812210083
forward time,0,0,17.37048316001892,17.204076290130615,16.64934754371643,17.878114223480225,17.908374547958374,17.510321378707886,17.29383134841919,17.427067756652832,17.365585803985596,18.23795771598816,18.308721780776978,17.9427433013916,17.55285096168518,17.508129596710205,17.47733449935913,17.725946187973022
inference time,0,0,272.8240957260132,276.7351357936859,265.5503418445587,309.5579044818878,309.6787152290344,293.98951959609985,283.67359828948975,287.643830537796,291.40591502189636,348.67679595947266,354.3466281890869,328.48497319221497,306.14961433410645,301.30222272872925,303.05310344696045,319.19346737861633
qp time,0,0,0,0,0,0,0,0,0,0,0,0,0,0,0,0,0,0
backward time,0,0,30.7329044342041,29.601571798324585,28.369410276412964,29.770190477371216,29.51441502571106,28.849083185195923,28.401180744171143,28.416539430618286,28.415818691253662,29.534429788589478,29.63866138458252,29.172174215316772,28.698309421539307,28.640418529510498,28.591129302978516,28.9188814163208
