Epoch, 10
Random seed, 0, forward time, 16.411170959472656, inference time, 49.565945863723755, qp time, 0, backward_time, 26.545321702957153
forward time,0,0,1.6374375820159912,1.6330034732818604,1.6322987079620361,1.6405551433563232,1.640359878540039,1.6438229084014893,1.6416380405426025,1.638052225112915,1.6385154724121094,1.66548752784729
inference time,0,0,4.9666218757629395,4.951906442642212,4.931386709213257,4.977788925170898,4.937463283538818,4.985478639602661,4.954332113265991,4.9635608196258545,4.937848329544067,4.959558725357056
qp time,0,0,0,0,0,0,0,0,0,0,0,0
backward time,0,0,2.7078120708465576,2.6460115909576416,2.64973783493042,2.644592523574829,2.6457643508911133,2.6506900787353516,2.654799222946167,2.6505329608917236,2.6467628479003906,2.648618221282959
