Epoch, 12
Random seed, 0, forward time, 440.10962986946106, inference time, 19549.47221016884, qp time, 0, backward_time, 813.9191172122955
forward time,0,0,36.7504301071167,36.655537843704224,36.73001742362976,36.40189337730408,36.27177953720093,36.43864107131958,36.35270285606384,36.241856813430786,36.29712677001953,36.45589876174927,36.409687757492065,39.1040575504303
inference time,0,0,1356.5201649665833,1436.3259732723236,1497.0100581645966,1524.1390421390533,1563.6435046195984,1597.544017791748,1629.8820230960846,1650.1845569610596,1698.1700265407562,1781.3751537799835,1810.7847442626953,2003.892944574356
qp time,0,0,0,0,0,0,0,0,0,0,0,0,0,0
backward time,0,0,68.93023252487183,67.32025051116943,66.97224426269531,66.55822443962097,66.52624320983887,66.57279992103577,66.76676940917969,66.7723286151886,67.2405264377594,68.26825952529907,68.52453947067261,73.46669888496399
