Epoch, 6
Random seed, 0, forward time, 169.15852570533752, inference time, 704.5087134838104, qp time, 0, backward_time, 243.89802479743958
forward time,0,0,28.08484983444214,27.974281549453735,28.073484420776367,28.230731964111328,28.350433111190796,28.44474482536316
inference time,0,0,108.8763976097107,113.98890113830566,117.58155632019043,120.28638052940369,122.10961771011353,121.66586017608643
qp time,0,0,0,0,0,0,0,0
backward time,0,0,40.623987674713135,40.479708433151245,40.58745622634888,40.81923055648804,40.83274698257446,40.55489492416382
