Epoch, 25
Random seed, 0, forward time, 56.87778663635254, inference time, 186.0500385761261, qp time, 0, backward_time, 91.45577216148376
forward time,0,0,2.3402884006500244,2.2898101806640625,2.265970468521118,2.2697577476501465,2.2871780395507812,2.274840831756592,2.274360418319702,2.262657403945923,2.2568106651306152,2.2500545978546143,2.2362570762634277,2.233698844909668,2.2486319541931152,2.260158061981201,2.244077682495117,2.276773452758789,2.2925305366516113,2.2902002334594727,2.2928411960601807,2.3135221004486084,2.300792932510376,2.2985408306121826,2.308187961578369,2.2608933448791504,2.2489516735076904
inference time,0,0,6.94968318939209,7.0545783042907715,7.032801151275635,7.131629228591919,7.1149749755859375,7.136200666427612,7.140890121459961,7.215857267379761,7.114066123962402,7.144915580749512,7.134490013122559,7.112249851226807,7.31130576133728,7.263129949569702,7.33490252494812,7.49377179145813,7.750339031219482,7.798136472702026,7.8621110916137695,8.145698547363281,8.071089744567871,8.084183931350708,8.126699209213257,7.822857141494751,7.703476905822754
qp time,0,0,0,0,0,0,0,0,0,0,0,0,0,0,0,0,0,0,0,0,0,0,0,0,0,0,0
backward time,0,0,3.9992220401763916,3.64676570892334,3.6324641704559326,3.636669635772705,3.6756834983825684,3.6578927040100098,3.650162696838379,3.6484804153442383,3.5882649421691895,3.6115832328796387,3.5537350177764893,3.57094669342041,3.613445520401001,3.591604709625244,3.6035008430480957,3.6425089836120605,3.7092127799987793,3.675837993621826,3.690937042236328,3.725501775741577,3.7029500007629395,3.699782133102417,3.709526777267456,3.6279754638671875,3.5911173820495605
