Epoch, 12
Random seed, 0, forward time, 21.244834184646606, inference time, 64.30691504478455, qp time, 0, backward_time, 34.19616937637329
forward time,0,0,1.7709100246429443,1.739185094833374,1.7799005508422852,1.7841804027557373,1.7699825763702393,1.7732195854187012,1.7745747566223145,1.7667536735534668,1.761551856994629,1.78647780418396,1.7716741561889648,1.7664237022399902
inference time,0,0,5.376707315444946,5.25799036026001,5.3835484981536865,5.3972837924957275,5.308729410171509,5.371944427490234,5.333540916442871,5.345060110092163,5.319488763809204,5.414742946624756,5.430593013763428,5.367285490036011
qp time,0,0,0,0,0,0,0,0,0,0,0,0,0,0
backward time,0,0,2.9339678287506104,2.799042224884033,2.8662424087524414,2.8446717262268066,2.8327062129974365,2.8513967990875244,2.8475124835968018,2.823765993118286,2.8268299102783203,2.878248929977417,2.8507418632507324,2.841042995452881
