Epoch, 15
Random seed, 0, forward time, 179.98673725128174, inference time, 1830.936823606491, qp time, 0, backward_time, 302.38264060020447
forward time,0,0,11.437155485153198,11.721874237060547,12.042054414749146,12.203028917312622,12.269385814666748,12.338470697402954,12.248450517654419,12.017320394515991,12.06658411026001,12.093157291412354,11.911578178405762,12.098285436630249,12.06641936302185,12.072418928146362,11.400553464889526
inference time,0,0,108.06460952758789,111.5767228603363,114.98464632034302,117.05098700523376,119.9246015548706,122.4857497215271,123.49272751808167,121.63797116279602,127.19632506370544,129.41981983184814,129.75002932548523,129.7963261604309,130.46208596229553,130.7948453426361,114.29937624931335
qp time,0,0,0,0,0,0,0,0,0,0,0,0,0,0,0,0,0
backward time,0,0,20.381371021270752,20.42728042602539,20.34730339050293,20.30566644668579,20.201695919036865,20.116151809692383,20.06079602241516,19.911163091659546,20.08137345314026,20.154412508010864,20.140440225601196,20.271750688552856,20.335658311843872,20.38749670982361,19.260080575942993
