Epoch, 6
Random seed, 0, forward time, 6.6677680015563965, inference time, 327.94037652015686, qp time, 0, backward_time, 44.43452024459839
forward time,0,0,0,0,0,0,0,6.6677680015563965
inference time,0,0,0,0,0,0,0,327.94037652015686
qp time,0,0,0,0,0,0,0,0
backward time,0,0,7.452621221542358,7.355620861053467,7.348180294036865,7.364121675491333,7.369745969772339,7.544230222702026
