Epoch, 12
Random seed, 0, forward time, 24.667540073394775, inference time, 76.16224598884583, qp time, 0, backward_time, 39.00129461288452
forward time,0,0,1.9768640995025635,1.987401008605957,1.9923725128173828,2.012897253036499,2.0745341777801514,2.095038414001465,2.105229139328003,2.090766191482544,2.087908983230591,2.0767385959625244,2.1055140495300293,2.0622756481170654
inference time,0,0,6.10074782371521,6.092700004577637,6.085678339004517,6.18997049331665,6.339385747909546,6.461562156677246,6.4728453159332275,6.497814655303955,6.471999406814575,6.461630821228027,6.594929218292236,6.392982006072998
qp time,0,0,0,0,0,0,0,0,0,0,0,0,0,0
backward time,0,0,3.1466615200042725,3.1460936069488525,3.1545653343200684,3.174940824508667,3.2751617431640625,3.312534809112549,3.330980062484741,3.320192337036133,3.2972214221954346,3.2830986976623535,3.311039924621582,3.2488043308258057
