Epoch, 6
Random seed, 0, forward time, 15.165209293365479, inference time, 186.40981435775757, qp time, 0, backward_time, 104.11120533943176
forward time,0,0,0,0,0,0,0,15.165209293365479
inference time,0,0,0,0,0,0,0,186.40981435775757
qp time,0,0,0,0,0,0,0,0
backward time,0,0,18.153316736221313,16.79623317718506,16.77518653869629,16.80757761001587,17.828437566757202,17.75045371055603
