Epoch, 23
Random seed, 0, forward time, 2161.6559994220734, inference time, 27727.818611383438, qp time, 0, backward_time, 3403.006605386734
forward time,0,0,95.1861183643341,93.69684672355652,93.32734227180481,93.69164729118347,93.84130263328552,93.58005094528198,93.7463538646698,93.53850984573364,94.15053796768188,93.0365514755249,93.3323540687561,93.32052946090698,93.35893511772156,93.94886684417725,94.3224892616272,94.25641584396362,94.3790807723999,95.05238795280457,95.1193323135376,95.04559683799744,94.8173816204071,93.97315502166748,92.93421292304993
inference time,0,0,1050.2554244995117,1109.4413669109344,1124.199140548706,1159.9806475639343,1182.3534915447235,1195.6645183563232,1210.5914237499237,1211.980162858963,1237.738523721695,1167.298984527588,1165.0545420646667,1168.3935782909393,1164.135778427124,1191.6615104675293,1209.8664484024048,1235.6549742221832,1259.029048204422,1290.77370429039,1308.6624941825867,1296.6427125930786,1292.4629220962524,1282.801216840744,1213.175997018814
qp time,0,0,0,0,0,0,0,0,0,0,0,0,0,0,0,0,0,0,0,0,0,0,0,0,0
backward time,0,0,158.48991084098816,156.6440405845642,150.75051617622375,149.62309408187866,150.08012437820435,148.36576056480408,150.08874464035034,148.02135944366455,148.66633224487305,145.07558226585388,146.11178469657898,146.05184412002563,145.96402716636658,148.04647064208984,147.3327338695526,146.19145154953003,145.87321043014526,145.4009952545166,145.4955132007599,145.3952100276947,146.1282172203064,146.25654363632202,142.95313835144043
