Epoch, 9
Random seed, 0, forward time, 161.3565583229065, inference time, 2660.714895248413, qp time, 0, backward_time, 262.58862686157227
forward time,0,0,17.165363788604736,17.06274437904358,17.336832284927368,17.678518772125244,18.143975734710693,18.443657398223877,18.636059522628784,18.542319297790527,18.347087144851685
inference time,0,0,262.3856906890869,265.9877254962921,274.8540389537811,281.00306940078735,298.52396726608276,313.6215591430664,320.91623044013977,320.9553825855255,322.4672312736511
qp time,0,0,0,0,0,0,0,0,0,0,0
backward time,0,0,30.07278847694397,28.981899738311768,28.95859670639038,28.988388299942017,29.239325523376465,29.203084707260132,29.161423683166504,28.9875910282135,28.99552869796753
