Epoch, 6
Random seed, 0, forward time, 40.20938730239868, inference time, 1649.79731631279, qp time, 0, backward_time, 263.362233877182
forward time,0,0,0,0,0,0,0,40.20938730239868
inference time,0,0,0,0,0,0,0,1649.79731631279
qp time,0,0,0,0,0,0,0,0
backward time,0,0,42.94591474533081,43.94264769554138,43.57343912124634,42.87998843193054,43.981619358062744,46.03862452507019
