Epoch, 15
Random seed, 0, forward time, 177.9609727859497, inference time, 580.4406707286835, qp time, 0, backward_time, 291.45467710494995
forward time,0,0,11.37865924835205,11.651387453079224,11.865923881530762,11.786849021911621,11.778555393218994,11.854865074157715,11.913081407546997,11.917051315307617,11.905738830566406,11.885559320449829,11.88693380355835,12.009901523590088,12.011042356491089,12.01377558708191,12.101648569107056
inference time,0,0,37.56219244003296,38.519970655441284,38.63098192214966,38.283777475357056,38.21554517745972,38.57844042778015,38.74930119514465,38.805267572402954,38.811121702194214,38.73027682304382,38.70372986793518,39.124080181121826,39.167938470840454,39.12461042404175,39.43343639373779
qp time,0,0,0,0,0,0,0,0,0,0,0,0,0,0,0,0,0
backward time,0,0,19.13333773612976,19.41200852394104,19.409135103225708,19.215941429138184,19.160996675491333,19.351228713989258,19.424147605895996,19.427205801010132,19.44207739830017,19.389851331710815,19.37947678565979,19.65090799331665,19.653335094451904,19.636197090148926,19.768829822540283
