Epoch, 11
Random seed, 0, forward time, 19.723102569580078, inference time, 60.05743622779846, qp time, 0, backward_time, 31.91723132133484
forward time,0,0,1.7461657524108887,1.7577910423278809,1.7414112091064453,1.713620662689209,1.761542797088623,1.8280887603759766,1.8332266807556152,1.8309457302093506,1.8367905616760254,1.8357996940612793,1.8377196788787842
inference time,0,0,5.29045295715332,5.331358909606934,5.261053562164307,5.181488275527954,5.299383163452148,5.587103366851807,5.579681873321533,5.6107871532440186,5.6101579666137695,5.605004549026489,5.700964450836182
qp time,0,0,0,0,0,0,0,0,0,0,0,0,0
backward time,0,0,2.820643186569214,2.8397765159606934,2.8150291442871094,2.747478723526001,2.8441150188446045,2.9603512287139893,2.977482795715332,2.972271203994751,2.979095935821533,2.9797909259796143,2.981196641921997
