Epoch, 6
Random seed, 0, forward time, 52.07737398147583, inference time, 2827.0519971847534, qp time, 0, backward_time, 342.8045115470886
forward time,0,0,0,0,0,0,0,52.07737398147583
inference time,0,0,0,0,0,0,0,2827.0519971847534
qp time,0,0,0,0,0,0,0,0
backward time,0,0,56.218382596969604,55.859534740448,56.484983682632446,56.5555214881897,56.25765824317932,61.428430795669556
