Epoch, 15
Random seed, 0, forward time, 52.36354351043701, inference time, 1321.6684973239899, qp time, 0, backward_time, 95.9753520488739
forward time,0,0,3.549290180206299,3.4818313121795654,3.4979450702667236,3.4790890216827393,3.550177574157715,3.5232625007629395,3.4705631732940674,3.4902124404907227,3.456206798553467,3.520209550857544,3.445089817047119,3.4844346046447754,3.4563422203063965,3.4841389656066895,3.474750280380249
inference time,0,0,81.74676489830017,81.40261197090149,83.12195706367493,83.59221911430359,86.8548436164856,87.72478294372559,87.03515601158142,88.76672744750977,88.6833188533783,91.8577950000763,89.48205256462097,92.94712376594543,90.86598205566406,93.62673878669739,93.96042323112488
qp time,0,0,0,0,0,0,0,0,0,0,0,0,0,0,0,0,0
backward time,0,0,6.991346597671509,6.310208082199097,6.35068416595459,6.305883884429932,6.362356662750244,6.342922687530518,6.285437822341919,6.320257902145386,6.281396865844727,6.379980802536011,6.312893390655518,6.427464962005615,6.413928270339966,6.433218479156494,6.457371473312378
