Epoch, 10
Random seed, 0, forward time, 516.3514037132263, inference time, 33117.92444229126, qp time, 0, backward_time, 1160.9723665714264
forward time,0,0,52.77356290817261,51.63758659362793,51.88969135284424,51.086426734924316,50.954670906066895,51.21113324165344,51.481685638427734,52.0746386051178,51.56679844856262,51.675209283828735
inference time,0,0,2993.0546929836273,3046.4308383464813,3100.615124464035,3168.226904153824,3221.0474560260773,3331.1701934337616,3453.685371875763,3641.4734013080597,3593.733907222748,3568.486552476883
qp time,0,0,0,0,0,0,0,0,0,0,0,0
backward time,0,0,117.6970648765564,113.8106906414032,113.6400933265686,113.55213904380798,114.6674370765686,115.3956606388092,116.81541419029236,117.97682547569275,118.36666989326477,119.05037140846252
