Epoch, 13
Random seed, 0, forward time, 86.81040072441101, inference time, 498.5426778793335, qp time, 0, backward_time, 121.31522607803345
forward time,0,0,6.612304449081421,6.591434001922607,6.493669033050537,6.543922424316406,6.640764951705933,6.552478551864624,6.7548863887786865,6.77776575088501,6.7754247188568115,6.765965938568115,6.758167505264282,6.776749610900879,6.766867399215698
inference time,0,0,36.04590964317322,36.0836615562439,35.49059844017029,36.389469385147095,37.065085649490356,36.77349090576172,38.439613342285156,39.2624831199646,39.68803358078003,39.84564781188965,40.736958742141724,41.09702205657959,41.62470364570618
qp time,0,0,0,0,0,0,0,0,0,0,0,0,0,0,0
backward time,0,0,9.296492576599121,9.219195365905762,9.118088722229004,9.24480128288269,9.253745317459106,9.151857852935791,9.438020706176758,9.38683009147644,9.414165735244751,9.396568059921265,9.469220638275146,9.450569152832031,9.475670576095581
