Epoch, 18
Random seed, 0, forward time, 324.2309854030609, inference time, 5610.84259557724, qp time, 0, backward_time, 529.2988390922546
forward time,0,0,17.592793226242065,17.479717016220093,17.603596925735474,17.625996112823486,17.762062788009644,18.12398886680603,18.236266374588013,18.06099247932434,18.052243947982788,17.994788885116577,18.11991858482361,18.197741985321045,18.144184589385986,18.19614267349243,18.18967628479004,18.273364782333374,18.282415866851807,18.29509401321411
inference time,0,0,283.987108707428,290.7173345088959,296.5850353240967,292.46441626548767,295.4369761943817,306.8264362812042,308.0522372722626,300.6725342273712,302.094500541687,307.8499011993408,319.65546345710754,330.8711326122284,321.9870777130127,323.5632357597351,328.468435049057,332.76549792289734,332.68198108673096,336.1632914543152
qp time,0,0,0,0,0,0,0,0,0,0,0,0,0,0,0,0,0,0,0,0
backward time,0,0,30.867239952087402,29.836453437805176,29.59930157661438,29.3778657913208,29.356597661972046,29.344255924224854,29.209943771362305,28.94240164756775,28.894808292388916,28.954072952270508,29.13258719444275,29.41080904006958,29.33203125,29.273921489715576,29.34214949607849,29.456087589263916,29.441193342208862,29.527118682861328
