Epoch, 26
Random seed, 0, forward time, 292.4353082180023, inference time, 947.8341455459595, qp time, 0, backward_time, 480.34638500213623
forward time,0,0,10.645609617233276,10.765620708465576,11.037863969802856,11.179707050323486,11.065512895584106,11.161979675292969,11.192166090011597,11.181430578231812,11.056138038635254,11.09902310371399,11.095082759857178,11.157354354858398,11.191116333007812,11.209402799606323,11.241823196411133,11.245765686035156,11.277687549591064,11.266688585281372,11.288713455200195,11.288604021072388,11.304569959640503,11.343685388565063,11.760791778564453,11.781055450439453,11.779854536056519,11.818060636520386
inference time,0,0,33.92344403266907,34.83921766281128,35.828267097473145,36.303709268569946,35.77816081047058,36.087120056152344,36.289289236068726,36.24088525772095,35.698838233947754,35.84286570549011,35.83861780166626,36.03743529319763,36.23674440383911,36.32347655296326,36.329898834228516,36.4474618434906,36.526813983917236,36.60453391075134,36.60981774330139,36.56494855880737,36.672974824905396,36.741283655166626,38.414183139801025,38.51423978805542,38.54924201965332,38.590675830841064
qp time,0,0,0,0,0,0,0,0,0,0,0,0,0,0,0,0,0,0,0,0,0,0,0,0,0,0,0,0
backward time,0,0,17.922298908233643,18.047293186187744,18.224464178085327,18.381565809249878,18.184866189956665,18.254756927490234,18.28419256210327,18.29975128173828,18.108189821243286,18.17483401298523,18.135578393936157,18.202274799346924,18.275638818740845,18.34013056755066,18.376604557037354,18.42647957801819,18.456107139587402,18.491219997406006,18.4857017993927,18.44620943069458,18.52420449256897,18.515968322753906,19.356189489364624,19.47430729866028,19.442355394363403,19.515202045440674
