Epoch, 9
Random seed, 0, forward time, 205.17342114448547, inference time, 764.7967369556427, qp time, 0, backward_time, 309.9611904621124
forward time,0,0,23.423958778381348,22.51062512397766,20.81797456741333,21.2983717918396,24.769678592681885,22.707374334335327,21.921685218811035,22.604802131652832,25.118950605392456
inference time,0,0,91.04746675491333,85.02612900733948,74.42352294921875,77.35549640655518,92.5313458442688,81.93778395652771,79.28815793991089,83.60469031333923,99.58214378356934
qp time,0,0,0,0,0,0,0,0,0,0,0
backward time,0,0,36.38133096694946,34.43156290054321,31.6362566947937,32.30001425743103,37.19077515602112,33.96293520927429,32.74800682067871,33.720587491989136,37.58972096443176
