Epoch, 6
Random seed, 0, forward time, 20.183969020843506, inference time, 401.0205409526825, qp time, 0, backward_time, 139.009268283844
forward time,0,0,0,0,0,0,0,20.183969020843506
inference time,0,0,0,0,0,0,0,401.0205409526825
qp time,0,0,0,0,0,0,0,0
backward time,0,0,22.683084964752197,22.514525651931763,24.76801061630249,22.224159240722656,22.878228902816772,23.941258907318115
