Epoch, 10
Random seed, 0, forward time, 169.42701077461243, inference time, 2774.457038640976, qp time, 0, backward_time, 284.0683867931366
forward time,0,0,16.29609966278076,16.43022632598877,16.60216736793518,16.81870937347412,16.91413903236389,17.09373927116394,17.15718102455139,17.348883867263794,17.358981609344482,17.406883239746094
inference time,0,0,251.8058454990387,262.9355709552765,267.91230630874634,271.055335521698,275.79526257514954,281.01408338546753,284.78419613838196,288.7488090991974,293.3185513019562,297.08707785606384
qp time,0,0,0,0,0,0,0,0,0,0,0,0
backward time,0,0,29.415935754776,28.472033739089966,28.309841871261597,28.257962703704834,28.216496467590332,28.310402154922485,28.172396898269653,28.29228115081787,28.331713676452637,28.28932237625122
