Epoch, 14
Random seed, 0, forward time, 254.46454548835754, inference time, 878.3422999382019, qp time, 0, backward_time, 394.97746419906616
forward time,0,0,17.744903326034546,17.825883150100708,18.01931643486023,18.235036849975586,18.295227527618408,18.28303813934326,18.242337703704834,18.28124213218689,18.3783700466156,18.2826144695282,18.237334728240967,18.264477729797363,18.198796272277832,18.17596697807312
inference time,0,0,57.0966694355011,59.64214468002319,61.67857217788696,62.83204388618469,63.4136860370636,63.40145230293274,63.31577277183533,63.6261465549469,64.27208805084229,63.86825346946716,63.72190523147583,64.00778007507324,63.75327205657959,63.71251320838928
qp time,0,0,0,0,0,0,0,0,0,0,0,0,0,0,0,0
backward time,0,0,28.1891188621521,28.127161741256714,28.224929094314575,28.336181163787842,28.374607801437378,28.259748220443726,28.120662212371826,28.229058742523193,28.342392921447754,28.23152232170105,28.19048762321472,28.204139471054077,28.107012510299683,28.040441513061523
