Epoch, 14
Random seed, 0, forward time, 61.33278822898865, inference time, 247.18507075309753, qp time, 0, backward_time, 85.76199674606323
forward time,0,0,4.320167064666748,4.34717321395874,4.355299711227417,4.379802465438843,4.398287057876587,4.385935068130493,4.378612756729126,4.373257637023926,4.39344596862793,4.380857944488525,4.387495517730713,4.416419506072998,4.398115873336792,4.41791844367981
inference time,0,0,16.83165216445923,16.895164966583252,16.94221520423889,17.335476636886597,17.5209059715271,17.70924162864685,17.67796301841736,17.751737356185913,17.597591638565063,17.616676330566406,18.042293787002563,18.263129711151123,18.364224195480347,18.63679814338684
qp time,0,0,0,0,0,0,0,0,0,0,0,0,0,0,0,0
backward time,0,0,6.151832342147827,6.075822591781616,6.058956146240234,6.098895072937012,6.132267475128174,6.139580726623535,6.119257688522339,6.1277642250061035,6.099507570266724,6.11026406288147,6.139496564865112,6.1689229011535645,6.164948225021362,6.174481153488159
