Epoch, 20
Random seed, 0, forward time, 110.08211994171143, inference time, 526.000697851181, qp time, 0, backward_time, 152.66065883636475
forward time,0,0,5.370790243148804,5.436949729919434,5.476140737533569,5.492474794387817,5.520986318588257,5.533556222915649,5.502709627151489,5.464954376220703,5.46972393989563,5.478945732116699,5.4507880210876465,5.501701831817627,5.525856256484985,5.526915550231934,5.537265062332153,5.5480616092681885,5.568770885467529,5.557971715927124,5.559422016143799,5.558135271072388
inference time,0,0,23.421935558319092,23.545700788497925,23.812453985214233,24.236572980880737,24.73571228981018,25.221757173538208,25.55077886581421,25.69715452194214,26.040099382400513,26.295586109161377,26.327170848846436,26.551734685897827,26.94174075126648,27.387833833694458,27.845313787460327,28.220515251159668,28.049662351608276,28.395925998687744,28.73154377937317,28.991504907608032
qp time,0,0,0,0,0,0,0,0,0,0,0,0,0,0,0,0,0,0,0,0,0,0
backward time,0,0,7.5108606815338135,7.514967441558838,7.536610126495361,7.548623561859131,7.624906301498413,7.616858005523682,7.619750738143921,7.564589262008667,7.588345289230347,7.61067795753479,7.544784069061279,7.625997066497803,7.650348901748657,7.716675519943237,7.761936664581299,7.691044092178345,7.763583660125732,7.710221767425537,7.724127769470215,7.735749959945679
