Epoch, 6
Random seed, 0, forward time, 35.02856087684631, inference time, 1199.3813500404358, qp time, 0, backward_time, 234.20146799087524
forward time,0,0,0,0,0,0,0,35.02856087684631
inference time,0,0,0,0,0,0,0,1199.3813500404358
qp time,0,0,0,0,0,0,0,0
backward time,0,0,39.04350018501282,38.79580640792847,38.760995864868164,38.714478969573975,38.660385847091675,40.22630071640015
