Epoch, 4
Random seed, 0, forward time, 298.7127802371979, inference time, 26912.563575029373, qp time, 0, backward_time, 781.4293465614319
forward time,0,0,74.02164363861084,75.15483260154724,74.6689465045929,74.8673574924469
inference time,0,0,6282.014240026474,6729.302983522415,6886.844730615616,7014.401620864868
qp time,0,0,0,0,0,0
backward time,0,0,195.06237816810608,194.97964715957642,194.70159649848938,196.68572473526
