Epoch, 6
Random seed, 0, forward time, 9.034573554992676, inference time, 719.8024697303772, qp time, 0, backward_time, 64.61052370071411
forward time,0,0,0,0,0,0,0,9.034573554992676
inference time,0,0,0,0,0,0,0,719.8024697303772
qp time,0,0,0,0,0,0,0,0
backward time,0,0,10.84998869895935,10.738538265228271,10.730647563934326,10.720420360565186,10.739140272140503,10.831788539886475
