Epoch, 36
Random seed, 0, forward time, 702.1895051002502, inference time, 2701.1946437358856, qp time, 0, backward_time, 1142.4315288066864
forward time,0,0,19.09479022026062,19.135879516601562,19.38258123397827,19.457931518554688,19.445165634155273,19.766822814941406,19.810829639434814,19.801586866378784,19.912986040115356,19.713164806365967,19.518734216690063,19.6389639377594,19.68914818763733,19.55417251586914,19.645134687423706,19.64869737625122,19.392141103744507,19.440728664398193,19.54184126853943,19.473896026611328,19.529491901397705,19.498685598373413,19.437033891677856,19.457561016082764,19.528688669204712,19.461439609527588,19.4861958026886,19.503968000411987,19.422426223754883,19.330706357955933,19.418106079101562,19.425566911697388,19.38766622543335,19.448806285858154,19.394325017929077,19.393641233444214
inference time,0,0,71.9879560470581,74.0302221775055,75.10515785217285,75.50520443916321,75.7532160282135,76.9470727443695,76.62025189399719,76.33892345428467,76.619797706604,75.61884117126465,74.85173010826111,75.21252608299255,75.34547781944275,74.96653699874878,75.21537780761719,75.21227645874023,74.31955599784851,74.36365103721619,75.00959420204163,74.73132109642029,75.0060486793518,75.01814770698547,74.7910783290863,74.99539399147034,75.00439786911011,74.96866607666016,74.9299829006195,74.9803364276886,74.7031581401825,74.4817590713501,74.6241250038147,74.69179582595825,74.57967805862427,74.90288805961609,74.88503170013428,74.87746477127075
qp time,0,0,0,0,0,0,0,0,0,0,0,0,0,0,0,0,0,0,0,0,0,0,0,0,0,0,0,0,0,0,0,0,0,0,0,0,0,0
backward time,0,0,32.08798360824585,32.08461546897888,32.22209024429321,32.31445288658142,32.2223174571991,32.51257872581482,32.3216028213501,32.23388934135437,32.26826286315918,31.966915607452393,31.70453381538391,31.767858743667603,31.81787896156311,31.6755530834198,31.72597646713257,31.746455430984497,31.401597023010254,31.369563579559326,31.652607679367065,31.526705026626587,31.532790899276733,31.59018635749817,31.419318914413452,31.478249311447144,31.520341634750366,31.562824010849,31.52037787437439,31.52333116531372,31.392361640930176,31.29453992843628,31.44811487197876,31.544147968292236,31.337823629379272,31.592488527297974,31.543047189712524,31.508146047592163
