Epoch, 15
Random seed, 0, forward time, 513.5989451408386, inference time, 20233.745481967926, qp time, 0, backward_time, 967.3139681816101
forward time,0,0,34.2943000793457,34.51332497596741,34.13571763038635,33.99320101737976,34.07694101333618,34.06675887107849,34.06812334060669,34.20251417160034,34.266401052474976,34.21552228927612,34.18184185028076,34.16510367393494,34.271947622299194,34.47001028060913,34.67723727226257
inference time,0,0,1166.1598272323608,1233.2025308609009,1231.923318862915,1253.0694081783295,1288.181833744049,1272.1589708328247,1299.6370358467102,1329.9361536502838,1362.1145839691162,1398.743423461914,1423.2365996837616,1424.2219228744507,1439.8800780773163,1489.7448959350586,1621.5348987579346
qp time,0,0,0,0,0,0,0,0,0,0,0,0,0,0,0,0,0
backward time,0,0,64.8687219619751,64.00699138641357,63.1861789226532,63.311848402023315,63.43781495094299,63.39866352081299,63.642070055007935,63.89792275428772,64.26853561401367,64.75715780258179,64.89594030380249,65.29743266105652,65.56700229644775,65.89844083786011,66.87924671173096
