Epoch, 12
Random seed, 0, forward time, 174.03252577781677, inference time, 574.5916802883148, qp time, 0, backward_time, 280.9183359146118
forward time,0,0,14.114018678665161,14.151558876037598,14.20201325416565,14.327408075332642,14.39630913734436,14.495370864868164,14.652911901473999,14.70984411239624,14.718155145645142,14.745103120803833,14.748682975769043,14.771149635314941
inference time,0,0,44.558860778808594,45.99313402175903,46.964988708496094,47.62550473213196,48.04076313972473,48.52261424064636,48.853919982910156,49.015448331832886,48.84203004837036,48.758533000946045,48.68499946594238,48.730883836746216
qp time,0,0,0,0,0,0,0,0,0,0,0,0,0,0
backward time,0,0,23.016847848892212,23.08775806427002,23.052290439605713,23.242953300476074,23.395065307617188,23.476595878601074,23.745055675506592,23.75002694129944,23.60059380531311,23.574146270751953,23.50448775291443,23.472514629364014
