Epoch, 6
Random seed, 0, forward time, 13.799855709075928, inference time, 163.44865655899048, qp time, 0, backward_time, 93.11976194381714
forward time,0,0,0,0,0,0,0,13.799855709075928
inference time,0,0,0,0,0,0,0,163.44865655899048
qp time,0,0,0,0,0,0,0,0
backward time,0,0,15.439155101776123,15.348827600479126,15.323925971984863,15.334108829498291,15.337230443954468,16.336513996124268
