Epoch, 6
Random seed, 0, forward time, 61.880691051483154, inference time, 6012.453539848328, qp time, 0, backward_time, 448.657897233963
forward time,0,0,0,0,0,0,0,61.880691051483154
inference time,0,0,0,0,0,0,0,6012.453539848328
qp time,0,0,0,0,0,0,0,0
backward time,0,0,74.56936264038086,74.64082860946655,74.27492046356201,74.33508610725403,74.21377062797546,76.6239287853241
