Epoch, 16
Random seed, 0, forward time, 34.616355657577515, inference time, 531.3870632648468, qp time, 0, backward_time, 61.102346420288086
forward time,0,0,2.1274406909942627,2.131981372833252,2.1439077854156494,2.1425065994262695,2.158775568008423,2.1466095447540283,2.1565957069396973,2.1530001163482666,2.163217544555664,2.173595905303955,2.1769416332244873,2.18580961227417,2.187117099761963,2.182631492614746,2.194117546081543,2.1921074390411377
inference time,0,0,30.62297034263611,31.31737971305847,31.77338719367981,32.19570779800415,32.55943465232849,32.606759548187256,32.89126110076904,33.08043646812439,33.40067529678345,33.70741105079651,33.91962456703186,34.22969031333923,34.47311449050903,34.45951843261719,35.16527342796326,34.984418869018555
qp time,0,0,0,0,0,0,0,0,0,0,0,0,0,0,0,0,0,0
backward time,0,0,4.108935356140137,3.800487995147705,3.8004307746887207,3.8031632900238037,3.8132667541503906,3.7950100898742676,3.7986459732055664,3.79125714302063,3.783316135406494,3.788079023361206,3.7827250957489014,3.7964394092559814,3.8032119274139404,3.8011438846588135,3.8287200927734375,3.807513475418091
