Epoch, 6
Random seed, 0, forward time, 8.234784126281738, inference time, 25.89139199256897, qp time, 0, backward_time, 13.924393653869629
forward time,0,0,1.3616325855255127,1.3735575675964355,1.3786237239837646,1.3725976943969727,1.3708038330078125,1.3775687217712402
inference time,0,0,4.264047384262085,4.273557901382446,4.289845705032349,4.357283353805542,4.321187734603882,4.385469913482666
qp time,0,0,0,0,0,0,0,0
backward time,0,0,2.3104565143585205,2.3166587352752686,2.329111337661743,2.3223743438720703,2.3178415298461914,2.327951192855835
