Epoch, 13
Random seed, 0, forward time, 60.2618613243103, inference time, 2042.1680085659027, qp time, 0, backward_time, 112.03237891197205
forward time,0,0,4.61999249458313,4.612866640090942,4.541718006134033,4.580560922622681,4.623167514801025,4.633746147155762,4.6514317989349365,4.677116870880127,4.690340042114258,4.676852226257324,4.6620094776153564,4.655007839202881,4.637051343917847
inference time,0,0,138.62396597862244,142.4382448196411,144.18762850761414,150.2262225151062,153.39773750305176,155.89643931388855,158.65987539291382,160.23343205451965,165.48064136505127,166.3662302494049,167.91143131256104,168.27941036224365,170.46674919128418
qp time,0,0,0,0,0,0,0,0,0,0,0,0,0,0,0
backward time,0,0,9.228009939193726,8.458397388458252,8.397272109985352,8.389643669128418,8.465786218643188,8.478832483291626,8.551613330841064,8.560237646102905,8.601274013519287,8.684714794158936,8.660192489624023,8.74329948425293,8.813105344772339
