Epoch, 9
Random seed, 0, forward time, 382.2774999141693, inference time, 18642.83216381073, qp time, 0, backward_time, 746.477288722992
forward time,0,0,43.285054445266724,42.60340595245361,42.519312620162964,42.55742073059082,42.38596510887146,42.17004656791687,42.21944737434387,42.2608802318573,42.27596688270569
inference time,0,0,1928.5684967041016,1950.629290342331,2013.7729144096375,2080.845393180847,2060.4521436691284,2085.767427444458,2125.7930245399475,2180.208392381668,2216.795081138611
qp time,0,0,0,0,0,0,0,0,0,0,0
backward time,0,0,85.3354344367981,82.70730900764465,82.65111804008484,82.74622869491577,81.89961194992065,82.01723980903625,82.58472037315369,83.05137801170349,83.4842483997345
