Epoch, 15
Random seed, 0, forward time, 833.2757089138031, inference time, 6144.100492954254, qp time, 0, backward_time, 1135.1669743061066
forward time,0,0,54.16607713699341,54.824544191360474,55.48053598403931,55.851807832717896,56.42620134353638,56.8595130443573,56.57448482513428,56.1173415184021,56.365747928619385,56.27777290344238,56.976096868515015,56.04443573951721,54.01803708076477,53.614845991134644,53.678266525268555
inference time,0,0,338.7224998474121,360.36624670028687,388.0614023208618,408.57584619522095,432.41405868530273,446.65530157089233,447.8989083766937,430.7221131324768,435.32476592063904,435.565908908844,447.9111592769623,434.17803716659546,384.4995815753937,375.5693709850311,377.63529229164124
qp time,0,0,0,0,0,0,0,0,0,0,0,0,0,0,0,0,0
backward time,0,0,75.66850662231445,76.14339065551758,77.19885396957397,76.7500548362732,77.79307818412781,77.54947352409363,77.23156714439392,76.3146481513977,76.51799058914185,76.06074166297913,76.68971991539001,75.63454151153564,72.30707430839539,71.7302942276001,71.57703900337219
