Epoch, 16
Random seed, 0, forward time, 324.4060182571411, inference time, 6318.75486946106, qp time, 0, backward_time, 542.3350386619568
forward time,0,0,20.16592001914978,19.5581693649292,19.77913546562195,20.000218868255615,20.262399196624756,20.093400239944458,20.312321186065674,20.29886245727539,20.249327421188354,20.392163038253784,20.39954137802124,20.505659103393555,20.598517894744873,20.587623357772827,20.610482215881348,20.59227705001831
inference time,0,0,401.0120906829834,380.2814419269562,385.08923721313477,388.73948097229004,389.6551625728607,384.47418117523193,385.31065487861633,387.4956455230713,389.92546033859253,391.2900912761688,395.1034531593323,399.4672269821167,404.19424772262573,408.06043815612793,412.5126793384552,416.1433775424957
qp time,0,0,0,0,0,0,0,0,0,0,0,0,0,0,0,0,0,0
backward time,0,0,35.997539043426514,34.068785667419434,33.962422609329224,33.73851156234741,33.804423332214355,33.51777720451355,33.592586278915405,33.539875745773315,33.51762819290161,33.522331953048706,33.668309450149536,33.752357006073,33.78717279434204,33.87540650367737,33.9607937335968,34.029117584228516
