Epoch, 6
Random seed, 0, forward time, 304.2937545776367, inference time, 17035.287841796875, qp time, 0, backward_time, 689.4284162521362
forward time,0,0,50.476423025131226,50.955135107040405,50.99737191200256,50.83844304084778,50.560444593429565,50.46593689918518
inference time,0,0,2672.3302521705627,2773.8774542808533,2794.218900203705,2880.4614357948303,2941.8364202976227,2972.563379049301
qp time,0,0,0,0,0,0,0,0
backward time,0,0,116.02250409126282,113.81876993179321,113.83351182937622,114.25131249427795,115.5572829246521,115.94503498077393
