Epoch, 16
Random seed, 0, forward time, 190.777827501297, inference time, 1937.8123285770416, qp time, 0, backward_time, 319.38287830352783
forward time,0,0,11.478438138961792,11.768285274505615,12.060186624526978,12.090559244155884,12.293484926223755,12.318948030471802,12.25317645072937,11.931130409240723,11.821008682250977,11.76961374282837,11.780154705047607,11.880080938339233,11.826874494552612,11.834995031356812,11.861340522766113,11.809550285339355
inference time,0,0,108.23313927650452,111.48656153678894,114.35432958602905,115.75092720985413,120.1715476512909,122.638512134552,124.38270211219788,122.20834398269653,121.74876379966736,123.12638235092163,124.9495313167572,125.42630696296692,126.09095239639282,126.42616868019104,125.80349373817444,125.01466584205627
qp time,0,0,0,0,0,0,0,0,0,0,0,0,0,0,0,0,0,0
backward time,0,0,20.464228868484497,20.289637327194214,20.168304681777954,19.992310762405396,20.046844959259033,20.008362770080566,20.019551753997803,19.834845542907715,19.757665872573853,19.720759868621826,19.802073001861572,19.83460235595703,19.85962224006653,19.88564133644104,19.845942735671997,19.852484226226807
