Epoch, 14
Random seed, 0, forward time, 120.77752923965454, inference time, 9533.88481092453, qp time, 0, backward_time, 341.7566478252411
forward time,0,0,8.699375629425049,8.605173349380493,8.574263334274292,8.639773845672607,8.615041017532349,8.601546049118042,8.598346710205078,8.569105863571167,8.66018271446228,8.644105911254883,8.646546840667725,8.605308532714844,8.68071985244751,8.638039588928223
inference time,0,0,669.7869045734406,666.5932784080505,656.2119598388672,671.0982296466827,673.7969238758087,672.8280165195465,683.4779987335205,672.9662120342255,691.5677416324615,681.3673446178436,697.8915574550629,694.3061769008636,697.2645366191864,704.7279300689697
qp time,0,0,0,0,0,0,0,0,0,0,0,0,0,0,0,0
backward time,0,0,27.266193151474,23.625656843185425,23.314685344696045,23.49939250946045,23.7209792137146,23.863357305526733,24.084653615951538,24.219229459762573,24.282747983932495,24.530659437179565,24.70098066329956,24.76862120628357,24.874512672424316,25.00497841835022
