Epoch, 6
Random seed, 0, forward time, 33.60705518722534, inference time, 1137.2751767635345, qp time, 0, backward_time, 60.37502980232239
forward time,0,0,5.2983644008636475,6.567216873168945,5.65834379196167,5.33370304107666,5.382644891738892,5.366782188415527
inference time,0,0,176.3271520137787,189.42489409446716,190.66504430770874,189.30616426467896,193.98700666427612,197.56491541862488
qp time,0,0,0,0,0,0,0,0
backward time,0,0,10.252835750579834,10.772801160812378,10.029274225234985,9.768708229064941,9.78610873222351,9.765301704406738
