Epoch, 13
Random seed, 0, forward time, 938.4262065887451, inference time, 9122.120471477509, qp time, 0, backward_time, 1343.6047077178955
forward time,0,0,71.84776520729065,71.6446053981781,71.31312894821167,71.43311285972595,71.60717153549194,71.68837666511536,72.117196559906,72.48533964157104,72.98511171340942,73.1524863243103,72.21844053268433,72.396981716156,73.53648948669434
inference time,0,0,614.3549253940582,633.570494890213,645.7545812129974,655.1978335380554,678.7876408100128,697.7766993045807,717.2589676380157,738.6412551403046,770.6815021038055,783.7274134159088,723.3961420059204,725.8020906448364,737.1709253787994
qp time,0,0,0,0,0,0,0,0,0,0,0,0,0,0,0
backward time,0,0,105.45379996299744,104.23284482955933,103.97296094894409,103.87712788581848,103.17224884033203,103.14867162704468,103.4429440498352,103.38257551193237,103.49947929382324,103.28779220581055,101.81273937225342,101.66599798202515,102.65552520751953
