Epoch, 14
Random seed, 0, forward time, 756.0146806240082, inference time, 51806.6520884037, qp time, 0, backward_time, 1708.331380367279
forward time,0,0,53.7345449924469,53.60634422302246,53.73412275314331,53.45322918891907,53.64780592918396,53.50509285926819,54.264241456985474,54.689129114151,54.44515371322632,54.349544525146484,54.47359800338745,54.22390031814575,54.023077964782715,53.8648955821991
inference time,0,0,3000.2568707466125,3121.854198694229,3246.08110165596,3379.3017506599426,3539.448287963867,3628.7139909267426,3931.2996983528137,4074.349340438843,4066.388308286667,4051.7683708667755,4070.4912962913513,4014.0030822753906,3858.8659970760345,3823.8297941684723
qp time,0,0,0,0,0,0,0,0,0,0,0,0,0,0,0,0
backward time,0,0,118.93834519386292,117.48278474807739,118.19469332695007,118.46345138549805,119.74414849281311,120.36001539230347,122.2817735671997,123.6096670627594,124.09572219848633,124.64878058433533,125.02510833740234,125.1457347869873,125.24509119987488,125.09606409072876
