Epoch, 24
Random seed, 0, forward time, 160.65209007263184, inference time, 957.856219291687, qp time, 0, backward_time, 224.759295463562
forward time,0,0,6.51811957359314,6.520372629165649,6.536511659622192,6.532451868057251,6.555813550949097,6.600470304489136,6.589924573898315,6.755235195159912,6.7489728927612305,6.785750865936279,6.722161531448364,6.765149831771851,6.786728382110596,6.7545859813690186,6.769709587097168,6.776733160018921,6.7910096645355225,6.751802206039429,6.7385640144348145,6.739548683166504,6.741094589233398,6.737989187240601,6.711791515350342,6.7215986251831055
inference time,0,0,35.34869027137756,35.038957357406616,35.576289892196655,36.03616261482239,36.12422037124634,36.741185903549194,36.88822627067566,38.80464768409729,39.76930856704712,39.546502351760864,39.65484666824341,40.266459465026855,41.300232887268066,41.017911434173584,41.742316484451294,42.44937252998352,42.57654786109924,42.30550217628479,42.15932583808899,42.58423399925232,42.68018865585327,42.993544578552246,42.97302532196045,43.27852010726929
qp time,0,0,0,0,0,0,0,0,0,0,0,0,0,0,0,0,0,0,0,0,0,0,0,0,0,0
backward time,0,0,9.165905475616455,9.105867862701416,9.21668791770935,9.19303560256958,9.170916080474854,9.226572275161743,9.199891328811646,9.456308841705322,9.52658224105835,9.456240177154541,9.351954936981201,9.447715520858765,9.52680230140686,9.485278844833374,9.492670059204102,9.495205163955688,9.49137258529663,9.419827938079834,9.40690279006958,9.387141227722168,9.348716735839844,9.409704685211182,9.37049674987793,9.407498121261597
