Epoch, 2
Random seed, 0, forward time, 184.42139673233032, inference time, 2092.299260377884, qp time, 0, backward_time, 301.0216951370239
forward time,0,0,92.4995801448822,91.92181658744812
inference time,0,0,1014.2899730205536,1078.0092873573303
qp time,0,0,0,0
backward time,0,0,151.8279047012329,149.19379043579102
