Epoch, 16
Random seed, 0, forward time, 67.81885957717896, inference time, 2275.767928123474, qp time, 0, backward_time, 131.02234983444214
forward time,0,0,4.1990966796875,4.161348819732666,4.084426403045654,4.27918267250061,4.263253211975098,4.238178968429565,4.234390020370483,4.24888801574707,4.197143077850342,4.289368629455566,4.309892416000366,4.293760538101196,4.315514326095581,4.2503275871276855,4.23705530166626,4.2170329093933105
inference time,0,0,129.16879224777222,130.17797207832336,126.14046359062195,140.52862286567688,141.08102655410767,140.5587396621704,140.09378004074097,141.36538529396057,138.56199645996094,147.16301202774048,151.63850164413452,151.68054604530334,155.17313265800476,148.2286832332611,148.48515558242798,145.72211813926697
qp time,0,0,0,0,0,0,0,0,0,0,0,0,0,0,0,0,0,0
backward time,0,0,8.976612329483032,7.92650294303894,7.846131801605225,8.077537059783936,8.004365921020508,7.96138072013855,7.9759907722473145,8.032163381576538,7.973667621612549,8.127403974533081,8.292289972305298,8.369850397109985,8.404825210571289,8.31740117073059,8.375087022781372,8.36113953590393
