Epoch, 13
Random seed, 0, forward time, 113.35999464988708, inference time, 922.7459943294525, qp time, 0, backward_time, 197.7802529335022
forward time,0,0,8.473039150238037,8.562050104141235,8.604568004608154,8.692434072494507,8.713334083557129,8.733930349349976,8.751333713531494,8.749047994613647,8.777721881866455,8.79961609840393,8.811100006103516,8.826910734176636,8.864908456802368
inference time,0,0,66.00662755966187,68.32691216468811,69.54600381851196,70.39830017089844,70.94387793540955,71.31816720962524,71.69436979293823,71.81497406959534,72.22849822044373,72.33956861495972,72.51969909667969,72.66625928878784,72.94273638725281
qp time,0,0,0,0,0,0,0,0,0,0,0,0,0,0,0
backward time,0,0,15.362316846847534,15.467450618743896,15.144696235656738,15.122572660446167,15.117677927017212,15.13069224357605,15.12325143814087,15.110771656036377,15.14923644065857,15.170593023300171,15.248148202896118,15.278478622436523,15.354367017745972
