Epoch, 26
Random seed, 0, forward time, 56.77672982215881, inference time, 180.1640248298645, qp time, 0, backward_time, 90.08601260185242
forward time,0,0,2.113166570663452,2.124122142791748,2.1353864669799805,2.1617701053619385,2.161137580871582,2.162811517715454,2.168752670288086,2.1644577980041504,2.1783902645111084,2.1718828678131104,2.1793923377990723,2.1682016849517822,2.1633074283599854,2.1713273525238037,2.19755220413208,2.2011489868164062,2.1989049911499023,2.204958200454712,2.212191104888916,2.2074735164642334,2.2196011543273926,2.2203855514526367,2.2206883430480957,2.2244362831115723,2.2167415618896484,2.228541135787964
inference time,0,0,6.533310890197754,6.519292593002319,6.508443593978882,6.662079095840454,6.591428995132446,6.663506507873535,6.674456357955933,6.706103324890137,6.734534025192261,6.745612382888794,6.825354099273682,6.771243095397949,6.801992654800415,6.858859300613403,7.024425506591797,7.000216007232666,7.0432820320129395,7.058701515197754,7.117659330368042,7.180511713027954,7.223429918289185,7.349606037139893,7.307159423828125,7.435461759567261,7.350850820541382,7.476503849029541
qp time,0,0,0,0,0,0,0,0,0,0,0,0,0,0,0,0,0,0,0,0,0,0,0,0,0,0,0,0
backward time,0,0,3.4635212421417236,3.3851685523986816,3.3926823139190674,3.42616605758667,3.431333303451538,3.4364054203033447,3.443544626235962,3.4356932640075684,3.444216728210449,3.4438796043395996,3.4503495693206787,3.42215633392334,3.4240503311157227,3.437429666519165,3.4877657890319824,3.4835357666015625,3.4956154823303223,3.481843948364258,3.4973480701446533,3.4962081909179688,3.508331060409546,3.517408609390259,3.5065839290618896,3.5291049480438232,3.512333631515503,3.5333361625671387
