Epoch, 11
Random seed, 0, forward time, 19.526773929595947, inference time, 240.97595953941345, qp time, 0, backward_time, 35.391709327697754
forward time,0,0,1.7586328983306885,1.7605061531066895,1.7569289207458496,1.7493879795074463,1.7636055946350098,1.7734754085540771,1.7671914100646973,1.7897636890411377,1.7984590530395508,1.801778793334961,1.8070440292358398
inference time,0,0,20.754658460617065,20.89684796333313,21.25270938873291,21.245702743530273,21.608168840408325,22.021167993545532,22.079893350601196,22.466972589492798,22.641767024993896,23.01612091064453,22.991950273513794
qp time,0,0,0,0,0,0,0,0,0,0,0,0,0
backward time,0,0,3.27355694770813,3.1951732635498047,3.196881055831909,3.1820807456970215,3.20096492767334,3.206587553024292,3.19600248336792,3.224426746368408,3.2342276573181152,3.2364606857299805,3.245347261428833
