Epoch, 6
Random seed, 0, forward time, 34.042354106903076, inference time, 1154.804272890091, qp time, 0, backward_time, 223.4180727005005
forward time,0,0,0,0,0,0,0,34.042354106903076
inference time,0,0,0,0,0,0,0,1154.804272890091
qp time,0,0,0,0,0,0,0,0
backward time,0,0,36.952890157699585,36.72692584991455,36.808815717697144,36.87110614776611,36.69081735610962,39.36751747131348
