Epoch, 19
Random seed, 0, forward time, 36.21154761314392, inference time, 110.30126023292542, qp time, 0, backward_time, 58.66940999031067
forward time,0,0,1.8234024047851562,1.8336386680603027,1.9006471633911133,1.8411531448364258,1.8438136577606201,1.952864170074463,1.8878233432769775,1.9375746250152588,1.9131016731262207,1.913543462753296,1.9548919200897217,1.9090170860290527,1.9045875072479248,1.8993339538574219,1.8798484802246094,1.9587037563323975,1.920612096786499,1.9407494068145752,1.9962410926818848
inference time,0,0,5.597200632095337,5.6730101108551025,5.650074243545532,5.558710098266602,5.626366376876831,5.803164482116699,5.780613422393799,5.824256658554077,5.819087505340576,5.71720552444458,5.925252199172974,5.825120210647583,6.014989376068115,5.875887632369995,5.929243326187134,5.861948013305664,5.878155469894409,5.955976724624634,5.9849982261657715
qp time,0,0,0,0,0,0,0,0,0,0,0,0,0,0,0,0,0,0,0,0,0
backward time,0,0,2.991814374923706,2.9604153633117676,3.060364007949829,3.1106834411621094,3.036774158477783,3.070819854736328,3.1093554496765137,3.078293561935425,3.1822404861450195,3.0940206050872803,3.1062545776367188,3.1674680709838867,3.1128180027008057,3.133340835571289,3.0601906776428223,3.0517873764038086,3.1124472618103027,3.1278138160705566,3.102508068084717
