Epoch, 12
Random seed, 0, forward time, 30.379613399505615, inference time, 100.56456398963928, qp time, 0, backward_time, 46.69925284385681
forward time,0,0,2.447216033935547,2.472992181777954,2.4464731216430664,2.4413058757781982,2.5553030967712402,2.5671751499176025,2.5632870197296143,2.5703208446502686,2.570089817047119,2.576779842376709,2.585580825805664,2.583089590072632
inference time,0,0,7.887467861175537,7.970067024230957,7.890115022659302,7.973104000091553,8.399104118347168,8.60368824005127,8.575082302093506,8.63034439086914,8.603621006011963,8.624854803085327,8.728987693786621,8.678127527236938
qp time,0,0,0,0,0,0,0,0,0,0,0,0,0,0
backward time,0,0,3.7643656730651855,3.7796640396118164,3.7573275566101074,3.7489235401153564,3.9344892501831055,3.9542717933654785,3.942490816116333,3.959678888320923,3.9581820964813232,3.9694323539733887,3.9650676250457764,3.9653592109680176
