Epoch, 14
Random seed, 0, forward time, 162.50742173194885, inference time, 1692.7481679916382, qp time, 0, backward_time, 272.1666576862335
forward time,0,0,11.534614562988281,11.539088249206543,11.523162603378296,11.531224727630615,11.512766122817993,11.535571575164795,11.567631483078003,11.594273567199707,11.6005117893219,11.617287397384644,11.70271611213684,11.726129531860352,11.770233869552612,11.752210140228271
inference time,0,0,111.8463933467865,113.90637469291687,114.83245968818665,116.71196913719177,117.44525003433228,118.10312867164612,118.90747570991516,120.52354145050049,122.13150429725647,122.80132222175598,126.90680408477783,128.15874695777893,129.54293775558472,130.93025994300842
qp time,0,0,0,0,0,0,0,0,0,0,0,0,0,0,0,0
backward time,0,0,19.419814825057983,19.67079758644104,19.917959451675415,19.813069581985474,19.79763412475586,19.51824450492859,19.333157062530518,19.41768503189087,19.01102089881897,19.225078105926514,19.303375720977783,19.22729468345642,19.21922516822815,19.292300939559937
