Epoch, 13
Random seed, 0, forward time, 282.9830675125122, inference time, 6090.168964147568, qp time, 0, backward_time, 462.684205532074
forward time,0,0,20.848937511444092,21.11334252357483,21.49272060394287,21.662676572799683,21.669211864471436,22.081366300582886,22.651216506958008,22.304569959640503,21.850456953048706,21.731711387634277,21.99254870414734,21.907272577285767,21.67703604698181
inference time,0,0,424.2017285823822,456.30173087120056,477.59394121170044,463.2654821872711,456.85069036483765,475.3507649898529,495.339791059494,457.43546438217163,459.45908546447754,468.944477558136,498.5481526851654,490.8819851875305,465.9956696033478
qp time,0,0,0,0,0,0,0,0,0,0,0,0,0,0,0
backward time,0,0,36.66847777366638,35.981178522109985,35.849486351013184,35.60752820968628,35.203348875045776,35.36234426498413,35.57942724227905,35.1366970539093,35.14426374435425,35.33122396469116,35.62319016456604,35.740185260772705,35.45685410499573
