Epoch, 9
Random seed, 0, forward time, 39.777934312820435, inference time, 1287.8275980949402, qp time, 0, backward_time, 76.24344897270203
forward time,0,0,4.417927265167236,4.387176275253296,4.396747589111328,4.4108452796936035,4.4123854637146,4.414364814758301,4.453405857086182,4.4502105712890625,4.434871196746826
inference time,0,0,137.54059648513794,136.28970623016357,139.17788219451904,141.7406029701233,143.18505597114563,145.00642919540405,147.70941352844238,148.61426854133606,148.5636429786682
qp time,0,0,0,0,0,0,0,0,0,0,0
backward time,0,0,9.05981159210205,8.24069857597351,8.309757471084595,8.386678218841553,8.3568856716156,8.398111343383789,8.49483060836792,8.495895624160767,8.500779867172241
