Epoch, 6
Random seed, 0, forward time, 17.240551710128784, inference time, 254.55715560913086, qp time, 0, backward_time, 116.40144300460815
forward time,0,0,0,0,0,0,0,17.240551710128784
inference time,0,0,0,0,0,0,0,254.55715560913086
qp time,0,0,0,0,0,0,0,0
backward time,0,0,19.646425485610962,19.13764190673828,19.125896692276,19.10839533805847,18.97954249382019,20.403541088104248
