Epoch, 2
Random seed, 0, forward time, 137.50715708732605, inference time, 11278.500800609589, qp time, 0, backward_time, 375.88977551460266
forward time,0,0,68.9143898487091,68.59276723861694
inference time,0,0,5582.459426164627,5696.041374444962
qp time,0,0,0,0
backward time,0,0,189.53182411193848,186.35795140266418
