Epoch, 9
Random seed, 0, forward time, 22.53857684135437, inference time, 410.6077733039856, qp time, 0, backward_time, 40.24336814880371
forward time,0,0,2.488081932067871,2.5118327140808105,2.5023326873779297,2.5175650119781494,2.504817247390747,2.512418508529663,2.5199992656707764,2.4970672130584717,2.484462261199951
inference time,0,0,43.57974123954773,44.50883102416992,44.755332469940186,45.73421669006348,45.6743586063385,46.27947950363159,46.8270001411438,46.673667669296265,46.575145959854126
qp time,0,0,0,0,0,0,0,0,0,0,0
backward time,0,0,4.704711675643921,4.44184422492981,4.442378520965576,4.4573564529418945,4.450809955596924,4.453690767288208,4.465781211853027,4.436733245849609,4.390062093734741
