Epoch, 35
Random seed, 0, forward time, 1301.7563045024872, inference time, 6801.674622535706, qp time, 0, backward_time, 1772.723537683487
forward time,0,0,36.16882348060608,36.40284180641174,36.31868290901184,36.77727937698364,37.09745812416077,37.069223165512085,37.31314158439636,37.54449129104614,38.168686389923096,38.050525188446045,38.00233817100525,38.162742614746094,37.79914164543152,37.125065326690674,37.1167631149292,37.22476148605347,37.129504442214966,37.16501593589783,37.23289084434509,37.28084588050842,37.32441473007202,36.97751235961914,36.863892793655396,36.98601531982422,36.93556880950928,37.22437381744385,37.02743577957153,37.02327489852905,37.101428747177124,37.100762367248535,37.127262115478516,37.18869662284851,37.21008372306824,37.21199917793274,37.30336046218872
inference time,0,0,167.53124237060547,176.36542582511902,181.50930309295654,189.06172895431519,197.4438648223877,200.240234375,202.17238402366638,202.381108045578,202.7059519290924,201.32086896896362,200.5508267879486,199.56583309173584,195.69660830497742,185.66955304145813,185.96571350097656,187.44360065460205,188.83274912834167,190.1714596748352,191.30166697502136,192.7615783214569,193.98353338241577,190.2931706905365,190.71407628059387,192.40418076515198,193.2790277004242,196.9065866470337,196.05011892318726,197.38459944725037,198.2735755443573,199.47136902809143,201.06160044670105,201.96773290634155,202.61413502693176,203.78174448013306,204.7974693775177
qp time,0,0,0,0,0,0,0,0,0,0,0,0,0,0,0,0,0,0,0,0,0,0,0,0,0,0,0,0,0,0,0,0,0,0,0,0,0
backward time,0,0,50.80505418777466,51.01094651222229,50.75421476364136,50.93451118469238,51.19912886619568,51.182231187820435,51.56339240074158,51.53196334838867,51.577213525772095,51.34194874763489,51.36845254898071,51.228034257888794,50.82723307609558,50.08286499977112,50.337979793548584,50.38719463348389,50.39699673652649,50.36984968185425,50.49805736541748,50.52042245864868,50.61463975906372,49.98562717437744,49.92309093475342,50.05799388885498,50.08016538619995,50.54010891914368,50.20179843902588,50.35432553291321,50.30061936378479,50.408427715301514,50.45964789390564,50.43736147880554,50.36954092979431,50.512434005737305,50.56006598472595
