Epoch, 7
Random seed, 0, forward time, 495.222323179245, inference time, 44466.522762537, qp time, 0, backward_time, 1309.4449195861816
forward time,0,0,71.34270906448364,68.84681701660156,73.05958008766174,72.94854474067688,70.92109251022339,69.82973384857178,68.273845911026
inference time,0,0,6047.80443072319,5716.077104330063,6961.555979251862,6803.542437076569,6616.3722195625305,6237.993128061295,6083.177463531494
qp time,0,0,0,0,0,0,0,0,0
backward time,0,0,191.13722801208496,181.02951502799988,189.38471126556396,189.85035610198975,187.14148235321045,186.11401629447937,184.78761053085327
