n,two-stage,decision-focused,surrogate
20,35.74424376,9.79443758,18.76206418
30,36.02161316,5.22746511,12.89946423
40,36.87093261,3.27501469,10.61406828
50,38.51051447,5.59587957,7.65177234
60,39.48117228,3.33738757,7.56921162
80,40.83614739,2.07572452,5.51531324
100,41.90029754,2.14287237,4.57075805
