Random seed, 2
nodes, 50.0, edges, 121.0, epochs, 200, time, 16026.978728532791
Random seed, 10
nodes, 50.0, edges, 109.0, epochs, 200, time, 17030.569133520126
Random seed, 8
nodes, 50.0, edges, 128.0, epochs, 200, time, 17679.643827199936
Random seed, 4
nodes, 50.0, edges, 121.0, epochs, 200, time, 18280.533371448517
Random seed, 6
nodes, 50.0, edges, 133.0, epochs, 200, time, 19103.12148118019
Random seed, 1
nodes, 50.0, edges, 129.0, epochs, 200, time, 19281.71710252762
Random seed, 5
nodes, 50.0, edges, 132.0, epochs, 200, time, 20346.974982976913
Random seed, 7
nodes, 50.0, edges, 120.0, epochs, 200, time, 20749.580738782883
Random seed, 9
nodes, 50.0, edges, 145.0, epochs, 200, time, 22607.72548365593
Random seed, 3
nodes, 50.0, edges, 135.0, epochs, 200, time, 24171.00988149643
