Random seed, 16
nodes, 60.0, edges, 185.0, epochs, 100, time, 40191.018069028854
Random seed, 11
nodes, 60.0, edges, 194.0, epochs, 100, time, 41071.6025595665
