Random seed, 5
Random seed, 2
nodes, 10.0, edges, 10.0, epochs, 100, time, 1148.5624029636383
Random seed, 18
nodes, 10.0, edges, 10.0, epochs, 100, time, 1024.3308033943176
Random seed, 12
nodes, 10.0, edges, 11.0, epochs, 100, time, 1204.5650079250336
Random seed, 1
nodes, 10.0, edges, 12.0, epochs, 100, time, 1338.280843257904
Random seed, 15
nodes, 10.0, edges, 12.0, epochs, 100, time, 1258.1263272762299
Random seed, 17
nodes, 10.0, edges, 12.0, epochs, 100, time, 1329.8635385036469
Random seed, 22
nodes, 10.0, edges, 10.0, epochs, 100, time, 1194.9233059883118
Random seed, 9
nodes, 10.0, edges, 13.0, epochs, 100, time, 1373.1875824928284
Random seed, 26
nodes, 10.0, edges, 11.0, epochs, 100, time, 1139.7901754379272
Random seed, 7
nodes, 10.0, edges, 14.0, epochs, 100, time, 1544.9499554634094
Random seed, 3
nodes, 10.0, edges, 16.0, epochs, 100, time, 1520.2458107471466
Random seed, 4
nodes, 10.0, edges, 10.0, epochs, 100, time, 1526.5272653102875
Random seed, 19
nodes, 10.0, edges, 13.0, epochs, 100, time, 1386.1508271694183
Random seed, 23
nodes, 10.0, edges, 12.0, epochs, 100, time, 1311.7763562202454
Random seed, 16
nodes, 10.0, edges, 15.0, epochs, 100, time, 1596.4296457767487
Random seed, 20
nodes, 10.0, edges, 13.0, epochs, 100, time, 1496.5052728652954
Random seed, 10
nodes, 10.0, edges, 16.0, epochs, 100, time, 1739.7627828121185
Random seed, 13
nodes, 10.0, edges, 16.0, epochs, 100, time, 1716.2628383636475
Random seed, 6
nodes, 10.0, edges, 14.0, epochs, 100, time, 1786.1268956661224
Random seed, 25
nodes, 10.0, edges, 14.0, epochs, 100, time, 1428.9926545619965
Random seed, 11
nodes, 10.0, edges, 17.0, epochs, 100, time, 1792.2682538032532
Random seed, 14
nodes, 10.0, edges, 16.0, epochs, 100, time, 1741.426693201065
Random seed, 27
nodes, 10.0, edges, 13.0, epochs, 100, time, 1564.903620004654
Random seed, 28
nodes, 10.0, edges, 11.0, epochs, 100, time, 1505.5683958530426
Random seed, 29
nodes, 10.0, edges, 12.0, epochs, 100, time, 1229.6977999210358
Random seed, 24
nodes, 10.0, edges, 15.0, epochs, 100, time, 1793.8477594852448
Random seed, 30
nodes, 10.0, edges, 13.0, epochs, 100, time, 1450.4596869945526
Random seed, 8
nodes, 10.0, edges, 19.0, epochs, 100, time, 2552.459998846054
