Random seed, 17
nodes, 20.0, edges, 25.0, epochs, 100, time, 1526.6734592914581
Random seed, 10
nodes, 20.0, edges, 29.0, epochs, 100, time, 1749.5121171474457
Random seed, 27
nodes, 20.0, edges, 29.0, epochs, 100, time, 1753.9193370342255
Random seed, 24
nodes, 20.0, edges, 29.0, epochs, 100, time, 1898.2486622333527
Random seed, 11
nodes, 20.0, edges, 26.0, epochs, 100, time, 1989.4897780418396
