Random seed, 7
nodes, 50.0, edges, 120.0, epochs, 100, time, 15172.545209646225
Random seed, 10
nodes, 50.0, edges, 109.0, epochs, 100, time, 16453.12104177475
Random seed, 4
nodes, 50.0, edges, 121.0, epochs, 100, time, 16638.82067465782
Random seed, 2
nodes, 50.0, edges, 121.0, epochs, 100, time, 19215.321095466614
Random seed, 9
nodes, 50.0, edges, 145.0, epochs, 100, time, 19906.97604036331
Random seed, 5
nodes, 50.0, edges, 132.0, epochs, 100, time, 20261.14972305298
Random seed, 8
nodes, 50.0, edges, 128.0, epochs, 100, time, 20468.95766568184
Random seed, 3
nodes, 50.0, edges, 135.0, epochs, 100, time, 21061.438284397125
Random seed, 6
nodes, 50.0, edges, 133.0, epochs, 100, time, 21313.510342121124
Random seed, 1
nodes, 50.0, edges, 129.0, epochs, 100, time, 23020.03539967537
