Random seed, 7
nodes, 50.0, edges, 120.0, epochs, 100, time, 7209.706858158112
Random seed, 4
nodes, 50.0, edges, 121.0, epochs, 100, time, 8643.191189050674
Random seed, 10
nodes, 50.0, edges, 109.0, epochs, 100, time, 8964.503378629684
Random seed, 9
nodes, 50.0, edges, 145.0, epochs, 100, time, 10637.218765497208
Random seed, 5
nodes, 50.0, edges, 132.0, epochs, 100, time, 10978.209764003754
Random seed, 2
nodes, 50.0, edges, 121.0, epochs, 100, time, 12022.507261514664
Random seed, 8
nodes, 50.0, edges, 128.0, epochs, 100, time, 12203.257986307144
Random seed, 3
nodes, 50.0, edges, 135.0, epochs, 100, time, 12847.062725067139
Random seed, 6
nodes, 50.0, edges, 133.0, epochs, 100, time, 12953.922306776047
Random seed, 1
nodes, 50.0, edges, 129.0, epochs, 100, time, 14808.403886318207
