Random seed, 7
nodes, 50.0, edges, 120.0, epochs, 100, time, 7182.309916496277
Random seed, 4
nodes, 50.0, edges, 121.0, epochs, 100, time, 8606.540293693542
Random seed, 10
nodes, 50.0, edges, 109.0, epochs, 100, time, 9448.08729672432
Random seed, 9
nodes, 50.0, edges, 145.0, epochs, 100, time, 10682.357419967651
Random seed, 5
nodes, 50.0, edges, 132.0, epochs, 100, time, 10998.035743236542
Random seed, 2
nodes, 50.0, edges, 121.0, epochs, 100, time, 11849.426295518875
Random seed, 8
nodes, 50.0, edges, 128.0, epochs, 100, time, 12319.362359762192
Random seed, 6
nodes, 50.0, edges, 133.0, epochs, 100, time, 13141.443838357925
Random seed, 3
nodes, 50.0, edges, 135.0, epochs, 100, time, 13146.147374391556
Random seed, 1
nodes, 50.0, edges, 129.0, epochs, 100, time, 14667.995618343353
