Random seed, 2
nodes, 60.0, edges, 244.0, epochs, 100, time, 13071.452189922333
Random seed, 4
nodes, 60.0, edges, 269.0, epochs, 100, time, 14421.855724096298
Random seed, 7
nodes, 60.0, edges, 263.0, epochs, 100, time, 14564.078137874603
Random seed, 9
nodes, 60.0, edges, 261.0, epochs, 100, time, 15017.906457662582
Random seed, 1
nodes, 60.0, edges, 280.0, epochs, 100, time, 15953.89142370224
Random seed, 6
nodes, 60.0, edges, 292.0, epochs, 100, time, 16677.777463436127
Random seed, 5
nodes, 60.0, edges, 240.0, epochs, 100, time, 17293.509565353394
Random seed, 10
nodes, 60.0, edges, 291.0, epochs, 100, time, 18862.549017190933
Random seed, 3
nodes, 60.0, edges, 260.0, epochs, 100, time, 22516.142241954803
Random seed, 8
nodes, 60.0, edges, 303.0, epochs, 100, time, 27321.552412748337
