Random seed, 31
nodes, 40.0, edges, 83.0, epochs, 100, time, 1706.4931597709656
Random seed, 17
nodes, 40.0, edges, 88.0, epochs, 100, time, 2191.6851131916046
