Random seed, 43
nodes, 70.0, edges, 209.0, epochs, 100, time, 24531.20776629448
Random seed, 38
nodes, 70.0, edges, 224.0, epochs, 100, time, 25334.631796598434
Random seed, 46
nodes, 70.0, edges, 233.0, epochs, 100, time, 26865.992500543594
Random seed, 45
nodes, 70.0, edges, 224.0, epochs, 100, time, 27183.127096891403
Random seed, 32
nodes, 70.0, edges, 210.0, epochs, 100, time, 27351.71696472168
Random seed, 35
nodes, 70.0, edges, 240.0, epochs, 100, time, 27819.479402780533
Random seed, 36
nodes, 70.0, edges, 235.0, epochs, 100, time, 27955.738486528397
Random seed, 47
nodes, 70.0, edges, 243.0, epochs, 100, time, 27983.21556210518
Random seed, 26
nodes, 70.0, edges, 214.0, epochs, 100, time, 28347.122940063477
Random seed, 48
nodes, 70.0, edges, 227.0, epochs, 100, time, 28422.85079741478
Random seed, 9
nodes, 70.0, edges, 224.0, epochs, 100, time, 28703.892513275146
Random seed, 21
nodes, 70.0, edges, 219.0, epochs, 100, time, 28742.8332760334
