n,two-stage,surrogate-decision-focused
20,11.062075657503945,7.6944745523588995
30,15.812115618160792,11.147399978978294
40,16.603856606142863,16.623722868306295
50,18.882859885692596,21.153800657817296
60,19.65430854048048,28.526576834065573
80,22.726969020707266,48.520766377449036
100,25.96394625731877,65.79704031773976
120,33.288433636937825,78.56932742255074
