n,two-stage,hybrid,surrogate-decision-focused
120,32.128640183380675,43.00447634288243,113.62265708616802
