n,two-stage,hybrid,surrogate-decision-focused
60,0.8299109117939535,1.4058009962544586,1.6871962406430974
80,0.9436147386321992,1.936976359262524,2.974975936650354
100,1.152516107830974,2.604466601236872,5.272961508175703
120,1.3719521760233868,3.553722804917307,8.688550475335969
