n,two-stage,surrogate-decision-focused
20,5.094526435647692,0.9898029455617717
30,9.708976634911128,1.8127239211006394
40,15.984929817063469,3.6871903489690565
50,26.03277197054454,9.392236978280298
60,44.90705288308008,17.988601739867608
80,123.11317425114768,26.159432303987664
100,300.0351016521454,38.113136159621966
120,734.6678566336632,173.67853233404335
