n,two-stage,hybrid,surrogate-decision-focused
20,5.094526435647692,5.338384601669092,0.9898029455617717
30,9.708976634911128,10.28122302804716,1.8127239211006394
40,15.984929817063469,15.995774366841514,3.6871903489690565
50,26.03277197054454,25.282739331451108,9.392236978280298
60,44.90705288308008,44.122948165410506,17.988601739867608
