n,two-stage,surrogate-decision-focused
120,736.2529987692833,2198.2571358254977
