n,two-stage,surrogate-decision-focused
20,-2.5453227318326634,-2.54532277315855
30,-2.8234797220428782,-2.823479723383983
40,-3.588713676134745,-3.588713681499163
50,-3.9560975040992092,-3.956097522179286
60,-4.12054943561554,-4.120549461841583
80,-4.9202406692504885,-4.92024070183436
100,-5.138980606396994,-5.138980684280395
120,-5.294752411842345,-5.29475242694219
