n,two-stage,hybrid,surrogate-decision-focused
30,0.5203675164116753,71.89204584227667,107.75046458067717
40,0.8321883060314037,108.68124589213619,181.74955174658032
50,1.2840298149320815,138.02962716420492,189.167336402116
60,1.8995348744922214,137.7811848145944,255.85118997097015
