n,two-stage,decision-focused,hybrid,surrogate-decision-focused
20,12.069496194521586,344.40058871905006,70.38946112791697,80.99597188631694
30,22.269219358762104,1160.8303487936655,72.0356946627299,111.07736608187358
40,31.080722149213155,4766.982430768013,109.58422166506449,162.117972723643
