Epoch, 11
Random seed, 0, forward time, 14.64668607711792, qp time, 48.66873526573181, backward_time, 10.061305284500122
forward time,0,0,1.261559009552002,1.2889189720153809,1.2743418216705322,1.2753229141235352,1.2835800647735596,1.3523321151733398,1.3747117519378662,1.400916337966919,1.3768951892852783,1.3775856494903564,1.3805222511291504
qp time,0,0,4.362459659576416,4.363853693008423,4.423094034194946,4.418531656265259,4.4864137172698975,4.418467044830322,4.415270090103149,4.4804160594940186,4.4229700565338135,4.445270538330078,4.431988716125488
backward time,0,0,0.9213345050811768,0.887077808380127,0.9010419845581055,0.9982893466949463,0.9318990707397461,0.8750855922698975,0.9386544227600098,0.9190826416015625,0.8974921703338623,0.8558981418609619,0.9354496002197266
