Epoch, 38
Random seed, 0, forward time, 23.658509254455566, qp time, 0.0006206035614013672, backward_time, 40.39416790008545
forward time,0,0,0.7055249214172363,0.6820673942565918,0.6483328342437744,0.6537425518035889,0.6372895240783691,0.6193041801452637,0.6693367958068848,0.6176576614379883,0.5983912944793701,0.6069867610931396,0.6257936954498291,0.681574821472168,0.6410360336303711,0.6429016590118408,0.6423592567443848,0.6304874420166016,0.6014528274536133,0.5931031703948975,0.6278674602508545,0.6193723678588867,0.5898079872131348,0.5936644077301025,0.5857768058776855,0.587087869644165,0.5998656749725342,0.6170294284820557,0.6232285499572754,0.5948114395141602,0.6051414012908936,0.5911614894866943,0.6210248470306396,0.6281321048736572,0.6707732677459717,0.5992944240570068,0.589641809463501,0.5964457988739014,0.6133263111114502,0.607712984085083
qp time,0,0,1.6450881958007812e-05,1.4543533325195312e-05,1.5974044799804688e-05,1.5497207641601562e-05,1.5497207641601562e-05,1.5735626220703125e-05,1.6927719116210938e-05,1.3828277587890625e-05,1.5974044799804688e-05,1.7404556274414062e-05,1.5974044799804688e-05,1.7881393432617188e-05,1.621246337890625e-05,1.5735626220703125e-05,1.5497207641601562e-05,1.811981201171875e-05,1.6689300537109375e-05,1.6689300537109375e-05,1.7404556274414062e-05,1.71661376953125e-05,1.5974044799804688e-05,1.621246337890625e-05,1.7642974853515625e-05,1.621246337890625e-05,1.621246337890625e-05,1.7404556274414062e-05,1.4781951904296875e-05,1.7404556274414062e-05,1.5020370483398438e-05,1.5974044799804688e-05,1.52587890625e-05,1.7881393432617188e-05,1.6689300537109375e-05,1.7404556274414062e-05,1.6450881958007812e-05,1.6450881958007812e-05,1.6450881958007812e-05,1.5974044799804688e-05
backward time,0,0,1.1879281997680664,1.1012320518493652,1.111891746520996,1.0817408561706543,1.0803642272949219,1.1062591075897217,1.0912725925445557,0.8646910190582275,0.8874068260192871,0.8683090209960938,0.9162938594818115,1.1467573642730713,1.0714550018310547,1.1045801639556885,1.0611498355865479,1.046764612197876,0.9598910808563232,0.9795994758605957,1.0103349685668945,1.0870823860168457,1.0604469776153564,1.0916821956634521,1.0943043231964111,1.0835826396942139,1.0927224159240723,1.1167187690734863,1.1209371089935303,1.1005914211273193,1.1207611560821533,1.0853428840637207,1.0530085563659668,1.114084005355835,1.077688217163086,1.0762453079223633,1.1046092510223389,1.0865745544433594,1.073387861251831,1.0764758586883545
