Epoch, 33
Random seed, 0, forward time, 5409.587095737457, qp time, 982.1709952354431, backward_time, 140.25020384788513
forward time,0,0,152.31992506980896,206.8153281211853,240.05456018447876,157.48168110847473,157.0561306476593,156.80733060836792,156.95623087882996,159.2442286014557,160.17702174186707,160.0833592414856,160.23296117782593,160.53862285614014,160.8544671535492,160.90142393112183,161.52085995674133,161.87449598312378,161.26682949066162,160.60500168800354,160.6475760936737,160.13732743263245,160.99803137779236,160.68143725395203,160.60250568389893,161.1845030784607,161.11280059814453,161.2941288948059,161.44342136383057,161.39997148513794,161.18653917312622,164.45067191123962,159.66130256652832,159.86403918266296,160.1323812007904
qp time,0,0,14.938294410705566,17.54709506034851,24.69473695755005,28.865981817245483,28.79776096343994,28.8605797290802,28.813738346099854,30.47732949256897,31.160155773162842,31.20693302154541,31.249481201171875,31.25377345085144,31.316795587539673,31.435993671417236,32.47306752204895,32.68488883972168,31.611464262008667,31.239922285079956,31.238285541534424,30.65260648727417,31.379634618759155,30.92568302154541,30.698437690734863,31.156983375549316,31.19307851791382,31.15132761001587,31.082376956939697,31.016215324401855,30.874740600585938,32.99394345283508,29.59344458580017,29.669880151748657,29.916364908218384
backward time,0,0,44.97100210189819,46.24190330505371,48.79793453216553,0.007335186004638672,0.006056785583496094,0.005376338958740234,0.0074214935302734375,0.009668111801147461,0.01069331169128418,0.006207942962646484,0.00960850715637207,0.007293224334716797,0.009915590286254883,0.00879049301147461,0.008753299713134766,0.009049654006958008,0.007441997528076172,0.008282661437988281,0.00820779800415039,0.007439136505126953,0.008306741714477539,0.010176658630371094,0.007547616958618164,0.007088422775268555,0.008189916610717773,0.008301973342895508,0.004921436309814453,0.008289575576782227,0.008699178695678711,0.0070345401763916016,0.006742238998413086,0.009788036346435547,0.006736040115356445
