Epoch, 26
Random seed, 0, forward time, 6856.61469578743, qp time, 53807.35161662102, backward_time, 7235.59898519516
forward time,0,0,269.3627464771271,268.1967830657959,269.1407172679901,273.12255096435547,281.2574551105499,257.81437730789185,257.4283757209778,260.0657436847687,261.16397309303284,261.0641236305237,264.9241940975189,262.469753742218,265.2390055656433,261.78470969200134,259.8433530330658,262.1690194606781,264.43044257164,258.7438066005707,261.4860601425171,267.22880148887634,260.178848028183,260.2839386463165,262.91319513320923,261.6957631111145,261.610271692276,262.99668645858765
qp time,0,0,2124.256373643875,2110.4368221759796,2112.576102733612,2132.168493747711,2142.6759345531464,2036.2628169059753,2034.1648185253143,2045.003529548645,2043.1131439208984,2044.7079892158508,2060.9651489257812,2053.4922835826874,2074.078108072281,2056.8942630290985,2052.7265594005585,2065.916021823883,2056.336604833603,2033.3933017253876,2052.8820769786835,2089.94141125679,2056.7079722881317,2058.2752718925476,2069.2283651828766,2068.888246536255,2063.401325941086,2068.858630180359
backward time,0,0,292.67527961730957,285.87677812576294,284.03901839256287,288.86206102371216,295.1691312789917,269.47669744491577,270.9268651008606,271.5814096927643,272.7946183681488,272.06763219833374,273.4724495410919,273.9297664165497,276.83351945877075,272.6048562526703,273.75385904312134,280.0582904815674,276.93521308898926,269.80540895462036,274.89524364471436,282.72431564331055,278.14018535614014,278.9218237400055,280.8216254711151,280.7568817138672,279.74341225624084,278.7326428890228
