Epoch, 35
Random seed, 0, forward time, 5676.0433576107025, qp time, 2489.9578433036804, backward_time, 172.0922429561615
forward time,0,0,112.76413369178772,87.27411556243896,139.54872393608093,133.8325273990631,108.35834193229675,105.66106653213501,114.65430641174316,144.15970373153687,183.61749029159546,173.35823035240173,174.0373740196228,174.86285877227783,175.20896220207214,175.28012013435364,175.32692170143127,175.21877765655518,175.22242832183838,175.34026336669922,174.78138327598572,174.32182049751282,173.3165578842163,175.37963843345642,175.60901546478271,175.1907958984375,174.36983060836792,174.7690191268921,174.54177284240723,174.01255345344543,173.95091342926025,174.79955005645752,175.17693448066711,175.42608523368835,175.4045307636261,175.58704948425293,175.67956066131592
qp time,0,0,56.736655473709106,57.020543575286865,61.06139063835144,62.35400080680847,64.16453266143799,65.49343156814575,66.6732587814331,67.6152491569519,69.78246402740479,70.86902928352356,71.1379964351654,71.0426733493805,71.41086316108704,71.70796298980713,71.93629336357117,72.298255443573,72.59486770629883,72.99338459968567,73.2839925289154,73.56641411781311,73.84105443954468,74.06515407562256,74.23659992218018,74.34713411331177,74.46712493896484,74.64243364334106,74.83586859703064,75.26695990562439,75.44503283500671,75.41582131385803,75.66735410690308,75.82077622413635,75.96612906455994,76.00297236442566,76.19416809082031
backward time,0,0,18.648089170455933,17.61431074142456,19.969011545181274,20.49827814102173,21.031150579452515,21.39994764328003,21.738344192504883,22.399452209472656,7.802826642990112,0.03771686553955078,0.03776049613952637,0.03783822059631348,0.03800225257873535,0.038170576095581055,0.038039445877075195,0.03797411918640137,0.037935495376586914,0.03802061080932617,0.03813910484313965,0.03777956962585449,0.03812456130981445,0.03824448585510254,0.03824043273925781,0.03827333450317383,0.038336753845214844,0.038309335708618164,0.03831052780151367,0.03817272186279297,0.03847503662109375,0.0382542610168457,0.03824615478515625,0.03808474540710449,0.03834176063537598,0.03808259963989258,0.037958621978759766
