Epoch, 17
Random seed, 0, forward time, 1578.8374917507172, qp time, 338.2999777793884, backward_time, 78.2187933921814
forward time,0,0,96.81604194641113,94.87587475776672,91.24974250793457,91.57565021514893,91.73614144325256,91.79412364959717,92.05231952667236,92.23500204086304,92.23174047470093,92.39558267593384,92.46427130699158,92.86595344543457,93.00737452507019,93.02380013465881,93.35312843322754,93.51581144332886,93.64493322372437
qp time,0,0,13.634592294692993,16.783427715301514,19.842925786972046,19.88934350013733,20.109527349472046,20.289446353912354,20.209446668624878,20.590030193328857,20.292818307876587,20.56531858444214,20.635037183761597,20.738531827926636,20.61164951324463,20.833076000213623,21.059325695037842,21.183378219604492,21.032102584838867
backward time,0,0,42.401662826538086,35.605037212371826,0.01434326171875,0.013236761093139648,0.01687479019165039,0.012807607650756836,0.012521982192993164,0.01221776008605957,0.014198064804077148,0.01258993148803711,0.017516136169433594,0.017002582550048828,0.011514902114868164,0.011533737182617188,0.015803098678588867,0.01250004768371582,0.017432689666748047
