Epoch, 20
Random seed, 0, forward time, 1993.8230991363525, qp time, 0.009528875350952148, backward_time, 3122.53976726532
forward time,0,0,101.85937356948853,99.88996386528015,99.07692432403564,99.49739646911621,100.06338882446289,99.25709700584412,99.50546002388,99.80506610870361,99.51543498039246,99.3739721775055,99.05816102027893,99.63750743865967,98.98706293106079,99.40498852729797,100.1188702583313,100.0378589630127,99.56010460853577,99.92936182022095,99.81920599937439,99.42590022087097
qp time,0,0,0.00048828125,0.00047969818115234375,0.00048160552978515625,0.0004608631134033203,0.0004687309265136719,0.00047659873962402344,0.0004794597625732422,0.00047469139099121094,0.00047659873962402344,0.0004856586456298828,0.0004711151123046875,0.00046944618225097656,0.00047659873962402344,0.0004799365997314453,0.0004839897155761719,0.0004582405090332031,0.0004787445068359375,0.00047087669372558594,0.0004832744598388672,0.000484466552734375
backward time,0,0,158.16762566566467,154.57995676994324,156.41171169281006,156.7321457862854,157.03601837158203,157.71117568016052,156.46936988830566,157.5027678012848,155.8785617351532,155.9882791042328,155.9857246875763,156.00987887382507,155.49987769126892,155.27698683738708,155.03073477745056,155.7507197856903,155.94610619544983,155.3668179512024,155.45873475074768,155.73657321929932
