Epoch, 10
Random seed, 0, forward time, 1680.9829437732697, qp time, 265.4794509410858, backward_time, 307.2558147907257
forward time,0,0,205.3856704235077,224.15945529937744,164.2036612033844,162.21696519851685,154.59583854675293,153.71700024604797,153.1963872909546,154.30824303627014,154.36749529838562,154.83222723007202
qp time,0,0,24.704142570495605,26.431549310684204,27.557989597320557,28.352736473083496,26.885480880737305,26.42931580543518,26.299102306365967,26.3531494140625,26.231110334396362,26.23487424850464
backward time,0,0,89.2669506072998,91.6252212524414,92.02258849143982,34.292319774627686,0.010217428207397461,0.008356094360351562,0.00815892219543457,0.006832599639892578,0.006833791732788086,0.00833582878112793
