Epoch, 17
Random seed, 0, forward time, 760.8858048915863, qp time, 0.006000041961669922, backward_time, 1173.2182199954987
forward time,0,0,44.88776230812073,44.7218542098999,46.07868576049805,45.81814384460449,45.134628772735596,45.240429162979126,45.07713603973389,45.294581174850464,44.65632510185242,44.79530048370361,44.66300392150879,43.737263441085815,43.92603588104248,45.02872371673584,43.58832383155823,44.118274450302124,44.119332790374756
qp time,0,0,0.0003514289855957031,0.00035881996154785156,0.0003597736358642578,0.00035691261291503906,0.0003554821014404297,0.0003638267517089844,0.0003676414489746094,0.00036716461181640625,0.00034499168395996094,0.0003521442413330078,0.0003707408905029297,0.0003349781036376953,0.00034117698669433594,0.0003554821014404297,0.0003261566162109375,0.0003457069396972656,0.0003476142883300781
backward time,0,0,69.09903717041016,69.66352415084839,70.93431401252747,70.70430445671082,69.35877442359924,69.6507408618927,69.79998278617859,69.83132934570312,69.11130809783936,68.76956558227539,68.60511088371277,67.21579384803772,67.79610514640808,69.57488536834717,67.23190522193909,67.42427730560303,68.44726133346558
