Epoch, 16
Random seed, 0, forward time, 362.7764403820038, qp time, 47.588863372802734, backward_time, 70.47086143493652
forward time,0,0,27.396498203277588,28.239608764648438,22.089314222335815,19.77875852584839,20.32430410385132,20.111133098602295,23.591840028762817,26.86326813697815,23.653477907180786,21.89600896835327,21.469539403915405,21.456357717514038,21.555683612823486,21.465359449386597,21.491483211517334,21.393805027008057
qp time,0,0,2.6868162155151367,2.6147282123565674,2.2060086727142334,2.1067349910736084,2.4166793823242188,2.374563694000244,3.0649242401123047,2.7942473888397217,3.370551586151123,3.465020179748535,3.314225196838379,3.398188591003418,3.427426815032959,3.426032781600952,3.4818928241729736,3.4408226013183594
backward time,0,0,8.609797716140747,8.392577648162842,8.201521873474121,7.858898401260376,8.407928228378296,8.36633586883545,9.018882513046265,8.760441064834595,2.843078374862671,0.0017426013946533203,0.001497030258178711,0.0014753341674804688,0.001529693603515625,0.0016999244689941406,0.0017790794372558594,0.0016760826110839844
