Epoch, 10
Random seed, 0, forward time, 210.02485275268555, qp time, 69.6234085559845, backward_time, 188.33974742889404
forward time,0,0,20.87408947944641,21.05834126472473,20.850959300994873,21.01235580444336,21.01322340965271,20.986664295196533,21.0743567943573,21.031603574752808,21.087998390197754,21.035260438919067
qp time,0,0,7.141757249832153,6.9563117027282715,6.874770879745483,6.9037065505981445,6.93725061416626,6.951132297515869,6.8455517292022705,6.985719919204712,7.007524490356445,7.019683122634888
backward time,0,0,18.795917749404907,18.459251642227173,18.54349136352539,18.640553951263428,18.609172821044922,18.709653854370117,19.26629066467285,19.050886392593384,19.132790327072144,19.131738662719727
