Epoch, 5
Random seed, 0, forward time, 67.40100646018982, qp time, 29.156034231185913, backward_time, 60.05174231529236
forward time,0,0,13.45663595199585,13.543630838394165,13.481456279754639,13.464627504348755,13.454655885696411
qp time,0,0,5.844147205352783,5.775901794433594,5.821344614028931,5.894397974014282,5.820242643356323
backward time,0,0,12.026483058929443,12.067813873291016,11.975717067718506,11.999627590179443,11.98210072517395
