Epoch, 13
Random seed, 0, forward time, 43.904237270355225, qp time, 25.68712282180786, backward_time, 37.69422507286072
forward time,0,0,3.3847758769989014,3.3487679958343506,3.3862457275390625,3.3926444053649902,3.410048723220825,3.375920295715332,3.3469324111938477,3.360093832015991,3.3833422660827637,3.3916854858398438,3.375262975692749,3.363307476043701,3.385209798812866
qp time,0,0,2.079110622406006,1.9579548835754395,2.0141658782958984,1.9372966289520264,1.9921092987060547,1.966930627822876,1.9523532390594482,1.9523110389709473,1.9957313537597656,1.9857261180877686,1.963291883468628,1.9095008373260498,1.9806404113769531
backward time,0,0,2.888185977935791,2.9049296379089355,2.913177728652954,2.906367540359497,2.9043922424316406,2.9068453311920166,2.8862218856811523,2.879049777984619,2.9004499912261963,2.90185284614563,2.8930413722991943,2.8828372955322266,2.9268734455108643
