Epoch, 13
Random seed, 0, forward time, 880.7877922058105, qp time, 0.0022068023681640625, backward_time, 1330.2699582576752
forward time,0,0,67.50922179222107,67.47906041145325,68.31408858299255,68.94842982292175,67.95226120948792,67.39520478248596,67.58549880981445,66.95996928215027,67.95112037658691,67.43301486968994,67.36356997489929,67.871506690979,68.02484560012817
qp time,0,0,0.0001704692840576172,0.00016069412231445312,0.00015878677368164062,0.00017523765563964844,0.00017452239990234375,0.0001678466796875,0.00017213821411132812,0.00017213821411132812,0.00018095970153808594,0.0001633167266845703,0.00016760826110839844,0.00017023086547851562,0.0001728534698486328
backward time,0,0,102.38608241081238,101.94662928581238,102.83007955551147,102.73191928863525,103.42304468154907,101.73774695396423,101.68053221702576,101.33480310440063,103.10936260223389,102.48327946662903,101.69491791725159,102.79867315292358,102.1128876209259
