Epoch, 18
Random seed, 0, forward time, 852.072776556015, qp time, 0.0023665428161621094, backward_time, 1389.8800818920135
forward time,0,0,46.849506855010986,47.48031759262085,47.36796498298645,47.070117473602295,46.46172380447388,46.7812135219574,47.07971000671387,46.70635795593262,47.0723021030426,47.72466707229614,47.52552247047424,47.53958249092102,47.60589146614075,48.29987835884094,47.90529465675354,46.02426791191101,47.665592193603516,48.91286563873291
qp time,0,0,0.00013136863708496094,0.0001270771026611328,0.00013685226440429688,0.00012874603271484375,0.0001285076141357422,0.0001308917999267578,0.00012922286987304688,0.00013184547424316406,0.00013375282287597656,0.00013208389282226562,0.00013756752014160156,0.00013303756713867188,0.00013256072998046875,0.00013017654418945312,0.00012874603271484375,0.00012111663818359375,0.0001354217529296875,0.00013756752014160156
backward time,0,0,76.28028202056885,76.93262839317322,75.81658220291138,75.8187952041626,75.33424472808838,75.47151303291321,77.45871472358704,75.2362768650055,76.36234140396118,76.3819727897644,76.10754370689392,75.99635910987854,74.910897731781,76.86335825920105,81.21516799926758,79.4725992679596,82.01263928413391,82.2081651687622
