Epoch, 27
Random seed, 0, forward time, 777.8885338306427, qp time, 0.0034475326538085938, backward_time, 1225.478345155716
forward time,0,0,29.246536254882812,28.74570894241333,28.27352499961853,28.34688663482666,28.313087701797485,28.323013067245483,28.17806625366211,28.673475742340088,28.50629997253418,28.909240007400513,28.711981296539307,28.873692750930786,29.083274364471436,29.070196628570557,28.937331438064575,28.86837077140808,28.886664390563965,29.259278059005737,28.83154273033142,29.160682201385498,29.10778307914734,28.86897897720337,29.143925666809082,29.14633297920227,28.659332752227783,28.838724613189697,28.924601554870605
qp time,0,0,0.0001361370086669922,0.00012683868408203125,0.00011086463928222656,0.00011086463928222656,0.00011157989501953125,0.00010776519775390625,0.00011801719665527344,0.00013184547424316406,0.00012922286987304688,0.00013136863708496094,0.00012636184692382812,0.0001323223114013672,0.0001323223114013672,0.000133514404296875,0.0001327991485595703,0.0001327991485595703,0.00012826919555664062,0.00012731552124023438,0.00013256072998046875,0.00012969970703125,0.00012969970703125,0.00013327598571777344,0.00012922286987304688,0.00013208389282226562,0.00013375282287597656,0.0001323223114013672,0.0001347064971923828
backward time,0,0,46.620256423950195,45.9858283996582,44.02740001678467,43.92495775222778,44.0800347328186,44.06532430648804,43.931310176849365,44.98811459541321,45.35236477851868,45.797789335250854,45.58676099777222,45.64900326728821,45.966853618621826,46.17215847969055,45.72177004814148,45.52587342262268,45.29828643798828,45.21880078315735,45.78579020500183,45.73635149002075,45.539183139801025,45.881003856658936,46.19249510765076,45.50702929496765,45.114171504974365,45.863502502441406,45.94593048095703
