Epoch, 9
Random seed, 0, forward time, 1405.9191060066223, qp time, 286.64256715774536, backward_time, 61.97963619232178
forward time,0,0,164.61328434944153,155.4180166721344,155.20745611190796,155.29752159118652,155.1619005203247,155.10636734962463,155.01588106155396,155.13230538368225,154.96637296676636
qp time,0,0,27.07552218437195,32.72043776512146,32.80784821510315,32.44722938537598,32.30300688743591,32.322978019714355,32.27636933326721,32.32298302650452,32.36619234085083
backward time,0,0,61.924577713012695,0.009446382522583008,0.008957862854003906,0.007707118988037109,0.00868844985961914,0.005321025848388672,0.005323648452758789,0.004245281219482422,0.005368709564208984
