Epoch, 29
Random seed, 0, forward time, 1433.6431164741516, qp time, 1279.207396030426, backward_time, 1129.759217262268
forward time,0,0,49.210891246795654,49.09825921058655,49.25798726081848,49.301743507385254,49.27525043487549,49.14369058609009,49.27810502052307,49.29193162918091,49.422216176986694,49.26462388038635,49.41228532791138,49.51858592033386,49.37034225463867,49.478620529174805,49.37307071685791,49.46265912055969,49.50437331199646,49.58151388168335,49.45696759223938,49.445175647735596,49.52133631706238,49.61405110359192,49.531179666519165,49.44571042060852,49.57748866081238,49.71438765525818,49.68257784843445,49.7047176361084,49.70337390899658
qp time,0,0,46.18574905395508,44.09226131439209,44.53950834274292,44.5013644695282,44.111974000930786,44.17463421821594,43.62734293937683,43.55440425872803,43.75464844703674,43.58538365364075,43.89574074745178,43.79100155830383,43.74960017204285,44.226224184036255,43.46366500854492,43.79438400268555,44.130029916763306,44.27149224281311,43.71884202957153,43.57736420631409,43.96689438819885,44.304731130599976,43.9782989025116,43.93914556503296,44.09595203399658,44.27159881591797,44.354514598846436,44.74985384941101,44.80079197883606
backward time,0,0,38.87030076980591,38.86485981941223,39.210636377334595,39.06432628631592,38.96952700614929,38.615023136138916,38.63546633720398,38.51706790924072,38.80861759185791,38.333324670791626,38.63493800163269,39.004101514816284,38.89461970329285,39.247331619262695,38.715256452560425,38.84318661689758,39.13258934020996,39.30909729003906,38.83112978935242,38.803109884262085,39.021461725234985,39.055784940719604,39.08025860786438,38.93200063705444,38.943509578704834,39.17014145851135,39.27746224403381,39.47036600112915,39.503721952438354
