Epoch, 9
Random seed, 0, forward time, 1422.4021880626678, qp time, 234.3119354248047, backward_time, 27.126161813735962
forward time,0,0,136.38275742530823,161.22491979599,161.18135809898376,160.85700154304504,160.86458897590637,160.4335150718689,160.52179336547852,160.5434672832489,160.39278650283813
qp time,0,0,20.37244176864624,27.126818895339966,27.187739610671997,26.923009872436523,26.74537968635559,26.329241275787354,26.530601739883423,26.52149224281311,26.575210332870483
backward time,0,0,27.077486515045166,0.007869720458984375,0.0075833797454833984,0.005464315414428711,0.005362749099731445,0.005254507064819336,0.005941867828369141,0.005997180938720703,0.005201578140258789
