Epoch, 9
Random seed, 0, forward time, 179.63386797904968, qp time, 18.929927825927734, backward_time, 59.08357119560242
forward time,0,0,25.546355485916138,22.600836277008057,24.01498794555664,22.735387802124023,19.87759280204773,17.076257467269897,16.46562910079956,15.5875985622406,15.729222536087036
qp time,0,0,2.137002944946289,1.9283714294433594,1.978943109512329,1.981431484222412,2.0015804767608643,2.090123176574707,2.162105083465576,2.3071658611297607,2.3432042598724365
backward time,0,0,6.770864963531494,6.528626918792725,6.603348970413208,6.736468076705933,6.685292482376099,6.6547253131866455,6.856344699859619,6.965996980667114,5.28190279006958
