Epoch, 11
Random seed, 0, forward time, 150.91233706474304, qp time, 15.27014422416687, backward_time, 39.640907764434814
forward time,0,0,13.095200538635254,15.408203125,14.17138934135437,15.434968948364258,17.183133125305176,16.77066731452942,11.766462087631226,12.593316078186035,10.337143898010254,10.247742652893066,13.904109954833984
qp time,0,0,1.3325142860412598,1.28641676902771,1.3726232051849365,1.4650282859802246,1.4540231227874756,1.4307878017425537,1.303356647491455,1.3343162536621094,1.369734287261963,1.4152469635009766,1.506096601486206
backward time,0,0,3.6528751850128174,3.5790367126464844,3.6947033405303955,3.758427143096924,3.627814769744873,3.6149120330810547,3.4996979236602783,3.472788095474243,3.5054569244384766,3.5723798274993896,3.662815809249878
