Epoch, 49
Random seed, 0, forward time, 278.0701837539673, inference time, 7.978074550628662, qp time, 0, backward_time, 421.1170024871826
forward time,0,0,5.738664627075195,5.643211603164673,5.6491539478302,5.653102874755859,5.657068729400635,5.666075944900513,5.633291482925415,5.639917612075806,5.6204986572265625,5.665131330490112,5.653054237365723,5.623246431350708,5.693135738372803,5.696367979049683,5.703979730606079,5.658611297607422,5.726379632949829,5.722081184387207,5.714508295059204,5.682341575622559,5.701236009597778,5.721863031387329,5.6954123973846436,5.696051597595215,5.6992456912994385,5.663897275924683,5.694169759750366,5.679837703704834,5.689287424087524,5.691926717758179,5.669966459274292,5.6512131690979,5.649976491928101,5.633457183837891,5.669405937194824,5.686098098754883,5.654430150985718,5.666186332702637,5.666537046432495,5.661595106124878,5.665187358856201,5.6655802726745605,5.624541521072388,5.733328342437744,5.687469959259033,5.700285911560059,5.673439264297485,5.676955699920654,5.661778926849365
inference time,0,0,0,0,0,0,0,0,0,0,0,0,0,0,0,0,0,0,0,0,0,0,0,0,0,0,0,0,0,0,0,0,0,0,0,0,0,0,0,0,0,0,0,0,0,0,0,0,0,0,7.978074550628662
qp time,0,0,0,0,0,0,0,0,0,0,0,0,0,0,0,0,0,0,0,0,0,0,0,0,0,0,0,0,0,0,0,0,0,0,0,0,0,0,0,0,0,0,0,0,0,0,0,0,0,0,0
backward time,0,0,8.734550952911377,8.607128381729126,8.547702312469482,8.63390040397644,8.598992347717285,8.53613829612732,8.497072458267212,8.527864217758179,8.428462982177734,8.579818487167358,8.566495895385742,8.547401905059814,8.543430089950562,8.533478736877441,8.537412881851196,8.623565912246704,8.62232232093811,8.605002641677856,8.590507745742798,8.636350393295288,8.603772163391113,8.602058410644531,8.549126863479614,8.592395544052124,8.6795175075531,8.549959421157837,8.593245506286621,8.549934387207031,8.55612564086914,8.572713851928711,8.628807306289673,8.642651796340942,8.60788893699646,8.588991165161133,8.599600315093994,8.60590934753418,8.565486669540405,8.595197916030884,8.623322248458862,8.59405779838562,8.63801884651184,8.70212459564209,8.496495485305786,8.680490255355835,8.616387128829956,8.663631677627563,8.63739275932312,8.621380805969238,8.662718772888184
