Epoch, 12
Random seed, 0, forward time, 281.36016297340393, inference time, 5241.636499166489, qp time, 427.3410096168518, backward_time, 696.3003740310669
forward time,0,0,22.83212637901306,22.81196427345276,23.70409607887268,23.681036233901978,23.52106761932373,23.476765632629395,23.338156700134277,23.59311056137085,23.663748741149902,23.501389026641846,23.569455862045288,23.667245864868164
inference time,0,0,175.49284267425537,340.3394296169281,414.44426369667053,535.692939043045,429.38023614883423,467.0890600681305,516.0834710597992,225.93399214744568,329.5724935531616,215.15453553199768,745.9240989685059,846.5291366577148
qp time,0,0,14.048698663711548,20.497199773788452,23.434592485427856,35.82397198677063,32.2143337726593,29.363388299942017,40.95070695877075,45.22283220291138,45.46442794799805,45.57299780845642,47.379878997802734,47.36798071861267
backward time,0,0,44.00631141662598,45.66765117645264,49.43967652320862,58.150063037872314,55.828556299209595,53.2059063911438,60.706076860427856,65.76235365867615,65.48953461647034,65.12027192115784,66.63488864898682,66.28908348083496
