Epoch, 27
Random seed, 0, forward time, 33.15734338760376, inference time, 451.01826667785645, qp time, 27.25688672065735, backward_time, 67.58433175086975
forward time,0,0,1.2298061847686768,1.2311007976531982,1.241783857345581,1.2450857162475586,1.2251067161560059,1.2329349517822266,1.2234563827514648,1.2299458980560303,1.2367839813232422,1.2314021587371826,1.228630781173706,1.225564956665039,1.2271177768707275,1.2296183109283447,1.2366950511932373,1.2250981330871582,1.231879472732544,1.2239739894866943,1.2172036170959473,1.2263054847717285,1.2255229949951172,1.215512990951538,1.2355480194091797,1.2118544578552246,1.2228589057922363,1.2214713096618652,1.2250804901123047
inference time,0,0,8.237014532089233,9.527698040008545,26.697489976882935,19.043893337249756,20.630900382995605,21.007158994674683,20.202534437179565,19.31017804145813,17.58560585975647,17.231594800949097,19.597120761871338,18.08162808418274,17.771402835845947,19.209829092025757,18.548518419265747,59.210434675216675,21.804033994674683,16.46073579788208,6.465133428573608,11.042545318603516,6.5086729526519775,5.696382284164429,8.638805627822876,12.428385257720947,9.575299978256226,8.42483139038086,12.080438375473022
qp time,0,0,1.1057310104370117,1.0036180019378662,1.000899076461792,0.8904283046722412,0.8828363418579102,0.9581298828125,1.0208356380462646,0.9536352157592773,0.949411153793335,1.0202782154083252,1.0785610675811768,0.9314596652984619,0.9892756938934326,1.012294054031372,0.9947733879089355,1.113239049911499,0.9465444087982178,0.9724991321563721,0.9903953075408936,1.1922149658203125,1.1834919452667236,1.1290221214294434,0.9654974937438965,1.0403721332550049,1.0123579502105713,0.9393346309661865,0.9797508716583252
backward time,0,0,2.6889560222625732,2.5859832763671875,2.5741782188415527,2.4976749420166016,2.5115251541137695,2.5955026149749756,2.6364967823028564,2.555997133255005,2.507902145385742,2.5238559246063232,2.5845656394958496,2.4379022121429443,2.444505453109741,2.501540184020996,2.498889207839966,2.4858028888702393,2.4415736198425293,2.486391067504883,2.502671718597412,2.595289707183838,2.542527914047241,2.42803692817688,2.40889048576355,2.3370351791381836,2.403366804122925,2.3913698196411133,2.415900707244873
