Epoch, 8
Random seed, 0, forward time, 101.57423830032349, inference time, 954.3470027446747, qp time, 338.31483817100525, backward_time, 226.76188230514526
forward time,0,0,12.723323106765747,12.673232316970825,12.686676502227783,12.720476150512695,12.724815130233765,12.722700119018555,12.678736925125122,12.644278049468994
inference time,0,0,62.922871351242065,63.34009385108948,87.61814999580383,118.37819862365723,145.59186816215515,126.91333866119385,172.20023012161255,177.38225197792053
qp time,0,0,42.34822678565979,42.25558042526245,42.21518588066101,42.605828523635864,42.37596845626831,42.35846209526062,42.20298767089844,41.952598333358765
backward time,0,0,27.61167311668396,27.687511444091797,28.200607776641846,29.005558729171753,28.35605788230896,28.754884004592896,29.124503135681152,28.0210862159729
