Epoch, 20
Random seed, 0, forward time, 25.29602551460266, inference time, 724.5054404735565, qp time, 36.492390632629395, backward_time, 62.14375448226929
forward time,0,0,1.2696001529693604,1.2751097679138184,1.2408082485198975,1.2298834323883057,1.254831314086914,1.2348523139953613,1.2489914894104004,1.2753551006317139,1.2717890739440918,1.27724289894104,1.2732150554656982,1.2666614055633545,1.277376651763916,1.2745311260223389,1.2662079334259033,1.2652220726013184,1.2715599536895752,1.2821276187896729,1.2764127254486084,1.264247179031372
inference time,0,0,35.30443358421326,23.670713901519775,10.337872743606567,11.557834386825562,21.803845167160034,18.24031352996826,89.76365327835083,32.632354497909546,37.59863495826721,51.66053342819214,42.946781158447266,25.496546030044556,34.78059911727905,18.539517164230347,11.084161281585693,32.53048348426819,27.841068744659424,52.30725169181824,69.91968941688538,76.4891529083252
qp time,0,0,1.7963671684265137,1.763420581817627,1.7807395458221436,1.7547850608825684,1.7654693126678467,1.7014317512512207,1.8036634922027588,1.9810447692871094,2.0348753929138184,1.9378066062927246,1.867170810699463,1.7662031650543213,1.692060947418213,1.7901110649108887,1.8376963138580322,1.8661384582519531,1.9480195045471191,1.9144563674926758,1.8317887783050537,1.6591415405273438
backward time,0,0,3.0999226570129395,3.0685017108917236,3.125974178314209,3.107017755508423,2.9707462787628174,2.9239883422851562,2.9830265045166016,3.2869040966033936,3.2864248752593994,3.315582513809204,3.211456775665283,3.0526626110076904,3.050684690475464,3.1515870094299316,3.2126786708831787,3.1552774906158447,3.0402650833129883,3.1484079360961914,3.0299594402313232,2.9226858615875244
