Epoch, 9
Random seed, 0, forward time, 61.216479778289795, inference time, 496.9284644126892, qp time, 170.90334701538086, backward_time, 148.3845887184143
forward time,0,0,6.764467000961304,6.647700309753418,6.801575660705566,6.838256597518921,6.81191349029541,6.858942031860352,6.843098402023315,6.81363582611084,6.836890459060669
inference time,0,0,40.43290734291077,36.92366361618042,34.25394630432129,74.99709296226501,71.29788327217102,75.00088834762573,64.26874041557312,50.55631065368652,49.19703149795532
qp time,0,0,20.01743459701538,18.952142000198364,18.85968828201294,18.979626417160034,18.874481439590454,19.018268585205078,18.771224975585938,18.703484773635864,18.726995944976807
backward time,0,0,16.200575351715088,16.360469102859497,16.511342525482178,16.845136404037476,16.530569314956665,16.837381839752197,16.377610445022583,16.34971261024475,16.371791124343872
