Epoch, 19
Random seed, 0, forward time, 11.15963625907898, inference time, 80.42908024787903, qp time, 16.79367160797119, backward_time, 27.650288820266724
forward time,0,0,0.5854165554046631,0.5820143222808838,0.5828485488891602,0.5821108818054199,0.5779604911804199,0.5840902328491211,0.59157395362854,0.5910515785217285,0.5939438343048096,0.5879726409912109,0.5867042541503906,0.5899736881256104,0.5894665718078613,0.5893270969390869,0.5900788307189941,0.5988595485687256,0.5903928279876709,0.584219217300415,0.5816311836242676
inference time,0,0,6.2518980503082275,3.9078404903411865,7.225162029266357,3.528765916824341,3.24377703666687,4.327051162719727,4.077263355255127,4.317193269729614,4.421321392059326,4.834114074707031,5.130306720733643,3.601651906967163,3.4529247283935547,3.556520938873291,3.559532880783081,3.542156219482422,3.837634325027466,3.5937352180480957,4.020230531692505
qp time,0,0,1.1815252304077148,0.8427259922027588,0.881547212600708,0.8337376117706299,0.8505392074584961,0.8637690544128418,0.8675885200500488,0.8601658344268799,0.8638663291931152,0.8700995445251465,0.8920974731445312,0.8773300647735596,0.8690180778503418,0.8687567710876465,0.8657658100128174,0.8670392036437988,0.8705546855926514,0.8668911457061768,0.9006538391113281
backward time,0,0,1.4688808917999268,1.451328992843628,1.4600753784179688,1.4340999126434326,1.4133572578430176,1.4538774490356445,1.454420566558838,1.4683849811553955,1.4563014507293701,1.455491542816162,1.4579763412475586,1.4554080963134766,1.4523515701293945,1.4574003219604492,1.4679670333862305,1.4696927070617676,1.4603996276855469,1.448756456375122,1.464118242263794
