Epoch, 20
Random seed, 8, forward time, 364.2312104701996, inference time, 2615.308223962784, qp time, 1749.6047537326813, backward_time, 908.8777306079865
forward time,0,18.235238313674927,18.175155639648438,18.217057704925537,18.309839010238647,18.38353943824768,17.807350635528564,17.562573194503784,17.914726734161377,18.144214153289795,18.217016458511353,18.352188110351562,18.1910183429718,18.610130071640015,18.874237775802612,18.917948246002197,19.23203992843628,17.67848014831543,17.86240839958191,17.798468828201294,17.747579336166382
inference time,0,71.25481176376343,50.43515396118164,50.47696256637573,50.68072295188904,63.46244740486145,127.6420681476593,111.30528903007507,121.27439260482788,165.03939938545227,162.81589698791504,171.43230032920837,155.54477763175964,163.9212555885315,154.59644985198975,165.98170685768127,169.58538627624512,157.52125024795532,162.24719643592834,162.4640974998474,177.62665843963623
qp time,0,89.06384181976318,90.1777036190033,90.20376944541931,90.92808175086975,89.65178346633911,85.46743583679199,83.91252279281616,87.25088787078857,86.8664824962616,86.80832719802856,85.5590751171112,85.68075275421143,89.66764092445374,91.39104890823364,92.2345974445343,94.17244124412537,81.42508864402771,83.78128290176392,82.78303551673889,82.57895398139954
backward time,0,47.83836793899536,47.68853807449341,48.10110306739807,48.40239238739014,47.97808790206909,46.477519273757935,45.95583772659302,47.33795380592346,45.35522985458374,44.57568073272705,44.1526825428009,43.97104620933533,44.66785430908203,45.1044659614563,45.34671449661255,46.16435360908508,41.631192445755005,42.8077917098999,42.57221555709839,42.74870300292969
