Epoch, 17
Random seed, 10, forward time, 394.4659218788147, inference time, 3788.5053029060364, qp time, 1292.722797870636, backward_time, 917.381023645401
forward time,0,23.251729249954224,23.241981506347656,23.174303770065308,23.228662252426147,23.31963038444519,23.427233457565308,23.22278642654419,23.13300848007202,23.100353479385376,23.167256355285645,23.119781017303467,23.11878776550293,23.07771396636963,23.11916422843933,23.21007251739502,23.239732027053833,23.313724994659424
inference time,0,182.03060460090637,244.13831734657288,185.07755613327026,198.83731532096863,263.9829521179199,258.23508048057556,211.3900327682495,150.12700748443604,249.02470922470093,261.6939778327942,253.82855582237244,234.69649696350098,287.128515958786,197.06919503211975,184.20144057273865,177.3223385810852,249.72120666503906
qp time,0,75.7137131690979,76.61138415336609,77.35114240646362,76.92751145362854,77.39804077148438,78.1257073879242,76.1866192817688,74.41456651687622,74.66892194747925,74.4290988445282,75.73462796211243,73.26047539710999,74.44788098335266,75.63891959190369,77.12515330314636,77.14252519607544,77.54650950431824
backward time,0,55.47247767448425,54.83581233024597,56.562166690826416,54.80026936531067,54.16022849082947,53.78223252296448,52.929165840148926,51.35181713104248,52.59404420852661,51.65874457359314,52.27401256561279,50.601688623428345,52.183794260025024,53.013596296310425,56.940868616104126,56.877485275268555,57.34261918067932
