Epoch, 13
Random seed, 30, forward time, 2039.8821256160736, inference time, 15282.240116119385, qp time, 12015.5016143322, backward_time, 4907.310624361038
forward time,0,156.57441639900208,156.9516773223877,157.4359724521637,157.23034143447876,157.38422560691833,157.55670928955078,154.07898378372192,154.21513962745667,153.89375758171082,155.5294167995453,159.73236727714539,160.40829205513,158.89082598686218
inference time,0,1352.3186407089233,1365.3134269714355,1206.6946465969086,1125.1764132976532,1179.1797800064087,1237.215313911438,1228.907259941101,1249.4760794639587,1170.3722777366638,973.8740270137787,1045.484515428543,1037.9055433273315,1110.3221917152405
qp time,0,914.6755177974701,914.8857967853546,914.6402032375336,921.971616268158,919.1235251426697,923.0680067539215,880.0814888477325,888.9977412223816,886.7957637310028,917.3547797203064,969.7930271625519,983.9000999927521,980.2140476703644
backward time,0,385.19478487968445,384.9591920375824,383.77178144454956,386.5860106945038,384.41672682762146,384.0940480232239,355.9810223579407,360.8287134170532,361.07029724121094,367.0672814846039,381.23948335647583,387.2780501842499,384.82323241233826
