Epoch, 12
Random seed, 21, forward time, 356.8619692325592, inference time, 3762.6457521915436, qp time, 526.4118707180023, backward_time, 866.9569506645203
forward time,0,30.16486930847168,30.147000789642334,30.16036081314087,29.770046710968018,29.56545114517212,29.494765520095825,29.739614486694336,29.672935724258423,29.37212586402893,29.422805786132812,29.69105863571167,29.660934448242188
inference time,0,378.6023817062378,316.27853059768677,283.9084906578064,260.4107301235199,288.1043310165405,284.44715690612793,346.61033034324646,387.8282814025879,330.6210057735443,296.02192735671997,278.42634558677673,311.3862407207489
qp time,0,43.2556095123291,42.336894512176514,39.12287354469299,41.82064747810364,43.298471212387085,45.0533766746521,44.984293699264526,46.0492103099823,45.536590814590454,40.16117000579834,44.7146053314209,50.07812762260437
backward time,0,74.35089421272278,73.14601039886475,70.8731997013092,70.6229498386383,70.76942682266235,71.77902603149414,73.55072569847107,73.62134838104248,72.56568431854248,67.87990713119507,72.09866046905518,75.69911766052246
