Epoch, 4
Random seed, 21, forward time, 453.66047716140747, inference time, 978.443927526474, qp time, 0, backward_time, 713.1080522537231
forward time,0,0,113.34033226966858,113.1467137336731,113.0363495349884,114.13708162307739
inference time,0,0,0,0,0,978.443927526474
qp time,0,0,0,0,0,0
backward time,0,0,178.103661775589,177.98795747756958,177.83770394325256,179.178729057312
