Epoch, 13
Random seed, 21, forward time, 1461.5705816745758, inference time, 23138.01593708992, qp time, 2536.7086396217346, backward_time, 4142.433255434036
forward time,0,109.94354104995728,110.94711017608643,110.7653079032898,111.96568489074707,112.27824997901917,112.13889837265015,112.85402393341064,112.99110102653503,113.5343713760376,113.55040097236633,113.07464456558228,113.62396383285522,113.90328359603882
inference time,0,1322.2753779888153,1582.9198806285858,1349.421450138092,1718.563541650772,1824.1134536266327,1974.2327270507812,2131.795918226242,2327.7351257801056,2061.982779979706,1844.4022071361542,1835.0190682411194,1482.5250732898712,1683.0293333530426
qp time,0,164.44637370109558,177.2828176021576,169.2065773010254,181.35490560531616,194.51224207878113,198.26808524131775,220.73051738739014,219.7322347164154,222.33140540122986,214.01124620437622,184.7919464111328,196.0622775554657,193.97801041603088
backward time,0,283.18320775032043,299.8489146232605,292.3481640815735,303.7671432495117,316.03404211997986,324.41333842277527,348.5376501083374,347.77943778038025,348.0197241306305,341.8455390930176,305.61058235168457,316.46668338775635,314.57882833480835
