Epoch, 19
Random seed, 27, forward time, 2442.4035131931305, inference time, 48499.24783563614, qp time, 3709.7799627780914, backward_time, 6112.01643371582
forward time,0,128.73032879829407,127.57184648513794,127.96603226661682,125.69307041168213,126.03642416000366,126.8300895690918,126.00200366973877,128.0769326686859,127.8052761554718,128.7947235107422,129.09037399291992,130.2664167881012,130.0898883342743,130.46076464653015,130.4914608001709,130.3785045146942,129.48033928871155,131.07205390930176,127.56698322296143
inference time,0,2135.1339440345764,2622.789900302887,2581.8789234161377,2610.7427673339844,2646.6679830551147,2551.9721546173096,2624.2350249290466,2620.9615507125854,2605.9703748226166,2719.1335327625275,2555.7173664569855,2712.3189675807953,2460.2414832115173,2460.1421558856964,2290.575481414795,2620.90522313118,2371.540284395218,2613.4849078655243,2694.8358097076416
qp time,0,220.21383500099182,206.31683993339539,221.16464805603027,200.65483140945435,199.45346784591675,191.16984748840332,191.38453006744385,199.93238878250122,192.3611912727356,191.05383205413818,194.86029958724976,185.48679947853088,184.11798405647278,181.99087810516357,194.3381109237671,194.66972303390503,184.92901492118835,191.57277464866638,184.10896611213684
backward time,0,345.8942201137543,328.66792821884155,343.0699827671051,318.4385561943054,320.47436237335205,315.9199628829956,310.6235947608948,327.28609895706177,320.9468011856079,319.01144194602966,321.6434645652771,311.61428117752075,307.92068004608154,309.81016659736633,329.80461716651917,329.54783940315247,310.8672716617584,321.75674271583557,318.71842098236084
