Epoch, 20
Random seed, 25, forward time, 1274.15180850029, inference time, 14832.69526219368, qp time, 4970.623119831085, backward_time, 2965.035495042801
forward time,0,61.60928440093994,61.15650653839111,61.39716649055481,61.638315200805664,64.63724780082703,64.62325668334961,64.48970913887024,63.30663704872131,63.365341901779175,63.823110580444336,64.10555839538574,64.25724077224731,63.7466504573822,65.14964604377747,64.21010851860046,63.544899225234985,64.29279828071594,64.87921500205994,64.92430067062378,64.99481534957886
inference time,0,191.09487509727478,319.84641098976135,597.213071346283,437.9272439479828,467.456387758255,493.96090841293335,842.0321819782257,893.7040250301361,872.1257164478302,895.5001766681671,816.7893550395966,817.7578454017639,883.8413465023041,903.0263857841492,938.150050163269,930.6155571937561,903.029399394989,852.5952332019806,857.3902127742767,918.6388790607452
qp time,0,237.34654903411865,235.80927157402039,235.60389161109924,233.10955905914307,256.82720971107483,258.1306059360504,255.7749469280243,243.71846055984497,244.59719920158386,245.56502175331116,246.6112666130066,247.30636739730835,242.84703135490417,256.8242287635803,250.58616662025452,247.35409927368164,253.19914627075195,258.89465975761414,259.99209785461426,260.5253405570984
backward time,0,147.27224850654602,144.63148999214172,144.15771675109863,142.44720149040222,152.03280925750732,154.36818647384644,151.60046219825745,144.5033724308014,145.50750422477722,145.58361768722534,145.92065238952637,146.71821880340576,145.8577287197113,149.44068574905396,147.66019940376282,147.05606722831726,149.57449531555176,152.49079251289368,154.0184817314148,154.19356417655945
