Epoch, 4
Random seed, 10, forward time, 112.67622303962708, inference time, 273.2252447605133, qp time, 0, backward_time, 165.75822186470032
forward time,0,0,28.541831493377686,28.13310432434082,28.058369874954224,27.942917346954346
inference time,0,0,0,0,0,273.2252447605133
qp time,0,0,0,0,0,0
backward time,0,0,41.88501691818237,41.68250131607056,40.838197231292725,41.35250639915466
