Epoch, 18
Random seed, 2, forward time, 1599.4075210094452, inference time, 20821.422256708145, qp time, 8473.469299316406, backward_time, 3971.499605178833
forward time,0,92.12716364860535,92.23379015922546,90.6697564125061,89.976145029068,89.56444334983826,88.68697428703308,88.11323404312134,87.96931624412537,87.3926784992218,87.83169865608215,87.83270502090454,87.94168591499329,87.84944367408752,88.11019039154053,88.40019941329956,88.47378468513489,88.12924695014954,88.10506463050842
inference time,0,422.277713060379,1035.1401710510254,1155.3313970565796,1370.2308161258698,1225.0803265571594,1340.971459388733,1291.5960969924927,1385.8053228855133,1098.6789631843567,942.7221868038177,956.5223753452301,1067.3904728889465,1182.0364120006561,1382.023931503296,1205.2036411762238,1284.987333536148,1355.5768821239471,1119.846755027771
qp time,0,488.8128311634064,489.2906801700592,475.8488872051239,470.91602754592896,469.203120470047,463.31471991539,457.3666899204254,458.8916676044464,456.1703462600708,463.9544310569763,458.7643527984619,463.8498134613037,466.82364869117737,476.5791461467743,476.29634284973145,478.82410645484924,476.0898973941803,482.4725902080536
backward time,0,234.62093496322632,231.691490650177,221.70918464660645,216.27053952217102,218.32035636901855,216.08044958114624,214.45763039588928,211.4222731590271,214.58002042770386,222.02020001411438,217.2926321029663,215.13979411125183,218.97608375549316,223.61601066589355,218.8890106678009,222.6236093044281,224.9082612991333,228.88112354278564
