Epoch, 19
Random seed, 21, forward time, 2206.299735069275, inference time, 15203.89692568779, qp time, 12556.656068563461, backward_time, 5192.727925300598
forward time,0,122.60832500457764,122.25390124320984,121.6883978843689,120.57997584342957,119.54848909378052,114.89566588401794,108.2607946395874,113.14892554283142,111.24671983718872,110.45632004737854,108.70640444755554,108.42145252227783,108.58972525596619,118.07674908638,119.39199304580688,119.74530267715454,119.93862390518188,118.87827777862549,119.86369132995605
inference time,0,728.1188824176788,804.1706464290619,903.0993630886078,923.6307058334351,923.9177317619324,901.4369354248047,882.7680683135986,878.3159935474396,889.4857037067413,933.6757416725159,697.5625121593475,684.7836883068085,728.2144484519958,736.4392914772034,726.9198131561279,719.996297121048,721.0383505821228,748.1977198123932,672.1250324249268
qp time,0,726.6323003768921,726.8070209026337,703.1172015666962,693.5804319381714,687.6407315731049,651.0514919757843,593.2058455944061,623.2676775455475,610.0841431617737,604.9327347278595,601.4979450702667,597.4711990356445,599.5866785049438,676.6938326358795,687.5549097061157,688.5178852081299,687.6275188922882,688.3621633052826,709.024356842041
backward time,0,302.3219814300537,303.1722295284271,283.78180718421936,280.1569483280182,278.69393730163574,267.6075553894043,249.07344341278076,256.9553542137146,251.8257772922516,251.36215257644653,258.778755903244,256.282208442688,255.25560021400452,279.87812852859497,283.43453431129456,281.8079044818878,282.7337031364441,282.4410903453827,287.1648132801056
