Epoch, 6
Random seed, 6, forward time, 263.0299370288849, inference time, 2699.666047334671, qp time, 1314.2007529735565, backward_time, 675.25905585289
forward time,0,44.635650396347046,42.819422006607056,44.332539319992065,44.49275612831116,43.97527623176575,42.774292945861816
inference time,0,461.79413056373596,432.30140209198,459.6666991710663,450.4847433567047,446.78488421440125,448.63418793678284
qp time,0,223.50750923156738,214.19138288497925,222.9958691596985,223.80447244644165,220.69776105880737,209.00375819206238
backward time,0,114.06799530982971,105.85816049575806,114.5590980052948,116.47583985328674,114.65915250778198,109.63880968093872
