Epoch, 19
Random seed, 26, forward time, 685.7192788124084, inference time, 6589.02343583107, qp time, 2271.637868642807, backward_time, 1589.208024263382
forward time,0,36.013591289520264,36.12406277656555,36.06182026863098,36.01138496398926,35.72974729537964,35.77447271347046,35.755438566207886,35.78363847732544,35.82944083213806,35.938481092453,36.0096116065979,36.0170636177063,35.96743297576904,35.7749924659729,35.68655562400818,36.391958236694336,36.95414209365845,36.94552230834961,36.94992160797119
inference time,0,213.25096440315247,267.90632462501526,253.4176106452942,296.49100160598755,326.2639558315277,374.3228600025177,340.5177011489868,372.72976636886597,354.49729013442993,367.9342830181122,390.7112627029419,352.49658250808716,390.76397943496704,408.3365433216095,374.11551666259766,403.56965470314026,405.6673138141632,348.9048504829407,347.1259744167328
qp time,0,122.91673851013184,120.6764497756958,120.54741764068604,121.68631362915039,115.51191210746765,120.24670124053955,117.68809580802917,115.30083847045898,118.32828283309937,118.55777835845947,118.82468581199646,117.73150897026062,118.30352067947388,114.76933026313782,112.68505764007568,120.50683736801147,126.1331696510315,125.58345866203308,125.63977122306824
backward time,0,92.2657220363617,92.07090950012207,92.2985954284668,91.26844787597656,84.0205192565918,79.62573790550232,81.4068284034729,79.92135620117188,81.18217396736145,81.5993275642395,81.53172445297241,79.63552570343018,80.23858642578125,79.02778911590576,76.83878517150879,81.09254384040833,84.85047888755798,84.79925513267517,85.53371739387512
