Epoch, 22
Random seed, 10, forward time, 1942.8524084091187, inference time, 0, qp time, 0, backward_time, 3006.655586242676
forward time,0,87.94178128242493,88.4178512096405,88.47191381454468,88.49911451339722,88.36976313591003,88.24896550178528,88.46912908554077,88.42236995697021,88.35843324661255,88.41176080703735,88.33261680603027,88.5153579711914,88.41895627975464,88.46614933013916,88.45214033126831,88.17685270309448,88.51194834709167,88.25350618362427,88.23433828353882,88.09584021568298,88.14924883842468,87.63437056541443
inference time,0,0,0,0,0,0,0,0,0,0,0,0,0,0,0,0,0,0,0,0,0,0,0
qp time,0,0,0,0,0,0,0,0,0,0,0,0,0,0,0,0,0,0,0,0,0,0,0
backward time,0,134.94638228416443,135.16039061546326,135.43825936317444,135.3646457195282,135.91951060295105,136.08445978164673,136.17955493927002,135.98369073867798,136.3172254562378,136.56802082061768,136.81282877922058,136.8284957408905,136.5309979915619,136.56119227409363,136.94988441467285,136.88608121871948,137.21771502494812,138.03093004226685,138.2777771949768,137.8820059299469,138.45388913154602,138.2616481781006
