Epoch, 4
Random seed, 2, forward time, 145.16250133514404, inference time, 320.15186643600464, qp time, 0, backward_time, 214.6734583377838
forward time,0,0,36.33293700218201,36.480584383010864,36.28826355934143,36.06071639060974
inference time,0,0,0,0,0,320.15186643600464
qp time,0,0,0,0,0,0
backward time,0,0,53.44728350639343,54.25676941871643,53.89981961250305,53.0695858001709
