Epoch, 10
Random seed, 28, forward time, 706.086528301239, inference time, 4137.836886167526, qp time, 3246.1111233234406, backward_time, 1730.5896162986755
forward time,0,70.91998982429504,71.11664962768555,71.4502203464508,71.95872783660889,71.3936779499054,70.30890154838562,69.79332256317139,69.49424457550049,69.60094213485718,70.04985189437866
inference time,0,576.5319192409515,555.8748950958252,491.7144465446472,550.5131285190582,356.20554065704346,323.91723561286926,323.41011095046997,317.2167716026306,320.32632088661194,322.1265170574188
qp time,0,332.65596985816956,332.8488857746124,337.83578276634216,346.20146203041077,338.6053614616394,319.8373439311981,312.2644057273865,303.330340385437,308.95503783226013,313.5765335559845
backward time,0,175.86717104911804,176.52480792999268,178.1364884376526,182.52184748649597,178.94013738632202,171.14250254631042,167.52199745178223,164.95655608177185,166.54635405540466,168.43175387382507
