Epoch, 4
Random seed, 21, forward time, 349.9939966201782, inference time, 5619.228287935257, qp time, 605.7224526405334, backward_time, 948.1067411899567
forward time,0,87.91551399230957,87.87945914268494,88.1735007762909,86.02552270889282
inference time,0,1169.369470834732,1471.3077301979065,1447.7541179656982,1530.7969689369202
qp time,0,144.4739646911621,154.34921765327454,154.68478155136108,152.21448874473572
backward time,0,235.46056699752808,241.2071509361267,240.5953550338745,230.84366822242737
