Epoch, 11
Random seed, 20, forward time, 318.1522810459137, inference time, 3205.45400762558, qp time, 1208.1037375926971, backward_time, 737.284078836441
forward time,0,28.917298316955566,28.829023122787476,28.822487831115723,28.663739681243896,28.69196128845215,29.268656492233276,29.318113565444946,29.102023124694824,29.142492294311523,28.827979803085327,28.56850552558899
inference time,0,261.447660446167,359.4569959640503,379.3720850944519,360.45123291015625,318.29474663734436,415.0910665988922,282.58607006073,202.7269115447998,206.73059225082397,206.5392563343048,212.75738978385925
qp time,0,111.156418800354,110.39630937576294,109.43629598617554,106.65166473388672,105.75080394744873,114.79280066490173,113.13196873664856,110.86771631240845,112.12531971931458,108.53483057022095,105.25960874557495
backward time,0,70.28201818466187,68.53787112236023,67.8627188205719,68.06706547737122,67.00886845588684,70.59965801239014,66.7849657535553,64.87416386604309,65.30602025985718,64.60865998268127,63.35206890106201
