Epoch, 25
Random seed, 30, forward time, 3878.6438851356506, inference time, 33017.77039909363, qp time, 22889.57906317711, backward_time, 9195.793422222137
forward time,0,156.57441639900208,156.9516773223877,157.4359724521637,157.23034143447876,157.38422560691833,157.55670928955078,154.07898378372192,154.21513962745667,153.89375758171082,155.5294167995453,159.73236727714539,160.40829205513,158.89082598686218,151.7877426147461,152.0997006893158,152.6326515674591,152.69523334503174,157.26151609420776,157.49828672409058,153.13624000549316,151.01120901107788,152.5688602924347,154.10536980628967,151.6701865196228,152.29476284980774
inference time,0,1352.3186407089233,1365.3134269714355,1206.6946465969086,1125.1764132976532,1179.1797800064087,1237.215313911438,1228.907259941101,1249.4760794639587,1170.3722777366638,973.8740270137787,1045.484515428543,1037.9055433273315,1110.3221917152405,1245.3483910560608,895.6218724250793,940.890095949173,920.511559009552,993.7135417461395,1158.6414022445679,1673.3208556175232,1823.2345020771027,1879.462084531784,1974.027860403061,2115.8159639835358,2114.942153930664
qp time,0,914.6755177974701,914.8857967853546,914.6402032375336,921.971616268158,919.1235251426697,923.0680067539215,880.0814888477325,888.9977412223816,886.7957637310028,917.3547797203064,969.7930271625519,983.9000999927521,980.2140476703644,875.0887627601624,870.1314218044281,892.3220579624176,894.4437720775604,940.7396829128265,940.7379603385925,906.8173310756683,884.4906840324402,926.1827075481415,939.3099956512451,902.4479057788849,901.3651669025421
backward time,0,385.19478487968445,384.9591920375824,383.77178144454956,386.5860106945038,384.41672682762146,384.0940480232239,355.9810223579407,360.8287134170532,361.07029724121094,367.0672814846039,381.23948335647583,387.2780501842499,384.82323241233826,353.94966530799866,351.4162628650665,355.7838132381439,354.7571461200714,370.799640417099,367.6960096359253,356.52915930747986,349.7152268886566,358.46298027038574,358.6265661716461,353.352655172348,357.3936724662781
