Epoch, 11
Random seed, 23, forward time, 302.63584327697754, inference time, 3276.4550960063934, qp time, 1247.291416168213, backward_time, 720.4699866771698
forward time,0,27.330358505249023,27.509467363357544,27.32054328918457,27.83820366859436,27.76177406311035,27.86331796646118,27.785147190093994,27.83575677871704,27.05767798423767,27.038618087768555,27.294978380203247
inference time,0,114.88885855674744,74.63421392440796,174.66234612464905,328.3814606666565,334.7290964126587,329.3739824295044,350.4901430606842,404.9511716365814,392.00908279418945,377.3120701313019,395.02267026901245
qp time,0,112.25031614303589,112.27432680130005,110.98765349388123,112.71269798278809,116.55571508407593,123.01204419136047,117.077064037323,116.57875156402588,109.36345791816711,107.85470628738403,108.62468266487122
backward time,0,67.85575938224792,66.02784466743469,65.59988307952881,67.72826814651489,67.44191670417786,65.8186047077179,66.36029601097107,65.00430965423584,63.75233840942383,62.1075975894928,62.773168325424194
