Epoch, 6
Random seed, 26, forward time, 260.94111466407776, inference time, 3720.5629966259003, qp time, 386.21839451789856, backward_time, 638.5268065929413
forward time,0,44.0642409324646,43.754127979278564,43.32683229446411,43.08868956565857,43.23795127868652,43.46927261352539
inference time,0,559.6855854988098,404.6183247566223,673.5472075939178,645.813404083252,736.847409248352,700.0510654449463
qp time,0,61.51884388923645,66.57232403755188,65.93528008460999,63.20598888397217,64.57189702987671,64.41406059265137
backward time,0,105.58242154121399,109.54335141181946,105.94890236854553,104.23534035682678,106.6111969947815,106.60559391975403
