Epoch, 27
Random seed, 24, forward time, 2186.0835134983063, inference time, 46016.79117035866, qp time, 3735.8487718105316, backward_time, 6082.494886398315
forward time,0,74.61276388168335,75.33516311645508,78.1561987400055,77.57658767700195,76.49809575080872,82.34195613861084,82.152991771698,81.27278900146484,81.86341547966003,81.97948098182678,82.50673198699951,81.38140106201172,82.59702634811401,82.14503693580627,82.32190465927124,81.96039700508118,81.92130208015442,82.43343806266785,81.00643348693848,82.19393253326416,82.03030347824097,81.01049065589905,82.47500085830688,82.37979078292847,81.36563038825989,81.89103150367737,82.67421913146973
inference time,0,1040.9290101528168,1446.2230851650238,1723.468901872635,1945.9577629566193,1725.654667377472,1793.8219084739685,1787.7924149036407,1856.5788762569427,1754.6484887599945,1789.462293624878,1745.3363194465637,1857.4680461883545,1758.89018368721,1814.4983308315277,1592.7772822380066,1533.19317984581,1631.3879754543304,1853.8467054367065,1549.140531539917,1772.3953084945679,1601.441508769989,1805.5213158130646,1828.7448508739471,1710.8648800849915,1587.644203901291,1653.6798269748688,1855.4233112335205
qp time,0,112.25850558280945,144.14065647125244,133.1945559978485,131.31522512435913,128.4399025440216,133.56338667869568,129.08144688606262,135.74825835227966,139.0859899520874,138.46114802360535,136.4794135093689,128.41539430618286,131.95898365974426,131.8922882080078,138.47168397903442,149.05828166007996,148.38639211654663,157.43563866615295,144.04864883422852,149.6723654270172,130.81393194198608,143.09806847572327,146.02351117134094,149.73043942451477,141.30849981307983,140.9670112133026,142.79914379119873
backward time,0,191.63826203346252,223.98735976219177,213.33103585243225,210.62450242042542,208.82440209388733,218.0177767276764,216.14325785636902,222.76912546157837,226.39527130126953,226.50501489639282,225.51874494552612,215.263516664505,219.08220601081848,221.29689574241638,227.09722065925598,236.88254189491272,235.97719645500183,247.8466875553131,232.32208466529846,240.92726874351501,221.3620753288269,233.4220519065857,235.24429202079773,238.17004466056824,230.0789716243744,232.07622480392456,231.69085431098938
