Epoch, 4
Random seed, 21, forward time, 329.865841627121, inference time, 754.5664510726929, qp time, 0, backward_time, 515.5616753101349
forward time,0,0,82.25218486785889,82.3842875957489,82.3433005809784,82.88606858253479
inference time,0,0,0,0,0,754.5664510726929
qp time,0,0,0,0,0,0
backward time,0,0,128.274263381958,128.5986409187317,128.61989545822144,130.06887555122375
