Epoch, 8
Random seed, 17, forward time, 1075.790254831314, inference time, 3003.189957141876, qp time, 4294.8172290325165, backward_time, 2793.1229243278503
forward time,0,128.69002723693848,128.8448691368103,130.2880344390869,135.71334743499756,134.0548713207245,133.1487283706665,133.25679278373718,151.79358410835266
inference time,0,371.11843967437744,360.60596919059753,362.80592155456543,379.9396347999573,370.21847558021545,369.4963746070862,370.4560503959656,418.5490913391113
qp time,0,510.6796417236328,508.0506603717804,513.8793594837189,563.8924860954285,535.8955898284912,530.2252070903778,531.0967819690704,601.0975024700165
backward time,0,335.66649889945984,333.8512165546417,336.97995352745056,358.7175929546356,347.8994891643524,345.19879269599915,344.17389011383057,390.63549041748047
