Epoch, 28
Random seed, 26, forward time, 800.4653444290161, inference time, 7152.551745414734, qp time, 2353.8223481178284, backward_time, 1856.2153551578522
forward time,0,28.53033471107483,28.692013263702393,28.70198941230774,28.768230676651,28.7648446559906,28.96878695487976,29.064613580703735,28.877487659454346,28.18384623527527,28.342514276504517,28.63161587715149,28.670135021209717,28.617937803268433,29.39977216720581,29.980610847473145,29.834223985671997,28.056613206863403,28.021048545837402,28.212752103805542,28.291001319885254,28.47345733642578,28.360273838043213,28.045490980148315,28.064847230911255,28.082829475402832,28.102304697036743,28.342149019241333,28.38361954689026
inference time,0,255.27710223197937,238.60351419448853,250.14384245872498,209.57024216651917,135.91976809501648,135.56609559059143,135.99119877815247,134.03342700004578,154.81418752670288,212.81663465499878,197.765611410141,222.40746307373047,196.63760471343994,213.1102750301361,269.70666313171387,263.50770473480225,176.31025099754333,134.0123736858368,173.63486075401306,289.4648218154907,333.81006479263306,452.2221956253052,413.0039520263672,406.1228804588318,387.7769422531128,389.360235452652,364.17072224617004,406.7911105155945
qp time,0,85.2823839187622,86.33357644081116,87.30459547042847,86.46446633338928,86.358393907547,87.61119604110718,88.69929718971252,86.52960348129272,81.13191246986389,80.88087153434753,83.30284595489502,83.16112685203552,82.88006663322449,89.22253084182739,90.97766494750977,90.81220722198486,79.54846453666687,79.19653725624084,82.0939302444458,82.36298084259033,84.11819052696228,83.77995133399963,79.95922589302063,80.00032711029053,80.02694845199585,80.39366483688354,82.82339835166931,82.56598949432373
backward time,0,67.93269729614258,69.10551309585571,70.22041702270508,66.87964344024658,66.06929183006287,67.22861289978027,67.6538655757904,66.14981245994568,63.59548020362854,63.53528094291687,64.1053352355957,63.52942609786987,64.10361671447754,68.10911679267883,68.73590445518494,67.81332325935364,63.46226382255554,64.52162051200867,66.42703700065613,64.95629739761353,65.76794528961182,67.36445665359497,65.7366828918457,66.14327669143677,65.84974670410156,66.43125343322754,67.42875623703003,67.35868120193481
