Epoch, 34
Random seed, 22, forward time, 12.153223514556885, inference time, 4.619730710983276, qp time, 0, backward_time, 17.521591663360596
forward time,0,0.3789842128753662,0.36774587631225586,0.35662317276000977,0.35268115997314453,0.35903501510620117,0.3553750514984131,0.3538796901702881,0.358630895614624,0.35486841201782227,0.35914063453674316,0.35779500007629395,0.35396766662597656,0.3563096523284912,0.35860705375671387,0.3563046455383301,0.35747456550598145,0.3605475425720215,0.3538651466369629,0.3575119972229004,0.3566398620605469,0.35615015029907227,0.3572580814361572,0.3582780361175537,0.3552861213684082,0.35235071182250977,0.3516054153442383,0.35555386543273926,0.3531301021575928,0.3535196781158447,0.35675597190856934,0.35860633850097656,0.3530147075653076,0.362743616104126,0.36298346519470215
inference time,0,0,0,0,0,0,0,0,0,0,0,0,0,0,0,0,0,0,0,0,0,0,0,0,0,0,0,0,0,0,0,0,0,0,4.619730710983276
qp time,0,0,0,0,0,0,0,0,0,0,0,0,0,0,0,0,0,0,0,0,0,0,0,0,0,0,0,0,0,0,0,0,0,0,0
backward time,0,0.5916450023651123,0.516331672668457,0.5117170810699463,0.5168540477752686,0.5130784511566162,0.5119168758392334,0.5209410190582275,0.512188196182251,0.510401725769043,0.515641450881958,0.523667573928833,0.5065879821777344,0.5108411312103271,0.5106306076049805,0.5125234127044678,0.5105538368225098,0.5133378505706787,0.5107362270355225,0.5122768878936768,0.512798547744751,0.5123684406280518,0.5131497383117676,0.5118732452392578,0.5109753608703613,0.5094208717346191,0.5095252990722656,0.5107846260070801,0.5113108158111572,0.5109961032867432,0.5118958950042725,0.5138852596282959,0.5067455768585205,0.5236423015594482,0.5203485488891602
