Epoch, 12
Random seed, 14, forward time, 346.2651414871216, inference time, 3367.716228246689, qp time, 1377.910784482956, backward_time, 828.0427074432373
forward time,0,28.738689661026,28.63697624206543,28.66790223121643,28.609854221343994,28.528757095336914,28.701277494430542,29.007944107055664,29.228954076766968,29.409308433532715,29.445508003234863,28.694292783737183,28.595677137374878
inference time,0,244.32756853103638,255.9442949295044,292.1315207481384,253.55499505996704,269.00295400619507,264.8573384284973,319.3273515701294,327.9881434440613,309.4000732898712,244.87337374687195,288.97846269607544,297.33015179634094
qp time,0,114.73683834075928,114.30223250389099,113.90184760093689,113.33507943153381,113.38061213493347,114.499258518219,115.36336588859558,117.10680317878723,117.81216406822205,118.40463423728943,112.75957345962524,112.30837512016296
backward time,0,71.22728776931763,69.89700531959534,68.55027747154236,67.57424807548523,68.78056693077087,68.91011190414429,68.49804306030273,69.35810661315918,70.13001918792725,69.75337076187134,67.43868780136108,67.92498254776001
