Epoch, 22
Random seed, 30, forward time, 1361.149225950241, inference time, 8124.7387092113495, qp time, 4756.818390846252, backward_time, 3443.1910603046417
forward time,0,60.986382246017456,61.55440402030945,61.23356771469116,61.96869730949402,62.09954214096069,63.14152383804321,62.783037424087524,62.45891714096069,62.363508462905884,61.66448163986206,61.15728783607483,61.60757780075073,61.810954570770264,61.9193696975708,61.58828568458557,61.91013026237488,62.06485629081726,61.63503885269165,61.65024924278259,62.187262296676636,61.931098222732544,61.43305325508118
inference time,0,492.5482110977173,365.0999481678009,406.0721318721771,357.0826458930969,330.25199460983276,335.7585036754608,334.4157316684723,339.7222104072571,361.58224415779114,273.86052799224854,305.18681955337524,336.7614493370056,330.94947814941406,350.4921524524689,398.11240339279175,397.8619861602783,366.0694055557251,368.9173939228058,407.02828884124756,401.52225136756897,449.4493944644928,415.99353647232056
qp time,0,211.3264195919037,214.32460141181946,212.2533893585205,217.8626525402069,218.08375024795532,226.63611555099487,222.1110715866089,219.07810735702515,218.63032245635986,215.50433826446533,212.24732065200806,212.26326775550842,214.62759399414062,215.58885860443115,211.9596357345581,215.39237761497498,218.17937016487122,215.10221457481384,216.34951186180115,218.64239931106567,217.52461624145508,213.13045597076416
backward time,0,155.59349012374878,159.36369800567627,158.57429718971252,161.4337728023529,161.5117166042328,166.44934844970703,164.62490916252136,163.3974528312683,163.101087808609,161.35885334014893,156.62227702140808,151.88070940971375,151.89622831344604,152.51822090148926,150.88199377059937,153.2735996246338,153.01679611206055,151.2545988559723,151.60776233673096,152.7075731754303,152.4054675102234,149.71720695495605
