Epoch, 5
Random seed, 7, forward time, 465.4103639125824, inference time, 5457.4012541770935, qp time, 2590.702987909317, backward_time, 1130.783849954605
forward time,0,92.15748906135559,90.87267565727234,91.10035490989685,94.22671413421631,97.05313014984131
inference time,0,663.9877805709839,1226.666170835495,1150.0995371341705,1206.9265458583832,1209.721219778061
qp time,0,516.4760553836823,498.06682991981506,498.32381319999695,526.7045254707336,551.1317639350891
backward time,0,236.40095615386963,220.92464900016785,215.95308470726013,225.38368225097656,232.12147784233093
