Epoch, 7
Random seed, 11, forward time, 426.25257682800293, inference time, 3235.4668900966644, qp time, 1403.4217076301575, backward_time, 981.4874885082245
forward time,0,61.67095327377319,61.37374925613403,60.95921611785889,60.714484453201294,60.5411102771759,60.02833437919617,60.96472907066345
inference time,0,542.1869578361511,528.012318611145,406.63879561424255,403.3206717967987,445.0258934497833,447.5343351364136,462.7479176521301
qp time,0,204.62914729118347,203.31225061416626,203.83824491500854,198.8165454864502,199.59924244880676,192.42485213279724,200.801424741745
backward time,0,143.8518180847168,139.7688491344452,140.53628516197205,140.4128646850586,140.4174027442932,136.86338067054749,139.63688802719116
