Epoch, 17
Random seed, 9, forward time, 1351.3074560165405, inference time, 25115.695229768753, qp time, 1993.0564608573914, backward_time, 3385.2511310577393
forward time,0,79.99007105827332,80.31335520744324,78.39393019676208,80.19811391830444,78.99966096878052,79.43987464904785,79.30621194839478,80.661452293396,78.37619495391846,79.69432735443115,79.96250247955322,79.74046301841736,79.51574969291687,77.88261151313782,79.45187735557556,79.60518527030945,79.77587413787842
inference time,0,1023.7465469837189,1264.652172088623,1339.1688282489777,1471.8458256721497,1428.5868039131165,1394.8597085475922,1421.213888168335,1474.4665365219116,1668.8548636436462,1684.5609967708588,1601.1009514331818,1555.4628221988678,1504.90962433815,1582.4378340244293,1532.5233948230743,1574.2150197029114,1593.089412689209
qp time,0,117.70606637001038,122.93463802337646,121.8923511505127,126.12170433998108,122.59372997283936,114.89868640899658,109.05344939231873,112.54835915565491,111.44557118415833,119.28382444381714,125.2788598537445,121.87240386009216,115.6576476097107,112.23201012611389,114.85786390304565,112.65794396400452,112.02135109901428
backward time,0,204.1707057952881,208.91943049430847,204.05908870697021,213.5397653579712,204.99342274665833,198.18908619880676,192.65944647789001,190.8076457977295,191.96304869651794,198.7445774078369,207.92246913909912,201.28590846061707,195.70482182502747,191.86904048919678,196.79279971122742,192.7064323425293,190.9234414100647
