Epoch, 23
Random seed, 8, forward time, 221.32789301872253, inference time, 93.3600709438324, qp time, 0, backward_time, 324.15876030921936
forward time,0,9.620744943618774,9.676228523254395,9.645110607147217,9.620703935623169,9.67320990562439,9.604377031326294,9.624997615814209,9.597026824951172,9.578763723373413,9.602767705917358,9.629579305648804,9.59569263458252,9.626002073287964,9.669390201568604,9.620463132858276,9.643899917602539,9.569319486618042,9.60994005203247,9.592973470687866,9.625432968139648,9.62804889678955,9.638462781906128,9.634757280349731
inference time,0,0,0,0,0,0,0,0,0,0,0,0,0,0,0,0,0,0,0,0,0,0,0,93.3600709438324
qp time,0,0,0,0,0,0,0,0,0,0,0,0,0,0,0,0,0,0,0,0,0,0,0,0
backward time,0,14.077356100082397,14.107035875320435,14.07842230796814,14.079408407211304,14.084470987319946,14.131924152374268,14.112931251525879,14.122247219085693,14.134801626205444,14.114942073822021,14.130692720413208,14.060300588607788,14.068365335464478,14.020723342895508,14.066797971725464,14.125784158706665,14.047117948532104,14.054392576217651,14.055362939834595,14.04364275932312,14.070062398910522,14.090275287628174,14.281702280044556
