Epoch, 13
Random seed, 0, forward time, 770.2103335857391, inference time, 324.90542340278625, qp time, 0, backward_time, 1215.8081986904144
forward time,0,59.4258987903595,59.10778999328613,59.346327781677246,59.48832893371582,59.35584545135498,59.41855978965759,59.08489441871643,59.06019449234009,59.088297605514526,59.38474464416504,59.156339168548584,59.217262744903564,59.075849771499634
inference time,0,0,0,0,0,0,0,0,0,0,0,0,0,324.90542340278625
qp time,0,0,0,0,0,0,0,0,0,0,0,0,0,0
backward time,0,93.12868785858154,92.63968825340271,93.0521309375763,93.31095099449158,94.04444980621338,94.11129069328308,93.49493622779846,93.34669208526611,93.31640267372131,93.9706723690033,93.45009255409241,93.48395109176636,94.4582531452179
