Epoch, 6
Random seed, 0, forward time, 961.037743806839, inference time, 4016.0321259498596, qp time, 1394.148163318634, backward_time, 2377.326426267624
forward time,0,157.79029822349548,159.2199182510376,160.14621829986572,160.23649215698242,161.50410962104797,162.1407072544098
inference time,0,844.8900833129883,604.1814901828766,684.8754000663757,533.2271401882172,714.4466631412506,634.4113490581512
qp time,0,223.32973432540894,229.72108268737793,226.65983867645264,234.38388085365295,239.86653184890747,240.1870949268341
backward time,0,388.582558631897,388.2797236442566,384.01778531074524,396.38361167907715,412.2177736759186,407.84497332572937
