Epoch, 4
Random seed, 15, forward time, 302.76487278938293, inference time, 3655.1739683151245, qp time, 429.73160457611084, backward_time, 754.1036915779114
forward time,0,76.23900389671326,76.03744077682495,75.14591884613037,75.34250926971436
inference time,0,732.7190728187561,988.4489731788635,1053.137694120407,880.8682281970978
qp time,0,107.78915429115295,105.24733448028564,107.56975293159485,109.12536287307739
backward time,0,192.85613346099854,187.912184715271,186.0076494216919,187.32772397994995
