Epoch, 12
Random seed, 28, forward time, 499.3763768672943, inference time, 7310.265906333923, qp time, 757.2242221832275, backward_time, 1261.0581605434418
forward time,0,41.07491421699524,41.08006691932678,41.25541162490845,41.133872509002686,41.313010692596436,41.32952642440796,41.16655945777893,41.12118697166443,40.950682163238525,42.448856353759766,43.02168369293213,43.48060584068298
inference time,0,417.680303812027,394.982524394989,428.3353681564331,662.7678823471069,706.0514607429504,728.59681224823,697.2108948230743,605.4503626823425,539.1110334396362,716.7866773605347,689.6720013618469,723.6205849647522
qp time,0,56.15701913833618,56.48695468902588,64.23233890533447,63.39085388183594,64.8650450706482,62.1097948551178,64.72606611251831,60.75109601020813,58.557204484939575,69.57243704795837,66.69262933731079,69.6827826499939
backward time,0,100.68104863166809,99.50360465049744,103.98576188087463,104.10495090484619,105.51636910438538,102.9268069267273,107.05895686149597,101.08421611785889,99.89298605918884,111.10532140731812,111.14455771446228,114.05358028411865
