Epoch, 26
Random seed, 7, forward time, 232.5768756866455, inference time, 84.7074031829834, qp time, 0, backward_time, 331.7416133880615
forward time,0,8.982820510864258,8.947121381759644,8.963433504104614,8.978603601455688,8.935889720916748,8.970040321350098,8.908919095993042,8.96610951423645,8.928428173065186,8.922499179840088,8.911748170852661,8.948521614074707,8.931201696395874,8.945904731750488,8.93250823020935,8.964313745498657,8.947118043899536,8.939150333404541,8.927972316741943,8.956892728805542,8.946626663208008,8.945504665374756,8.949514865875244,8.95619821548462,8.922696352005005,8.94713830947876
inference time,0,0,0,0,0,0,0,0,0,0,0,0,0,0,0,0,0,0,0,0,0,0,0,0,0,0,84.7074031829834
qp time,0,0,0,0,0,0,0,0,0,0,0,0,0,0,0,0,0,0,0,0,0,0,0,0,0,0,0
backward time,0,12.779772281646729,12.72538423538208,12.73884391784668,12.745198011398315,12.727457046508789,12.713221073150635,12.711008071899414,12.710766315460205,12.702654600143433,12.709197044372559,12.774796724319458,12.735970735549927,12.709173679351807,12.747852325439453,12.720501184463501,12.727447271347046,12.697102069854736,12.755266189575195,12.760897636413574,12.815012454986572,12.853771448135376,12.830787658691406,12.865049839019775,12.806172132492065,12.77727746963501,12.901031970977783
