Epoch, 7
Random seed, 28, forward time, 502.206755399704, inference time, 5696.8348734378815, qp time, 781.697625875473, backward_time, 1330.4243667125702
forward time,0,72.85273623466492,73.11777567863464,71.59072136878967,71.36921691894531,71.65230655670166,70.52341890335083,71.10057973861694
inference time,0,588.7436850070953,624.3944540023804,686.5215585231781,953.5318386554718,948.7599802017212,981.3610980510712,913.5222589969635
qp time,0,110.17614507675171,108.62410521507263,103.98747324943542,110.45645594596863,119.09390139579773,117.22325563430786,112.13628935813904
backward time,0,191.42947006225586,193.54904317855835,184.26421666145325,185.65460658073425,193.6256227493286,192.65317296981812,189.24823451042175
