Epoch, 15
Random seed, 13, forward time, 118.71714758872986, inference time, 1622.7647023200989, qp time, 187.40153908729553, backward_time, 309.9917457103729
forward time,0,7.831828594207764,7.863968849182129,7.877781867980957,7.932753801345825,7.9135050773620605,7.928018093109131,7.927875280380249,7.919466495513916,7.928711891174316,7.916096210479736,7.93841814994812,7.909350872039795,7.945586919784546,7.939558982849121,7.944226503372192
inference time,0,80.94919419288635,94.9116575717926,71.60257649421692,73.63563561439514,123.18223357200623,141.14661598205566,123.78759813308716,110.98813319206238,104.10198163986206,96.32402777671814,96.030348777771,106.36059999465942,141.67902326583862,113.1861584186554,144.8789176940918
qp time,0,11.552292108535767,12.217071056365967,11.941434144973755,11.944287061691284,12.566680908203125,13.481934785842896,13.442418336868286,13.223559856414795,12.054225206375122,11.621968746185303,12.687786340713501,12.090002536773682,13.00024700164795,13.041783094406128,12.535847902297974
backward time,0,20.10885524749756,20.245161771774292,19.966716051101685,20.409210205078125,20.74647355079651,21.838591814041138,21.558892250061035,21.13209867477417,20.283987998962402,19.817750692367554,20.47368288040161,20.23942232131958,21.187479496002197,21.138101816177368,20.8453209400177
