Epoch, 4
Random seed, 29, forward time, 31.16543984413147, inference time, 26.17810034751892, qp time, 0, backward_time, 49.284264087677
forward time,0,0,7.8004889488220215,7.73865818977356,7.837380886077881,7.788911819458008
inference time,0,0,0,0,0,26.17810034751892
qp time,0,0,0,0,0,0
backward time,0,0,12.303322792053223,12.34136962890625,12.286316156387329,12.3532555103302
