Epoch, 1
Random seed, 0, forward time, 159.32110404968262, inference time, 990.9418926239014, qp time, 904.9739634990692, backward_time, 378.75782656669617
forward time,0,159.32110404968262
inference time,0,990.9418926239014
qp time,0,904.9739634990692
backward time,0,378.75782656669617
