Epoch, 20
Random seed, 11, forward time, 128.33823823928833, inference time, 1199.1610367298126, qp time, 325.504766702652, backward_time, 309.46713495254517
forward time,0,6.358552694320679,6.410784721374512,6.387628078460693,6.452629566192627,6.387374639511108,6.391688346862793,6.411280632019043,6.467980861663818,6.451174974441528,6.401119947433472,6.448266506195068,6.416231393814087,6.396416664123535,6.3936262130737305,6.439745903015137,6.457994699478149,6.3978800773620605,6.385571718215942,6.418444395065308,6.463846206665039
inference time,0,59.13745737075806,55.04671049118042,66.13013744354248,81.28573775291443,79.0349531173706,86.80315470695496,69.56698179244995,59.77495217323303,77.26233077049255,76.46413946151733,73.3371000289917,66.40531468391418,56.13010096549988,39.811909437179565,42.78249454498291,38.05028438568115,47.11373972892761,39.74847364425659,40.27867913246155,44.99638509750366
qp time,0,16.431512117385864,16.22032332420349,16.487471342086792,16.376673460006714,16.360745668411255,16.29358434677124,16.47056818008423,16.306097745895386,16.474666118621826,16.277896642684937,16.335623025894165,16.072850465774536,16.034484386444092,16.163349628448486,16.291054725646973,16.31973171234131,16.071309328079224,16.047502517700195,16.155027866363525,16.31429409980774
backward time,0,15.351845026016235,15.225243091583252,15.51798963546753,15.128662586212158,15.341320514678955,14.975064754486084,15.548750162124634,15.683818340301514,15.522945880889893,15.448861360549927,15.311426639556885,15.202027559280396,15.381083011627197,15.655241250991821,15.786075830459595,15.907392024993896,15.513324499130249,15.641743898391724,15.697356939315796,15.626961946487427
