Epoch, 8
Random seed, 0, forward time, 504.7712211608887, inference time, 3049.552485227585, qp time, 2040.4816148281097, backward_time, 1262.0874600410461
forward time,0,61.92270517349243,62.20151352882385,62.055808305740356,62.441006660461426,62.71336078643799,62.804394006729126,62.92720890045166,67.70522379875183
inference time,0,267.17186665534973,289.82579016685486,488.62674617767334,447.67697525024414,463.2995297908783,394.5108871459961,384.3506097793579,314.09008026123047
qp time,0,249.27654314041138,249.83551597595215,249.01169395446777,249.95120477676392,251.77313256263733,251.60108184814453,252.1760356426239,286.85640692710876
backward time,0,157.38906073570251,155.94649124145508,155.75119376182556,155.04648852348328,155.5022270679474,155.47904253005981,156.23213481903076,170.74082136154175
