Epoch, 29
Random seed, 0, forward time, 379.40548825263977, inference time, 4430.9367480278015, qp time, 1298.177538394928, backward_time, 896.9875197410583
forward time,0,12.931029796600342,12.994478225708008,12.909479856491089,13.044090747833252,13.103616952896118,12.981222152709961,13.092221736907959,13.017354249954224,12.96706223487854,13.166662216186523,13.002891540527344,12.958356142044067,13.100928544998169,12.881706953048706,13.066883563995361,13.112199544906616,13.124309539794922,13.161881446838379,13.132312536239624,13.263579845428467,13.240880489349365,13.099624872207642,13.044450998306274,13.164920568466187,13.15812373161316,13.068428754806519,13.145347595214844,13.21389889717102,13.25754451751709
inference time,0,37.59893441200256,35.488691329956055,35.263455629348755,35.48326516151428,35.69458079338074,92.62010073661804,162.58788752555847,184.0573558807373,139.2956464290619,130.52616095542908,169.6929521560669,166.22664999961853,165.91527819633484,174.36536574363708,185.3691291809082,153.96117973327637,165.11591601371765,157.8713572025299,212.678551197052,182.92999935150146,181.2387969493866,194.32592606544495,191.74986815452576,187.9437963962555,224.18334937095642,198.53600549697876,201.46343231201172,223.5364453792572,205.2166702747345
qp time,0,44.85797667503357,44.93326687812805,44.148497104644775,44.65993070602417,45.21920371055603,44.58014798164368,44.22421956062317,55.35166668891907,44.0126748085022,44.43934392929077,43.88746905326843,43.857725620269775,43.97774410247803,43.24795389175415,44.01530694961548,44.76296377182007,44.32172966003418,44.407944440841675,44.424840688705444,45.001712799072266,44.50495362281799,44.34919476509094,43.89055252075195,44.34280824661255,44.472530364990234,44.17343711853027,44.35621905326843,45.03455686569214,44.720966815948486
backward time,0,31.141974449157715,31.15204691886902,30.90219283103943,31.20389986038208,31.22036910057068,30.955285787582397,29.904772758483887,30.026739597320557,30.86702609062195,30.396095037460327,30.28545880317688,31.27033257484436,30.49429488182068,30.445828199386597,30.78688931465149,31.17454719543457,31.12416911125183,31.281098127365112,30.574917793273926,31.273064374923706,30.57878351211548,31.44878315925598,30.81841206550598,31.23514485359192,30.61518383026123,31.18074631690979,31.056512117385864,31.988497972488403,31.584453105926514
