Epoch, 31
Random seed, 15, forward time, 2339.9904539585114, inference time, 19534.591554403305, qp time, 7944.396884441376, backward_time, 5502.557644128799
forward time,0,74.72127509117126,72.86053037643433,73.04177165031433,73.01775813102722,73.08700180053711,73.19471025466919,72.86713099479675,73.48760414123535,73.6836519241333,73.80924892425537,73.83170461654663,74.12015128135681,73.87356662750244,75.47846817970276,76.98435544967651,77.134938955307,77.27522349357605,77.35797309875488,77.26087737083435,77.61879754066467,77.29777240753174,76.09203171730042,76.43402051925659,77.48680639266968,77.17664432525635,77.48620057106018,77.34875559806824,77.5855438709259,76.75369381904602,75.32268166542053,76.29956316947937
inference time,0,714.8549954891205,609.2305176258087,656.1156375408173,563.2013919353485,489.2836046218872,433.7875771522522,432.22691440582275,521.7789514064789,538.7974917888641,568.8615362644196,510.78207445144653,552.3502860069275,528.7116537094116,576.2074980735779,595.7575962543488,606.7120497226715,569.9826908111572,663.080108165741,660.6992013454437,735.6382968425751,689.619343996048,669.561420917511,831.3097670078278,814.2017347812653,795.2005879878998,685.5415978431702,751.9592955112457,797.6202144622803,708.8070931434631,622.3796725273132,640.3307526111603
qp time,0,263.259694814682,231.4227476119995,233.9209179878235,234.07185435295105,236.02011370658875,245.56266045570374,236.76210188865662,235.6416051387787,237.41611409187317,237.11361026763916,237.2082920074463,242.68590545654297,237.4127550125122,253.14069199562073,269.43883538246155,270.8276560306549,272.07161927223206,272.1446259021759,271.01798701286316,273.8252058029175,273.1015844345093,260.91997051239014,259.49279856681824,275.96788787841797,277.79724764823914,278.4133343696594,278.7642261981964,278.38475370407104,271.7088997364044,241.69137382507324,257.189813375473
backward time,0,185.53083515167236,167.4455440044403,168.9226770401001,167.99114418029785,168.06667113304138,172.97791814804077,168.09139609336853,166.8212809562683,167.37176084518433,167.85859942436218,167.79576659202576,170.00388383865356,169.7049822807312,175.90746641159058,182.22193312644958,183.8038363456726,183.86253666877747,185.11736726760864,184.7874517440796,185.09526467323303,185.09702587127686,178.9468731880188,176.31566190719604,187.14206862449646,187.76714158058167,187.5488736629486,187.5959026813507,187.81359839439392,184.87060618400574,172.22874975204468,177.85282635688782
