Epoch, 8
Random seed, 14, forward time, 525.3828160762787, inference time, 5077.551817655563, qp time, 2912.9903700351715, backward_time, 1289.823186635971
forward time,0,64.97601175308228,65.61173105239868,65.57798504829407,66.35079336166382,65.9011664390564,65.46483540534973,65.38691473007202,66.1133782863617
inference time,0,539.30224776268,691.7183876037598,671.3031430244446,681.5146338939667,626.7898936271667,638.0061702728271,616.8127901554108,612.1045513153076
qp time,0,363.68660068511963,359.41014289855957,363.6403284072876,370.176815032959,367.01034712791443,359.50217843055725,360.75023460388184,368.8137228488922
backward time,0,164.84882140159607,157.21473360061646,159.6237826347351,164.45427298545837,161.9878385066986,158.62662315368652,160.0257842540741,163.04133009910583
