Epoch, 7
Random seed, 21, forward time, 490.60277223587036, inference time, 7051.924796104431, qp time, 770.8455176353455, backward_time, 1202.452176809311
forward time,0,64.09945368766785,95.92251658439636,71.66876673698425,66.99646615982056,67.97940993309021,59.84759545326233,64.0885636806488
inference time,0,794.5798468589783,1370.7052309513092,978.9627299308777,981.0189387798309,930.3109288215637,985.605637550354,1010.7414832115173
qp time,0,96.27493381500244,145.13832354545593,113.678147315979,103.61983323097229,110.52649283409119,93.71088242530823,107.89690446853638
backward time,0,153.16380834579468,230.17727088928223,174.5079939365387,163.05068850517273,168.58683347702026,146.29494524002075,166.67063641548157
