Epoch, 30
Random seed, 20, forward time, 2091.7704136371613, inference time, 20675.990338087082, qp time, 3453.6618733406067, backward_time, 5508.575232505798
forward time,0,65.09339880943298,65.71685004234314,65.26576781272888,64.44486665725708,64.40411591529846,63.96714925765991,63.69098353385925,64.07385802268982,64.1669270992279,64.36882162094116,64.30365204811096,64.57521200180054,67.47160363197327,67.8335452079773,67.90180706977844,67.44690465927124,70.99767327308655,72.13499522209167,76.63517737388611,76.38744711875916,73.00403165817261,73.16576099395752,76.86322975158691,76.96536231040955,76.22880172729492,72.97299528121948,73.78974628448486,75.64030289649963,76.50136494636536,75.75806140899658
inference time,0,682.6780292987823,683.8996818065643,644.2436003684998,726.1112084388733,721.4386894702911,923.5200715065002,642.1313564777374,593.6160202026367,645.60156083107,642.513699054718,626.1477272510529,982.661212682724,824.6763484477997,752.5850832462311,611.4007515907288,647.0224461555481,787.150853395462,735.575665473938,1129.7393944263458,882.8420522212982,528.9464898109436,589.0623688697815,503.33672285079956,477.12971353530884,762.5451107025146,709.8693494796753,514.4150149822235,578.8489468097687,592.3765664100647,533.9046022891998
qp time,0,98.36533689498901,104.38112807273865,103.14117360115051,103.65585422515869,105.2777361869812,105.0179591178894,105.33227515220642,100.72209596633911,93.65158653259277,102.272540807724,97.99781966209412,115.8394045829773,110.05021810531616,115.70295095443726,118.18762707710266,110.98519110679626,135.5612690448761,137.53730154037476,151.99773931503296,147.95895147323608,119.96588897705078,117.44598460197449,128.9592044353485,127.22551417350769,121.7063672542572,109.69128227233887,111.83374857902527,117.05235838890076,119.72343635559082,116.42192888259888
backward time,0,164.7825255393982,171.5154323577881,162.51282930374146,165.68224954605103,165.9610948562622,166.69792532920837,164.84435844421387,164.34978699684143,151.93253540992737,163.13927054405212,159.32417726516724,178.66004252433777,173.33690524101257,179.19949984550476,180.68570828437805,172.84727144241333,203.52922105789185,207.6387746334076,224.94844579696655,225.41976928710938,198.36741852760315,195.84517359733582,210.31274390220642,207.71625328063965,201.3755259513855,182.93378615379333,187.36329913139343,192.4400486946106,193.75367307662964,191.4594864845276
