Epoch, 2
Random seed, 0, forward time, 200.60282373428345, inference time, 2138.067020893097, qp time, 979.1786241531372, backward_time, 482.0888555049896
forward time,0,100.22382116317749,100.37900257110596
inference time,0,1166.5288903713226,971.5381305217743
qp time,0,489.1896767616272,489.98894739151
backward time,0,243.81338167190552,238.2754738330841
