Epoch, 18
Random seed, 18, forward time, 1806.2846684455872, inference time, 0, qp time, 0, backward_time, 2938.2194435596466
forward time,0,100.0881519317627,100.02855181694031,99.92610263824463,100.19709372520447,100.26583981513977,100.20211410522461,100.24286007881165,100.16702938079834,99.84360647201538,100.10393476486206,100.41447162628174,100.48080372810364,100.55603957176208,100.84855008125305,100.96291518211365,100.66835427284241,100.80440258979797,100.48384666442871
inference time,0,0,0,0,0,0,0,0,0,0,0,0,0,0,0,0,0,0,0
qp time,0,0,0,0,0,0,0,0,0,0,0,0,0,0,0,0,0,0,0
backward time,0,159.58970713615417,159.95007300376892,160.34358310699463,160.52779245376587,160.59301614761353,160.39913630485535,161.39640831947327,161.4050419330597,161.99020719528198,163.4384765625,164.2963478565216,164.84539556503296,165.97937059402466,166.73654580116272,166.69043636322021,166.96343326568604,166.70923137664795,166.36524057388306
