Epoch, 27
Random seed, 30, forward time, 1921.3852756023407, inference time, 11308.225966215134, qp time, 7133.648179531097, backward_time, 4643.670619487762
forward time,0,71.13164377212524,70.98061847686768,70.92420196533203,71.6490843296051,73.23488855361938,73.79188084602356,70.08247971534729,70.39559364318848,70.59136438369751,70.17607140541077,69.9189338684082,70.11066389083862,70.07268476486206,70.15495371818542,70.24925994873047,70.39888024330139,70.7008593082428,72.89382481575012,72.30862474441528,72.09473490715027,72.17490434646606,72.14467072486877,71.46957087516785,70.70873308181763,70.59106755256653,70.76623892784119,71.66884279251099
inference time,0,218.3365457057953,191.02923679351807,190.9009759426117,275.11611437797546,391.31623339653015,413.3115305900574,387.8762753009796,400.8074998855591,408.6244933605194,367.172913312912,398.1071186065674,461.76923060417175,439.69149017333984,469.90414905548096,447.3035078048706,437.6330738067627,486.3394401073456,499.66633105278015,510.36510396003723,493.6540005207062,480.35282921791077,557.5597023963928,473.0822420120239,476.05174350738525,456.2954480648041,460.18960452079773,515.7691321372986
qp time,0,261.68460869789124,262.23004841804504,261.8305962085724,267.8489670753479,284.04401183128357,285.7205572128296,251.26230716705322,259.0040135383606,260.28064012527466,254.56222915649414,246.48797965049744,248.55725359916687,253.66895508766174,254.32335925102234,255.2586612701416,255.63991808891296,264.80286741256714,285.3501121997833,281.39608335494995,280.4466645717621,281.3994619846344,281.36077666282654,275.3233091831207,259.85911774635315,250.24782824516296,251.4199869632721,259.63786482810974
backward time,0,177.276437997818,179.4311318397522,178.15360593795776,174.70311331748962,175.8932433128357,178.10111594200134,165.4481601715088,168.43435788154602,169.2033567428589,167.33957171440125,164.77261114120483,166.31236815452576,167.5151994228363,168.2601432800293,168.30871868133545,168.40622544288635,171.30361676216125,178.52925276756287,176.87111735343933,176.34358978271484,176.67208099365234,177.28625345230103,174.5189027786255,169.27541208267212,166.76474452018738,167.75804805755615,170.7882399559021
