Epoch, 5
Random seed, 15, forward time, 856.6812455654144, inference time, 2541.4225461483, qp time, 4914.274173736572, backward_time, 2074.7329337596893
forward time,0,170.09952235221863,171.97650289535522,173.2958710193634,170.04279947280884,171.26654982566833
inference time,0,641.2465810775757,475.81443452835083,478.3005180358887,471.7378394603729,474.32317304611206
qp time,0,963.9235308170319,990.3347218036652,1001.0434329509735,972.1186580657959,986.8538300991058
backward time,0,410.2386610507965,418.95505452156067,421.8684630393982,408.99165987968445,414.6790952682495
