Epoch, 22
Random seed, 18, forward time, 2179.263794183731, inference time, 13828.261524915695, qp time, 12011.346822738647, backward_time, 5101.422317504883
forward time,0,97.86053371429443,97.56761336326599,97.05324959754944,97.17395853996277,97.50396990776062,97.68231320381165,97.72772169113159,97.40172719955444,97.4300446510315,99.2102038860321,104.09944033622742,101.72859835624695,101.34342050552368,99.2472152709961,99.4923951625824,98.97395586967468,99.25422167778015,99.6925163269043,99.79390335083008,99.59334135055542,99.58919143676758,99.8442587852478
inference time,0,351.825430393219,714.5403904914856,528.5755662918091,600.043374300003,611.7313368320465,608.8179738521576,533.5582835674286,561.9761343002319,565.8130843639374,586.1406905651093,594.6401290893555,575.7122292518616,612.9155867099762,835.7807641029358,908.3806519508362,595.1683566570282,616.1530115604401,571.405809879303,589.5090494155884,729.3381974697113,792.1023542881012,744.1331195831299
qp time,0,534.902188539505,534.4137790203094,528.9246459007263,527.0092890262604,527.4963953495026,531.2756812572479,533.1664896011353,527.3089938163757,527.5550105571747,539.6356687545776,588.8361124992371,570.6557660102844,568.620753288269,562.1762742996216,548.4333012104034,550.3946278095245,549.6787040233612,550.3698053359985,551.9671931266785,550.597020149231,554.4939887523651,553.4351344108582
backward time,0,228.99276757240295,231.6995358467102,231.27225160598755,226.23320150375366,226.16806483268738,229.46247243881226,228.52941989898682,224.91993379592896,225.22428345680237,228.2977020740509,244.58773970603943,240.66362619400024,241.54215478897095,234.74596095085144,230.83686447143555,232.16575646400452,233.3460717201233,231.59939122200012,232.13987469673157,232.5567238330841,233.97817635536194,232.46034407615662
