Epoch, 2
Random seed, 24, forward time, 207.08470106124878, inference time, 2160.3801057338715, qp time, 1276.7879526615143, backward_time, 521.1153149604797
forward time,0,103.54923486709595,103.53546619415283
inference time,0,1184.9255588054657,975.4545469284058
qp time,0,635.3151109218597,641.4728417396545
backward time,0,259.80483841896057,261.31047654151917
