Epoch, 9
Random seed, 22, forward time, 749.1474843025208, inference time, 5015.815894603729, qp time, 1139.2186045646667, backward_time, 1876.2282085418701
forward time,0,79.03666853904724,79.98357319831848,81.5695858001709,80.21464443206787,80.1107485294342,80.63617753982544,86.93382692337036,88.59897685050964,92.06328248977661
inference time,0,391.66436886787415,282.9736316204071,409.90731978416443,536.4435803890228,578.0537700653076,667.6579015254974,764.834329366684,760.3881886005402,623.8928043842316
qp time,0,110.5255753993988,111.21611309051514,117.40913939476013,119.01376724243164,124.94705724716187,124.31569385528564,138.5724527835846,145.66342568397522,147.5553798675537
backward time,0,187.02280354499817,190.29137182235718,198.18355345726013,197.0948212146759,198.7873191833496,200.55513739585876,226.96850490570068,235.65128231048584,241.67341470718384
