Epoch, 29
Random seed, 2, forward time, 838.4185841083527, inference time, 7218.289989948273, qp time, 2381.495354413986, backward_time, 2092.5492565631866
forward time,0,28.342915534973145,28.315401792526245,28.31912851333618,28.51499080657959,28.609054803848267,28.74959707260132,28.731587409973145,28.823225021362305,28.772807359695435,28.638785123825073,28.643861293792725,28.712507486343384,28.729583740234375,28.760382175445557,28.86191987991333,28.982573986053467,29.085917711257935,29.118098974227905,29.184969902038574,29.136155128479004,29.117283582687378,29.226871967315674,29.194735527038574,29.21721124649048,29.384109020233154,29.326618432998657,29.31083059310913,29.27197027206421,29.335489749908447
inference time,0,224.5845890045166,315.8398678302765,345.7026958465576,314.4170274734497,267.3317062854767,232.02398681640625,255.17874574661255,224.538494348526,243.00325512886047,183.67603492736816,245.91882944107056,202.00325512886047,240.95139265060425,225.7029252052307,191.18641567230225,188.86376214027405,268.9830074310303,257.6416566371918,198.32360649108887,228.73846173286438,267.65305948257446,266.4973704814911,252.5006067752838,262.6479585170746,277.30125427246094,260.6716470718384,287.0941653251648,243.0869495868683,246.22726249694824
qp time,0,80.45123147964478,80.2763524055481,79.99318861961365,80.60556888580322,81.42888474464417,80.93601369857788,80.3919243812561,79.70291304588318,79.91160464286804,80.61330437660217,80.58639335632324,80.61871361732483,80.83647775650024,80.89010429382324,81.71467804908752,82.37153220176697,82.08779573440552,83.0251214504242,82.772141456604,82.52968692779541,82.66077589988708,83.41600799560547,83.0860857963562,83.61101007461548,85.11529803276062,85.18319416046143,85.84079456329346,85.52448558807373,85.31407117843628
backward time,0,71.30743360519409,71.76254653930664,71.28085851669312,72.04572343826294,73.59119057655334,72.06116247177124,71.92202091217041,69.83063459396362,70.36157035827637,71.38807344436646,71.90614891052246,71.58630108833313,71.28819108009338,70.6124279499054,71.74380826950073,72.34735751152039,71.11190557479858,72.91904711723328,72.40348505973816,72.67037439346313,73.41201567649841,73.62238478660583,73.0403802394867,73.16317296028137,74.26203846931458,73.43241024017334,73.32584691047668,72.17767453193665,71.97307133674622
