Epoch, 15
Random seed, 28, forward time, 497.39490032196045, inference time, 3161.824523448944, qp time, 1625.8578729629517, backward_time, 1148.7866423130035
forward time,0,33.56421756744385,33.67057275772095,33.71173119544983,33.772727489471436,33.51311278343201,32.812376499176025,32.91533803939819,32.83720541000366,32.86777353286743,32.91417980194092,32.88897252082825,32.91727423667908,33.075844526290894,32.93963146209717,32.99394249916077
inference time,0,97.29199862480164,197.15224409103394,261.03891801834106,239.38861680030823,241.09596252441406,196.84993648529053,211.9283790588379,202.51483607292175,208.6327667236328,215.64491033554077,218.957745552063,219.32745051383972,215.28881120681763,213.5881154537201,223.12383198738098
qp time,0,113.38790249824524,113.60399746894836,113.58984208106995,114.29337477684021,111.59312701225281,104.05236792564392,105.88515019416809,106.15710234642029,106.10902261734009,105.68496513366699,105.53112959861755,105.53079223632812,106.99910402297974,106.57957792282104,106.86041712760925
backward time,0,78.52346730232239,78.66914081573486,79.55036783218384,78.37136697769165,76.43220472335815,74.7710268497467,75.98286294937134,77.01787877082825,77.65989303588867,74.62067818641663,73.87645769119263,74.92796492576599,75.20999002456665,76.31036472320557,76.86297750473022
