Epoch, 13
Random seed, 0, forward time, 853.4196362495422, inference time, 15548.477621793747, qp time, 1408.5229668617249, backward_time, 2290.090128183365
forward time,0,61.839519739151,61.755019426345825,61.40556979179382,64.31126880645752,67.23862981796265,66.95834755897522,67.26714777946472,67.27796983718872,67.07304096221924,67.07484078407288,67.03628635406494,67.10003304481506,67.08196234703064
inference time,0,1069.9669351577759,1400.408306837082,1099.4826700687408,1085.9296822547913,1157.8540835380554,1099.562418937683,1300.1206781864166,1334.0768339633942,1282.8755955696106,1188.6933495998383,1197.2053890228271,1175.2351214885712,1157.0665571689606
qp time,0,96.22995972633362,104.40264701843262,98.62997651100159,102.767906665802,128.11537289619446,108.37383723258972,106.15519714355469,112.69720673561096,110.29131388664246,110.71256852149963,109.84287285804749,110.25057530403137,110.05353236198425
backward time,0,162.2448980808258,169.63649129867554,162.2087197303772,171.28340315818787,197.7601284980774,177.3120470046997,175.45035481452942,181.5729956626892,180.23070406913757,179.94303107261658,177.19002676010132,176.91885328292847,178.3384747505188
