Epoch, 4
Random seed, 25, forward time, 239.41628217697144, inference time, 578.8005585670471, qp time, 0, backward_time, 355.3006982803345
forward time,0,0,59.824854373931885,59.99787497520447,59.979522943496704,59.61402988433838
inference time,0,0,0,0,0,578.8005585670471
qp time,0,0,0,0,0,0
backward time,0,0,88.53629088401794,88.9659526348114,88.76580214500427,89.03265261650085
