Epoch, 19
Random seed, 22, forward time, 816.0371444225311, inference time, 6165.482993841171, qp time, 1248.3308420181274, backward_time, 2080.4656190872192
forward time,0,42.64308500289917,42.28935885429382,42.90978479385376,41.994279623031616,42.388792753219604,43.05498790740967,41.67183709144592,43.15214967727661,42.70524311065674,41.89247131347656,43.46174669265747,43.66506218910217,42.192349910736084,41.868993520736694,43.183669090270996,44.5333514213562,43.62020826339722,44.31151294708252,44.498260259628296
inference time,0,389.8704557418823,383.8745005130768,354.75724387168884,324.5457351207733,385.41200971603394,426.0050983428955,347.1622564792633,380.2846612930298,426.1254532337189,368.16306138038635,275.5870130062103,241.14270401000977,299.82003808021545,219.01194405555725,235.98832035064697,235.39168238639832,266.1564676761627,314.3995728492737,291.78477573394775
qp time,0,59.01364850997925,56.98919892311096,61.23460268974304,61.77744102478027,66.40756678581238,65.21896266937256,67.30636477470398,75.37618803977966,70.61314344406128,72.35510635375977,70.45608282089233,68.5133900642395,63.55787181854248,61.756765365600586,67.92215847969055,62.187336921691895,66.80684685707092,64.8341817855835,66.00398468971252
backward time,0,102.14214038848877,98.93089199066162,105.77984666824341,102.88880038261414,108.10302519798279,107.02828359603882,108.60091400146484,119.49232840538025,114.84544658660889,114.39245653152466,114.6383101940155,111.59935355186462,104.39564394950867,104.81811475753784,113.19609022140503,109.38550519943237,113.8996000289917,112.32642841339111,114.00243902206421
