Epoch, 15
Random seed, 6, forward time, 79.24316763877869, inference time, 618.4950499534607, qp time, 230.48369574546814, backward_time, 180.41005992889404
forward time,0,5.2894675731658936,5.279607057571411,5.309882164001465,5.3108227252960205,5.323362588882446,5.30368185043335,5.260200023651123,5.225098371505737,5.271786689758301,5.292842864990234,5.254940748214722,5.26134181022644,5.292342901229858,5.28532600402832,5.282464265823364
inference time,0,52.1028368473053,55.26318645477295,55.3706271648407,58.27379322052002,44.49505352973938,39.398961544036865,30.260998249053955,43.82209873199463,44.19913911819458,31.40828037261963,28.440655946731567,38.75280451774597,40.16722083091736,29.478702783584595,27.0606906414032
qp time,0,15.840390920639038,15.790574550628662,15.67463755607605,15.770886898040771,15.38478398323059,15.20053768157959,14.82889437675476,14.844584941864014,15.226560354232788,15.399875402450562,15.098223209381104,15.30881381034851,15.383390188217163,15.376497745513916,15.35504412651062
backward time,0,12.39464545249939,12.349123001098633,12.063735485076904,12.365118741989136,11.863050937652588,11.783990383148193,11.4849374294281,11.684185266494751,11.925136089324951,12.286460399627686,11.869736909866333,12.092004776000977,12.134518384933472,12.071365356445312,12.042051315307617
