Epoch, 9
Random seed, 15, forward time, 828.4853341579437, inference time, 5028.785665273666, qp time, 3449.967784881592, backward_time, 2030.821266412735
forward time,0,90.85684704780579,91.69575881958008,91.96597790718079,89.71694898605347,90.94784235954285,91.81186056137085,94.28280472755432,94.01999282836914,93.18730092048645
inference time,0,374.3981795310974,364.5154175758362,769.0524461269379,517.1401109695435,604.0721623897552,544.1611716747284,671.2725315093994,629.9028613567352,554.2707841396332
qp time,0,373.77049136161804,383.6846053600311,386.33910393714905,364.8329584598541,372.9237265586853,376.2527415752411,402.72381234169006,393.04488039016724,396.39546489715576
backward time,0,228.03852677345276,224.86424589157104,226.69852256774902,218.5949068069458,222.41249918937683,223.56058049201965,230.63992738723755,229.73026752471924,226.2817897796631
