Epoch, 30
Random seed, 17, forward time, 3139.9750707149506, inference time, 1636.0539200305939, qp time, 0, backward_time, 4761.441336393356
forward time,0,106.00112533569336,105.84723567962646,105.87826490402222,105.9713683128357,105.99486041069031,106.39887523651123,106.4240710735321,106.26927304267883,105.2717797756195,105.24326848983765,104.80049252510071,104.4955096244812,104.27613162994385,104.01020836830139,103.6214816570282,103.7248547077179,103.84734034538269,103.71066856384277,103.95061826705933,104.12650036811829,103.9633264541626,103.95707440376282,103.9908881187439,104.13649582862854,104.05132746696472,104.02438521385193,103.92481231689453,103.93748950958252,104.04200959205627,104.08333349227905
inference time,0,0,0,0,0,0,0,0,0,0,0,0,0,0,0,0,0,0,0,0,0,0,0,0,0,0,0,0,0,0,1636.0539200305939
qp time,0,0,0,0,0,0,0,0,0,0,0,0,0,0,0,0,0,0,0,0,0,0,0,0,0,0,0,0,0,0,0
backward time,0,156.57112002372742,156.51755809783936,157.05725169181824,158.54916310310364,158.7495653629303,159.8937792778015,162.21866941452026,160.9592843055725,155.51579117774963,155.097017288208,155.05736899375916,155.12879252433777,155.08718395233154,155.9468412399292,157.62620854377747,159.05686259269714,158.78059554100037,158.58351612091064,158.90446734428406,159.4976465702057,159.17137503623962,160.00979375839233,160.1579394340515,161.3595666885376,160.62656044960022,161.5431866645813,159.96333146095276,160.0680284500122,160.96677708625793,162.77609419822693
