Epoch, 16
Random seed, 4, forward time, 589.2864754199982, inference time, 4345.089281320572, qp time, 2627.491998195648, backward_time, 1348.922967672348
forward time,0,36.76648926734924,36.74551558494568,36.89067363739014,36.74894189834595,37.077624559402466,36.74716114997864,36.55804681777954,36.97661256790161,36.460840463638306,36.64727854728699,36.43809747695923,36.50717759132385,36.286508083343506,36.22515916824341,37.33438229560852,38.8759663105011
inference time,0,135.66645765304565,310.20177245140076,284.886705160141,388.79925632476807,296.91415786743164,261.2033591270447,260.3174285888672,290.0960612297058,273.0299036502838,324.44935369491577,316.1526207923889,290.42158675193787,243.99441051483154,236.551123380661,189.3489112854004,243.0561728477478
qp time,0,162.56203651428223,163.84499835968018,162.99857807159424,160.75358963012695,167.38311195373535,164.54948544502258,164.276287317276,168.11719584465027,162.9181091785431,165.17581987380981,162.36398100852966,165.07677221298218,156.596670627594,155.53724479675293,165.48843550682068,179.84968185424805
backward time,0,91.01861715316772,90.07724976539612,88.55861115455627,84.69034671783447,83.37283873558044,82.63940024375916,80.59934616088867,82.94642877578735,83.66667413711548,83.7756404876709,82.7885046005249,83.75874352455139,80.25874280929565,79.75098776817322,82.4784677028656,88.54236793518066
