Epoch, 5
Random seed, 15, forward time, 658.4406366348267, inference time, 4480.953548908234, qp time, 3132.1822896003723, backward_time, 1516.3219077587128
forward time,0,130.9649178981781,128.19945454597473,128.80786776542664,134.8468382358551,135.6215581893921
inference time,0,675.3565962314606,988.9928631782532,985.3731014728546,927.221376657486,904.0096113681793
qp time,0,624.0508916378021,592.4596197605133,604.7195258140564,655.4473910331726,655.5048613548279
backward time,0,300.280154466629,289.2246277332306,297.91325855255127,316.8474452495575,312.0564217567444
