Epoch, 18
Random seed, 13, forward time, 234.1984612941742, inference time, 4036.1044006347656, qp time, 444.9540379047394, backward_time, 696.2062585353851
forward time,0,12.749865293502808,12.856341361999512,12.847785949707031,12.890426874160767,12.666547298431396,12.636619806289673,12.649659156799316,12.668808221817017,13.091677188873291,13.100556373596191,13.262334823608398,13.281976222991943,13.32016110420227,13.282702922821045,13.304417133331299,13.236214399337769,13.148337364196777,13.20402979850769
inference time,0,117.4713671207428,146.196870803833,152.63356518745422,152.0924518108368,252.2595603466034,209.8967101573944,264.3694632053375,268.05886793136597,311.1553568840027,278.78057408332825,283.8636109828949,242.94570207595825,223.08386421203613,199.39699482917786,147.46189212799072,222.6755006313324,286.2928924560547,277.46915578842163
qp time,0,19.064475297927856,21.314374685287476,22.927505493164062,23.38637661933899,20.96163582801819,23.01851797103882,25.64839196205139,25.40216898918152,24.97296714782715,24.087748527526855,25.371150970458984,26.50621247291565,24.84319806098938,27.859366178512573,28.144338369369507,27.499586820602417,25.89983296394348,28.046189546585083
backward time,0,32.71386098861694,35.58616042137146,37.65244722366333,37.49839735031128,33.820494174957275,36.861857414245605,39.388331174850464,39.157426834106445,39.366320848464966,38.567893981933594,40.04943633079529,40.61551904678345,38.62433886528015,41.355799198150635,42.60019040107727,41.41248273849487,39.327444314956665,41.60785722732544
