Epoch, 11
Random seed, 14, forward time, 470.1293725967407, inference time, 1732.2332775592804, qp time, 2169.0885405540466, backward_time, 1130.9181830883026
forward time,0,42.90158438682556,42.827372789382935,42.82916831970215,42.958718061447144,42.61155128479004,42.50850963592529,42.434842586517334,42.3841769695282,42.69381809234619,43.014726638793945,42.964903831481934
inference time,0,258.86775398254395,207.51000714302063,118.8820013999939,118.78552269935608,117.89246106147766,117.0618028640747,126.27193593978882,202.03136253356934,226.57249665260315,119.34591889381409,119.01201438903809
qp time,0,197.7272810935974,197.87689852714539,198.83125948905945,198.66799902915955,195.31585216522217,193.48069286346436,192.7639935016632,193.32630276679993,196.81177806854248,202.84866046905518,201.43782258033752
backward time,0,103.62540817260742,103.50040745735168,103.43421196937561,102.27599668502808,101.1468071937561,100.35245823860168,100.7185595035553,101.38206052780151,102.65728712081909,106.43803095817566,105.38695526123047
