Epoch, 11
Random seed, 5, forward time, 590.875650882721, inference time, 7692.206017255783, qp time, 919.692613363266, backward_time, 1461.036715745926
forward time,0,54.10860061645508,54.65891647338867,53.45837593078613,53.558019399642944,54.30566191673279,53.24774694442749,53.546698331832886,54.04246520996094,53.382036447525024,53.173080921173096,53.3940486907959
inference time,0,623.6698572635651,748.1301374435425,658.7068750858307,769.5270528793335,763.4208114147186,755.7270522117615,564.4832043647766,658.6097776889801,742.0476603507996,697.162193775177,710.721394777298
qp time,0,80.02911567687988,86.36794090270996,87.0657799243927,88.16358089447021,86.12440037727356,84.39584136009216,80.21503114700317,82.49089026451111,82.98410868644714,75.34884929656982,86.50707483291626
backward time,0,133.5686902999878,138.76091480255127,137.5843813419342,136.56542491912842,133.56533479690552,131.529137134552,129.69668197631836,132.47761583328247,130.91950941085815,124.19598984718323,132.1730353832245
