Epoch, 4
Random seed, 10, forward time, 34.3610942363739, inference time, 66.9874484539032, qp time, 0, backward_time, 49.132147550582886
forward time,0,0,8.585626125335693,8.580020427703857,8.596604108810425,8.598843574523926
inference time,0,0,0,0,0,66.9874484539032
qp time,0,0,0,0,0,0
backward time,0,0,12.306793928146362,12.309873580932617,12.232951164245605,12.2825288772583
