Epoch, 19
Random seed, 27, forward time, 2247.9181892871857, inference time, 1794.6925857067108, qp time, 0, backward_time, 3514.4360620975494
forward time,0,118.88282918930054,118.87265348434448,118.95752263069153,118.91461849212646,118.92982959747314,118.42396783828735,118.80290365219116,118.86308097839355,118.69419431686401,118.94996500015259,118.64994144439697,118.57010388374329,118.25376987457275,118.05211567878723,118.03382706642151,117.12757086753845,117.11008644104004,116.98820900917053,116.84099984169006
inference time,0,0,0,0,0,0,0,0,0,0,0,0,0,0,0,0,0,0,0,1794.6925857067108
qp time,0,0,0,0,0,0,0,0,0,0,0,0,0,0,0,0,0,0,0,0
backward time,0,185.01835370063782,184.9410843849182,184.9495918750763,184.97974634170532,185.02137231826782,185.9404981136322,186.7805106639862,186.67534279823303,186.5249319076538,186.786545753479,185.02134227752686,184.8764443397522,184.5478093624115,184.90845727920532,184.64246225357056,182.8661289215088,182.46941089630127,182.4736409187317,185.01238799095154
