Epoch, 4
Random seed, 18, forward time, 171.43603348731995, inference time, 451.22718334198, qp time, 0, backward_time, 257.4236857891083
forward time,0,0,42.94509768486023,42.8100368976593,42.905996561050415,42.77490234375
inference time,0,0,0,0,0,451.22718334198
qp time,0,0,0,0,0,0
backward time,0,0,64.38395667076111,64.08166098594666,64.09504222869873,64.86302590370178
