Epoch, 10
Random seed, 0, forward time, 1746.9986221790314, inference time, 12483.102706193924, qp time, 2699.299554824829, backward_time, 4474.686164140701
forward time,0,167.47413301467896,164.49123668670654,171.01493287086487,186.5010154247284,181.03911805152893,176.42205095291138,174.15635561943054,174.81438207626343,175.58056831359863,175.5048291683197
inference time,0,1195.442518234253,995.0540432929993,1158.4470105171204,1388.1216442584991,1064.7092287540436,1204.224779844284,1460.8097875118256,1310.4851973056793,1480.1909868717194,1225.6175096035004
qp time,0,250.56586122512817,246.23831510543823,253.37582278251648,292.11248755455017,271.1099920272827,282.58072447776794,261.5643947124481,279.21503949165344,294.8505880832672,267.6863293647766
backward time,0,414.6242573261261,414.0423860549927,429.06017804145813,487.94303369522095,462.09225487709045,455.4387295246124,433.37630891799927,456.3833520412445,477.115305185318,444.6103584766388
