Epoch, 4
Random seed, 19, forward time, 70.29413223266602, inference time, 154.977472782135, qp time, 0, backward_time, 105.08735990524292
forward time,0,0,17.62285280227661,17.542487859725952,17.587360620498657,17.541430950164795
inference time,0,0,0,0,0,154.977472782135
qp time,0,0,0,0,0,0
backward time,0,0,26.24011754989624,26.342486143112183,26.260746717453003,26.244009494781494
