Epoch, 6
Random seed, 24, forward time, 449.2611598968506, inference time, 4763.831719875336, qp time, 2157.502053976059, backward_time, 1125.0406348705292
forward time,0,74.94037675857544,75.25811314582825,75.52719926834106,73.58329224586487,74.39835619926453,75.55382227897644
inference time,0,388.98477029800415,1090.9265546798706,974.6381227970123,802.6170358657837,756.0138521194458,750.6513841152191
qp time,0,360.7739679813385,363.83694410324097,364.8078989982605,346.02624559402466,355.85232067108154,366.2046766281128
backward time,0,186.1768741607666,190.98368883132935,189.94360208511353,181.12352681159973,186.98613691329956,189.8268060684204
