Epoch, 13
Random seed, 16, forward time, 316.235294342041, inference time, 2523.6770689487457, qp time, 1529.4982435703278, backward_time, 771.5026967525482
forward time,0,24.04792308807373,23.975024938583374,24.00306487083435,24.046651124954224,24.200942993164062,24.441713571548462,24.939706802368164,24.717491149902344,24.824955224990845,24.77173089981079,24.54287028312683,23.90368342399597,23.819535970687866
inference time,0,253.25897026062012,145.81079959869385,171.75003218650818,153.77090644836426,182.84598994255066,191.54507660865784,158.62495517730713,186.41505360603333,218.8264889717102,221.50554943084717,306.706645488739,167.35139632225037,165.26520490646362
qp time,0,115.74669456481934,116.09622955322266,115.56649565696716,116.15426874160767,117.59718680381775,116.03855228424072,120.19636535644531,121.53655886650085,120.98391008377075,120.5445761680603,118.87599420547485,116.57080149650574,113.59060978889465
backward time,0,58.77610731124878,58.90992331504822,58.04794454574585,59.0604305267334,59.65212106704712,57.42368197441101,59.13682413101196,60.16217017173767,60.175572633743286,59.36965346336365,60.572768688201904,61.741430044174194,58.47406888008118
