Epoch, 25
Random seed, 27, forward time, 665.5626211166382, inference time, 5094.834169149399, qp time, 3061.60076713562, backward_time, 1606.7822701931
forward time,0,27.095104932785034,27.02645492553711,27.074565649032593,27.017362594604492,27.120469093322754,27.12501335144043,26.915596961975098,27.029136419296265,26.957722187042236,26.987227201461792,26.9246768951416,25.99631428718567,25.823558568954468,25.76499843597412,25.722410202026367,25.704554557800293,25.633095264434814,25.55851173400879,25.59452533721924,25.57865285873413,27.11185050010681,27.37164831161499,27.537968158721924,27.490424156188965,27.4007785320282
inference time,0,178.45369458198547,197.54051208496094,233.69031167030334,220.82388591766357,205.84939813613892,225.45813989639282,216.97525024414062,199.21343445777893,219.6909840106964,216.91538739204407,232.29938864707947,232.2466082572937,201.67208099365234,188.70918917655945,189.78794980049133,199.32890248298645,206.39132928848267,191.56169414520264,185.80545926094055,181.78029108047485,188.96568036079407,194.85859155654907,193.388108253479,196.0803484916687,197.3475489616394
qp time,0,124.97045183181763,125.34457182884216,125.46326184272766,125.21505427360535,125.46159553527832,126.17851877212524,125.16341972351074,122.98101162910461,122.31438398361206,125.2701108455658,123.44431829452515,120.33047580718994,117.7800760269165,116.70872688293457,118.16621351242065,116.53876519203186,115.7336745262146,113.69032073020935,113.67806696891785,112.28576040267944,127.37173438072205,128.8094379901886,129.34207844734192,129.5137917995453,129.84494590759277
backward time,0,69.25063180923462,68.4608371257782,69.02054929733276,68.09091186523438,68.53658819198608,68.2175178527832,67.05116772651672,64.2391095161438,64.40267610549927,64.55040287971497,64.39053320884705,63.3580219745636,62.03162217140198,61.03262686729431,62.32702088356018,61.24476647377014,59.7152578830719,59.74095916748047,59.30603885650635,58.45677351951599,64.44706630706787,64.29972410202026,64.99461436271667,64.59349822998047,65.02335381507874
