Epoch, 8
Random seed, 0, forward time, 1286.1742568016052, inference time, 5389.028381586075, qp time, 1869.1775171756744, backward_time, 3189.2816319465637
forward time,0,157.79029822349548,159.2199182510376,160.14621829986572,160.23649215698242,161.50410962104797,162.1407072544098,162.91184306144714,162.2246699333191
inference time,0,844.8900833129883,604.1814901828766,684.8754000663757,533.2271401882172,714.4466631412506,634.4113490581512,599.0016782283783,773.9945774078369
qp time,0,223.32973432540894,229.72108268737793,226.65983867645264,234.38388085365295,239.86653184890747,240.1870949268341,242.03017139434814,232.99918246269226
backward time,0,388.582558631897,388.2797236442566,384.01778531074524,396.38361167907715,412.2177736759186,407.84497332572937,406.73727583885193,405.2179298400879
