Epoch, 3
Random seed, 2, forward time, 179.5707767009735, inference time, 3708.3980634212494, qp time, 286.57619047164917, backward_time, 441.7657690048218
forward time,0,60.58771991729736,59.67594933509827,59.30710744857788
inference time,0,921.8924112319946,1314.3220562934875,1472.1835958957672
qp time,0,88.94814229011536,101.79322218894958,95.83482599258423
backward time,0,146.9106240272522,149.72372341156006,145.13142156600952
