Epoch, 24
Random seed, 8, forward time, 187.48558259010315, inference time, 113.04323744773865, qp time, 0, backward_time, 273.9109306335449
forward time,0,7.845604181289673,7.8048248291015625,7.835070848464966,7.824615716934204,7.7995383739471436,7.813655376434326,7.808403253555298,7.808508634567261,7.807897329330444,7.795691728591919,7.803869724273682,7.83270263671875,7.8183324337005615,7.793150901794434,7.82175350189209,7.781817674636841,7.8352038860321045,7.8024210929870605,7.827254772186279,7.798360824584961,7.788785219192505,7.78152060508728,7.844218015670776,7.812381029129028
inference time,0,0,0,0,0,0,0,0,0,0,0,0,0,0,0,0,0,0,0,0,0,0,0,0,113.04323744773865
qp time,0,0,0,0,0,0,0,0,0,0,0,0,0,0,0,0,0,0,0,0,0,0,0,0,0
backward time,0,11.523881196975708,11.352484703063965,11.323540687561035,11.408204793930054,11.393602848052979,11.412688255310059,11.470375061035156,11.34741735458374,11.391800880432129,11.405842304229736,11.417816638946533,11.409058809280396,11.457276821136475,11.40527868270874,11.401033163070679,11.368299722671509,11.336027383804321,11.412690162658691,11.434080600738525,11.41628646850586,11.40726923942566,11.448912858963013,11.401860237121582,11.565201759338379
