Epoch, 4
Random seed, 7, forward time, 36.848135471343994, inference time, 53.58593988418579, qp time, 0, backward_time, 52.55056095123291
forward time,0,0,9.238824129104614,9.189938068389893,9.155168533325195,9.264204740524292
inference time,0,0,0,0,0,53.58593988418579
qp time,0,0,0,0,0,0
backward time,0,0,13.169876098632812,12.996368169784546,13.058335065841675,13.325981616973877
