Epoch, 6
Random seed, 17, forward time, 387.1469943523407, inference time, 6730.631063461304, qp time, 591.5586013793945, backward_time, 989.3119521141052
forward time,0,64.68531203269958,64.17896938323975,64.37895178794861,64.46949005126953,64.66045546531677,64.77381563186646
inference time,0,1006.6638350486755,1189.855277299881,1118.075747013092,994.5081951618195,1276.0457911491394,1145.4822177886963
qp time,0,94.00998902320862,97.22811126708984,105.25891923904419,95.78369903564453,100.81070232391357,98.46718049049377
backward time,0,154.32783246040344,161.10923385620117,171.60122227668762,162.526695728302,170.73662948608398,169.010338306427
