Epoch, 4
Random seed, 19, forward time, 104.3189787864685, inference time, 87.56621551513672, qp time, 0, backward_time, 159.4583034515381
forward time,0,0,26.054452896118164,26.094093084335327,26.020355463027954,26.15007734298706
inference time,0,0,0,0,0,87.56621551513672
qp time,0,0,0,0,0,0
backward time,0,0,39.731895446777344,39.721412658691406,39.686853885650635,40.3181414604187
