Epoch, 22
Random seed, 12, forward time, 1656.4690330028534, inference time, 21919.97919011116, qp time, 2644.175400018692, backward_time, 4317.330028295517
forward time,0,75.96022200584412,76.30087518692017,76.81168842315674,74.55121612548828,74.77031707763672,74.07435321807861,73.59044432640076,74.2887134552002,73.91377639770508,74.02439308166504,74.30664825439453,74.1199598312378,74.24435639381409,74.29864358901978,74.16161799430847,74.34830045700073,74.35334253311157,74.47431015968323,77.9718599319458,78.50875163078308,78.70818734169006,78.68705558776855
inference time,0,743.1715261936188,771.4558572769165,674.5702526569366,818.9691090583801,790.6910133361816,696.0511050224304,1041.4712734222412,1027.8330481052399,1070.989364862442,1081.7389278411865,1241.4907395839691,1237.352839231491,1001.0469665527344,1032.726645231247,1095.5815467834473,1149.6862461566925,846.3689811229706,1016.5707035064697,991.0147528648376,1309.0395975112915,1128.763558626175,1153.3951351642609
qp time,0,106.62211799621582,102.83293056488037,106.5802493095398,112.61404013633728,111.40612030029297,110.43992495536804,108.93753838539124,115.07992172241211,116.52155590057373,117.67202806472778,126.53748106956482,112.80791282653809,114.10507082939148,108.25987005233765,104.96917867660522,114.3377571105957,117.433762550354,135.80695462226868,147.53766059875488,151.55601739883423,151.38650560379028,150.73080134391785
backward time,0,184.5659317970276,178.24625635147095,182.0150728225708,190.7476933002472,185.1769905090332,180.6868588924408,178.29585933685303,186.83851838111877,189.03680324554443,191.28024053573608,200.88059329986572,183.90984654426575,187.5322825908661,179.0459463596344,178.31436157226562,187.5648272037506,192.43790698051453,213.41251063346863,230.92102360725403,237.05680561065674,239.98457837104797,239.37912034988403
