Epoch, 13
Random seed, 0, forward time, 2058.521211862564, inference time, 0, qp time, 0, backward_time, 3101.672295331955
forward time,0,158.45227694511414,158.37301468849182,158.10243821144104,158.33343291282654,158.38260293006897,158.57757711410522,158.2825276851654,158.3300437927246,158.25990796089172,158.32493996620178,158.41821837425232,158.0513985157013,158.63283276557922
inference time,0,0,0,0,0,0,0,0,0,0,0,0,0,0
qp time,0,0,0,0,0,0,0,0,0,0,0,0,0,0
backward time,0,235.12359166145325,235.20345258712769,235.26424527168274,235.66101956367493,235.97663283348083,237.8653223514557,238.7429358959198,239.19226121902466,240.68927145004272,241.31697058677673,241.8225359916687,242.22798943519592,242.5860664844513
