Epoch, 8
Random seed, 0, forward time, 510.68213534355164, inference time, 7089.12104344368, qp time, 837.8057181835175, backward_time, 1328.169278383255
forward time,0,60.30798697471619,60.3539400100708,60.24948191642761,59.72413611412048,64.84792900085449,68.25086045265198,68.23396921157837,68.71383166313171
inference time,0,844.8579909801483,802.244767665863,878.6484053134918,859.6091141700745,850.5386772155762,824.0039491653442,1023.7529602050781,1005.4651787281036
qp time,0,91.09858465194702,89.72425699234009,108.22555804252625,97.63425612449646,103.88457894325256,118.11887693405151,115.10075378417969,114.01885271072388
backward time,0,152.54395842552185,149.9477038383484,165.820739030838,151.95143032073975,162.7953975200653,184.7627613544464,179.6470718383789,180.70021605491638
