Epoch, 32
Random seed, 8, forward time, 1166.8274562358856, inference time, 317.9399902820587, qp time, 0, backward_time, 1671.672483921051
forward time,0,36.555968284606934,36.46002388000488,36.41419196128845,36.43815565109253,36.45000672340393,36.37057065963745,36.61130905151367,36.753429651260376,36.614309310913086,36.60173058509827,36.56879496574402,36.774817943573,36.86264729499817,36.28077173233032,36.65210700035095,36.37610650062561,36.40860319137573,36.34796404838562,36.69505739212036,36.173717737197876,36.231858015060425,36.29451107978821,36.42074799537659,36.23118209838867,36.58724093437195,36.35434007644653,36.277172803878784,36.4553804397583,36.276244163513184,36.336315393447876,36.234609842300415,36.71756982803345
inference time,0,0,0,0,0,0,0,0,0,0,0,0,0,0,0,0,0,0,0,0,0,0,0,0,0,0,0,0,0,0,0,0,317.9399902820587
qp time,0,0,0,0,0,0,0,0,0,0,0,0,0,0,0,0,0,0,0,0,0,0,0,0,0,0,0,0,0,0,0,0,0
backward time,0,51.74570083618164,51.94768738746643,51.85405945777893,51.796022176742554,52.01597571372986,51.998772621154785,52.47139811515808,52.17486548423767,51.77736306190491,52.257993936538696,51.99341893196106,52.27126908302307,52.29855561256409,52.25798416137695,52.40210199356079,52.19502282142639,52.58572793006897,52.36768317222595,52.52638792991638,51.647048473358154,51.91301870346069,52.46554756164551,52.49687194824219,52.68041253089905,52.43829584121704,52.14816927909851,52.206910133361816,52.11071014404297,52.1156439781189,52.182761907577515,52.238473892211914,54.09062910079956
