Epoch, 5
Random seed, 13, forward time, 283.2011375427246, inference time, 1594.142671585083, qp time, 1656.6557705402374, backward_time, 673.9241540431976
forward time,0,56.38676881790161,56.36666512489319,58.32903075218201,56.340364933013916,55.77830791473389
inference time,0,246.11742115020752,310.21223163604736,334.63794207572937,348.57947182655334,354.5956048965454
qp time,0,334.2922387123108,333.5971484184265,343.9189579486847,322.8817403316498,321.96568512916565
backward time,0,137.91119194030762,137.01153016090393,136.8669581413269,130.3749451637268,131.75952863693237
