Epoch, 17
Random seed, 5, forward time, 213.65202021598816, inference time, 1590.337804555893, qp time, 548.589925289154, backward_time, 527.2747721672058
forward time,0,12.568426609039307,12.611138820648193,12.458059310913086,12.523450136184692,12.485231876373291,12.378747701644897,12.375221252441406,12.35825252532959,12.367847204208374,12.494974374771118,12.51347804069519,12.611644983291626,12.644977807998657,12.742639064788818,12.83340835571289,12.906381845474243,12.778140306472778
inference time,0,110.51770353317261,92.73438549041748,93.64910101890564,107.64129495620728,106.07274770736694,94.60243320465088,81.32178783416748,96.80735874176025,88.41021299362183,95.672447681427,91.78486609458923,77.59934997558594,104.82041525840759,106.32863259315491,89.43640732765198,69.34663820266724,83.59202194213867
qp time,0,32.52011680603027,32.77559447288513,32.62195706367493,32.903308391571045,32.100651264190674,31.60769820213318,31.438296794891357,31.395199060440063,31.619153022766113,31.91733694076538,32.039222955703735,32.44768977165222,32.40947198867798,32.56832981109619,32.92277193069458,32.941540479660034,32.36158633232117
backward time,0,30.07452702522278,31.554259777069092,31.16508436203003,31.4100980758667,31.008405685424805,30.526197910308838,30.374971628189087,30.666635751724243,30.693685054779053,31.4004385471344,31.514634132385254,30.965574979782104,31.228129148483276,31.378000259399414,31.504990100860596,31.03965663909912,30.76948308944702
