Epoch, 12
Random seed, 0, forward time, 774.6967031955719, inference time, 4227.643512964249, qp time, 3177.101092815399, backward_time, 1923.5933520793915
forward time,0,61.92270517349243,62.20151352882385,62.055808305740356,62.441006660461426,62.71336078643799,62.804394006729126,62.92720890045166,67.70522379875183,68.596031665802,68.8109815120697,66.69749808311462,65.8209707736969
inference time,0,267.17186665534973,289.82579016685486,488.62674617767334,447.67697525024414,463.2995297908783,394.5108871459961,384.3506097793579,314.09008026123047,298.5777943134308,298.13355779647827,291.9621071815491,289.4175684452057
qp time,0,249.27654314041138,249.83551597595215,249.01169395446777,249.95120477676392,251.77313256263733,251.60108184814453,252.1760356426239,286.85640692710876,294.02989983558655,292.4432394504547,277.8024175167084,272.3439211845398
backward time,0,157.38906073570251,155.94649124145508,155.75119376182556,155.04648852348328,155.5022270679474,155.47904253005981,156.23213481903076,170.74082136154175,171.03093481063843,169.8824803829193,163.73862600326538,156.85385084152222
