Epoch, 20
Random seed, 0, forward time, 190.3721308708191, inference time, 2441.2503473758698, qp time, 263.73654437065125, backward_time, 456.65155243873596
forward time,0,9.382698774337769,9.514241218566895,9.480606079101562,9.478737354278564,9.493246793746948,9.535613775253296,9.523372411727905,9.537961483001709,9.522038221359253,9.539838552474976,9.495705366134644,9.50641942024231,9.50577425956726,9.541391611099243,9.513703346252441,9.545138359069824,9.56917142868042,9.526129722595215,9.5880286693573,9.572314023971558
inference time,0,85.43725371360779,125.72024464607239,123.68752026557922,128.5288052558899,106.22461199760437,117.17007541656494,138.89368319511414,131.5878734588623,122.31179475784302,153.95537304878235,121.86481022834778,108.29344034194946,109.03090405464172,105.47105240821838,105.74170756340027,129.79162454605103,145.57090759277344,120.99775433540344,134.5178644657135,126.45304608345032
qp time,0,13.044498443603516,12.800889015197754,12.87617540359497,12.462538242340088,12.361087799072266,12.206942081451416,11.922768115997314,12.127119064331055,12.512972831726074,12.613364696502686,13.520894765853882,13.550275087356567,13.556646585464478,14.021960973739624,14.276268482208252,14.16276240348816,14.102737188339233,13.93458104133606,13.425209760665894,14.256852388381958
backward time,0,22.829602479934692,22.32045030593872,22.257206916809082,22.490697860717773,22.333060026168823,22.096619606018066,21.769504070281982,22.110830783843994,21.739832639694214,21.85812520980835,22.674423217773438,22.993776559829712,23.06857943534851,24.093441486358643,24.087454080581665,24.340682983398438,23.902031421661377,23.12564778327942,23.01433253288269,23.545253038406372
