Epoch, 27
Random seed, 19, forward time, 482.96586537361145, inference time, 310.8342628479004, qp time, 0, backward_time, 734.0844478607178
forward time,0,17.89915370941162,17.938085556030273,17.917805433273315,17.8833224773407,17.92907738685608,17.86266303062439,17.845115900039673,17.630722045898438,17.917880058288574,17.900190353393555,17.873462438583374,17.88843083381653,17.891019105911255,17.888532400131226,17.90327739715576,17.8305766582489,17.871705532073975,17.94280505180359,17.886786937713623,17.884679794311523,17.923030614852905,17.88916516304016,17.926520347595215,17.900602102279663,17.896088123321533,17.91719889640808,17.92796802520752
inference time,0,0,0,0,0,0,0,0,0,0,0,0,0,0,0,0,0,0,0,0,0,0,0,0,0,0,0,310.8342628479004
qp time,0,0,0,0,0,0,0,0,0,0,0,0,0,0,0,0,0,0,0,0,0,0,0,0,0,0,0,0
backward time,0,27.23151683807373,27.250694274902344,27.224360942840576,27.188679933547974,27.231675386428833,27.165916442871094,27.129299879074097,26.760051250457764,27.164310216903687,27.208494424819946,27.104788780212402,27.2074236869812,27.168451070785522,27.158950328826904,27.215614080429077,27.19251561164856,27.17500948905945,27.214831829071045,27.181554555892944,27.220309019088745,27.257522106170654,27.15277361869812,27.18815851211548,27.222920894622803,27.15176224708557,27.234719276428223,27.48214316368103
