Epoch, 20
Random seed, 5, forward time, 1580.7953131198883, inference time, 265.76457810401917, qp time, 0, backward_time, 2479.2894582748413
forward time,0,79.12223958969116,79.08509922027588,79.09229159355164,79.23499393463135,79.19461584091187,78.75318098068237,78.88697981834412,79.03455090522766,78.7017924785614,78.88726091384888,78.95455121994019,78.95701456069946,78.76447057723999,79.37339878082275,79.33682632446289,79.07063698768616,79.08794450759888,79.33422493934631,78.86090731620789,79.06233263015747
inference time,0,0,0,0,0,0,0,0,0,0,0,0,0,0,0,0,0,0,0,0,265.76457810401917
qp time,0,0,0,0,0,0,0,0,0,0,0,0,0,0,0,0,0,0,0,0,0
backward time,0,124.39691257476807,124.46404194831848,124.56917262077332,124.45724415779114,123.98768210411072,123.63633155822754,124.13703536987305,123.79624557495117,123.78476810455322,123.64580988883972,123.59263443946838,123.54852533340454,123.37153768539429,123.53469347953796,123.56636118888855,123.57535099983215,123.95791506767273,123.79479789733887,124.19417262077332,125.2782256603241
