Epoch, 1
Random seed, 24, forward time, 104.85280466079712, inference time, 1661.7236497402191, qp time, 174.60540199279785, backward_time, 282.71815299987793
forward time,0,104.85280466079712
inference time,0,1661.7236497402191
qp time,0,174.60540199279785
backward time,0,282.71815299987793
