Epoch, 1
Random seed, 30, forward time, 161.71091723442078, inference time, 1578.0364015102386, qp time, 247.66028785705566, backward_time, 423.8642358779907
forward time,0,161.71091723442078
inference time,0,1578.0364015102386
qp time,0,247.66028785705566
backward time,0,423.8642358779907
