Epoch, 20
Random seed, 19, forward time, 1422.6341557502747, inference time, 6741.038400173187, qp time, 2110.4141170978546, backward_time, 3615.679416179657
forward time,0,71.9738540649414,71.77649641036987,71.33322882652283,71.96859741210938,71.72004461288452,71.76476073265076,71.59581899642944,70.58564043045044,70.33333706855774,70.36123085021973,70.69701766967773,70.53342962265015,70.26932859420776,70.19463348388672,70.43177223205566,70.36259150505066,70.47310614585876,70.83493185043335,72.81040596961975,72.613929271698
inference time,0,267.128737449646,296.0733268260956,353.40673875808716,313.51617550849915,311.3403606414795,325.77823781967163,377.10704159736633,335.77146649360657,314.12927198410034,349.4889340400696,356.8381588459015,370.52907538414,427.2062726020813,429.64703035354614,311.68288230895996,307.624489068985,310.9382336139679,314.5206980705261,324.20265650749207,344.10861229896545
qp time,0,98.97725486755371,103.76910591125488,99.31932044029236,101.71781849861145,99.60848665237427,102.00785112380981,105.91844153404236,106.14170360565186,105.48821520805359,108.89115571975708,107.66149711608887,108.2160975933075,108.33561158180237,111.45590233802795,107.52165794372559,103.06459426879883,105.09084224700928,107.54661417007446,109.11178874969482,110.57015752792358
backward time,0,183.6425621509552,181.0964138507843,179.62792205810547,176.7648060321808,177.33648562431335,178.23243045806885,181.82784414291382,178.48206305503845,178.62748670578003,181.94378304481506,181.26049041748047,184.2902798652649,179.92456459999084,183.63574767112732,178.9540560245514,174.33699464797974,178.00138974189758,180.36525201797485,188.488587141037,188.84025692939758
