Epoch, 4
Random seed, 0, forward time, 658.7802224159241, inference time, 5033.802255868912, qp time, 3795.75616312027, backward_time, 1515.9238183498383
forward time,0,163.93271446228027,165.74843955039978,164.85860633850098,164.24046206474304
inference time,0,1003.1144680976868,1217.6698229312897,1171.6650068759918,1641.3529579639435
qp time,0,958.0346369743347,963.2764277458191,948.4144833087921,926.0306150913239
backward time,0,386.2954800128937,384.2723627090454,376.35132098197937,369.0046546459198
