Epoch, 2
Random seed, 30, forward time, 224.508127450943, inference time, 3002.4686613082886, qp time, 337.2894880771637, backward_time, 566.1042327880859
forward time,0,111.81230473518372,112.69582271575928
inference time,0,1398.4707493782043,1603.9979119300842
qp time,0,167.99288535118103,169.29660272598267
backward time,0,279.5050551891327,286.59917759895325
