Epoch, 4
Random seed, 14, forward time, 269.3162090778351, inference time, 608.87695145607, qp time, 0, backward_time, 380.880441904068
forward time,0,0,67.20156741142273,67.04487800598145,67.25095415115356,67.81880950927734
inference time,0,0,0,0,0,608.87695145607
qp time,0,0,0,0,0,0
backward time,0,0,95.59705924987793,95.35513424873352,94.72467994689941,95.20356845855713
