Epoch, 4
Random seed, 25, forward time, 458.86929202079773, inference time, 4160.132011890411, qp time, 2668.9592978954315, backward_time, 1082.5825986862183
forward time,0,114.65027976036072,113.04065275192261,114.7455267906189,116.43283271789551
inference time,0,941.1757016181946,1039.0556406974792,1016.7897341251373,1163.1109354496002
qp time,0,657.224592924118,663.2608165740967,661.8544535636902,686.6194348335266
backward time,0,270.8489046096802,269.0082964897156,268.6750576496124,274.0503399372101
