Epoch, 10
Random seed, 17, forward time, 2368.3537719249725, inference time, 12152.202476739883, qp time, 14101.673562526703, backward_time, 5943.788247585297
forward time,0,237.63136887550354,237.2745349407196,240.66354084014893,239.41061449050903,236.64571523666382,236.0780189037323,235.51141929626465,231.61917853355408,235.66456007957458,237.854820728302
inference time,0,2083.890021085739,1684.4573500156403,2227.9639444351196,2286.072154045105,697.7583508491516,637.9205076694489,634.2928557395935,622.8833305835724,636.1707797050476,640.7931826114655
qp time,0,1416.797991991043,1351.0237782001495,1433.5944504737854,1446.874097585678,1423.2196865081787,1410.0812292099,1400.822074174881,1351.3847692012787,1420.6989271640778,1447.1765580177307
backward time,0,593.0899677276611,538.5922181606293,604.5794982910156,580.6806597709656,613.100861787796,607.669385433197,603.6490495204926,585.6264960765839,606.7312350273132,610.0688757896423
