Epoch, 18
Random seed, 0, forward time, 1143.6311337947845, inference time, 5848.111239671707, qp time, 4497.517639875412, backward_time, 2819.3254737854004
forward time,0,61.86091637611389,62.86913728713989,63.19406723976135,62.651352405548096,63.16379427909851,63.019089460372925,63.15856122970581,63.37100672721863,64.46551060676575,64.47171258926392,64.06233763694763,63.95585918426514,63.46819758415222,63.44125270843506,63.52392864227295,63.23438882827759,64.656174659729,65.06384634971619
inference time,0,265.126101732254,287.8030083179474,485.79562044143677,441.1363670825958,457.9114694595337,389.97897696495056,380.464914560318,299.82512760162354,284.73744106292725,284.3105778694153,282.46932435035706,282.7545123100281,281.35063314437866,281.5655825138092,282.55622601509094,282.92356133461,287.2120807170868,290.1897141933441
qp time,0,244.2778024673462,246.91694498062134,247.4551181793213,241.8572382926941,245.89723181724548,245.45485734939575,246.56276321411133,251.16997385025024,255.0436508655548,252.57212257385254,251.06738305091858,251.59463739395142,247.49862575531006,247.56860280036926,248.63772535324097,250.45213770866394,259.55447602272034,263.93634819984436
backward time,0,158.81867218017578,158.44195652008057,159.18218660354614,156.5950584411621,157.07729125022888,157.37540531158447,158.8438549041748,159.76062035560608,160.9404263496399,159.60378050804138,157.9234766960144,157.10205507278442,152.45656514167786,150.83420085906982,151.09739518165588,152.34235048294067,154.23785734176636,156.69232058525085
