Epoch, 4
Random seed, 17, forward time, 523.5362782478333, inference time, 1474.4699652194977, qp time, 2096.5021476745605, backward_time, 1365.2152619361877
forward time,0,128.69002723693848,128.8448691368103,130.2880344390869,135.71334743499756
inference time,0,371.11843967437744,360.60596919059753,362.80592155456543,379.9396347999573
qp time,0,510.6796417236328,508.0506603717804,513.8793594837189,563.8924860954285
backward time,0,335.66649889945984,333.8512165546417,336.97995352745056,358.7175929546356
