Epoch, 11
Random seed, 15, forward time, 1885.7271535396576, inference time, 21385.84351348877, qp time, 2798.654542684555, backward_time, 4705.758507728577
forward time,0,165.94499802589417,196.03521013259888,176.0452733039856,165.31487369537354,174.99194622039795,166.36205530166626,164.99301719665527,164.99393391609192,165.08691310882568,167.01560735702515,178.9433252811432
inference time,0,1461.211273908615,2329.400945186615,2189.5558230876923,1614.2787709236145,2199.973625421524,1886.5454773902893,1863.4894063472748,1603.3165965080261,1795.3810682296753,2143.7611413002014,2298.9293851852417
qp time,0,233.58185720443726,287.30536818504333,250.01930022239685,236.06691646575928,252.25165629386902,246.19563364982605,239.43144607543945,243.89400815963745,257.9601972103119,259.2583918571472,292.68976736068726
backward time,0,401.94430470466614,489.3778133392334,428.2875213623047,402.1123559474945,428.0626664161682,417.97116923332214,403.81314396858215,404.21483731269836,422.8169503211975,431.3831412792206,475.77460384368896
