Epoch, 12
Random seed, 16, forward time, 469.74500465393066, inference time, 6470.152223825455, qp time, 807.5205535888672, backward_time, 1280.258101940155
forward time,0,39.42012405395508,39.18382787704468,39.335040807724,39.40143132209778,39.31979417800903,39.550377368927,39.34103202819824,38.961236000061035,38.77818012237549,38.80915117263794,38.789581298828125,38.855228424072266
inference time,0,437.74814796447754,336.33211398124695,433.85416889190674,528.1338608264923,548.608668088913,498.98879289627075,513.2342772483826,568.5633850097656,576.365268945694,592.6046087741852,688.5758905410767,747.1430406570435
qp time,0,61.49396872520447,60.07797718048096,62.72278070449829,67.46454572677612,65.37872743606567,72.13442921638489,70.3526508808136,67.1510717868805,68.09881687164307,70.30123281478882,72.32990837097168,70.01444387435913
backward time,0,104.89143133163452,100.1898741722107,104.5504982471466,108.0038845539093,106.3158438205719,115.29267120361328,109.19546127319336,104.17759561538696,105.63840079307556,108.685378074646,107.43472623825073,105.88233661651611
