Epoch, 13
Random seed, 22, forward time, 518.2005822658539, inference time, 6585.854142665863, qp time, 1915.2342171669006, backward_time, 1154.7774102687836
forward time,0,40.24642467498779,40.06053161621094,39.90048956871033,39.69602394104004,39.746304750442505,39.78579568862915,40.08324408531189,39.89745736122131,39.88353371620178,39.69626259803772,39.724990367889404,39.70023512840271,39.77928876876831
inference time,0,470.6346900463104,483.8904845714569,427.7624328136444,522.6099689006805,485.23384308815,441.8154900074005,551.2286746501923,560.1717071533203,535.0923664569855,575.8008806705475,579.7847144603729,467.9763798713684,483.85250997543335
qp time,0,151.3149151802063,150.13377046585083,149.942378282547,147.99013495445251,146.8271996974945,150.52319383621216,152.29161953926086,148.05959677696228,145.60143303871155,142.75050926208496,144.09792184829712,141.24679827690125,144.4547460079193
backward time,0,93.21583986282349,90.98958230018616,89.77675652503967,88.68010663986206,88.8360435962677,89.39285159111023,90.0315330028534,87.28879952430725,89.3368604183197,86.65883874893188,87.31709218025208,86.10154962539673,87.15155625343323
