Epoch, 6
Random seed, 16, forward time, 236.21059560775757, inference time, 2783.6657526493073, qp time, 389.2724289894104, backward_time, 639.2442033290863
forward time,0,39.42012405395508,39.18382787704468,39.335040807724,39.40143132209778,39.31979417800903,39.550377368927
inference time,0,437.74814796447754,336.33211398124695,433.85416889190674,528.1338608264923,548.608668088913,498.98879289627075
qp time,0,61.49396872520447,60.07797718048096,62.72278070449829,67.46454572677612,65.37872743606567,72.13442921638489
backward time,0,104.89143133163452,100.1898741722107,104.5504982471466,108.0038845539093,106.3158438205719,115.29267120361328
