Epoch, 11
Random seed, 27, forward time, 307.2374291419983, inference time, 2914.101386785507, qp time, 485.3042035102844, backward_time, 790.9991142749786
forward time,0,27.645251035690308,27.80048966407776,28.14503765106201,28.338319778442383,28.12706184387207,28.125932455062866,28.284729480743408,28.00530695915222,27.504352569580078,27.5394344329834,27.721513271331787
inference time,0,190.70453715324402,224.99365210533142,284.5027678012848,296.8884425163269,272.11944818496704,238.23355650901794,269.84309554100037,272.05415868759155,255.49698281288147,286.24249744415283,323.02224802970886
qp time,0,40.233259201049805,42.02295160293579,43.82408022880554,45.39524483680725,45.557684898376465,44.12411379814148,45.28104615211487,45.41370868682861,42.920236110687256,43.091795444488525,47.44008255004883
backward time,0,67.74339294433594,68.64021062850952,70.27862668037415,72.77050924301147,73.4472222328186,71.63713526725769,73.22256422042847,74.26603960990906,71.00109195709229,70.59293961524963,77.39938187599182
