Epoch, 31
Random seed, 5, forward time, 1674.59490275383, inference time, 23633.538259267807, qp time, 2682.63507938385, backward_time, 4197.173344612122
forward time,0,54.10860061645508,54.65891647338867,53.45837593078613,53.558019399642944,54.30566191673279,53.24774694442749,53.546698331832886,54.04246520996094,53.382036447525024,53.173080921173096,53.3940486907959,53.3224618434906,53.36086392402649,53.42334198951721,53.591665744781494,53.748555421829224,53.69032096862793,53.34842038154602,53.384769916534424,53.35695028305054,53.36522459983826,53.396058559417725,53.340378522872925,55.187954902648926,55.375576972961426,55.44723653793335,55.267871379852295,55.63994073867798,55.37737703323364,55.038010358810425,55.05627179145813
inference time,0,623.6698572635651,748.1301374435425,658.7068750858307,769.5270528793335,763.4208114147186,755.7270522117615,564.4832043647766,658.6097776889801,742.0476603507996,697.162193775177,710.721394777298,667.8210804462433,901.9890241622925,701.2112758159637,701.2179436683655,877.1997468471527,893.8232171535492,618.2383358478546,595.2570869922638,574.9704189300537,694.6308124065399,794.2815022468567,684.1815752983093,1144.1070537567139,1045.3705325126648,931.5807301998138,884.8379652500153,898.5508909225464,807.2022500038147,736.203675031662,788.6571245193481
qp time,0,80.02911567687988,86.36794090270996,87.0657799243927,88.16358089447021,86.12440037727356,84.39584136009216,80.21503114700317,82.49089026451111,82.98410868644714,75.34884929656982,86.50707483291626,89.32388353347778,92.67649960517883,81.31652069091797,86.90441179275513,89.2495493888855,88.77700066566467,83.900705575943,86.29493498802185,79.43643283843994,75.09706234931946,85.09060740470886,92.90218997001648,108.72398853302002,100.10771298408508,89.97412729263306,88.15128087997437,87.96369647979736,88.02906227111816,84.16343450546265,84.85936427116394
backward time,0,133.5686902999878,138.76091480255127,137.5843813419342,136.56542491912842,133.56533479690552,131.529137134552,129.69668197631836,132.47761583328247,130.91950941085815,124.19598984718323,132.1730353832245,136.30434823036194,138.21557569503784,131.82102417945862,133.27855920791626,136.30992579460144,135.16204380989075,130.6522719860077,134.8569438457489,128.31878638267517,122.2686996459961,132.3665792942047,138.88339591026306,161.6824984550476,150.36339735984802,140.20516276359558,138.70432662963867,139.71908903121948,139.22627210617065,133.09490251541138,134.7028260231018
