Epoch, 24
Random seed, 28, forward time, 638.0064835548401, inference time, 3214.793480873108, qp time, 1845.1185116767883, backward_time, 1477.1019546985626
forward time,0,26.44286012649536,26.7799813747406,26.812390327453613,26.888184547424316,26.889089822769165,26.860665559768677,26.837470531463623,26.768355131149292,26.436773538589478,26.47200632095337,26.349969387054443,26.386404275894165,26.39247751235962,26.405815839767456,26.470842838287354,26.42901611328125,26.50303554534912,26.46387028694153,26.439714193344116,26.51069188117981,26.506429433822632,26.59597635269165,26.736048221588135,26.628414392471313
inference time,0,249.2804183959961,237.41626906394958,152.33716917037964,137.32547307014465,123.82194447517395,130.20562386512756,123.42587423324585,122.98803639411926,121.48550176620483,121.36010313034058,120.73715281486511,119.25667405128479,119.04813575744629,129.65485501289368,119.13897252082825,119.39492273330688,119.1397135257721,121.22019362449646,122.12736225128174,121.96890163421631,120.52898120880127,120.52470684051514,121.38254594802856,121.02394938468933
qp time,0,78.29232001304626,79.58633494377136,80.30768203735352,80.35759711265564,80.10563635826111,79.98989772796631,79.4020082950592,78.72408175468445,76.77161240577698,76.90419149398804,75.84967803955078,74.53472185134888,74.46454095840454,74.61806273460388,74.4607481956482,74.53640842437744,74.1673595905304,76.60667014122009,77.51342368125916,76.64257454872131,74.90449452400208,75.12583994865417,75.77508854866028,75.47753834724426
backward time,0,62.85654854774475,63.62041211128235,64.20014214515686,64.28264451026917,63.753947019577026,63.67928385734558,62.62022662162781,62.03081965446472,61.3201789855957,61.13568115234375,60.40379810333252,59.570005893707275,59.60096883773804,61.043811082839966,60.29915904998779,60.143927335739136,59.956637144088745,61.06776547431946,61.5680718421936,61.16345715522766,60.15532875061035,60.69986820220947,61.03476595878601,60.89450526237488
