Epoch, 3
Random seed, 10, forward time, 272.8688933849335, inference time, 2073.5897958278656, qp time, 1538.5462183952332, backward_time, 670.7354457378387
forward time,0,91.53504705429077,90.8734221458435,90.4604241847992
inference time,0,458.3199932575226,688.895628452301,926.374174118042
qp time,0,523.9623913764954,513.1298959255219,501.45393109321594
backward time,0,236.77917861938477,223.3363335132599,210.6199336051941
