Epoch, 33
Random seed, 30, forward time, 3791.8279144763947, inference time, 633.2090520858765, qp time, 0, backward_time, 6041.949611663818
forward time,0,115.71946406364441,115.96972846984863,115.88427257537842,115.68567061424255,115.74355268478394,115.86628866195679,115.51345562934875,114.8008120059967,115.0859911441803,114.69825530052185,114.73525476455688,114.54092216491699,113.94810676574707,114.33353090286255,115.17761898040771,114.77753686904907,115.21319603919983,115.79095196723938,115.130624294281,114.6340103149414,115.26871991157532,115.3544590473175,114.24856925010681,113.95060610771179,114.0497829914093,114.33402109146118,114.17131519317627,114.47182750701904,114.56233787536621,114.36195135116577,114.2202615737915,114.89756393432617,114.68725442886353
inference time,0,0,0,0,0,0,0,0,0,0,0,0,0,0,0,0,0,0,0,0,0,0,0,0,0,0,0,0,0,0,0,0,0,633.2090520858765
qp time,0,0,0,0,0,0,0,0,0,0,0,0,0,0,0,0,0,0,0,0,0,0,0,0,0,0,0,0,0,0,0,0,0,0
backward time,0,178.85077571868896,178.82128262519836,178.81428384780884,178.826651096344,179.52328848838806,181.20693135261536,180.632794380188,180.23178386688232,180.7334909439087,181.29177355766296,181.8158667087555,182.06996655464172,181.32752418518066,183.00562357902527,183.8503234386444,183.6023268699646,184.9102964401245,185.96567583084106,184.80786180496216,185.1357192993164,185.34685063362122,186.70764660835266,184.34247827529907,184.23436379432678,184.3720097541809,184.96455693244934,184.28376722335815,184.62526941299438,185.16268253326416,184.78324794769287,184.80368614196777,185.79549741744995,187.10331439971924
