Epoch, 13
Random seed, 1, forward time, 347.9825222492218, inference time, 4009.6093628406525, qp time, 482.98182559013367, backward_time, 853.4788644313812
forward time,0,26.202459573745728,26.493195056915283,26.464269638061523,26.831711530685425,26.46813726425171,26.76346516609192,26.73112201690674,26.725688219070435,26.68165135383606,27.031651973724365,27.030391693115234,27.242047548294067,27.316731214523315
inference time,0,271.2177245616913,275.261034488678,238.31470847129822,284.31605315208435,303.0082311630249,346.95250177383423,364.3883903026581,352.3019549846649,352.8048846721649,304.4878704547882,351.5691180229187,275.5106825828552,289.47620820999146
qp time,0,37.05622935295105,36.970932722091675,36.697545528411865,35.73399376869202,35.601739168167114,37.054471015930176,35.74364686012268,36.12920594215393,36.07012104988098,36.580941677093506,37.92471361160278,40.76449942588806,40.65378546714783
backward time,0,65.55280709266663,65.60186815261841,65.15123534202576,66.4878442287445,63.9996235370636,65.58810877799988,64.1458511352539,64.0537805557251,64.61547303199768,66.05306458473206,66.25716161727905,68.64655900001526,67.3254873752594
