Epoch, 12
Random seed, 1, forward time, 775.2392580509186, inference time, 3351.2880001068115, qp time, 4386.681329965591, backward_time, 1857.2064061164856
forward time,0,64.24845910072327,64.87222599983215,64.94864058494568,66.0383882522583,64.7993278503418,64.8913197517395,65.00575113296509,64.84300899505615,64.05980396270752,64.14414858818054,64.78799033164978,62.6001935005188
inference time,0,231.90335655212402,177.50150418281555,178.46869730949402,325.2542893886566,328.05543780326843,294.24421286582947,263.67927980422974,316.65128540992737,281.5693573951721,318.2177164554596,333.9486482143402,301.7942147254944
qp time,0,364.4832453727722,363.64556431770325,366.11265754699707,378.9844024181366,365.4816882610321,367.68503284454346,371.8598053455353,370.11067247390747,363.77656507492065,361.5828297138214,367.62945532798767,345.32941126823425
backward time,0,160.06042385101318,154.0673041343689,154.8070683479309,162.41551566123962,156.39449191093445,157.26319193840027,157.1902461051941,155.93469905853271,152.16180539131165,150.74640679359436,151.5409049987793,144.62434792518616
