Epoch, 10
Random seed, 14, forward time, 285.3897566795349, inference time, 3814.554075241089, qp time, 424.9569709300995, backward_time, 705.2666716575623
forward time,0,28.571582555770874,28.73589253425598,28.15351366996765,27.742289781570435,28.33743953704834,28.46508240699768,29.07285761833191,29.32089638710022,28.937812089920044,28.052390098571777
inference time,0,235.6374454498291,419.652467250824,457.8842430114746,423.2129867076874,346.1161673069,417.9751658439636,340.61865520477295,392.82698011398315,362.54220747947693,418.0877568721771
qp time,0,43.71536922454834,46.610047340393066,46.24171018600464,41.50100302696228,39.63185381889343,41.57359051704407,45.602137088775635,40.51657819747925,39.85316848754883,39.71151304244995
backward time,0,72.80877757072449,74.63536310195923,71.82191753387451,68.02204203605652,67.25769877433777,69.88543248176575,74.02043914794922,70.55574917793274,68.56908988952637,67.69016194343567
