Epoch, 9
Random seed, 7, forward time, 365.09834480285645, inference time, 3986.1658294200897, qp time, 1194.5460648536682, backward_time, 794.586930513382
forward time,0,40.72903633117676,40.84772729873657,40.58971309661865,40.45051908493042,40.42259693145752,40.49807047843933,40.514845848083496,40.542826890945435,40.50300884246826
inference time,0,373.54479455947876,463.1054108142853,423.1785442829132,440.4255301952362,484.19383215904236,459.1125946044922,445.7520546913147,453.66577339172363,443.1872947216034
qp time,0,140.59656810760498,134.3744490146637,131.39918661117554,131.15167927742004,130.89266872406006,130.69837641716003,131.26453351974487,131.92234873771667,132.24625444412231
backward time,0,91.57802891731262,89.03186321258545,87.7717056274414,87.76008558273315,86.79475259780884,87.13438129425049,87.99125719070435,87.94581341743469,88.57904267311096
