Epoch, 4
Random seed, 2, forward time, 110.4762806892395, inference time, 206.48983764648438, qp time, 0, backward_time, 159.58853554725647
forward time,0,0,27.793327569961548,27.67616319656372,27.565865993499756,27.440923929214478
inference time,0,0,0,0,0,206.48983764648438
qp time,0,0,0,0,0,0
backward time,0,0,40.06899356842041,39.830726146698,39.72773838043213,39.96107745170593
