Epoch, 6
Random seed, 0, forward time, 1.3984007835388184, inference time, 12.372075319290161, qp time, 0, backward_time, 9.4433434009552
forward time,0,0,0,0,0,0,0,1.3984007835388184
inference time,0,0,0,0,0,0,0,12.372075319290161
qp time,0,0,0,0,0,0,0,0
backward time,0,0,1.6223974227905273,1.5365967750549316,1.5595595836639404,1.5237669944763184,1.5601630210876465,1.640859603881836
