Epoch, 10
Random seed, 0, forward time, 18.286026000976562, inference time, 226.03072094917297, qp time, 0, backward_time, 32.80413794517517
forward time,0,0,1.8516321182250977,1.8777546882629395,1.781156301498413,1.790616512298584,1.7831683158874512,1.866609811782837,1.8707489967346191,1.880802869796753,1.801302433013916,1.7822339534759521
inference time,0,0,22.14056897163391,22.54634928703308,21.495944261550903,21.637346744537354,21.800007820129395,23.499633312225342,23.84746551513672,24.259968757629395,22.40777277946472,22.395663499832153
qp time,0,0,0,0,0,0,0,0,0,0,0,0
backward time,0,0,3.380366086959839,3.3550944328308105,3.214838981628418,3.2223103046417236,3.216581106185913,3.3483541011810303,3.3315093517303467,3.3479015827178955,3.203641891479492,3.183540105819702
