Epoch, 19
Random seed, 0, forward time, 37.70456147193909, inference time, 420.6143853664398, qp time, 0, backward_time, 89.38279700279236
forward time,0,0,2.014784336090088,1.99161958694458,1.9664361476898193,1.9837377071380615,1.9950628280639648,2.017723560333252,1.9761359691619873,1.992541790008545,1.9870383739471436,2.0322837829589844,2.0116524696350098,1.9679324626922607,1.9568617343902588,1.947770595550537,1.962181806564331,1.9929237365722656,1.9770896434783936,1.979567050933838,1.9512178897857666
inference time,0,0,21.56176209449768,21.506048917770386,21.650559902191162,21.707463264465332,21.950624465942383,21.94530725479126,22.07174062728882,22.04117703437805,22.17249035835266,22.186143159866333,22.239791870117188,22.304036140441895,22.364585638046265,22.421588897705078,22.467093467712402,22.501564502716064,22.46247100830078,22.555025339126587,22.504911422729492
qp time,0,0,0,0,0,0,0,0,0,0,0,0,0,0,0,0,0,0,0,0,0
backward time,0,0,3.8003392219543457,3.9206058979034424,4.556187868118286,4.5959792137146,4.436342477798462,4.3991475105285645,4.839461088180542,4.810835838317871,4.869582414627075,4.267439842224121,4.847323656082153,4.725590229034424,4.704039573669434,4.8913750648498535,5.033398151397705,4.893010139465332,5.0275719165802,5.494249105453491,5.270317792892456
