Epoch, 8
Random seed, 0, forward time, 11.310847282409668, inference time, 173.8265941143036, qp time, 0, backward_time, 174.03868293762207
forward time,0,0,0,0,0,0,0,0,0,11.310847282409668
inference time,0,0,0,0,0,0,0,0,0,173.8265941143036
qp time,0,0,0,0,0,0,0,0,0,0
backward time,0,0,21.673622846603394,21.696836948394775,21.629244804382324,21.847244024276733,21.51574468612671,20.806705951690674,21.411126613616943,23.458157062530518
