Epoch, 19
Random seed, 0, forward time, 56.3354856967926, inference time, 760.2085528373718, qp time, 0, backward_time, 119.49325037002563
forward time,0,0,2.936802864074707,2.906867504119873,2.913633346557617,2.888810157775879,2.9114866256713867,2.8847298622131348,3.0344016551971436,3.1157402992248535,3.1216771602630615,3.2826576232910156,3.3174920082092285,3.2003226280212402,2.851417303085327,2.846179485321045,2.8570966720581055,2.8551580905914307,2.8094429969787598,2.7848660945892334,2.8167033195495605
inference time,0,0,38.81137037277222,38.59075212478638,38.602689266204834,38.583272218704224,38.98968863487244,39.19370484352112,40.545424938201904,43.05748200416565,43.025960206985474,45.136794090270996,44.788970708847046,43.32824969291687,38.410388708114624,38.55175185203552,38.59910845756531,38.55668592453003,37.98535227775574,37.760488748550415,37.690417766571045
qp time,0,0,0,0,0,0,0,0,0,0,0,0,0,0,0,0,0,0,0,0,0
backward time,0,0,6.310824155807495,6.349145412445068,6.368625164031982,6.331754684448242,6.356109619140625,6.3465588092803955,6.296835422515869,6.32942008972168,6.326950550079346,6.331636428833008,6.334735870361328,6.373114109039307,6.215357303619385,6.223538398742676,6.261341333389282,6.213365077972412,6.176812171936035,6.174265146255493,6.172860622406006
