Epoch, 15
training loss,0.0,0.290190537912505,0.2889827684845243,0.2867846471922738,0.28884705654212406,0.28695476336138587,0.28270259703908646,0.2849927112885884,0.2901357470239912,0.2902685864482607,0.2897113257646561,0.28966555084500994,0.28957277383123126,0.2903879463672638,0.2896853710923876,0.2894851154940469,0.2849538382462093
training obj,35.41789712088449,5.126106037412371,32.75426504952567,34.09706768035889,34.25371293749128,34.323380819048204,34.420869107927594,34.283208999633786,34.31979929242815,34.441690014430456,34.35463814326695,34.32166253226144,34.33357241494315,34.29340624128069,34.313651435034615,34.16092403684343,34.3516136278425
validating loss,0.0,0.2902055168151855,0.2883510100841522,0.2869680905342102,0.2883578282594681,0.2792407661676407,0.28299356818199156,0.28719056487083433,0.29074542462825775,0.2897020447254181,0.2887036818265915,0.28977677047252653,0.29043735325336456,0.2905074954032898,0.2893864458799362,0.2894992816448212,0.276703462600708
validating obj,35.33799964904785,5.097957515716553,34.34784534454346,34.44913455963135,34.485833969116214,34.38843635559082,34.49492744445801,34.53976402282715,34.550106887817385,34.527699089050294,34.45708209991455,34.441227951049804,34.53727424621582,34.54814064025879,34.42831409454346,34.49806491851807,34.42648750305176
testing loss,0.0,0.29017064417942917,0.2883965039607322,0.2870279680384268,0.2884071150628647,0.27930845836601637,0.2830756616474378,0.28724281032486715,0.2907862701628468,0.2897348353768339,0.2887316667797542,0.289802095087448,0.29045604213629617,0.2905159105758856,0.28944098329780127,0.2895411223468214,0.2767870145859105
testing obj,35.45009616814038,5.162480425126482,34.40428950999043,34.531396374844086,34.56736439997607,34.45942555795802,34.573540810311194,34.6221291948073,34.63361590923649,34.59859642179886,34.53835800850745,34.517627073986695,34.62192811116134,34.63099083097855,34.50585542811025,34.58961955155476,34.49559589423755
