Epoch, 14
training loss,0.0,0.2807831666971508,0.2802740809164549,0.2729091227054596,0.26930272296855323,0.26815440780238103,0.2641370487840552,0.2581024207566914,0.25946891872506395,0.25849783546046207,0.2648621063483389,0.25726054499023837,0.25939797727685227,0.2588186568335483,0.25487569445057917,0.2561875271169763
training obj,32.760787783171004,8.544081286380166,28.25334509799355,30.07003657692357,30.30015798869886,29.61557846069336,29.847887460809005,30.25681320993524,30.480458028692947,30.229987174586245,30.05704610724198,30.699511437667045,30.532742570575916,30.331908135665092,30.39146409285696,30.167727681210167
validating loss,0.0,0.28075029299809384,0.27818802228340733,0.27364910336641163,0.26860469350448024,0.2657689383396736,0.26167351695207447,0.25694499107507557,0.26144914902173555,0.2604944591338818,0.2587324610123268,0.259755932367765,0.2578924229511848,0.25756887059945327,0.25547277010404146,0.2550435937367953
validating obj,32.03053151644193,8.36437779206496,28.824915225689228,30.64577425443209,30.06192133976863,29.810992901141827,27.63122294499324,30.771315794724686,30.55663725046011,29.972051033606895,30.898525971632736,30.80446566068209,30.5717590038593,30.36467038668119,30.674627744234524,30.187173990102913
testing loss,0.0,0.2800916742001261,0.27718200108834673,0.27351612065519604,0.2685440629720688,0.2657557172434671,0.261990596141134,0.25692682926143917,0.26127842920167105,0.26013374222176416,0.2585638804095132,0.2595586744802339,0.25781056391341345,0.25684771899666103,0.2550476033772741,0.25485934210675104
testing obj,32.73554406847273,8.586006845746722,29.49523060662406,31.41263907296317,30.60932786124093,30.303617341177805,28.491517543792725,31.51536008289882,31.188304901123047,30.934239591870988,31.57842527117048,31.541967051369802,31.36510147367205,31.101843288966588,31.36710057939802,30.91824974332537
