Epoch, 31
training loss,0.28874246055080044,0.24267654601604707,0.22522521259323244,0.2206459639053191,0.21488203685129842,0.21108165335270665,0.21064262236318282,0.21011178531954366,0.20957828265043996,0.2093349707222754,0.20920769653974042,0.20904145678204875,0.20894417214778163,0.20882432979922141,0.20876183312746785,0.2086404915298185,0.20848446219198166,0.20841615070258418,0.20819434908128553,0.20807586754522017,0.207903828832411,0.20757057253391512,0.207300957412489,0.20716954599465093,0.2070825417195597,0.20701367600310233,0.20695722559767385,0.20689786225557327,0.20684907176802236,0.20679569941374562,0.20675173497969104,0.20671111681768972
training obj,5.513856127257308,0.0,0.0,0.0,0.0,0.0,0.0,0.0,0.0,0.0,0.0,0.0,0.0,0.0,0.0,0.0,0.0,0.0,0.0,0.0,0.0,0.0,0.0,0.0,0.0,0.0,0.0,0.0,0.0,0.0,0.0,38.06459279214182
validating loss,0.28921666741371155,0.22790335284339058,0.2232201314634747,0.2185131460428238,0.21103184752994114,0.21062142815854815,0.210368812084198,0.20994152790970272,0.20984026789665222,0.20959846840964425,0.2099286119143168,0.20977156692081028,0.20967109832498762,0.20977107518249088,0.20980067551136017,0.2099931107627021,0.20969729787773556,0.20968196292718252,0.2100574473539988,0.20981196893586052,0.2098577982849545,0.20971912311183083,0.20993400282329983,0.20983056889639962,0.2097944352361891,0.20981497897042167,0.2099218484428194,0.20998666683832803,0.20995422701040903,0.2102068844768736,0.20990279813607535,0.20998231901062858
validating obj,0.0,0.0,0.0,0.0,0.0,0.0,0.0,0.0,0.0,0.0,0.0,0.0,0.0,0.0,0.0,0.0,0.0,0.0,0.0,0.0,0.0,0.0,0.0,0.0,0.0,0.0,0.0,0.0,0.0,0.0,0.0,37.73491668701172
testing loss,0.2886213691611039,0.22774122184828707,0.2229995037380018,0.2186162714895449,0.21124125389676346,0.21079098315615402,0.21058382642896553,0.21027690878039912,0.21019217371940613,0.2100997457378789,0.2101345995539113,0.21010780648181313,0.2101331729637949,0.21008345014170596,0.21020707331205668,0.2103254269612463,0.21010062333784604,0.2102073493756746,0.21054575004075704,0.21017534873987498,0.2102145591848775,0.2100591016443152,0.21027140397774546,0.21013508658660085,0.21002601322374845,0.21010974755412654,0.21011876667800702,0.210190496946636,0.210134147029174,0.21049658562007703,0.2100508009132586,0.21013496973012624
testing obj,0.0,0.0,0.0,0.0,0.0,0.0,0.0,0.0,0.0,0.0,0.0,0.0,0.0,0.0,0.0,0.0,0.0,0.0,0.0,0.0,0.0,0.0,0.0,0.0,0.0,0.0,0.0,0.0,0.0,0.0,0.0,37.12404291253341
