Epoch, 4
training loss,0.0,0.29405388506976043,0.21984686841180315,0.20464355385664737,0.20369784327554497,0.2036413150432306
training obj,38.295093685001525,3.271967779675668,0.0,0.0,0.0,37.563583869438666
validating loss,0.0,0.2941253727132624,0.21012984893538736,0.20340645358417975,0.20334075436447607,0.2033249478448521
validating obj,38.799063711455375,0.0,0.0,0.0,0.0,37.94213266083688
testing loss,0.0,0.29396671590520373,0.2106091789345243,0.20384311876190242,0.2037523831449338,0.2037264006351357
testing obj,38.6643069253039,0.0,0.0,0.0,0.0,37.77209313236066
