Epoch, 16
training loss,0.27965510333025895,0.2753649762383214,0.2822953595055474,0.28329522411028546,0.2868801432627219,0.2885325440654048,0.2912662051342152,0.29505328668488395,0.29556778845963655,0.2950767830566124,0.2948208815521664,0.2932219593613236,0.2924073470963372,0.2934724346355156,0.2929473949803246,0.2893254646548518,0.28991145337069474
training obj,25.98214135346589,32.82454497725875,35.0134198224103,35.07010240908022,33.97880714911002,34.99442333645291,35.09173555727358,35.10911390516493,35.321492230450666,35.47289586950232,35.35959159003364,35.27342337149161,35.165548960367836,34.794791256939924,34.65405019124349,34.7167924951624,34.78647387469256
validating loss,0.27984343965848285,0.28728707631429035,0.2839851379394531,0.2864287992318471,0.2892523805300395,0.2894328733285268,0.29271548986434937,0.29433457056681317,0.29445170362790424,0.29382315278053284,0.29362110296885174,0.2907603085041046,0.29244813323020935,0.2920205493768056,0.2922513385613759,0.2891264359156291,0.2901756763458252
validating obj,26.46149444580078,35.42536226908366,35.59055391947428,35.34171803792318,35.612744649251304,34.851287841796875,34.15524037679037,35.504673639933266,35.67133458455404,35.54359817504883,35.69421132405599,35.467536290486656,35.28227551778158,33.60832532246908,33.08746655782064,32.428524017333984,35.22922960917155
testing loss,0.2800989117887285,0.2882835368315379,0.2841480639245775,0.2870390084054735,0.290000061194102,0.2912743588288625,0.29467535350057816,0.29697537422180176,0.29670314325226677,0.29620493451754254,0.29600070582495797,0.2933177649974823,0.29468290673361885,0.2941511968771617,0.2944323718547821,0.2901253898938497,0.2922762433687846
testing obj,26.560660892062717,35.752030266655815,35.96272235446506,35.90964804755317,35.91714604695638,35.545525021023224,35.101964738633896,36.112388610839844,36.097623613145615,35.998260498046875,36.12479570176866,35.874387953016495,35.64020284016927,34.44335598415799,32.96362728542752,33.38816663953993,35.61623213026259
