Epoch, 4
training loss,0.0,0.2867912232875824,0.27508124709129333,0.2580474853515625,0.24871296286582947,0.24199096858501434
training obj,34.06052093505859,2.2464688777923585,0.0,0.0,0.0,25.781962203979493
validating loss,nan,nan,nan,nan,nan,nan
validating obj,nan,nan,nan,nan,nan,nan
testing loss,0.0,0.28864041964213055,0.26742053031921387,0.25540968775749207,0.2508533348639806,0.24444290498892465
testing obj,35.41313934326172,0.0,0.0,0.0,0.0,24.244163513183594
