Epoch, 4
training loss,0.0,0.28804936876861,0.22720281026696645,0.22247029549866168,0.22225624007777073,0.22221023220849292
training obj,46.19429628652484,0.5704380093727287,0.0,0.0,0.0,41.93604074840477
validating loss,0.0,0.28807608311689353,0.22293495773514616,0.2224109849975079,0.22238884149472923,0.22242410443251645
validating obj,45.90098528318767,0.0,0.0,0.0,0.0,42.69326912602292
testing loss,0.0,0.2881301458207717,0.22292900437153645,0.22241358662614172,0.22237043397396988,0.22239951234056343
testing obj,46.12433131437124,0.0,0.0,0.0,0.0,42.4966095397191
