Epoch, 28
training loss,0.2828360672732045,0.2303975571068307,0.22084500108446395,0.22043081879018242,0.22036617344483397,0.2203467051710999,0.2203284348162792,0.220305270494375,0.2202930631568856,0.22029777685353033,0.2202930745101513,0.22024110784954892,0.2200735889954077,0.2200064259140115,0.21996290824915232,0.2196110203152611,0.21899325757247762,0.21894621722082744,0.21892656524079784,0.2189015883550907,0.21889667877726687,0.21888103610590884,0.21888050817905513,0.21888000803782529,0.21888512626925208,0.21888409532550582,0.21888073894164914,0.21887527507050594,0.21887284696550297
training obj,0.09774436158204768,0.0,0.0,0.0,0.0,0.0,0.0,0.0,0.0,0.0,0.0,0.0,0.0,0.0,0.0,0.0,0.0,0.0,0.0,0.0,0.0,0.0,0.0,0.0,0.0,0.0,0.0,0.0,38.389472182233234
validating loss,0.2828304615982792,0.2219643736617607,0.22062168074281593,0.22059971799975947,0.22055597472609134,0.2205230394999186,0.22046837341367154,0.22042530879639743,0.22044983244778818,0.2204352831631376,0.2204584361691224,0.22035804678473556,0.22015235847548434,0.22013138260757714,0.22004188963195734,0.21914372527808473,0.21912829159644612,0.21907062514832146,0.21905275290472465,0.2190745556563662,0.219055988025247,0.2190436245056621,0.21908229903170937,0.21905607900075746,0.21904853639895455,0.21906017002306485,0.2190492524389635,0.21904650618109786,0.219063646437829
validating obj,0.0,0.0,0.0,0.0,0.0,0.0,0.0,0.0,0.0,0.0,0.0,0.0,0.0,0.0,0.0,0.0,0.0,0.0,0.0,0.0,0.0,0.0,0.0,0.0,0.0,0.0,0.0,0.0,38.21929677327474
testing loss,0.2827839439329894,0.22192208585531814,0.22040129822233448,0.22044300268525663,0.2203931722951972,0.2203597806070162,0.22027407949385436,0.22023588354172913,0.2202800700198049,0.2202439168225164,0.22022173819334612,0.22015443651572517,0.21999638249044834,0.21996751712716145,0.21987911099972932,0.21898899324562238,0.21894105115662452,0.21888775009176006,0.2188779405925585,0.21888833084832068,0.2188791968252348,0.21885467612225076,0.21886363573696302,0.2188796005819155,0.2188656104647595,0.21887440176113793,0.21885857491389565,0.21884286053802657,0.2188493145548779
testing obj,0.0,0.0,0.0,0.0,0.0,0.0,0.0,0.0,0.0,0.0,0.0,0.0,0.0,0.0,0.0,0.0,0.0,0.0,0.0,0.0,0.0,0.0,0.0,0.0,0.0,0.0,0.0,0.0,38.4695637744406
