Epoch, 4
training loss,0.0,0.29239207215537966,0.23034851543674528,0.22385371178849933,0.22376543428783446,0.22375514210654487
training obj,49.24485182393077,0.466081392763568,0.0,0.0,0.0,41.93336674008207
validating loss,0.0,0.2923917086875957,0.22414573395381804,0.22375424951314926,0.22376911860445273,0.223780934739372
validating obj,49.24543612936269,0.0,0.0,0.0,0.0,42.31411709992782
testing loss,0.0,0.29241987692343224,0.22422491392573796,0.2239359423920915,0.2239294773018038,0.22394549629172764
testing obj,49.03718319454708,0.0,0.0,0.0,0.0,41.99941193864152
