Epoch, 4
training loss,0.0,0.29469321871345694,0.24183443442664362,0.22227526185187427,0.2202100609852509,0.21893641284920953
training obj,35.845554546876386,0.3413020267416353,0.0,0.0,0.0,34.89463049715216
validating loss,0.0,0.29490980009237927,0.22541344165802002,0.22117946917812029,0.22161939491828284,0.21941677977641424
validating obj,35.25117556254069,0.0,0.0,0.0,0.0,33.49273029963175
testing loss,0.0,0.29492962581140025,0.22528171097790753,0.22110707119659143,0.22148663026315193,0.21910815713582216
testing obj,35.969021267361114,0.0,0.0,0.0,0.0,34.57079209221734
