Epoch, 4
training loss,0.0,0.2869705855846405,0.2760368411739667,0.26027296980222064,0.24810664852460226,0.23788283641139665
training obj,37.14629395802816,16.884576161702473,0.0,0.0,0.0,21.117385784784954
validating loss,0.0,0.2886851131916046,0.27137237787246704,0.2570541799068451,0.24437929689884186,0.23535113036632538
validating obj,36.68830871582031,0.0,0.0,0.0,0.0,15.05416202545166
testing loss,0.0,0.2867362380027771,0.27046009302139284,0.25609166622161866,0.24302895367145538,0.234172460436821
testing obj,35.46411666870117,0.0,0.0,0.0,0.0,23.069879913330077
