Epoch, 4
training loss,0.0,0.2923232863469988,0.21829430330036295,0.20748138568241603,0.20743095260991648,0.2073926345142478
training obj,42.26150595993913,0.45933782773456616,0.0,0.0,0.0,41.9100819817252
validating loss,0.0,0.29223506283341794,0.20807014065876342,0.2076983125063411,0.20775404598629266,0.2077575077613195
validating obj,42.11503821925113,0.0,0.0,0.0,0.0,41.798799548232765
testing loss,0.0,0.29229828868156826,0.20755525697500277,0.20723136775514,0.20729731265296283,0.20728906989097595
testing obj,42.407582046639206,0.0,0.0,0.0,0.0,42.07347302559094
