Epoch, 4
training loss,0.0,0.3155418507209638,0.21188087216237697,0.19106242778461155,0.1908692794783813,0.19078266956820722
training obj,38.52397176696033,4.266468196642155,0.0,0.0,0.0,38.03755699715963
validating loss,0.0,0.31515978211941925,0.19194717316523843,0.19135486885257388,0.19131036880223648,0.19124211435732635
validating obj,37.914766726286516,0.0,0.0,0.0,0.0,37.70906846419625
testing loss,0.0,0.31586489888528985,0.191429293093582,0.19085146362582842,0.19080189553399882,0.19073295562217632
testing obj,38.63136593500773,0.0,0.0,0.0,0.0,38.482448975245156
