Epoch, 13
training loss,0.2776002609803353,0.20548092540767457,0.20132163770404862,0.20131915907065073,0.20131263320828663,0.20130186402871286,0.20129590584540072,0.20129252146055668,0.2012902918421192,0.20128838366564408,0.20128376288914387,0.20128173011320608,0.2012752060904915,0.20126984525977828
training obj,0.24464562087531655,0.0,0.0,0.0,0.0,0.0,0.0,0.0,0.0,0.0,0.0,0.0,0.0,42.08981133920175
validating loss,0.27765029668807983,0.20134933733421823,0.20134359662947449,0.20132768827935923,0.20132443619811016,0.20131283065547115,0.20131460778091265,0.20131164465261542,0.20131313062232473,0.20130431237428084,0.20130905223929363,0.2012982595226039,0.20129660432753355,0.20129475451034048
validating obj,0.0,0.0,0.0,0.0,0.0,0.0,0.0,0.0,0.0,0.0,0.0,0.0,0.0,42.15136841483738
testing loss,0.2775938467406408,0.201309811403823,0.20130230959648737,0.20128832130728874,0.20128384008683872,0.2012736277390959,0.20127798981420983,0.2012715040358351,0.20127522171566925,0.2012645807516933,0.20127093254752426,0.20125954748479083,0.20126110762997246,0.2012547202760058
testing obj,0.0,0.0,0.0,0.0,0.0,0.0,0.0,0.0,0.0,0.0,0.0,0.0,0.0,42.08322343294201
