Epoch, 4
training loss,0.0,0.2931265285554922,0.23496135047771646,0.22573224328598887,0.22495783331259242,0.22445875603073048
training obj,39.00514777801322,4.02373369366118,0.0,0.0,0.0,32.80653095845157
validating loss,0.0,0.29306328161196277,0.22593296522443945,0.22517826475880362,0.2246605090119622,0.22352807901122354
validating obj,39.259177294644445,0.0,0.0,0.0,0.0,32.84896269711581
testing loss,0.0,0.29291841831613097,0.22628518907313652,0.2253413885197741,0.22478090955855998,0.22379860472171864
testing obj,39.13761861273583,0.0,0.0,0.0,0.0,32.40753096722542
