Epoch, 13
training loss,0.02236152320268697,0.7409248300961085,0.7449974857909338,0.7478099038771221,0.7566920631272452,0.774998168349266,0.7965953138896397,0.8034100283043725,0.8114752071244377,0.8273758944443294,0.849106490101133,0.8815250752653394,0.9160424544981548,0.970836387361799,1.0204200541973114
training obj,3.28520884765046,0.5672129537511085,0.562405969579168,0.5738019341003833,0.5621464401477319,0.5603099370854258,0.5691526658390553,0.5920820711537821,0.5924623923367834,0.5934758035984686,0.5956302058897133,0.5978759283075292,0.6009294389012287,0.6037820077286146,0.6033031394727167
testing loss,0.022356464718468486,0.7409676313400269,0.7784540250897407,0.779776049554348,0.7914430758357048,0.8161218899488449,0.8305817672610283,0.8370831090211869,0.8463929295539856,0.8699484288692474,0.8969285222887993,0.9267315354943275,0.9743617713451386,1.0247704631090164,1.0731672057509423
testing obj,3.2625339986383914,0.5525928950472735,0.5490109983179718,0.5436980278487318,0.540737954096985,0.5412967254949035,0.5426490879602351,0.5245556497195503,0.5295672087415005,0.5470608493272447,0.535958834150806,0.5332907632063143,0.5546932964166627,0.5366775171185145,0.5305355405504816
