Epoch, 14
training loss,0.02492442736069539,0.785232219185148,0.7906094757999693,0.8170988720655441,0.8388145566838128,0.8820529710394995,0.9381235572269985,0.9835145533084869,1.0157647771494729,1.0758210648809161,1.1379684357983726,1.2313132085118974,1.3036094183581215,1.3799815430811473,1.4694818789618356,1.4852946012360708
training obj,2.4293579377446854,0.511311406094901,0.5051586664944179,0.5242336506855817,0.534037814231159,0.5335794860671199,0.5336374740474309,0.529053764961043,0.531873108565777,0.5347914120244398,0.5366472262645289,0.5380567806867927,0.537732708356691,0.5457100789735199,0.5414723352090322,0.51129405662339
testing loss,0.024443277213722466,0.7852293762564659,0.8150933051109314,0.8366711112856865,0.875873036980629,0.9236471593379975,0.9698097693920136,1.014269722700119,1.0504690220952033,1.1216095715761185,1.197476737499237,1.284405038356781,1.3609316796064377,1.4349760395288467,1.4983757883310318,1.4989347380399705
testing obj,2.25665166169405,0.4498931423400063,0.40029546034522356,0.379401094612258,0.3786551947100088,0.38936696243472396,0.4010204394048742,0.41124380451074105,0.40090093716269165,0.3704504023800837,0.3841431928938255,0.36620354329701515,0.37681331794243306,0.3711756596248597,0.37542984246392735,0.35812698112806174
