Epoch, 6
training loss,0.0,0.20723144646201816,0.20371136346033641,0.19454522516046252,0.1943047299981117,0.1974873089364597,0.20427159539290837,0.20434647394078118
training obj,86.2166363307408,4.678732619966779,43.38795734133039,81.368518611363,83.38082929338728,82.65606820242745,82.5583491734096,82.58547810145787
validating loss,0.0,0.20727769881486893,0.20912736654281616,0.20971297174692155,0.2084688887000084,0.21823507696390151,0.21896845549345018,0.21896594762802124
validating obj,88.1599136352539,4.700110673904419,54.69990501403809,79.91207580566406,47.92853317260742,38.52033615112305,41.71411666870117,41.55911483764648
testing loss,0.0,0.20722933039069175,0.20910514667630195,0.2096961811184883,0.20844484493136406,0.21822687089443207,0.2189596489071846,0.21895713731646538
testing obj,86.41777648925782,4.659995973110199,54.68063468933106,78.31539840698242,45.33329677581787,36.486656475067136,39.69628620147705,39.541377258300784
