Epoch, 5
training loss,0.0,0.29287569999694824,0.2913148868083954,0.2892998731136322,0.28860974311828613,0.289350129365921,0.29009811878204345
training obj,135.6283203125,54.9958349609375,54.97783111572266,54.99322357177734,54.99153076171875,54.98898895263672,54.98638687133789
validating loss,0.0,0.2945416569709778,0.2924264371395111,0.29841376344362897,0.30426618456840515,0.3044338822364807,0.3047693868478139
validating obj,127.73333231608073,45.41156895955404,45.50274785359701,29.8948974609375,26.19529151916504,25.842676798502605,27.46933364868164
testing loss,0.0,0.29491204354498124,0.29279693298869663,0.2988323900434706,0.30466996961169773,0.30481382211049396,0.30515271094110274
testing obj,129.17687310112848,49.64542325337728,49.594768312242294,33.40448676215278,26.95155864291721,26.553114785088432,28.48525661892361
