Epoch, 10
training loss,0.0,0.259455606341362,0.2583862529559569,0.2582176774740219,0.2581489329988306,0.2578930908983404,0.2570584240284833,0.2569322626699101,0.257410081950101,0.2579125314950943,0.25832229446281085,0.25725088200785895
training obj,125.00823211669922,50.214524182406336,52.44261967052113,52.53489442305131,52.60787686434659,52.547766425392844,52.39398956298828,52.4832460230047,52.459524848244406,52.39670892195268,52.38744440945712,52.29656254161488
validating loss,0.0,0.26027484734853107,0.2603672643502553,0.2705624500910441,0.28190792600313824,0.274056355158488,0.27341024080912274,0.27589941024780273,0.27511967221895856,0.27535531918207806,0.27584903438886005,0.2741626501083374
validating obj,121.00000254313152,52.48523203531901,54.97540537516276,33.587215423583984,31.933333079020183,39.97425206502279,46.61759948730469,32.79999923706055,55.79999923706055,37.72197151184082,32.79999923706055,40.99350611368815
testing loss,0.0,0.259922274521419,0.2600619537489755,0.27046734520367216,0.28195216400282724,0.2741177465234484,0.2735016814299992,0.2759730986186436,0.27520949499947683,0.27543918575559345,0.27591960770743235,0.27421807817050387
testing obj,125.65714590890067,50.81966618129185,53.54843194144113,30.194040025983536,29.514285496303014,37.17293521336147,44.47649329049246,29.285714830671036,54.57142802647182,34.69682747977121,29.285714830671036,38.29348073686872
