Epoch, 12
training loss,0.0,0.17830169945955276,0.17930941795930266,0.18137221736833453,0.18099146569147706,0.18228623596951365,0.18340000696480274,0.18326240358874202,0.18369977083057165,0.18469140958040953,0.18521338934078813,0.18437799531966448,0.18340119533240795,0.18256630282849073
training obj,137.62665510177612,83.81823873519897,80.0822422504425,74.81568706035614,74.19892978668213,77.46795225143433,80.92852210998535,81.53731751441956,81.57165312767029,81.44700121879578,84.7042965888977,84.73983502388,84.74227476119995,84.73528504371643
validating loss,0.0,0.17846523597836494,0.18130892887711525,0.1846039816737175,0.18445291370153427,0.18679562956094742,0.18725499138236046,0.18666303530335426,0.1898985244333744,0.18837521597743034,0.18945904448628426,0.18811848759651184,0.1872650310397148,0.18660229444503784
validating obj,134.3810577392578,78.58841514587402,68.63104152679443,61.97043037414551,67.51853466033936,64.73478889465332,64.44864082336426,63.00081253051758,79.38415908813477,66.2461519241333,64.33818340301514,64.27384090423584,64.27808952331543,64.29895496368408
testing loss,0.0,0.17841583083976398,0.1812616234475916,0.18458842824805866,0.1843735927885229,0.18671195750886743,0.18723020363937726,0.18656408515843478,0.18995090235363354,0.18827801942825317,0.1894464912739667,0.1881074607372284,0.18725490976463666,0.18659273873675952
testing obj,135.44381713867188,81.68431854248047,70.32781843705611,65.16838663274592,69.47723215276545,67.27474108609286,66.73362905328923,65.5153905695135,78.57649820501155,67.81430851329456,66.07444277676669,66.01030002940784,66.01494112881747,66.03602669455789
