Epoch, 13
training loss,0.0,0.2620742211739222,0.2646630237499873,0.2654318541288376,0.2620037386814753,0.2646200329065323,0.26620748937129973,0.2675243695576986,0.26625763177871703,0.2612402141094208,0.25382996499538424,0.2526443421840668,0.2500916560490926,0.24598763138055801,0.2432493031024933
training obj,134.94206771850585,39.068649991353354,74.92626749674479,122.20378697713217,129.79116439819336,129.1233060201009,132.34110692342122,131.67382049560547,130.4262929280599,131.7056625366211,132.5974042256673,132.82523142496746,132.86133778889973,132.83496856689453,132.8657356262207
validating loss,0.0,0.26223648339509964,0.26658522337675095,0.26283106952905655,0.2655428424477577,0.2674371898174286,0.2651839554309845,0.2694607898592949,0.2664308473467827,0.2588243633508682,0.2529130056500435,0.25186116248369217,0.24741996824741364,0.24549106508493423,0.2429070770740509
validating obj,129.75,37.99309062957764,107.50927925109863,77.96264266967773,116.4908618927002,118.76701736450195,120.3388843536377,121.53812599182129,121.28497886657715,124.95743942260742,125.1464729309082,124.95407485961914,123.24200439453125,125.06681251525879,124.48724365234375
testing loss,0.0,0.26175564229488374,0.2660530745983124,0.26213131546974183,0.26495562493801117,0.26684034764766695,0.2644637882709503,0.2688380628824234,0.26587341725826263,0.2583299815654755,0.2524610131978989,0.25140861719846724,0.2469763785600662,0.24505032002925872,0.24246881902217865
testing obj,133.86501770019532,39.700352096557616,109.12155532836914,80.06562042236328,118.51953430175782,120.57271728515624,121.85734329223632,123.05441513061524,122.62700576782227,126.31730651855469,126.42650833129883,126.21454010009765,124.4543830871582,126.33567810058594,125.78945083618164
