Epoch, 0
training loss,0.0,0.2620742211739222
training obj,134.94206771850585,39.068649991353354
validating loss,0.0,0.26223648339509964
validating obj,129.75,37.99309062957764
testing loss,0.0,0.26175564229488374
testing obj,133.86501770019532,39.700352096557616
