Epoch, 6
training loss,0.0,0.2676528348372533,0.2619175406602713,0.2588649300428537,0.26326329433001006,0.2734560783092792,0.288007167669443,0.29159977115117586
training obj,73.36923335148738,28.999808091383713,64.21615321819598,67.03149832212009,72.28734353872446,72.1700668334961,72.41468341533954,72.65488903339093
validating loss,0.0,0.26715004444122314,0.25581955909729004,0.26363691687583923,0.27186843752861023,0.3040473461151123,0.3115169107913971,0.3088865876197815
validating obj,70.30000305175781,27.909570693969727,68.85189056396484,69.14400482177734,69.13136291503906,68.80310821533203,68.79393768310547,68.77593994140625
testing loss,0.0,0.2673494637012482,0.2560470402240753,0.26370242834091184,0.27164648175239564,0.30366411805152893,0.31152446269989015,0.30925092101097107
testing obj,74.78000335693359,29.020947265625,73.22410736083984,73.0926284790039,73.033251953125,73.10002746582032,73.25736083984376,73.29070892333985
