Epoch, 16
training loss,0.0,0.24744762891593078,0.19972544147943458,0.10125530559647207,0.03995327934777985,0.01697429323879381,0.009984214981765641,0.007639031020516995,0.0066564582763627795,0.006164998706177964,0.005888205361164485,0.0057183279665575055,0.005605987234351535,0.005529523111666397,0.005474164885526989,0.005433083621028345,0.005401754560201273,0.005377390902140178
training obj,68.4588553905487,1.8237841178671435,37.148337024924984,49.79717346032461,49.792573849360146,49.995445907115936,59.62288631995519,61.09636074304581,61.094297190507255,61.09283705552419,61.09163415431976,61.10187888145447,61.27601160605749,61.4807834426562,61.69526527325312,61.90774110953013,62.101071536540985,62.266845961411796
validating loss,0.0,0.24747190376122793,0.13414301530078607,0.052557547197297765,0.020189926580146508,0.009772085205272393,0.007296422410204455,0.006465060463934033,0.0061266581458901915,0.005944581892065428,0.005837105231842509,0.005953206456507798,0.005864100823937742,0.005821977103887884,0.005781190331887316,0.005901039181346142,0.0058197589867092945,0.005783491940410049
validating obj,67.85555493390119,1.5747433927500036,49.051324208577476,49.02222230699327,49.02222230699327,49.02222230699327,55.79127304642289,61.15280970820674,61.210284056486906,61.24300610577619,61.335589797408495,61.23288486621998,61.317504741527415,61.30443149142795,61.34935039944119,61.3137936062283,61.33823691474067,61.357841915554474
testing loss,0.0,0.24740563865218843,0.13407980810318673,0.052554656951023,0.020202947514397756,0.009780607602026845,0.007306529458479157,0.006473901357302176,0.006135166730798248,0.0059535624792001075,0.0058520937454886734,0.005951213667036167,0.005865422044215458,0.005824318022600242,0.005785474586965782,0.005897077698526638,0.00582047355627375,0.005786227785782623
testing obj,68.94285024915423,2.032447351436294,49.8107145173209,49.832143034253804,49.832143034253804,49.8321807043893,56.41313294001988,61.698059286390034,61.81984737941197,61.88727699007307,62.08033323287964,61.86983435494559,62.04185192925589,62.021449429648264,62.11531094142369,62.03961774281093,62.10238143375942,62.144696303776335
