Epoch, 19
training loss,0.0,0.29538948621068684,0.29736896625586917,0.2988898728575025,0.2997577390500477,0.30105715564319063,0.30243024953774045,0.3024840235710144,0.30282710790634154,0.3029831635100501,0.3037273658173425,0.30417298802307674,0.3047051293509347,0.3054572122437613,0.3086107424327305,0.3091582247189113,0.30903484352997374,0.3090810158423015,0.30915171802043917,0.3095978958266122,0.3099908036845071
training obj,86.9159192766462,0.7278960718635484,0.8627897388879708,0.9772561856678554,0.7328382576856841,0.7274584936586117,0.7273784483221659,0.7245695353165502,0.7248722694606321,0.7259454480542834,0.7276744371171974,0.7253379416215466,0.7256474219798942,0.7266241783949746,0.7272152363405829,0.7278188220416528,0.7281458923684633,0.7262458704736283,0.7257517224958844,0.7292328224680594,0.72516313563101
validating loss,0.0,0.29508240818977355,0.3044758826494217,0.3093317121267319,0.3055355340242386,0.30927132070064545,0.3093437910079956,0.3095892906188965,0.30993583500385286,0.30997937023639677,0.3108691930770874,0.31128478050231934,0.31193735003471373,0.31250465512275694,0.31610654294490814,0.31577383875846865,0.3157657414674759,0.31585344672203064,0.3159295320510864,0.3166499137878418,0.31670534014701845
validating obj,88.99297485351562,1.7874324949069205,1.6630822338249232,2.0810123026371,2.9774169445037844,1.7122643765062093,1.8113569669425487,1.8123492270708084,1.8133855991065502,1.8137981958687306,1.8161400571465491,1.8178549021482469,1.8198039926588536,1.8215242370963096,1.835425465553999,1.8353443987667561,1.8351847395300864,1.8356338270008563,1.8357669048011303,1.8389386802911758,1.838987173140049
testing loss,0.0,0.29536778181791307,0.3048017755150795,0.3096666634082794,0.3058504298329353,0.3096078231930733,0.30968075841665266,0.3099266469478607,0.3102737382054329,0.3103173553943634,0.3112085685133934,0.3116248220205307,0.31227841079235075,0.3128466010093689,0.3164541691541672,0.31612098067998884,0.3161128804087639,0.3162007242441177,0.31627692431211474,0.31699842810630796,0.3170539394021034
testing obj,86.01369514465333,1.006142564499828,0.9715148084416398,2.1721830487251284,2.7421179711818695,1.1355947449803352,1.273312471807003,1.2746994391083717,1.2761014170944691,1.2766914546489716,1.2799294739961624,1.2822786442935468,1.2849723398685455,1.2873222142457963,1.3065876871347428,1.3065699517726899,1.3063795432448386,1.3069819606840611,1.3071851491928101,1.3115718081593513,1.3116393834352493
