Epoch, 11
training loss,0.0,0.30868040546774866,0.31377876847982406,0.31770642250776293,0.32086470648646354,0.3201322190463543,0.3164340391755104,0.30926793217659,0.3083773232996464,0.3083158478140831,0.30851584374904634,0.3060812339186668,0.3050018087029457
training obj,29.364996576309203,7.592162442207337,17.789461767673494,27.072172498703004,28.162722206115724,28.551342010498047,28.563916873931884,28.60042052268982,28.63762788772583,28.680303955078124,28.690312337875366,28.657311582565306,28.66270217895508
validating loss,0.0,0.3087316811084747,0.32058244943618774,0.33016022443771365,0.33377363681793215,0.33167886137962344,0.3264774680137634,0.3208703279495239,0.3204356491565704,0.32072868943214417,0.32002645134925845,0.3165697276592255,0.31655672788619993
validating obj,27.73999938964844,7.292721939086914,25.595831298828124,22.760516738891603,25.562771606445313,25.27732734680176,19.75346393585205,27.17903823852539,27.176910400390625,27.169849395751953,26.876284408569337,26.93584289550781,26.949913787841798
testing loss,0.0,0.308760954783513,0.32061330859477705,0.33016608311579776,0.3337787894102243,0.3316822533424084,0.3265037742944864,0.3208673917330228,0.3204341164002052,0.32072650698515087,0.32002363525904143,0.3165635604124803,0.3165510044648097
testing obj,27.53846080486591,7.372450791872465,25.493796128493088,22.520297270554764,25.097784189077522,24.789563985971306,19.354869695810173,26.714492797851562,26.748236582829403,26.764649317814754,26.485004131610577,26.531321598933292,26.54630895761343
