Epoch, 19
training loss,0.0,0.3372201438461031,0.33537498052631104,0.33264371348278865,0.3343356639146805,0.3304535122854369,0.32892702988215855,0.33135362884828023,0.33365624653441567,0.33724251304353986,0.33482404862131393,0.3347742883222444,0.335680920950004,0.3362575886504991,0.33430458733013696,0.3372762692826135,0.34059232026338576,0.3389897150652749,0.336278178862163,0.33913027346134184,0.34075038113764355
training obj,2.2621428732361113,0.13189485796860287,0.13279983734731612,0.1582716263097098,0.1366886919109908,0.19677700576696422,0.21991133039694902,0.16090200918173414,0.13271663014755974,0.12496028661173023,0.1395100516945424,0.15272694987172214,0.1475169589122506,0.12142988261648961,0.14545599166091827,0.1273665805430421,0.23115532651432713,0.37795464038144577,0.5115480785275518,0.43375485984662643,0.4433084649164768
validating loss,0.0,0.33716064095497134,0.3207814618945122,0.32300645262002947,0.32168782949447633,0.31891872435808183,0.31970066875219344,0.3211188167333603,0.3253942385315895,0.32735486179590223,0.3233789399266243,0.32443444430828094,0.32681417763233184,0.32524272352457045,0.32466164976358414,0.33097976744174956,0.32937953174114226,0.3269255131483078,0.32617001980543137,0.3312596157193184,0.3321678042411804
validating obj,2.764999958872795,0.16000000089406968,0.2850000083446503,0.2566017603276919,0.24001203125722143,0.20066628828644753,0.23568466829971024,0.26489617228507994,0.2850000083446503,0.2962786853313446,0.3318299066275358,0.3296356272051121,0.3126178354024887,0.31832754909992217,0.32576843798160554,0.350842277391503,0.3468948408961296,0.3494691127055142,0.34790015071630476,0.3469925060868263,0.3488487095799619
testing loss,0.0,0.33721433132886885,0.32082103118300437,0.32304788306355475,0.32172887995839117,0.3189592376351357,0.31974072754383087,0.3211590856313705,0.3254350908100605,0.3273961529135704,0.32342128083109856,0.3244770601391792,0.32685796469449996,0.3252867266535759,0.3247056655585766,0.33102421686053274,0.32942370474338534,0.32696910575032234,0.3262134753167629,0.33130421936511995,0.3322126016020775
testing obj,2.3525000059977175,0.06750000063329935,0.477500000782311,0.4278247712411227,0.39317616388004095,0.2965918118832633,0.3963351799662084,0.4444124372676015,0.477500000782311,0.477500000782311,0.477500000782311,0.4775000043201647,0.477500000782311,0.477500000782311,0.477500000782311,0.4775000031603505,0.477500000782311,0.47750000125254555,0.477500000782311,0.477500000782311,0.4775000070143832
