Epoch, 9
training loss,0.0,0.18281829761607307,0.18004695006779262,0.18189593106508256,0.18189593106508256,0.18189593106508256,0.18189593106508256,0.18189593106508256,0.18189593106508256,0.18189593106508256,0.18189593106508256
training obj,85.70643561226981,8.086272062574114,79.591935471126,83.22845622471401,83.22845622471401,83.22845622471401,83.22845622471401,83.22845622471401,83.22845622471401,83.22845622471401,83.22845622471401
validating loss,0.0,0.18286591917276382,0.19008057564496994,0.1914086014032364,0.19079479277133943,0.19107734709978103,0.19107734709978103,0.19107734709978103,0.19107734709978103,0.19107734709978103,0.19107734709978103
validating obj,85.57999877929687,7.772627305984497,82.66918029785157,82.69131698608399,82.52247009277343,82.6577537536621,82.6577537536621,82.6577537536621,82.6577537536621,82.6577537536621,82.6577537536621
testing loss,0.0,0.18282322362065315,0.19002529829740525,0.19135382026433945,0.1907452091574669,0.19102368131279945,0.19102368131279945,0.19102368131279945,0.19102368131279945,0.19102368131279945,0.19102368131279945
testing obj,87.06589889526367,8.169779777526855,83.79699172973633,83.81540260314941,83.67497482299805,83.7874912261963,83.7874912261963,83.7874912261963,83.7874912261963,83.7874912261963,83.7874912261963
