Epoch, 5
training loss,0.0,0.3218963108956814,0.3295714743435383,0.3391777239739895,0.3415231052786112,0.34179105795919895,0.3415531888604164
training obj,75.47500133514404,12.40625011920929,11.532860606908798,9.431363731622696,9.057470828294754,8.975150138139725,8.636099398136139
validating loss,0.0,0.3214302957057953,0.33644184470176697,0.34000639617443085,0.33786292374134064,0.33618760108947754,0.3382261097431183
validating obj,76.85000228881836,10.349999904632568,8.67030644416809,7.309849262237549,5.1680967807769775,5.35449743270874,5.200000047683716
testing loss,0.0,0.32201165954271954,0.33711132903893787,0.34067402780056,0.3385147700707118,0.33685360352198285,0.3388260354598363
testing obj,77.06666819254558,11.350000540415445,9.223421096801758,6.7440370718638105,2.7166666984558105,2.817684292793274,2.7166666984558105
