Epoch, 13
training loss,0.0,0.22792905090110643,0.22739699095183488,0.2320958871622475,0.2054881539423855,0.1806651023881776,0.1644587969141347,0.16110440670531623,0.13659714010297036,0.12986582076671171,0.13560808670459962,0.1490317519221987,0.1607736992288609,0.16544546681095143,0.16696636956565233
training obj,73.80176131579341,7.538366911362629,60.23918258900545,71.76025822697854,71.61295365314095,70.85115674077248,70.14647201615936,69.8333707147715,70.41832513225322,70.88804042582609,70.56231740056252,70.59805266711177,70.9539096404095,70.7883818684792,70.8503139456924
validating loss,0.0,0.2279331817158631,0.22744739215288842,0.21398522225873812,0.18500190441097533,0.162157947995833,0.15729421164308274,0.14120242318936757,0.12467073888650962,0.12094829896731037,0.1304145950291838,0.14437124878168106,0.15174251794815063,0.15906120836734772,0.16353275999426842
validating obj,75.5257990700858,7.713431017739432,65.6535415649414,63.41224915640695,34.78708764484951,20.47729757853917,68.47123854500907,29.467943600245885,39.69793210710798,39.13171073368618,38.75724056788853,41.27463299887521,36.262817927769255,36.52204813276018,32.44994919640677
testing loss,0.0,0.2279328102512019,0.22744523866900376,0.21396176543618953,0.18496598729065486,0.16208678004997118,0.15723038358347757,0.14108258938150747,0.1245356828772596,0.12080120481550694,0.13026261090167932,0.14421987107821874,0.1515906634075301,0.15891176142862865,0.1633845338863986
testing obj,73.52311597551618,7.516744256019592,63.87161677224295,61.62127467564174,34.04781665120806,20.321964808872767,66.58561856406075,29.024299485342844,38.86666243416922,38.30662822723389,38.01501744134085,40.450472014290945,35.52326158114842,35.74080583027431,31.79174075807844
