Epoch, 13
training loss,0.0,0.2694087326526642,0.2714363230126245,0.27378265293581144,0.27418193753276554,0.27370537338512285,0.27378056783761295,0.27386532723903656,0.2723089823765414,0.27252593636512756,0.27375067876917974,0.2740653322211334,0.27321249193378855,0.2719408965536526,0.27225347608327866
training obj,65.28928579602923,6.074157016617911,5.261899234993117,4.986729170594897,4.9967695985521585,4.981173149177006,4.981245739119394,4.973000253949847,4.987397523862975,4.940042406320572,4.948957783835275,4.954316160508564,5.028997985380037,5.266767663615091,5.1414495408535
validating loss,0.0,0.2694552056491375,0.27540912106633186,0.2910846509039402,0.27272356301546097,0.2746998071670532,0.26909128203988075,0.2683751657605171,0.26711980625987053,0.2675561234354973,0.26875607669353485,0.269044853746891,0.2665410004556179,0.26721304282546043,0.26711873337626457
validating obj,63.70000171661377,5.061056166887283,3.9499851763248444,0.1875000037252903,0.25508061322697273,0.1875000037252903,0.2750021538979581,0.2749999985098839,0.23086871951818466,0.22705727481538673,0.25726884344861034,0.2749999985098839,0.21748904820680082,0.2314512263983488,0.24291534163057804
testing loss,0.0,0.2692364491522312,0.27519999630749226,0.2908931542187929,0.27249581180512905,0.27447823621332645,0.26885758340358734,0.2681419998407364,0.26688748598098755,0.2673239018768072,0.26852235198020935,0.2688110526651144,0.26630917005240917,0.2669806703925133,0.2668863106518984
testing obj,66.1062479019165,6.526350036263466,5.439008176326752,0.3071022368967533,0.5276754396025058,0.4183718101121485,0.7375022028599147,0.7374999951571226,0.6676254738122225,0.6615903545923487,0.7053049127592672,0.7374999951571226,0.6464405463632268,0.6685477728024125,0.6866992944851518
