Epoch, 5
training loss,0.0,0.31787025451660156,0.31709073305130003,0.3169633376598358,0.31692556381225584,0.31747647166252135,0.31817961573600767
training obj,71.94400115966796,21.596000137329103,21.595715255737304,21.595557823181153,21.59573570251465,21.595926208496095,21.595849266052245
validating loss,0.0,0.31792790691057843,0.3169374366601308,0.3136875828107198,0.31102511286735535,0.31267916162808734,0.3147924443085988
validating obj,72.83333587646484,20.766666412353516,20.766666412353516,20.859991709391277,2.586497147878011,2.124494711558024,2.1302294731140137
testing loss,0.0,0.31804925203323364,0.3170553081565433,0.31375671757592094,0.311027189095815,0.31268277764320374,0.31479602721002364
testing obj,73.1888919406467,20.744444423251682,20.744444423251682,20.85698784722222,3.0801247225867376,2.248150222831302,2.2477960454093084
