Epoch, 13
training loss,0.0,0.24548161359628043,0.15527355655034383,0.02914540223777294,0.007539697371423244,0.0049247888556371135,0.004310454761609435,0.004080150301257769,0.003970002188036839,0.003909212399274111,0.00387245617993176,0.0038488132158915203,0.0038328539735327165,0.0038214672841131686,0.0038134626739968857
training obj,105.17729661051432,16.20100180053711,16.56423588816325,39.502660985310875,75.49940183512369,92.56270867919922,94.2563548787435,96.47136783854167,98.3142656656901,99.32377512613932,100.41924088541667,101.29136037190756,101.93862095133464,102.57970385742188,103.05820192464192
validating loss,0.0,0.24551874849031557,0.10213582794058998,0.05049228808789883,0.038418051487994646,0.03366631262426106,0.030733340788843495,0.02871856212897121,0.027207658011114823,0.02602022000641193,0.024997594924467913,0.02412474823166739,0.023309444340894808,0.022660916108848912,0.022054462816636516
validating obj,104.84707137773621,15.51220706723771,0.13483600312907423,0.15996496969798826,34.36037736568811,34.36037736568811,34.35603055414164,34.35962896526984,34.367509338091004,34.36981129196455,34.36981129196455,34.36981129196455,34.36981129196455,34.36981129196455,34.36981129196455
testing loss,0.0,0.24546530596706845,0.10213129755553849,0.050527535071340175,0.03847077762315033,0.03372663413302614,0.030797068832801023,0.028783593395160973,0.027274504133047314,0.026088244512403776,0.025066716886988475,0.024194748969663175,0.023379999460703738,0.02273206552917804,0.02212642792851553
testing obj,105.07482224210686,16.43995231663415,0.1966140419359126,0.21053271487765357,33.96788971577216,33.96585917691572,33.96435937094032,33.96698537004103,33.99345208964217,34.00091725970627,34.00091725970627,34.00091725970627,34.00091725970627,34.00091725970627,34.00091725970627
