Epoch, 3
training loss,0.0,0.22792905090110643,0.22932633635949115,0.23209761638118295,0.2330818837698625
training obj,73.80176131579341,0.387272722886077,0.18151577822068654,0.35120287895742136,1.4641627102938233
validating loss,0.0,0.2279331817158631,0.23118174555046217,0.2266840131155082,0.22992368787527084
validating obj,75.5257990700858,0.36202075252575533,5.405570089817047,5.354143602507455,5.1980255246162415
testing loss,0.0,0.2279328102512019,0.23117301692920073,0.2266542807753597,0.22989176506442682
testing obj,73.52311597551618,0.42849463330847876,6.033713562147958,5.952023936169488,5.696996663297925
