Epoch, 1
training loss,0.0,0.24548161359628043,0.15527355655034383
training obj,105.17729661051432,16.20100180053711,16.56423588816325
validating loss,0.0,0.24551874849031557,0.10213582794058998
validating obj,104.84707137773621,15.51220706723771,0.13483600312907423
testing loss,0.0,0.24546530596706845,0.10213129755553849
testing obj,105.07482224210686,16.43995231663415,0.1966140419359126
