Epoch, 0
training loss,0.0,0.2936064209408906
training obj,37.77328351079201,0.08629136050791833
validating loss,0.0,0.2936404453856604
validating obj,38.65714120864868,0.06429395488934567
testing loss,0.0,0.29359051531979014
testing obj,37.65491054739271,0.09014789384390995
