Epoch, 6
training loss,0.0,0.2936064209408906,0.2902363953085578,0.29604362597574996,0.2931322934372084,0.2931016588545575,0.2930858776885636,0.2930428890549407
training obj,37.77328351079201,0.08629136050791833,2.515554558893008,2.2381885413517604,0.8727757021860809,0.8771382191655587,0.8656899416819215,0.893641476623942
validating loss,0.0,0.2936404453856604,0.29811649716326166,0.29332357538597925,0.2931575993342059,0.29299615270325113,0.29313602138842854,0.2932706560407366
validating obj,38.65714120864868,0.06429395488934567,2.857325774218355,1.0553876243314895,1.0543203383798452,0.9373184466440889,0.9785977688543019,1.0342425354199445
testing loss,0.0,0.29359051531979014,0.2979793843946287,0.2932111344167164,0.2930516257349934,0.2928934544324875,0.29303283404026714,0.2931618916669062
testing obj,37.65491054739271,0.09014789384390995,2.8937979819519177,0.9053721220439551,0.9085188976429003,0.7566443060800256,0.8095103244373438,0.8783717755612186
