Epoch, 9
training loss,0.0,0.2936064209408906,0.29361980347609035,0.29166084170645595,0.2892406093222754,0.2867725169932356,0.29048529913534926,0.2903362442644275,0.284483114751626,0.2812689972319165,0.28089162403223467
training obj,37.77328351079201,3.0371135527990303,33.944972446378394,35.72962452440846,35.810754021819754,35.84176745706675,35.938999789101736,35.664119141442434,35.88535020789322,35.76877236366272,35.7842916712469
validating loss,0.0,0.2936404453856604,0.2939742920654161,0.2908033345426832,0.2845447063446045,0.28761160746216774,0.2889211129929338,0.2831928549068315,0.28357699300561634,0.2799138660941805,0.28478768308247837
validating obj,38.65714120864868,3.0933671593666077,36.68210938998631,36.03627038002014,36.57947639056614,36.7329820564815,36.703267744609285,36.70526429585048,36.70068825994219,36.712709937776836,36.69969258989607
testing loss,0.0,0.29359051531979014,0.29398544265755583,0.29078180050211294,0.28454698781882015,0.2876369426293032,0.28899775445461273,0.28313594071992804,0.28351593682808535,0.2799028464193855,0.2848598108227764
testing obj,37.65491054739271,3.043160540716989,35.73995191710336,35.23570300851549,35.61635918276651,35.77477148600987,35.74229768344334,35.751982024737764,35.73064044543675,35.74638933794839,35.74047069890158
