Epoch, 19
training loss,0.0,0.2804204113781452,0.2812351044267416,0.2804591488093138,0.2808696869760752,0.277355769649148,0.27399622835218906,0.27317630499601364,0.27299188636243343,0.2729402780532837,0.27294987067580223,0.27301414497196674,0.2729453556239605,0.27282935567200184,0.2727778907865286,0.2727568708360195,0.2728456947952509,0.27283646166324615,0.2730164621025324,0.2731143366545439,0.27337044663727283
training obj,33.70000100135803,12.043547213077545,15.630474388599396,23.852331161499023,27.919325351715088,27.775461196899414,29.741815328598022,30.55790138244629,31.103848218917847,31.430819153785706,31.612305998802185,31.738733887672424,31.83980643749237,31.90120542049408,32.02736747264862,32.146201968193054,31.839980244636536,32.19101393222809,32.26864814758301,32.24259316921234,31.299017429351807
validating loss,0.0,0.2802101671695709,0.2808128744363785,0.2797468900680542,0.2800828814506531,0.2767476290464401,0.27293382585048676,0.2725701630115509,0.2725100815296173,0.27251094579696655,0.27257128059864044,0.27264660596847534,0.2725164145231247,0.2723894864320755,0.2723625600337982,0.27235865592956543,0.2723694294691086,0.27247190475463867,0.2725757360458374,0.27274124324321747,0.272909939289093
validating obj,34.400001525878906,12.3464035987854,20.71199893951416,28.425328254699707,28.724888801574707,30.84579563140869,32.086599349975586,32.66584587097168,33.000471115112305,33.06031608581543,33.19487190246582,33.18755531311035,33.23527717590332,33.30164337158203,33.3547477722168,33.44782829284668,33.40229034423828,33.43034744262695,33.32926559448242,33.389291763305664,33.34593963623047
testing loss,0.0,0.28097479542096454,0.28175702194372815,0.2810508906841278,0.28120534121990204,0.2776533017555873,0.27422861754894257,0.27384814123312634,0.2737906376520793,0.27377427121003467,0.27382193009058636,0.2738652577002843,0.2737003614505132,0.27359290917714435,0.27360133330027264,0.273669828971227,0.27364511291186017,0.27373356620470685,0.27384524544080097,0.27400994797547656,0.2741422901550929
testing obj,33.10000197092692,11.238872051239014,18.8291228612264,25.822524388631184,27.358242352803547,28.684021949768066,30.034144401550293,30.827473958333332,31.25398540496826,31.40172831217448,31.565226236979168,31.602742830912273,31.710102717081707,31.79148801167806,31.899667104085285,32.03353500366211,32.001786867777504,32.06587473551432,31.97257645924886,32.04841740926107,31.9796568552653
