Epoch, 17
training loss,0.0,0.29386018151822296,0.2587148401400317,0.2329347541798716,0.22786077597866888,0.22688847942196805,0.22650683541660724,0.2261042867017829,0.22568217600169388,0.2255078881331112,0.22539814237667166,0.2252742764742478,0.22503195832604947,0.22493591742671054,0.22492303116166074,0.22487574103085892,0.22488646079664645,0.22486691986737045,0.22485938149949777
training obj,36.17391146784244,0.5326086982676955,0.0,0.0,0.0,0.0,0.0,0.0,0.0,0.0,0.0,0.0,0.0,0.0,0.0,0.0,0.0,0.0,30.19319849428923
validating loss,0.0,0.29304617643356323,0.2399169752995173,0.22921734799941382,0.22737019757429758,0.22672387957572937,0.2263432741165161,0.22585115830103555,0.22560601929823557,0.2256111353635788,0.22554361571868262,0.22535023838281631,0.2251344844698906,0.22512113551298776,0.22518053899208704,0.22508143136898676,0.2251235842704773,0.22521799554427466,0.22506717095772424
validating obj,34.399997075398765,0.0,0.0,0.0,0.0,0.0,0.0,0.0,0.0,0.0,0.0,0.0,0.0,0.0,0.0,0.0,0.0,0.0,27.160332679748535
testing loss,0.0,0.29379221158368246,0.239750260753291,0.22870720284325735,0.22709875234535762,0.22658926567861012,0.22639832539217813,0.2259069989834513,0.22578607393162592,0.22576312933649337,0.22557808458805084,0.22536927780934743,0.2253054263336318,0.2252704958830561,0.22534056646483286,0.22520951181650162,0.22524383877004897,0.22529232501983643,0.22516611857073648
testing obj,36.9000004359654,0.0,0.0,0.0,0.0,0.0,0.0,0.0,0.0,0.0,0.0,0.0,0.0,0.0,0.0,0.0,0.0,0.0,29.11833953857422
