Epoch, 13
training loss,0.0,0.2938707874101751,0.2711674904122072,0.2488867216834835,0.2427494143154107,0.2374557122295978,0.2328116020151213,0.23105902093298294,0.229185083917543,0.22845472190894334,0.22830885794817232,0.22823449384932423,0.2281842874545677,0.2281501658406912,0.2281240879320631
training obj,36.76030248754165,10.827451341292438,13.110592800028185,25.978459040323894,28.227525486665613,29.677720686968634,30.445436028873218,32.30963276881798,32.916581135170134,34.00454857770134,34.26845531837613,34.23412558611702,34.218765071794095,34.00625857184915,34.08953427333458
validating loss,0.0,0.29436306016785757,0.25383234449795317,0.24543651512690953,0.24078090488910675,0.23418380745819636,0.232065954378673,0.2300407737493515,0.2287558572632926,0.22844992790903365,0.22839211778981344,0.22834291628428868,0.22833578288555145,0.22830636373588017,0.22828765426363265
validating obj,37.19999803815569,10.371428489685059,22.51156098502023,27.576361792428152,29.572922570364817,28.215741838727677,30.937254769461497,33.60465158735003,33.10757555280413,34.55993216378348,34.27861867632185,34.4048581804548,33.97851371765137,34.240303312029155,34.07000132969448
testing loss,0.0,0.29429948329925537,0.25345507450401783,0.24494325648993254,0.24038569256663322,0.23373319394886494,0.2317218817770481,0.22979601845145226,0.22849776595830917,0.2282313285395503,0.22819744888693094,0.22815268207341433,0.22811964340507984,0.2281022546812892,0.22809102293103933
testing obj,37.29999804496765,10.256250530481339,23.986342787742615,27.07789397239685,29.622567534446716,28.631097078323364,31.352142214775085,33.68294680118561,33.63684070110321,34.69918513298035,34.57146608829498,34.61076807975769,34.2627649307251,34.53157341480255,34.33164143562317
