Epoch, 4
training loss,0.0,0.28802196647633205,0.2848418578505516,0.2684131701561538,0.266063239086758,0.2647211734544147
training obj,32.11619648066434,10.37544226104563,28.71747282418338,30.10660546476191,30.17856140570207,30.108841614289716
validating loss,0.0,0.28852515916029614,0.278563529253006,0.2675751919547717,0.2673925906419754,0.26215046892563504
validating obj,30.916667461395264,9.847943544387817,30.061175028483074,28.353662967681885,29.49568970998128,29.202770233154297
testing loss,0.0,0.28765386563760265,0.2780934715712512,0.26737077479009275,0.2673817343182034,0.2618843305993963
testing obj,32.981482611762154,10.859337700737846,31.696447089866357,30.294083136099356,31.479952070448135,31.109385172526043
