Epoch, 16
training loss,0.0,0.2804204113781452,0.26215377170592546,0.2395740980282426,0.229631582275033,0.22707853745669127,0.22692896611988544,0.22576999850571156,0.2249859319999814,0.22466818895190954,0.22441400587558746,0.22416697442531586,0.2240434531122446,0.2238758308812976,0.22375508211553097,0.22368190251290798,0.22365914192050695,0.22381056565791368
training obj,33.70000100135803,13.198377072811127,13.087423503398895,16.454731166362762,26.221396327018738,29.326059341430664,27.97436499595642,29.177274227142334,30.932104110717773,29.842110991477966,30.754106998443604,30.62430465221405,31.284047722816467,31.083061456680298,31.360372185707092,31.118732810020447,31.16906177997589,30.911157608032227
validating loss,0.0,0.2802101671695709,0.24671581387519836,0.23245365917682648,0.22772563993930817,0.22755762934684753,0.22636643797159195,0.22540227323770523,0.2249154970049858,0.22480498254299164,0.22454006224870682,0.224485881626606,0.22444158792495728,0.22430370002985,0.22423739731311798,0.22417372465133667,0.22420617938041687,0.2241406887769699
validating obj,34.400001525878906,13.642261981964111,14.169761657714844,22.18058490753174,31.26634407043457,28.830920219421387,32.37823677062988,32.47979164123535,32.35104751586914,31.85235595703125,32.7026252746582,32.33757400512695,32.512577056884766,32.94565963745117,32.87178039550781,32.47148895263672,32.39469909667969,32.624441146850586
testing loss,0.0,0.28097479542096454,0.24715044349431992,0.23294632385174432,0.22843428452809653,0.22837001333634058,0.22693868478139242,0.22605868180592856,0.22556398063898087,0.22556289533774057,0.22523733725150427,0.22502591460943222,0.2250494360923767,0.22498665004968643,0.22487656027078629,0.22482710083325705,0.22492002447446188,0.2248734657963117
testing obj,33.10000197092692,12.233712832132975,13.128390153249105,21.559795061747234,29.742953300476074,26.530215581258137,30.48705005645752,30.560243288675945,30.891894976298016,29.94847838083903,30.920968373616535,30.847861925760906,31.199954350789387,31.50123469034831,31.20839850107829,30.974390347798664,30.54003620147705,31.227211952209473
