Epoch, 2
training loss,0.0,0.28802196647633205,0.2617469836365093,0.2407515457069332
training obj,31.642724427309904,2.0542435598644344,4.549597448923371,17.372587474909697
validating loss,0.0,0.28852515916029614,0.24933937440315881,0.23214602718750635
validating obj,30.22010024388631,1.322069173057874,5.0895054042339325,21.004087289174397
testing loss,0.0,0.28765386563760265,0.24915460414356655,0.23178367261533384
testing obj,32.59860271877713,2.256055498564685,8.10003892580668,22.34017668830024
