Epoch, 11
training loss,0.29518689658190755,0.2894451459618034,0.28196081987305266,0.27428572368178816,0.27110574037037993,0.2751492276989125,0.27626716697940956,0.2721938857859051,0.25794919580221176,0.24856100070315437,0.2473869574935855,0.24628880360742678
training obj,6.705092827210555,48.593378006606486,50.38503595944997,50.38198366036286,50.27138297722952,50.325435528884064,50.38732112420572,50.46362536017959,50.13260042023014,50.38035029333991,50.34556007465801,50.39809834634936
validating loss,0.295242102373214,0.28381957007305963,0.27695543141592116,0.2731600442812556,0.27122968683640164,0.2761786463005202,0.27885292293060393,0.26883925639447714,0.2520053830175173,0.24827782579121135,0.24729478039911815,0.24631700487363906
validating obj,6.618300914764404,50.61645871117001,50.65457171485538,50.60962331862677,50.5916531426566,50.5950231552124,50.641296159653436,50.60280509222122,50.49017783573696,50.6535902477446,50.51447264353434,50.590206100827174
testing loss,0.29522677036056744,0.2838111540727448,0.2769806573265477,0.2731986575656467,0.27125358459545157,0.2762145567358586,0.27887722884702404,0.268860035472446,0.25203917406455817,0.24835478475219325,0.24738747282334936,0.24644691893580364
testing obj,6.781516387448673,51.06207286544711,51.106960876643306,51.04878948724758,51.03927389222976,51.045255806013856,51.08737568548548,51.03875984504209,50.940069053605285,51.092337335062304,50.95846434922246,51.03837487293266
