Epoch, 17
training loss,0.2945650800058011,0.22814020573088292,0.2122157777795631,0.20952087243118983,0.2061046086084307,0.20428200007489558,0.203194550249014,0.20395505604114425,0.20285625098628945,0.20320305604948086,0.2028681691526697,0.2036849958926774,0.20293397418736073,0.2033500061108825,0.20293666196338248,0.20266372116094225,0.20278977506448714,0.2025297221759062
training obj,0.024231982622352457,33.59740159786271,38.81869967599933,38.85283361927847,38.93369264281198,38.9235754655988,38.821158912744416,38.88028348429819,38.87633940878879,38.85962327678552,38.81412911147214,38.92010525907023,38.93018963631619,38.87458669469598,38.876483542195864,38.85399068339487,38.863927669739454,38.92944960647755
validating loss,0.2946455276012421,0.2136217275261879,0.21194820046424867,0.20391405165195464,0.2050779578089714,0.20354923009872436,0.2027534630894661,0.2037322986125946,0.20247343748807908,0.2024676623940468,0.2025812143087387,0.20312256813049318,0.20502162754535674,0.20249237775802612,0.20311217963695527,0.2023628956079483,0.20242497354745864,0.20235531985759736
validating obj,0.0240346004773168,38.873502502441404,38.99792251586914,39.08154243469238,38.911996841430664,38.988659057617184,39.026925048828126,38.93798286437988,39.04556282043457,39.02653450012207,39.02717445373535,39.03599685668945,39.080690460205076,39.03849922180176,38.962343063354496,38.97747123718262,39.00872535705567,39.07073974609375
testing loss,0.29462503605675927,0.21369218406746687,0.21205030656555324,0.20414400071773714,0.20534976694769072,0.20370536203523285,0.2029148839341784,0.2038728937651347,0.20262260879706412,0.20260893676466155,0.20273111572543395,0.20325023196275951,0.20515366289222126,0.20262825416708455,0.20325276834293476,0.20249910218623077,0.2025647484561772,0.20248903826023767
testing obj,0.12012369540217224,38.87556135307238,38.951764338224834,39.131730977771355,39.11653737188543,39.08147467455818,39.19746543365775,38.97624995407549,39.09786109553958,39.100039139534665,39.15908609779136,39.157482258324485,39.18392214728791,39.09069164979805,38.99436558103098,39.02218753851733,39.0649554798904,39.18066135887961
