Epoch, 8
training loss,0.2856388247504677,0.23619744513452667,0.2269416912929299,0.22864130071757996,0.22824951219804507,0.23139303827408664,0.22929347990099916,0.2284021658381236,0.2287296900736917
training obj,1.6283287701312532,31.059408800513243,36.5277627374708,38.99088204767286,42.505755221966616,41.19779516790331,42.61068385016058,42.83862531209729,42.45506399095673
validating loss,0.28565275323563727,0.22794749317825705,0.22646154722441797,0.22891235394754272,0.2278491124726724,0.22893000102561453,0.22973778519941412,0.22756591331267703,0.23244562788286072
validating obj,1.4420905932289496,36.1420274540998,35.76231738104337,41.66304430754288,41.813244584677875,42.43792652738267,42.77441831948101,42.87316065249236,42.2885202601336
testing loss,0.28568137820277895,0.22797533231122152,0.2264037047113691,0.22884123463715825,0.22783355808683803,0.22887982268418586,0.2297655695251056,0.2275493596281324,0.2325590823377882
testing obj,1.411508129432732,36.36428440638951,36.25788882119315,41.44171878269741,42.238495690482004,42.458716011047365,42.68830026899065,42.98627485547747,42.30147623334612
