Epoch, 19
training loss,0.29122587629726954,0.28514607105936324,0.28067796553884233,0.2758860697065081,0.27101046987942284,0.2737307776723589,0.2693832915169852,0.2730790971006666,0.26869130492210386,0.2732127436569759,0.27792404702731544,0.2809320902824402,0.2763229729448046,0.2731559586524963,0.26709275075367517,0.25892273204667227,0.26150784015655515,0.2720116475650242,0.26409655485834393,0.2591490127359118
training obj,5.95449928011213,34.680198407854355,37.352307804652625,37.47718470982143,37.38211656842913,37.18028760637556,37.40976676940918,38.017967725481306,38.23601165771484,38.14001658848354,38.112266736711774,38.2039544241769,38.134661167689735,37.829112897600446,38.007362823486325,37.557017582484654,37.2541441999163,36.66499822344099,37.27699695042202,36.93149149758475
validating loss,0.29127873182296754,0.2811867308616638,0.2792939913272858,0.27359135150909425,0.27601155638694763,0.267607079744339,0.26803368210792544,0.27226834774017333,0.2709227967262268,0.27749776005744936,0.2807634449005127,0.2781090605258942,0.27255180954933167,0.27344300746917727,0.2604701828956604,0.26106873393058777,0.2659140694141388,0.2674524772167206,0.2617251765727997,0.2597919714450836
validating obj,5.970659389495849,37.99492401123047,37.74488906860351,34.82348579406738,37.954893341064455,37.77234283447265,38.36593856811523,38.737108306884764,38.66721206665039,38.75972030639648,38.78794769287109,38.91401901245117,38.917709045410156,38.19018081665039,38.109959259033204,37.60593765258789,38.86589218139648,38.600687408447264,38.042127990722655,37.60276626586914
testing loss,0.29157944619655607,0.28127403676509855,0.2792300885915756,0.27376609146595,0.2760989409685135,0.26755942702293395,0.2679065841436386,0.27212466597557067,0.27059460639953614,0.2769636076688766,0.28061301708221437,0.27790576219558716,0.272906528711319,0.2736377376317978,0.2604529094696045,0.2610089445114136,0.2657923644781113,0.2671517223119736,0.2612600737810135,0.25880700945854185
testing obj,5.892281246185303,37.650947418212894,36.55502460479736,31.64840148925781,37.646058807373045,37.38847095489502,37.89219871520996,38.30057472229004,38.379081649780275,38.34182250976563,38.42987197875976,38.56147598266602,38.56680694580078,37.982840881347656,37.62890419006348,37.33346794128418,38.46969596862793,38.16162063598633,37.69575202941895,37.21931526184082
