Epoch, 15
training loss,0.28689443795563946,0.28674134450365407,0.27456089923548144,0.2686619401286123,0.2632043183773987,0.2545504245801181,0.2460815579623215,0.24527442817232098,0.24732801533792678,0.2500037790037865,0.25261804923530695,0.2470942346008557,0.2471798626412409,0.25035100913479036,0.2591247828123797,0.2537947665197289
training obj,5.758868249503833,40.97579630955245,44.523240910019986,44.797585913685246,44.4015889180107,43.62510527381601,44.743925942314995,45.21925244097254,44.17251843198633,45.25585024239789,45.79750098492132,44.63487837542551,45.54897524220075,45.17668299711952,45.71245554251264,45.80306207425218
validating loss,0.28694127743894404,0.28265995708378877,0.2735875763676383,0.2672024716030468,0.26247506791895087,0.2491377367214723,0.24349216249856082,0.2455670321529562,0.2502365366979079,0.254916096275503,0.25397556857629255,0.24732689586552706,0.24938311278820038,0.25267706296660686,0.2560874976895072,0.2542349560694261
validating obj,5.78944616317749,46.57229170365767,46.00601869062944,45.91810115467418,45.64655720103871,45.88957533402876,46.69199752807617,45.59523953524503,44.426916573264386,46.53595893166282,46.968882127241656,46.375680056485265,46.8467771356756,44.91607305353338,46.93997220126065,46.8861196344549
testing loss,0.28691838963611704,0.28282608346896126,0.2736581781425992,0.26715706033749625,0.26262661895236455,0.24922154118885864,0.24354092615681724,0.24560515636259372,0.25016068861828195,0.2545797360372973,0.25386266235832694,0.24742247244796237,0.24952438513974887,0.252765641019151,0.25604401837598095,0.25413408123695097
testing obj,5.759965346740173,46.185501854698934,45.66940771566855,45.67782341896951,45.07527181264516,45.671892526987435,46.33732697770402,45.35206109124261,44.10198270093213,46.03611298294755,46.40588506062826,46.06427053503088,46.44913400186075,44.90916157627965,46.51312468932556,46.40803139488976
