Epoch, 6
training loss,0.2930836415652073,0.27906016610337026,0.2717598174331766,0.27381778429403447,0.27422844381494954,0.27503805133429443,0.28190934816093155
training obj,11.189096400232026,33.88753080006802,36.490166172836766,36.18401479179209,35.85675408623435,36.13518701900136,36.21853654312365
validating loss,0.29314821314167333,0.27198806324520625,0.2758139122176815,0.2719113512619122,0.27282844765766245,0.27852794608554327,0.2776237661774094
validating obj,11.245792156941182,37.133434553404115,36.35696555472709,35.732595392175625,36.610421928199564,36.90814971923828,36.86310164992874
testing loss,0.29308888200041533,0.2719244794412093,0.27574791343181165,0.27181336748135554,0.27270443950380596,0.27820212577844594,0.2772046331461374
testing obj,11.20703312019249,37.340776815042865,36.47707555201146,35.6851784099232,36.83494991451115,37.14139281929313,37.067122694733854
