Epoch, 30
training loss,0.28593523498577406,0.2342237502430813,0.22651212332369405,0.22571890796475771,0.2256642183925532,0.2255684611257873,0.22546332584151738,0.2253886825770517,0.22517404766588273,0.2250713888037054,0.22498988063086436,0.22489501290683506,0.22485777966772455,0.22482332752286632,0.22479613860951195,0.2215607917950123,0.22045829354584973,0.22020253991778893,0.22008268855795077,0.22000865114829207,0.2199854956869083,0.2199757184974755,0.21997395954743215,0.21996668033018896,0.21996015258416346,0.2199624322732038,0.21996773628494407,0.2199617450750327,0.21994684933672978,0.21995075311087356,0.21994950660044635
training obj,0.08778859753973275,0.0,0.0,0.0,0.0,0.0,0.0,0.0,0.0,0.0,0.0,0.0,0.0,0.0,0.0,0.0,0.0,0.0,0.0,0.0,0.0,0.0,0.0,0.0,0.0,0.0,0.0,0.0,0.0,0.0,40.71006698849835
validating loss,0.28588118685616387,0.22737138238218096,0.22660610013537938,0.22539579305383894,0.22537713911798266,0.22535407145818073,0.22811731464333004,0.2255369805627399,0.22503797047668034,0.2249034818675783,0.2248712675438987,0.22488299177752602,0.22510316371917724,0.22483111752404106,0.22490843037764233,0.22072452240520055,0.22050123148494297,0.22033682299984825,0.22017541858885023,0.2202055427763197,0.2201403452290429,0.2201348000102573,0.2201545149087906,0.22010463509294723,0.22010949154694875,0.22011743783950805,0.22018395430511897,0.22014462848504385,0.2200906068086624,0.22011175519890255,0.22014219595326318
validating obj,0.0,0.0,0.0,0.0,0.0,0.0,0.0,0.0,0.0,0.0,0.0,0.0,0.0,0.0,0.0,0.0,0.0,0.0,0.0,0.0,0.0,0.0,0.0,0.0,0.0,0.0,0.0,0.0,0.0,0.0,40.40159611172146
testing loss,0.285947920529397,0.2274946899531962,0.2267466318476331,0.22555700124620082,0.22552427927871327,0.22549393216332236,0.2282008972469267,0.22567424325497595,0.22517079082164135,0.22503374762587494,0.22497348634751288,0.22499406190363916,0.22522650708209027,0.22497596550773788,0.22505011155710117,0.220592513189211,0.2203556117448178,0.22026376884717208,0.2200836208495465,0.22008098105152885,0.22003448402488623,0.22005315550736018,0.22004446976787442,0.22003950407871833,0.22004885251050468,0.22002542182639406,0.22008489907442869,0.22007828443259983,0.22003091200367436,0.2200575333375197,0.2200583530651344
testing obj,0.0,0.0,0.0,0.0,0.0,0.0,0.0,0.0,0.0,0.0,0.0,0.0,0.0,0.0,0.0,0.0,0.0,0.0,0.0,0.0,0.0,0.0,0.0,0.0,0.0,0.0,0.0,0.0,0.0,0.0,40.45713127052391
