Epoch, 2
training loss,0.2941735533842496,0.23213940031639152,0.2277730916062914
training obj,1.7118128037920035,27.121603238578075,42.683343278600816
validating loss,0.29418618915832206,0.23574394620444677,0.22415445316327762
validating obj,1.6131031905136122,41.650474391571464,42.313655853271484
testing loss,0.29418773599118997,0.23531253765893462,0.2241265111721602
testing obj,1.677164218669994,42.15569237574635,42.80463112440685
