Epoch, 24
training loss,0.2923232863469988,0.2180992673259811,0.20747961584598787,0.20743094266348383,0.20740340990257025,0.20737982894439555,0.20736633836483542,0.20737798855854914,0.20733177192305807,0.20733460229324643,0.20729648937510498,0.20728485408255243,0.2072647416192308,0.20725393114107715,0.20723381797521936,0.20721317313740922,0.207196939708873,0.20718879195360038,0.20719468630572999,0.20716321704997023,0.20713712182589264,0.2070883114269886,0.2070714581397272,0.20706426786725635,0.20702692311691587
training obj,0.47568103127644396,0.0,0.0,0.0,0.0,0.0,0.0,0.0,0.0,0.0,0.0,0.0,0.0,0.0,0.0,0.0,0.0,0.0,0.0,0.0,0.0,0.0,0.0,0.0,41.91109863167661
validating loss,0.29223506283341794,0.20800101704764784,0.2077574779589971,0.2076915377064755,0.20772841128340938,0.2076758653448339,0.2077416759311107,0.2077140737521021,0.2077301421709228,0.20770377600402162,0.2079376290764725,0.20781489239450088,0.20763514020986723,0.20765123006544614,0.2076390824819866,0.20769661011403068,0.2078496392881661,0.20761118541684068,0.20777334847994017,0.20765770344357742,0.20770966117842155,0.2078124577539009,0.20778636059217287,0.20775520984540907,0.2076505061827208
validating obj,0.0,0.0,0.0,0.0,0.0,0.0,0.0,0.0,0.0,0.0,0.0,0.0,0.0,0.0,0.0,0.0,0.0,0.0,0.0,0.0,0.0,0.0,0.0,0.0,41.81068768417626
testing loss,0.29229828868156826,0.20755773451593187,0.20724372896883222,0.20718742716006744,0.20723732159687921,0.20719892563473466,0.20724539331391326,0.20722941481150114,0.20729782298589364,0.20720638614943904,0.20765625551725045,0.20727095835738713,0.20717856211540026,0.2071813635337047,0.20718197690116036,0.20724160064998856,0.20730274240685326,0.20722596525636494,0.2072605786160526,0.2072109455226833,0.2072429571650986,0.20723697734184754,0.20727492639651665,0.2073064637489808,0.20723802742795047
testing obj,0.0,0.0,0.0,0.0,0.0,0.0,0.0,0.0,0.0,0.0,0.0,0.0,0.0,0.0,0.0,0.0,0.0,0.0,0.0,0.0,0.0,0.0,0.0,0.0,42.08996034279848
