Epoch, 8
training loss,0.29158714786171913,0.29002204503525386,0.2871786752207713,0.2869632403281602,0.28153878992254083,0.2788392891260711,0.2784863348034295,0.2780268104238944,0.2771972431377931
training obj,3.6138007667931644,23.063760727643967,28.765237483111296,29.980441223491322,30.38629150390625,30.275611183860086,30.526523199948397,30.43414668603377,30.488674900748514
validating loss,0.2917305529117584,0.2878031407793363,0.287861334780852,0.2855484460790952,0.27899016439914703,0.2796022469798724,0.2785082931319873,0.2774789830048879,0.2759324908256531
validating obj,3.2697195013364158,28.834021886189777,30.20018736521403,30.692657470703125,30.538747310638428,30.947821140289307,29.740493297576904,30.89923365910848,30.5935796101888
testing loss,0.29158105758520275,0.2875485408764619,0.28767503339510697,0.28527022439699906,0.2786266322319324,0.2793355847780521,0.2784859434916423,0.27765366435050964,0.27633340427508724
testing obj,3.660022341288053,29.107428330641525,30.63857782804049,31.363176859342136,31.229056871854343,31.16253427358774,30.39151485149677,31.413683671217697,31.084120383629433
