Epoch, 4
training loss,0.0,0.2822456508874893,0.241721944833124,0.2235206715963982,0.22098041889635292,0.21943709093171196
training obj,32.46776307595743,3.5837838271179714,0.0,0.0,0.0,28.6452197255315
validating loss,0.0,0.28201202154159544,0.22739213854074478,0.22233053296804428,0.21966678351163865,0.21944283843040466
validating obj,32.977754783630374,0.0,0.0,0.0,0.0,29.130000877380372
testing loss,0.0,0.2821065851233222,0.22711532766168768,0.221646132116968,0.21901203421029178,0.2188658653335138
testing obj,32.863268245350234,0.0,0.0,0.0,0.0,28.93636400049383
