Epoch, 12
training loss,0.2940358846891122,0.23889241343150375,0.22964765571179938,0.2287999874011415,0.23064710413579081,0.22758749438846698,0.22809077677179557,0.22777639091259144,0.2273260331789001,0.2272000374486212,0.22704150771997014,0.2269944143099863,0.22702898127866572
training obj,0.047436667095289875,6.266825011008793,12.50563226371515,12.561515047901967,22.398166228513247,30.135045934896,30.124393369330736,30.148662512419655,30.149314309729906,30.16312882939323,30.16008548267552,30.160657765435392,30.16316360723777
validating loss,0.29402730550084794,0.23020913217748915,0.22895707615784236,0.22845019016947066,0.22811103548322406,0.22755148581096105,0.22759894260338376,0.22741205734866007,0.2273359694651195,0.22703977993556432,0.22696752888815744,0.2269675897700446,0.2270605960062572
validating obj,0.045250381746088426,12.727060209001813,13.18571537562779,13.18571537562779,30.257989556448802,30.346731894356864,30.241622488839287,30.369230215890067,30.426644733973912,30.33882190159389,30.343025316510882,30.315386254446846,30.39803526742118
testing loss,0.2940463944220207,0.23057163286377008,0.22925806066519777,0.22872006095631023,0.22838429330100476,0.2277972935370996,0.22786433407118623,0.22766254863268892,0.2276084263559798,0.22724485418326418,0.22721665887765483,0.22716815622759537,0.22730979953013675
testing obj,0.02863806287690058,11.528692702172508,11.990141821579195,11.990141821579195,29.49860626543072,29.498590227583765,29.326401106068786,29.495739950260646,29.525747299194336,29.49459124283052,29.495730789614395,29.478809410417583,29.49577551828304
