Epoch, 9
training loss,0.28920279190969217,0.23365683837857826,0.21960360935283085,0.21743358884538924,0.216680509112184,0.21744139705385482,0.21710231494178217,0.21648297699355573,0.2166386585702341,0.21646375891077455
training obj,0.005291005326215093,35.39461879922162,36.55805476758846,38.25539443606422,39.167150971750736,38.94431769154059,39.058411189488005,39.21281961915354,39.214929177016806,39.1233942243788
validating loss,0.2892003031792464,0.2259241905477312,0.2169544947920022,0.21743081703230185,0.21645011752843857,0.21664097905158997,0.21669369439284006,0.2164113187679538,0.2167452535143605,0.21634522991047966
validating obj,0.012962963874661318,36.23151595504196,37.5623467763265,38.5434245356807,39.208788553873696,38.93084497804995,39.13708333615904,39.36226307904279,39.06282742818197,39.27463771678783
testing loss,0.28919488688309986,0.22586050174302524,0.2168660196993086,0.21730127378746314,0.21631218451592657,0.2164878650671906,0.21652268094045143,0.21625884153224803,0.21657790174638783,0.2162180665742468
testing obj,0.0009259259795289055,36.7411022009673,37.73404905531142,39.0089570151435,39.430916715551305,39.189041208337855,39.26439959914596,39.525561014811196,39.11971431308322,39.43679043098732
