Epoch, 10
training loss,0.28486035764217377,0.24633456780842156,0.23324964148033955,0.23001839434075508,0.23167339669671028,0.23057703896882428,0.2305287068152124,0.23122300326254716,0.23230368373500312,0.23180651294577653,0.23223244341885207
training obj,0.7510029958326964,20.03944444086901,27.023032628806533,33.448958488027,36.95249372834613,35.70677589610884,36.9578340979898,37.293166221327084,36.57323345864654,35.67399356015928,36.027430011967944
validating loss,0.28488611768592487,0.23649457571181384,0.23160439560359175,0.23058810525319792,0.23267079822041772,0.22962107306176965,0.23058042878454382,0.23108385503292084,0.2322029210627079,0.23241648721424016,0.23026177151636643
validating obj,0.7594828344890083,23.022630084644664,33.08034025539052,35.302197673104025,37.06089479273016,30.206913557919588,34.51343956860629,37.407179138877176,36.87215982783925,35.26750750975175,36.73656602339311
testing loss,0.2848275077866984,0.2363845421062721,0.23152495544035356,0.23076789293970382,0.23253679455636622,0.2296260022200071,0.2304436295897096,0.23095670850067349,0.23198583099868272,0.2323115680898939,0.230153202355563
testing obj,0.7533392419881123,23.476250260740844,33.69620654347179,35.34217002365615,38.08354694240696,30.69868999523121,35.414152941861,38.58818335061545,37.815217825082634,35.3284722003308,38.025926045009065
