Epoch, 4
training loss,0.0,0.2831422391484995,0.2328671112412312,0.22751676205728874,0.22703459419187952,0.22592559036661367
training obj,46.21475469870646,0.49199179416736155,0.0,0.0,0.0,34.38009411546051
validating loss,0.0,0.283069440098696,0.22768771232560622,0.22762686430021775,0.22702458951362345,0.2244426615016405
validating obj,46.01456433673238,0.0,0.0,0.0,0.0,34.30148364222327
testing loss,0.0,0.28321050615473226,0.22772072238678281,0.22765751064501025,0.22717586091973566,0.22464037568054415
testing obj,45.78698010878129,0.0,0.0,0.0,0.0,33.93582335385409
