Epoch, 3
training loss,0.2868482053634666,0.2355488145103057,0.22546316472192604,0.22383230662062054
training obj,0.543228096695909,39.38155366695789,41.21875038601103,43.53797303608486
validating loss,0.2868121529618899,0.22673986330628396,0.2233447012801965,0.22339159461359184
validating obj,0.5441666745501123,40.292902851104735,43.804991976420084,43.80721270243327
testing loss,0.286856611734604,0.2267711328891303,0.22341684768308742,0.22345770703806422
testing obj,0.47551867658382435,40.1439709327033,43.552626977817646,43.54005061739213
