Epoch, 15
training loss,0.3109780202000778,0.22063906657399598,0.1917986758747456,0.191103719591354,0.19094272716815427,0.19091696463386465,0.1909139662610818,0.19091433157091556,0.1909127959183284,0.19091240469343174,0.19090941520581334,0.19090823190552847,0.1909051954931354,0.1909008661967627,0.1909021638935397,0.19089660696361377
training obj,1.9461260222085224,0.0,0.0,0.0,0.0,0.0,0.0,0.0,0.0,0.0,0.0,0.0,0.0,0.0,0.0,38.71435933083481
validating loss,0.31099268275758496,0.19718829315641653,0.19114346607871677,0.19097570880599643,0.19088355289853137,0.19087356328964233,0.19087030058321747,0.1908744593029437,0.19086909164553104,0.19087945767070935,0.19087813211523968,0.19087994681752246,0.1908724230268727,0.19089197270248248,0.1908783698859422,0.1908913526846015
validating obj,0.0,0.0,0.0,0.0,0.0,0.0,0.0,0.0,0.0,0.0,0.0,0.0,0.0,0.0,0.0,38.65882409137228
testing loss,0.31072859984377155,0.1972263481305993,0.19152582501587662,0.19135374122339746,0.19126493418994156,0.19125554127537686,0.19125782212485437,0.1912584952686144,0.19126016614229782,0.1912603660122208,0.19127545926881873,0.1912637343225272,0.19125791639089584,0.1912794764275136,0.19126117326643155,0.19128061053545578
testing obj,0.0,0.0,0.0,0.0,0.0,0.0,0.0,0.0,0.0,0.0,0.0,0.0,0.0,0.0,0.0,38.38041687011719
