Epoch, 6
training loss,0.28817744368598575,0.24356122204945202,0.22699109188147953,0.22620685033145405,0.22518610720123564,0.23074421382376126,0.22954243889876774
training obj,0.1505299398213147,34.100092361193326,34.58415344783238,34.540041287740074,37.86171529860724,39.93331724348522,39.82440626053583
validating loss,0.2881733606259028,0.227736879636844,0.2265448734164238,0.22724759007493656,0.2247180794676145,0.23064689313371975,0.226272289454937
validating obj,0.09674443406857,34.04798205693563,34.118332068125405,34.42594130833944,37.430709266662596,40.10386358896891,39.75683619181315
testing loss,0.2881922719379266,0.22777826686700184,0.22653305443624655,0.22726542266706626,0.2247244443744421,0.23065710080166657,0.2264120121796926
testing obj,0.18395955695408953,34.03095477422078,34.22168776194255,34.40576481819153,37.49921344121297,39.824892393747966,39.5485730489095
