Epoch, 8
training loss,0.29876133663436544,0.22899393448964334,0.21943701327276918,0.2203679344115349,0.21757076895580843,0.21466758576794887,0.21433909013509178,0.21470179390878633,0.21458457840176728
training obj,0.344999751122277,38.793203723517266,42.429499378571144,42.46081901513613,42.89488703470964,44.487229044620804,44.47709128489861,44.33838420189344,44.36830056630648
validating loss,0.2988116844730862,0.22121410779023576,0.21905753016471863,0.21885706421177267,0.2170264337022426,0.21472621519686813,0.21426327324519723,0.2143154435996282,0.21438669628005916
validating obj,0.34014960422637536,40.92627001616914,42.344829817949716,42.47203277329267,44.534889867750266,44.5371301618673,44.55638626874504,44.56611426401947,44.44685509245274
testing loss,0.29878738397833693,0.22125327680649617,0.2191457280803425,0.21896955271146287,0.2171167636516204,0.21483772475599744,0.2143696053382243,0.2144289976258657,0.21450123801889778
testing obj,0.3282268361881078,40.66488371334315,42.050403674776085,42.175730318205126,44.29539564763153,44.30687909944287,44.33262979036594,44.332270107508705,44.25022738149475
