Epoch, 4
training loss,0.28885479531358443,0.23476547899791006,0.22875150316909723,0.22724700644063128,0.22796299877857987
training obj,0.0994957086189597,24.920743876883314,36.94417609981003,37.12425116649131,36.56631835262664
validating loss,0.28886459921968394,0.2289020768527327,0.22805281908347688,0.22665603895639552,0.23457175750156928
validating obj,0.07749613349515365,35.83805962266593,36.58227772548281,36.625913554224475,36.593927416308176
testing loss,0.28888213659963036,0.22887066274117202,0.2279297017898315,0.22663919958803388,0.23451298997442946
testing obj,0.10333831392633393,36.33114019214597,37.3398429022895,37.25817597218049,37.376041950323646
