Epoch, 7
training loss,0.29463755061524144,0.285129315880659,0.27859594945860383,0.2801080314633083,0.2765249701419679,0.2802087496412863,0.2783352273328863,0.2775586365473152
training obj,4.223219268786238,36.517170315921895,38.75647383082424,38.90546587198087,39.11024670868424,38.901022435808336,39.6287457935094,39.45994768677765
validating loss,0.29474869647691415,0.27510304229204047,0.28516311908877173,0.26615537737691125,0.2769892874152161,0.2773417615613272,0.2788849923499795,0.2763007809949476
validating obj,4.099244001299836,38.91228183480196,39.20449625059616,38.65236282348633,39.52626046469045,39.519726331843884,38.75603946419649,39.26114397270735
testing loss,0.29462703308839905,0.2748942258714259,0.28511982813648795,0.2662050446559643,0.2769509283290512,0.2770914562132167,0.27846645521021435,0.2761765670502323
testing obj,4.190545183488692,39.41008819930855,39.60574489900436,39.13735571674917,39.91373088442046,39.96152491953181,39.22780981831167,39.57454317465596
