Epoch, 10
training loss,0.0,0.28830266682205685,0.24157139469104208,0.22968205638751862,0.2270832430974693,0.22605906651531307,0.22492962379617548,0.22492291700814687,0.2238180025178156,0.22432677495251796,0.22409700198917631,0.22283021045844773
training obj,48.68594029906449,2.8389386141755777,42.928079829853814,45.46270542995185,45.49044583557518,45.481276388634036,45.494807427602716,45.51030634821347,45.50990887457651,45.49568198137223,45.23780715845193,44.601574178967
validating loss,0.0,0.2883080008314617,0.23107889895118885,0.22777206951112888,0.23537759282695714,0.2250827902288579,0.23488149513949208,0.22394403770788393,0.22354827176279096,0.22454145461765687,0.2234100276854501,0.2222799153915092
validating obj,48.774008850553145,3.009599681665648,45.8365910088838,45.81390232826347,45.81487997254329,45.828838974682256,45.83465450913159,45.829492825180736,45.83132575874898,45.8298496986503,44.86838878802399,44.86865610151148
testing loss,0.0,0.288373554415173,0.23116623549549667,0.22782452128551625,0.23564462507212602,0.22510082379535393,0.2349196814828449,0.22393465594009118,0.22351392297833053,0.22453869073479263,0.22337614938064856,0.22222265435589683
testing obj,49.51512287281178,2.7213309420479668,45.97922764530888,45.94926164415148,45.9302540814435,45.948169256139686,45.72732316476328,45.968159965232566,45.96944859822591,45.91043319702148,45.14930795740198,45.14962813765914
