Epoch, 15
training loss,0.28967790686806966,0.2882083926552026,0.28178337313408075,0.26757362946983454,0.26143840320350586,0.2579148120658342,0.2571474046670189,0.2602858593297559,0.2629220209380453,0.2655053751644238,0.2707236787607504,0.26098505508068,0.2656316920768383,0.264251776905947,0.2671489312667255,0.26490032132281816
training obj,3.899660960648411,46.55591841631158,48.056995622501816,47.92037130548049,47.85370356241862,47.73932187095169,47.86366023869478,47.66255483701248,47.91198343380477,47.5856926614924,47.59959509206373,47.77067916042121,47.733494204144144,47.876191947996155,48.00829121197841,47.72914191623067
validating loss,0.2897206499524739,0.283793102140012,0.2805792504678602,0.2590203074657399,0.25987085408490634,0.2535788756997689,0.2615150449716527,0.26699227742526843,0.26364469754955044,0.2650603133699168,0.25591815489789715,0.2663255871638008,0.26569712518349936,0.26194634029398794,0.26828016956215317,0.2881216691887897
validating obj,3.8527500448019607,48.64292227703592,48.411057057587996,48.60315186044444,48.7749894598256,48.54462777013364,48.36412011022153,48.60505477241848,48.125326239544414,48.761231463888414,48.64550030749777,48.53315183390742,48.7300094521564,48.7410714937293,48.658532474351965,48.5223677676657
testing loss,0.2897038674032366,0.2836886057982574,0.2803142367182551,0.2588097155094147,0.259468156743694,0.2531041705930555,0.2611897349357605,0.2668926572477495,0.26355566366298777,0.2650120996140145,0.2557886848578582,0.2661366791338534,0.2654877530561911,0.2616734643240233,0.2680591273952175,0.287803912484968
testing obj,3.936263268702739,48.91127020346152,48.63890366425385,48.886962210165485,49.028517810718434,48.811969076620564,48.65100507993956,48.83153463827597,48.35825923197978,49.019090435955974,48.89706691020244,48.800620929614915,48.98125630971548,48.97702255249023,48.914973862106734,48.68194118190456
