Epoch, 17
training loss,0.2854590423866711,0.24016539225008635,0.2336323521042292,0.23052695518837565,0.2300395784916076,0.22992585144475497,0.22970058993164416,0.2294036800750589,0.228708664664125,0.22929218437819354,0.22897080991384203,0.22865653591873372,0.22832123216538303,0.22812839162296952,0.2280313106896603,0.2282393750100009,0.2281930616735357,0.22786446594822723
training obj,7.678275576734965,19.352005732797945,26.28868887065786,23.758433920092287,24.1700502581301,29.036977421920913,26.41558833670827,27.702192833993287,32.53776557044645,24.389847611959002,31.945581478355205,33.13290761424377,33.22237052748689,33.222132210182934,33.22226746314395,33.10193839959339,33.22213134934417,33.22213226082051
validating loss,0.28506312146782875,0.24673118349164724,0.23091138433665037,0.23023789888247848,0.2297293609008193,0.23025096114724874,0.22946625296026468,0.22904074052348733,0.22855147952213883,0.22885183012112975,0.22851879941299558,0.22857397375628352,0.22818068182095885,0.22804818861186504,0.2279558996669948,0.2285946407355368,0.22778750583529472,0.22763195587322116
validating obj,7.755246609449387,27.555215537548065,23.958802461624146,23.987090229988098,26.658535301685333,18.803125381469727,31.031252205371857,25.521421253681183,31.662499010562897,28.60677206516266,32.5062490105629,32.5062490105629,32.311867117881775,32.1223429441452,32.18337416648865,32.5062490105629,32.5062490105629,32.489414155483246
testing loss,0.28514699366959656,0.24566388604315845,0.230720986922582,0.23008223871390024,0.22961319373412567,0.2300862143888618,0.229318218023488,0.22893641008572144,0.22840780268112817,0.22874906162420908,0.2283919740355376,0.22846564786000687,0.22808553797729086,0.227962056795756,0.22785541686144742,0.2286435284397819,0.22782008801445816,0.22766584586916547
testing obj,7.934424548438101,27.328289378773082,24.512721552993312,24.586997783545293,25.96243869897091,18.955392288439203,31.147610519871566,25.265629725022748,32.71009696613658,28.992294282624215,32.96679982272062,33.20757553794167,33.15358985554088,33.1116717078469,32.88671984817042,33.20757553794167,33.20757553794167,33.19969856377804
