Epoch, 16
training loss,0.2573657596111298,0.2665638127923012,0.2725155219435692,0.26162088617682455,0.2569858057796955,0.25635722175240516,0.2563723102211952,0.25637731909751893,0.25829750776290894,0.26179503262042997,0.2568531100451946,0.2608643348515034,0.2511939458549023,0.2451197526603937,0.26287807151675224,0.27226078167557716,0.2729334823787212
training obj,26.35921715736389,31.704440698623657,31.851382207870483,31.728545045852663,31.605287840366362,31.753251457214354,31.782073345184326,31.779228839874268,31.78591917991638,31.803581190109252,31.799414377212525,31.810397233963013,31.78142502784729,31.770300884246826,31.636396369934083,31.73690402984619,31.790215616226195
validating loss,0.25746759346553255,0.27622759555067333,0.26845246127673555,0.26144227385520935,0.2565478725092752,0.25656125055892126,0.25657081391130176,0.25648834237030577,0.2627453218613352,0.2555090753095491,0.26149346253701616,0.26157394370862413,0.2468437504555498,0.24984863879425184,0.2637177844132696,0.2744801342487335,0.2736726190362658
validating obj,26.73386444364275,32.60366753169468,32.63617467880249,32.629271847861155,32.59279693875994,32.64477954592024,32.55622782026018,32.63325112206595,32.601392201014924,32.63768815994263,32.4908435685294,32.58602353504726,32.6408041545323,32.63549246106829,32.63925463812692,32.64061083112444,32.64092377253941
testing loss,0.2572256220599352,0.2758064194250915,0.26805821465233626,0.2613151714963428,0.25644275596586324,0.25645535729699215,0.2564690865702548,0.25638195922819235,0.26276280970896704,0.25574654795355717,0.26159027824967596,0.2616271906990116,0.24698956563311109,0.24972037263845992,0.26363694768840984,0.2740619793786841,0.2731731160212371
testing obj,26.41021088422355,31.8960594241902,31.946987022787837,31.94421021412995,31.91727861307435,31.955208309626176,31.86393750724146,31.944059404276185,31.916810181181308,31.94935905327231,31.784552816617285,31.910834005323508,31.953491501888987,31.94842716798944,31.95195637719106,31.954044794632217,31.953671148267844
