Epoch, 6
training loss,0.28833829246551884,0.2900557916174051,0.2820213595141283,0.27126933592051145,0.27744303142976184,0.2847492899971935,0.28520237747956867
training obj,7.267791807892834,32.366124577850464,33.571598493135895,33.77794268063688,33.822639557996744,33.28245942891851,33.66308314211455
validating loss,0.28841681224959237,0.2905769509928567,0.2752706732068743,0.2805846052510398,0.2895502294812884,0.2928599485329219,0.2804638343197959
validating obj,7.1026223863874165,33.978231866019115,33.90682863507952,33.884676470075334,31.46036687578474,33.19878578186035,33.90371246337891
testing loss,0.2883041405843364,0.2905949697726303,0.27521779967678917,0.2804313798745473,0.2897171630627579,0.2926349983447128,0.2808014320002662
testing obj,7.29398826095793,34.64201860957675,34.58626853095161,34.598571379979454,32.25577926635742,34.06595495012071,34.50262827343411
