Epoch, 4
training loss,0.0,0.27403951450890185,0.21754542635936364,0.20169518128329633,0.2013691725099788,0.20122916061504215
training obj,34.65394562365962,28.577345118803137,0.0,0.0,0.0,33.094676298253674
validating loss,0.0,0.27308960471834454,0.20040028648717062,0.19940492723669326,0.19939162475722177,0.1993164782013212
validating obj,35.67142541067941,0.0,0.0,0.0,0.0,33.718798773629324
testing loss,0.0,0.27437983080744743,0.20229014195501804,0.20170811004936695,0.20160432625561953,0.2015259014442563
testing obj,34.02577793598175,0.0,0.0,0.0,0.0,32.54256343841553
