Epoch, 10
training loss,0.2897691509302925,0.23938840241993176,0.22820009869687696,0.2297778300502721,0.22879811201025457,0.23120408952236177,0.22962491187979192,0.22916974775931415,0.22794364007080303,0.22800261895446217,0.22811750541715062
training obj,0.6984975279805107,9.650845207219529,21.24588099647971,29.0677516264074,30.72927527708166,29.282545255212224,30.659556770324706,30.615538069781135,30.67199046191047,30.740042821098776,30.70623118456672
validating loss,0.2896674561003844,0.22853672752777734,0.2274146849910418,0.22848128279050192,0.2281448015322288,0.23045103065669537,0.23044205643236637,0.22801662608981133,0.22813038962582746,0.2278857883065939,0.22789904847741127
validating obj,0.8413622124741474,17.08915118376414,26.450888474782307,29.24871039390564,29.995333512624104,30.41297443707784,30.13749885559082,30.195183674494427,30.407616138458252,30.38081415494283,30.238006194432575
testing loss,0.28965998425775646,0.22865326155205162,0.2274758788395901,0.22872716492536116,0.22825766461236136,0.23071752245328864,0.2308725079103392,0.2283869632044617,0.22838684369106682,0.2281716034120443,0.22818171369786167
testing obj,0.7684402079611353,16.63212145591269,26.997008343132176,29.80042013830068,30.105812072753906,30.4352536882673,30.17754990713937,30.185283738739635,30.275066764987244,30.153261379319794,30.27187966327278
