Epoch, 4
training loss,0.2941735533842496,0.28704115027846405,0.27748650387361845,0.26679057234491094,0.2652822689691872
training obj,7.420085562036393,43.53805280331255,45.58292684057003,45.358158203803825,45.531058003408994
validating loss,0.29418618915832206,0.2831552669610063,0.2699594497680664,0.2673585794559897,0.26262389184677437
validating obj,7.348291900059948,45.18166936586981,46.10269891399227,45.87120866122311,45.679393663798294
testing loss,0.29418773599118997,0.28311171507675376,0.2699146316755538,0.26724661116632037,0.2625621329217949
testing obj,7.456774714809136,45.57559442200117,46.458755800388005,46.27870695382957,46.03087938551935
