Epoch, 0
training loss,0.28789595949080826
training obj,5.946874595215768
validating loss,0.2878997179328418
validating obj,5.915334029275863
testing loss,0.2879401158224716
testing obj,5.921296401545104
