Epoch, 13
training loss,0.2885705730981297,0.2875715126593908,0.2743170209228992,0.2697172483636273,0.2760856493479676,0.2746096939676338,0.2794642195105553,0.2654635875589318,0.26445695964826477,0.2725518840054671,0.26276812586519455,0.25901705556445653,0.2741176677246889,0.2629933152761724
training obj,3.4114302257696787,33.95040508376228,37.137869384553696,37.46413306660122,37.07925194634332,36.83462125990126,36.53555754025777,36.84937960836623,37.19026469654507,36.962135309643216,37.02070198588901,36.96398385895623,37.21494126849704,37.69548754692077
validating loss,0.2885642466591854,0.28196580328193366,0.26939093365388755,0.2722036867749457,0.28110624002475365,0.27521556849573175,0.2877684428411372,0.26416074645285514,0.26479264918495626,0.26903875259792104,0.26521226062494163,0.2668757672403373,0.2674732927013846,0.26083877565814
validating obj,3.4544625142041374,38.05358258415671,37.68382468878054,36.939572352989046,37.80776438993566,36.55153469010895,36.882422353707106,37.73458959542069,37.4634454016592,37.42579688277899,37.0298282398897,37.99930303237017,37.796715755088655,37.26625349007401
testing loss,0.2885684021390401,0.28201682378466314,0.2694973326646365,0.27217598918538827,0.2811107303087528,0.27527232410816044,0.2879378471810084,0.2645524244468946,0.2648052309568112,0.26938471370018446,0.2655026371089312,0.26724507115208185,0.2673360745494182,0.2606148593700849
testing obj,3.3703570801478167,37.49636099888728,37.2597001515902,36.269939789405235,37.38870991193331,36.22359893872188,36.442960243958694,37.094764085916374,36.99881410598755,37.1043681548192,36.497128358254066,37.39648441167978,37.29601128284748,36.68605971336365
