Epoch, 4
training loss,0.29876133663436544,0.22899393448964334,0.21943701327276918,0.2203679344115349,0.21757076895580843
training obj,0.344999751122277,38.793203723517266,42.429499378571144,42.46081901513613,42.89488703470964
validating loss,0.2988116844730862,0.22121410779023576,0.21905753016471863,0.21885706421177267,0.2170264337022426
validating obj,0.34014960422637536,40.92627001616914,42.344829817949716,42.47203277329267,44.534889867750266
testing loss,0.29878738397833693,0.22125327680649617,0.2191457280803425,0.21896955271146287,0.2171167636516204
testing obj,0.3282268361881078,40.66488371334315,42.050403674776085,42.175730318205126,44.29539564763153
