Epoch, 4
training loss,0.0,0.28223723069481227,0.23895149464192597,0.22780183100182078,0.22707673285318458,0.22655822025692982
training obj,37.09581123020338,1.6341431517315947,0.0,0.0,0.0,26.668754942520806
validating loss,0.0,0.28203457221388817,0.2288780827075243,0.2273391466587782,0.22697420418262482,0.2261657016351819
validating obj,37.730279207229614,0.0,0.0,0.0,0.0,26.797876298427582
testing loss,0.0,0.28183767111862407,0.22870032401645884,0.22727025957668529,0.22674827715929816,0.22612150188754587
testing obj,37.861465341904584,0.0,0.0,0.0,0.0,28.32571080151726
