Epoch, 13
training loss,0.2921119249066827,0.2890478793802208,0.28626301351872235,0.2836878294718332,0.27369405620590936,0.26117692046991275,0.2589433947421985,0.2658133298658126,0.26351089301056035,0.26115098862008673,0.2669317654058254,0.2626217645306827,0.2678809167619524,0.2677240088665286
training obj,3.1926384318474286,29.532061656760103,33.422964096069336,33.15024970496833,33.49538979983197,33.2804291261641,33.54862082071144,33.377150040099075,33.41820888412731,33.436496276429246,33.73095753206221,33.31050668215619,33.434003147999,33.571362543372466
validating loss,0.2920699369907379,0.28599470496177676,0.287052196264267,0.2739461362361908,0.2726351583003998,0.25558698177337646,0.2580463123321533,0.2648786771297455,0.26221654295921326,0.2636526572704315,0.26758485317230224,0.2651318037509918,0.26601293563842776,0.26561012625694275
validating obj,3.3093568420410158,34.023567581176756,34.15314346313477,33.03261367797852,34.11243148803711,32.763482894897464,32.85130569458008,33.67548858642578,34.03620590209961,33.97457473754883,33.60099349975586,34.22763084411621,33.79634864807129,34.15893394470215
testing loss,0.29212377621577335,0.28607405378268314,0.28712121741129804,0.2740829483820842,0.27274386470134443,0.2559997055392999,0.25834956421301913,0.2652132837818219,0.2625742801106893,0.26335127078569853,0.26704241048831207,0.2654374448152689,0.2662595934592761,0.26585265077077425
testing obj,3.188233632307786,34.1579994054941,34.326189297896164,33.25157007804284,34.31779905465933,32.973672756781944,32.937888805682846,33.93940635827872,34.1967767568735,34.27723481104924,33.88722540782048,34.534388285416824,34.06736362897433,34.46116671195397
