Epoch, 3
training loss,0.2914949977262454,0.2854793632572347,0.2859760186888955,0.2749933564527468
training obj,5.057914155179804,41.957679546963085,43.6988252249631,43.781484404477204
validating loss,0.2914477793439742,0.2851869656193641,0.28622042940508935,0.2658573869735964
validating obj,5.055182695388794,44.706886291503906,44.753878993372766,44.361293238978234
testing loss,0.2914652976933427,0.2850158564218386,0.28601544227187087,0.2657560797657554
testing obj,5.01066164332112,44.246765977754364,44.36566360353485,44.03280002864327
