Epoch, 4
training loss,0.2932230853955215,0.28944697718683665,0.28657770790530995,0.2784896347411843,0.2732097064933904
training obj,8.607211027430537,33.85495720036402,35.18301413146364,35.34472230423329,35.43168668018227
validating loss,0.29310831288958705,0.28790119359659594,0.28611617310102594,0.2745308099791061,0.27175776695096215
validating obj,8.718149484590043,35.55898613153502,35.05836202931959,35.25880467614462,35.736662398937135
testing loss,0.293212219379669,0.2880426392305729,0.28616022370582406,0.27485778200071914,0.27195641121198966
testing obj,8.61762279133464,35.192393192025115,34.57241776932118,34.96382014695988,35.07875270621721
