Epoch, 15
training loss,0.2848324051090315,0.25798454471662935,0.2429649689618279,0.2414246119704901,0.23860800587663464,0.23859488467375436,0.23618116010637843,0.23388055697375654,0.23188580981656617,0.23099218805631003,0.23058495392986372,0.22884633552794362,0.22712401315277697,0.2280169707887313,0.22780350902501276,0.22722166864310994
training obj,1.5325847741537901,16.30663549418136,18.867870499106015,19.79725435668347,19.644015835780724,20.013308506385954,20.055645344304104,20.35505148943733,20.009628370696422,19.721114869211235,19.558506367253322,19.486307181564033,19.487419969895306,19.436942568012313,19.914100590874167,19.926253412284105
validating loss,0.2848277858325413,0.24309188979012625,0.2411778633083616,0.23850121242659433,0.237494558095932,0.23709521336214884,0.23465014781270707,0.23263647300856455,0.23111478132861002,0.23263628142220633,0.22972908403192246,0.22738510370254517,0.2265448421239853,0.22765254548617772,0.22734034061431885,0.226877218910626
validating obj,0.9981714316802507,19.235142299107142,19.81189509800502,19.784570966448104,19.83394977024623,20.35694694519043,20.715411049979075,20.401220321655273,20.206600734165736,20.20810454232352,19.692360469273158,19.457143783569336,19.457143783569336,19.499698093959264,20.080006463187082,20.161225182669504
testing loss,0.28482333570718765,0.24361034203320742,0.24154080916196108,0.23872823268175125,0.23779852595180273,0.2374562444165349,0.2351145949214697,0.2331957733258605,0.23181852232664824,0.2331319758668542,0.23012943472713232,0.22771328873932362,0.22683548647910357,0.2281016679480672,0.2275806274265051,0.22713013365864754
testing obj,1.4227023934961687,17.831753373146057,19.5387704372406,19.41285216808319,19.413827121257782,19.842337489128113,20.193880140781403,19.983449637889862,20.074127316474915,19.534665048122406,19.427760183811188,19.383842766284943,19.437428653240204,19.46270054578781,20.010542929172516,19.916557669639587
