Epoch, 3
training loss,0.2824007706422555,0.27998486686693996,0.26710678644870456,0.2662612658582236
training obj,7.333871855233845,38.51255810637223,40.272062494880274,40.85097975479929
validating loss,0.2824372809242319,0.2715746881785216,0.27746400513030867,0.2603687020363631
validating obj,7.5155051460972535,39.19307203646059,41.48425738016764,40.97603359928838
testing loss,0.28242959888703234,0.27150911858322424,0.2775469892615572,0.2604158933556408
testing obj,7.215653695097757,38.28860092163086,41.45286917030265,40.91775337709199
