Epoch, 28
training loss,0.2924030201557355,0.24765688276443726,0.22918576441514185,0.22765456980619675,0.22729816536108652,0.22715284942816466,0.22697978695997825,0.22685437706800607,0.22669158226404434,0.22647881374145165,0.22569801180790633,0.2241781682540209,0.22130221395920485,0.22051980995979065,0.2202643224826226,0.2201913180641639,0.220163834018585,0.2200959324836731,0.22020044941932726,0.22015283505121866,0.22012907495865455,0.22010570554397044,0.22009073560818648,0.22004078061152726,0.22003854524630767,0.22007468380989173,0.22008709743236884,0.2200619948980136,0.22002860235098082
training obj,1.966098237878237,0.0,0.0,0.0,0.0,0.0,0.0,0.0,0.0,0.0,0.0,0.0,0.0,0.0,0.0,0.0,0.0,0.0,0.0,0.0,0.0,0.0,0.0,0.0,0.0,0.0,0.0,0.0,31.5209254973974
validating loss,0.2922937138514085,0.23059961199760437,0.22799836370078,0.22755657678300684,0.22744627432389694,0.22716575454581867,0.22699540718035263,0.22718754546208816,0.22707469219511206,0.22620506449179215,0.2256124656308781,0.22219641235741702,0.22085622088475662,0.2203470996835015,0.22011275454000992,0.22019235789775848,0.2200648771090941,0.21994107961654663,0.2200952944430438,0.21995833787051114,0.22010303356430747,0.21998620575124567,0.22002010453831067,0.21995650638233533,0.21999655934897336,0.22004855085502972,0.22002706879919226,0.2199648686430671,0.22008814865892584
validating obj,0.0,0.0,0.0,0.0,0.0,0.0,0.0,0.0,0.0,0.0,0.0,0.0,0.0,0.0,0.0,0.0,0.0,0.0,0.0,0.0,0.0,0.0,0.0,0.0,0.0,0.0,0.0,0.0,31.730921138416637
testing loss,0.2922776820866958,0.230835924329965,0.22806816321352255,0.22753155101900516,0.22742321439411328,0.22705282853997272,0.22697008563124615,0.2269617701354234,0.22686805867630502,0.22619827415632165,0.22539944363676984,0.2225275272908418,0.22067351509695468,0.22023347668025806,0.219986529453941,0.2201049742491349,0.21991628861945609,0.21983685052913168,0.21997954858385999,0.21989347429379172,0.2200208157300949,0.2199209319508594,0.2199728100196175,0.21986636778582697,0.21989985846954843,0.22005186521488687,0.2199223378430242,0.21979505665924237,0.2199459335078364
testing obj,0.0,0.0,0.0,0.0,0.0,0.0,0.0,0.0,0.0,0.0,0.0,0.0,0.0,0.0,0.0,0.0,0.0,0.0,0.0,0.0,0.0,0.0,0.0,0.0,0.0,0.0,0.0,0.0,31.36949000151261
