Epoch, 4
training loss,0.0,0.2719282227066847,0.22755316100441492,0.20033600295965487,0.19701720688205498,0.1969041835803252
training obj,30.36457523932824,25.24636796804575,0.0,0.0,0.0,29.975331636575554
validating loss,0.0,0.2721846955163138,0.21027334885937826,0.19768438381808145,0.19752523515905654,0.19748622391905105
validating obj,30.800002779279435,0.0,0.0,0.0,0.0,29.623889650617325
testing loss,0.0,0.2719562705606222,0.20969379972666502,0.19696973357349634,0.19676612876355648,0.19671620521694422
testing obj,30.61960506439209,0.0,0.0,0.0,0.0,30.14847683906555
