Epoch, 28
training loss,0.27620623955282114,0.2255588380125283,0.21982229955620686,0.21973270948155452,0.2195529100921868,0.21949508116912034,0.21946854161172263,0.2194813966835286,0.21947586064958302,0.21898654069604173,0.21860961477130147,0.21763577084925215,0.21739597820629508,0.2173675651856735,0.2173377370598626,0.21729017911994525,0.2172637964877705,0.21723373141665916,0.21721367963121435,0.2172216944354402,0.2171837776730963,0.2171738646124716,0.21714318850956393,0.21712903253271082,0.2171334503481617,0.2171306791952101,0.2171244369135738,0.21712997530476522,0.21715002679555429
training obj,22.99208945743108,0.0,0.0,0.0,0.0,0.0,0.0,0.0,0.0,0.0,0.0,0.0,0.0,0.0,0.0,0.0,0.0,0.0,0.0,0.0,0.0,0.0,0.0,0.0,0.0,0.0,0.0,0.0,43.396158175279865
validating loss,0.2763540214300156,0.22014451920986175,0.21992986112833024,0.2198859089612961,0.21975247472524642,0.21963391542434693,0.21969265550374983,0.21975218296051025,0.21963269084692003,0.21881021738052367,0.21867396295070649,0.21764739274978637,0.21763914436101914,0.2176781851053238,0.21761830717325212,0.2176998135447502,0.2175791233778,0.21756503224372864,0.2175553160905838,0.2175254851579666,0.2175040426850319,0.2175467637181282,0.21750026136636735,0.21749110907316208,0.21745772033929825,0.21746332973241805,0.2174921801686287,0.21758880645036696,0.21752303421497346
validating obj,0.0,0.0,0.0,0.0,0.0,0.0,0.0,0.0,0.0,0.0,0.0,0.0,0.0,0.0,0.0,0.0,0.0,0.0,0.0,0.0,0.0,0.0,0.0,0.0,0.0,0.0,0.0,0.0,43.002687759399414
testing loss,0.2760970470974746,0.2198348739772167,0.21964511217422855,0.21957552751291146,0.21943300702039478,0.2193174231978296,0.21940860890069055,0.2194410290532899,0.2193289041808508,0.21855445075960991,0.21843356906789022,0.21741025988916748,0.21740501236568377,0.2174111788423316,0.21736900030987935,0.21743086298692574,0.21731089735494077,0.21730011701583862,0.21732007574687884,0.21728183820988367,0.21726642042687797,0.21729066186738247,0.21726403276897172,0.21725684187365968,0.21724784764850025,0.21726807416642754,0.21724219533424932,0.2172760892550922,0.21725051712642596
testing obj,0.0,0.0,0.0,0.0,0.0,0.0,0.0,0.0,0.0,0.0,0.0,0.0,0.0,0.0,0.0,0.0,0.0,0.0,0.0,0.0,0.0,0.0,0.0,0.0,0.0,0.0,0.0,0.0,43.34645873134576
