Epoch, 5
training loss,0.28838734132678884,0.24473056648122637,0.23242396241740176,0.2305542393342445,0.23057191748368114,0.22823684219467014
training obj,2.8054642618486754,39.702963254639975,42.03462711635389,41.483629317032666,42.27391457306711,43.723264081854566
validating loss,0.2883744775145142,0.23202789850808955,0.22944834524834598,0.2291328520686538,0.2296654463366226,0.22627034976526542
validating obj,2.982844293117523,41.57401791325322,41.40423612241392,41.448434970997,43.303299020837855,43.51885520087348
testing loss,0.28826851035476825,0.23194269480508403,0.22942759055610096,0.22907576279355846,0.22956892055109007,0.22615048467019283
testing obj,2.8289175088252496,41.92855191012041,42.06454336533853,41.72066494303012,43.60355471689767,43.938306196020285
