Epoch, 2
training loss,0.2913471141543526,0.28865697514265776,0.28356229356275153
training obj,7.819604368163989,40.87937321227331,42.22406410253965
validating loss,0.2912934634645106,0.2841943037711968,0.2680582909260766
validating obj,7.794263589180122,42.1931527347888,42.529581813488974
testing loss,0.2913177284101645,0.284096330900987,0.26815778762102127
testing obj,7.968035697937012,42.969687684377035,43.50649560292562
