Epoch, 32
training loss,0.28342124331614066,0.23943793311201292,0.2285388520565526,0.22782124540415302,0.22777505989732413,0.2277431472622115,0.22763259529039778,0.22766771026212593,0.22700270830557265,0.22654839656476317,0.226441683954206,0.22634145694560018,0.22622719856685605,0.22622436863081208,0.22616514216723113,0.22617020008379016,0.22580286076870457,0.22533379096923203,0.22531495281848415,0.22520128958697977,0.22512255249352292,0.22509335199820585,0.22509658683476777,0.2250434223177104,0.22505703298696156,0.225025894313023,0.22502431311997875,0.2250493710924839,0.22502710631695286,0.2250088507245327,0.22506250119928656,0.2251488525291969,0.2251614803641007
training obj,9.373215531480723,0.0,0.0,0.0,0.0,0.0,0.0,0.0,0.0,0.0,0.0,0.0,0.0,0.0,0.0,0.0,0.0,0.0,0.0,0.0,0.0,0.0,0.0,0.0,0.0,0.0,0.0,0.0,0.0,0.0,0.0,0.0,27.25154266686275
validating loss,0.28369043581187725,0.22939602844417095,0.22831527516245842,0.2282569296658039,0.22795584704726934,0.2280681161209941,0.22779866587370634,0.22774804662913084,0.22697008028626442,0.22674280405044556,0.22671401966363192,0.22658368200063705,0.22643195930868387,0.22642744798213243,0.22633061092346907,0.2263288041576743,0.22568419203162193,0.22565092146396637,0.22556114476174116,0.22539917938411236,0.22534544486552477,0.2254286389797926,0.22544268891215324,0.22530349623411894,0.22523685451596975,0.2252557808533311,0.22531941439956427,0.22533000074326992,0.22536365874111652,0.225303677842021,0.2252915119752288,0.2260955609381199,0.22545711789280176
validating obj,0.0,0.0,0.0,0.0,0.0,0.0,0.0,0.0,0.0,0.0,0.0,0.0,0.0,0.0,0.0,0.0,0.0,0.0,0.0,0.0,0.0,0.0,0.0,0.0,0.0,0.0,0.0,0.0,0.0,0.0,0.0,0.0,27.090059399604797
testing loss,0.2832858324050903,0.22915087640285492,0.22795716268675667,0.22787655081067767,0.22763512432575225,0.227761743749891,0.22757743980203357,0.22761852060045515,0.226800879410335,0.22647779754229955,0.22646602307047162,0.22632671339171273,0.22624770700931549,0.2262869255883353,0.22621454553944723,0.22619910197598594,0.22549805556024824,0.2253374912909099,0.22534416786261968,0.2252607149737222,0.22515864499977656,0.22522006332874298,0.22523763860974994,0.22516159926142013,0.22520163570131574,0.22514017352036067,0.2252036711999348,0.22515613564423154,0.22520922124385834,0.22516135275363922,0.22518619554383415,0.225956124493054,0.22527643186705454
testing obj,0.0,0.0,0.0,0.0,0.0,0.0,0.0,0.0,0.0,0.0,0.0,0.0,0.0,0.0,0.0,0.0,0.0,0.0,0.0,0.0,0.0,0.0,0.0,0.0,0.0,0.0,0.0,0.0,0.0,0.0,0.0,0.0,28.048965454101562
