Epoch, 8
training loss,0.28919334346918685,0.23542016239738778,0.22973397555515954,0.22958274087623545,0.22894797091813465,0.22944138855918458,0.22905520276215516,0.22763733761875252,0.22694699578967534
training obj,0.053657897256520364,13.922563032781165,27.356328462299548,27.751712617121246,27.75616687849948,30.35323971823642,32.452258906866376,32.48470808957752,34.04249996260593
validating loss,0.2890550452609395,0.22980754008126814,0.22916866700316585,0.2290896038676417,0.22863765060901642,0.22878338015356728,0.2277949722700341,0.22695663294126822,0.2257455597783244
validating obj,0.04424966977998262,27.8740945860397,28.662577118984487,28.644968387692472,28.65171845014705,32.55818695245787,32.84027565357297,32.796312287796376,35.30188498386117
testing loss,0.2891648814759471,0.23009918511591174,0.22951312786476177,0.22930052690207958,0.22883602519604293,0.22885040752589703,0.22795079783959823,0.22710664858194915,0.22585366378453645
testing obj,0.06560975282031035,27.286031874743376,28.04093941775235,28.014623381874777,28.021944349462334,32.56413034959273,32.75798791105097,32.76732657172463,34.66190580888228
