Epoch, 4
training loss,0.2885705730981297,0.2361147294441859,0.22861397796207003,0.2277834401362472,0.22763203697072135
training obj,0.01530641328329696,26.893363320245832,30.534236754311454,30.642594692442152,30.676371876398722
validating loss,0.2885642466591854,0.2286774197629854,0.2276096644939161,0.22723847306242176,0.22737342674358219
validating obj,5.7777998934858725e-12,28.709897134878208,30.768317727481616,31.012758853388767,31.09022881002987
testing loss,0.2885684021390401,0.22875530229738125,0.2277016853197263,0.22736640417805085,0.2274951790101253
testing obj,0.004807692315438991,30.222324334660154,30.68783767406757,30.541974727924053,30.699445742827194
