Epoch, 31
training loss,0.28193352141498046,0.23539136276568895,0.2231966295727977,0.22107769769650917,0.21898243806244413,0.21421097660506214,0.2131370272901323,0.21288724059675945,0.21261830591125253,0.21245554475872605,0.2123473568095101,0.2122025208340751,0.2119923057379546,0.21194477949613405,0.21177876694702807,0.21157430590670787,0.21140411054646527,0.21124566134847242,0.21113837685114073,0.21087549700413222,0.21076283944241794,0.21062460946448056,0.2105962492433595,0.21039347534562336,0.21029004822542638,0.21033994706324588,0.2101160768005583,0.21002082011581938,0.21001676589618495,0.20991734479680474,0.20976814830008847,0.20953834369594668
training obj,4.344671336956966,0.0,0.0,0.0,0.0,0.0,0.0,0.0,0.0,0.0,0.0,0.0,0.0,0.0,0.0,0.0,0.0,0.0,0.0,0.0,0.0,0.0,0.0,0.0,0.0,0.0,0.0,0.0,0.0,0.0,0.0,35.67172516716851
validating loss,0.28183615749532526,0.22534695132212204,0.22290290892124176,0.2213971736756238,0.21809948709878055,0.21491200815547595,0.2146448018875989,0.2145532789555463,0.21459155055609616,0.21467495912855322,0.21447050435976547,0.2143996371464296,0.2143907438624989,0.21412478387355804,0.21427250314842572,0.2141897353259,0.21424699100581082,0.21438440680503845,0.21430464224381882,0.21413582834330472,0.2138747274875641,0.21402380005879837,0.21419024738398465,0.21441895176063885,0.21413558721542358,0.21422804350202734,0.21416779539801858,0.21451710570942273,0.21424208987842908,0.21432951634580438,0.21447776528921994,0.21417714926329526
validating obj,0.0,0.0,0.0,0.0,0.0,0.0,0.0,0.0,0.0,0.0,0.0,0.0,0.0,0.0,0.0,0.0,0.0,0.0,0.0,0.0,0.0,0.0,0.0,0.0,0.0,0.0,0.0,0.0,0.0,0.0,0.0,35.93828305331144
testing loss,0.2816848945617676,0.22449073016643525,0.22212212324142455,0.22042284846305849,0.21701481580734253,0.21379897832870484,0.21341196715831756,0.21344101548194885,0.2133258229494095,0.2132699656486511,0.21320320844650267,0.2132991248369217,0.21310552656650544,0.21311369001865388,0.21303976118564605,0.21311043381690978,0.21293399572372437,0.21300508975982665,0.21307262063026428,0.21280262649059295,0.2128149151802063,0.21290414154529572,0.21277829349040986,0.21328666627407075,0.2131846898794174,0.21306526839733123,0.21315361738204955,0.21338783502578734,0.21319537341594696,0.2132555675506592,0.21322422444820405,0.21300201535224914
testing obj,0.0,0.0,0.0,0.0,0.0,0.0,0.0,0.0,0.0,0.0,0.0,0.0,0.0,0.0,0.0,0.0,0.0,0.0,0.0,0.0,0.0,0.0,0.0,0.0,0.0,0.0,0.0,0.0,0.0,0.0,0.0,36.21133537292481
