Epoch, 2
training loss,0.29876133663436544,0.2928206496155606,0.2735193478516661
training obj,12.909034672837992,42.6526870486828,43.75621332228184
validating loss,0.2988116844730862,0.2718924425416074,0.2728905107005168
validating obj,12.944993285809533,44.51039718369306,44.445745662107306
testing loss,0.29878738397833693,0.27203484222479946,0.2722989585110333
testing obj,12.893936456496746,44.29186497772089,44.24284049955871
