Epoch, 16
training loss,0.2871287113853863,0.27254472247191835,0.24600358733109065,0.23420595484120504,0.2333705723285675,0.23353727853723935,0.23224482206361635,0.23233807672347342,0.23147288443786757,0.2306651079228946,0.22954853624105453,0.22886515568409646,0.2282437847128936,0.22781070375016757,0.22765411170465605,0.22755935841373034,0.2274729779788426
training obj,9.47857131276812,16.259907909802028,16.896286215100968,16.528960364205496,15.845319134848458,16.1647698198046,16.99591585568019,16.87766671180725,16.873689208711898,16.898503882544382,16.6137957913535,15.963285888944354,16.02862514768328,16.134409427642822,16.22253962925502,16.254317624228342,16.254310028893606
validating loss,0.28696558624505997,0.2548401281237602,0.2367865853011608,0.23161981254816055,0.23285583406686783,0.23308908566832542,0.23153629153966904,0.23221968114376068,0.23058897629380226,0.22988583147525787,0.2296222634613514,0.22821198031306267,0.22789586707949638,0.2277769036591053,0.2277275286614895,0.22751649096608162,0.22737275436520576
validating obj,11.924999475479126,18.050333499908447,14.837190628051758,12.410527229309082,16.32865834236145,17.464171409606934,17.261881351470947,17.283219814300537,16.96542763710022,17.18263530731201,16.97379422187805,16.52500009536743,16.52500009536743,16.52500009536743,16.52500009536743,16.52500009536743,16.52500009536743
testing loss,0.28689223527908325,0.2548999653922187,0.23646165264977348,0.23151044878694746,0.23278999990887111,0.23278426792886522,0.2313059320052465,0.23203071620729235,0.23029561009671953,0.22950376239087847,0.22915223406420815,0.2278236432207955,0.22756747570302752,0.22743992507457733,0.22739214698473612,0.22718367808394963,0.22704998817708757
testing obj,11.277777671813965,18.367350366380478,13.895749198065865,12.374502817789713,15.21806197696262,17.80658064948188,17.608549224005806,17.847324053446453,17.52674886915419,17.914099799262154,17.810923470391167,17.03333356645372,17.144444465637207,17.344444380866157,17.344444380866157,17.344444380866157,17.144444465637207
