Epoch, 3
training loss,0.28780853131897427,0.23071807571965405,0.2265060834140859,0.22535413310059116
training obj,0.06205128248546812,16.500349524720612,34.17259497683273,41.10409767281296
validating loss,0.2877412420439433,0.22702268807284803,0.22642382261264754,0.22215672501598496
validating obj,0.04939759075714001,24.634428805615528,35.46509510637766,43.65301054069795
testing loss,0.28770942240953445,0.2270072138912621,0.22647929989865848,0.22220606507644766
testing obj,0.03630952414960118,24.77764593987238,34.97823751540411,43.074403024855116
