Epoch, 8
training loss,0.2945650800058011,0.2920229219821062,0.2841300827063871,0.2824345465456502,0.2791764520192414,0.2748338355776969,0.27454075861847804,0.27753008157014847,0.2997595275218567
training obj,17.70369108339374,38.17486389031571,38.79724204674196,38.81835822141572,38.67500870951106,38.548390238472585,38.588430179638806,37.63154193256678,38.819371769937234
validating loss,0.2946455276012421,0.2846574342250824,0.28383137345314025,0.2800789988040924,0.2751947623491287,0.28338132381439207,0.25135466277599333,0.3017675811052322,0.29875472545623777
validating obj,17.731969299316408,38.00187721252441,39.11024337768555,39.19652397155762,38.66101547241211,37.9269393157959,39.12791633605957,39.221550140380856,39.22326522827149
testing loss,0.29462503605675927,0.2846336494950415,0.28386498365587404,0.28005411642269024,0.27525972972795804,0.28328297757407994,0.25161357773739157,0.30185614685410433,0.29870225040658005
testing obj,17.842986727223813,37.90756164476709,39.2730176981213,39.34229460040343,38.73287223149272,37.99980015430636,39.19982228695768,39.35331507562434,39.36624460312927
