Epoch, 7
training loss,0.28689443795563946,0.23465123703313429,0.2301609566969465,0.22962664706916464,0.22777058734758263,0.22764184146888497,0.2272240009341745,0.22767604290668972
training obj,0.6205926985991078,24.93875612946758,42.03111370096527,42.024211099905564,42.03172313581757,42.06380903258804,42.070046530829536,41.85510130199659
validating loss,0.28694127743894404,0.23092367161404004,0.23062863431193611,0.22896241356026042,0.2275909356095574,0.22781300842761992,0.22730580974708903,0.22741356464949522
validating obj,0.4618181841073438,42.390371357310904,42.393495455655184,42.35597714510831,42.38631404529918,42.33995895385742,41.98499998612837,42.36112740256569
testing loss,0.28691838963611704,0.2308386434037406,0.2301040675726023,0.2286744276145557,0.22751200333371893,0.22770276853630134,0.22720744252741873,0.2273148115690764
testing obj,0.5287585890933021,42.45974219382346,42.467085039293444,42.45941206786009,42.40856864860466,42.434417209109746,42.29618228877987,42.40601077380481
