Epoch, 6
training loss,0.28804936876861,0.28614867134119876,0.2826420450082389,0.27348015914040225,0.27115060960520126,0.2741681481027261,0.27485386172716764
training obj,7.849679087225255,43.479856729507446,44.856816903664644,45.06765257927679,44.735363447537985,44.51541600517902,44.98118201977036
validating loss,0.28807608311689353,0.2822143967393078,0.28021699152415314,0.2746125719969786,0.2699099141585676,0.2656448898436148,0.2836939326570004
validating obj,7.746104626715938,44.34703793103182,45.33429645586617,44.115449494953396,45.48255505139315,44.85231906552858,45.55809914311276
testing loss,0.2881301458207717,0.28221876798949624,0.28010896496150806,0.274680594294708,0.2700389721748992,0.2655730773203121,0.28355659387126475
testing obj,7.812776962422436,44.31367885992394,45.532079163545404,44.337770331720385,45.74634099450911,44.80041264599154,45.78576233668357
