Epoch, 4
training loss,0.0,0.28874246055080044,0.2419635586200222,0.22318490594625473,0.21986280934464547,0.2142337668807276
training obj,39.87688858278336,5.48251106854408,0.0,0.0,0.0,36.85084561378725
validating loss,0.0,0.28921666741371155,0.2255382455057568,0.22114123072889116,0.21785042186578116,0.21101900769604576
validating obj,39.35684373643663,0.0,0.0,0.0,0.0,37.12416881985135
testing loss,0.0,0.2886213691611039,0.2257407723288787,0.22112673207333214,0.2180021954210181,0.21134953671380094
testing obj,39.019691467285156,0.0,0.0,0.0,0.0,36.63978054648951
