Epoch, 20
training loss,0.2905443554021874,0.28079442501763213,0.2827281483582088,0.28563549497732266,0.2865659396432927,0.2753436647942045,0.2721576639410358,0.2722443859187924,0.26763519088658927,0.2636346459910056,0.25941396124508914,0.2541475687881948,0.2747903688221562,0.2677388802909295,0.24875085112304798,0.2452561158046083,0.24723944411159604,0.2554810757018387,0.25593726063261224,0.2528243288615007,0.2446927657627851
training obj,3.49485160936072,38.5486485735668,41.35519870724692,41.381285080756804,41.23042237306823,41.035196376611474,41.078034982041785,41.18804894939456,40.7175152725798,40.850264346286785,40.941922891244246,40.988529188639916,41.08947041013845,41.15569548982226,41.16646563694012,40.816568335708304,41.03741664163573,41.26699746801971,41.180797760410144,41.3230302271273,41.182614334818226
validating loss,0.2905468496741081,0.2783141488931617,0.28221490735910376,0.2903220154801194,0.2767145609369083,0.27557903589034566,0.27246225001860636,0.2665279039314815,0.26455865405043777,0.2558512505219907,0.25426213534510866,0.2507099351104425,0.2669944732773061,0.2650575169495174,0.24496519474350675,0.2506234338697122,0.24688289572997968,0.2615593465007081,0.24990430900028773,0.24618291702805734,0.24547113417362681
validating obj,3.4891262297727623,41.925826948516224,41.96397937073999,41.63095365251814,41.70328475017937,41.847860920185944,41.99363218035017,40.67031190833267,41.83549569577587,41.88702260231485,41.58858848104671,41.82601508315729,41.78182018046476,42.03290659067582,42.009895091154135,41.04275131225586,41.23106820242746,40.85117853904257,41.509630553576415,41.45164225052814,41.61285641728615
testing loss,0.29056782260233044,0.2782105210484291,0.28205070446948616,0.290218783580527,0.27673713558790636,0.2756320134717591,0.272415750488943,0.26658749215456906,0.2645259882722582,0.2560344606029744,0.2544000866461773,0.2507308640954446,0.2674124630130067,0.265537683756984,0.2451529609305518,0.25065333396196365,0.247045920515547,0.26188127453229865,0.25020541661247914,0.24641920915063548,0.2455199138850582
testing obj,3.497284478070785,41.70217809871752,41.754219405505125,41.40058435712542,41.267719696979135,41.49984359741211,41.74640165056501,40.685173968879546,41.59357098170689,41.636653082711355,41.33607630826989,41.593063588045084,41.58525782215352,41.769457836540376,41.78569637999243,40.820353605309315,40.99581951997718,40.67673508001833,41.27893868271185,41.295342737314655,41.374028381036254
