Epoch, 11
training loss,0.28314044783192294,0.2302437509580325,0.22138834947646732,0.21958556554971204,0.21821499418293702,0.21792644756348756,0.21785290525912385,0.21777645557264275,0.21826992838186174,0.2183485817311058,0.21845101573133982,0.21826278575859617
training obj,1.739022627780059,40.73668410647727,39.925446055696,40.186221143250826,40.59104770400618,40.59691956222698,40.602472804353226,40.60356105954843,41.99281779326846,42.65853297325872,42.671320433257726,42.29987953897018
validating loss,0.282994248444521,0.22266943828214572,0.220304365022273,0.21845393976833247,0.2177657711354992,0.21773591845095913,0.21762245289887053,0.217579972329019,0.21763466355166858,0.21939172152476974,0.21919857984102226,0.21795278825337375
validating obj,1.831978162444091,40.74739905248715,38.65407979941066,39.67721335495575,40.143513450139686,40.6165858884401,40.48127693465993,40.61591590205325,42.82585713833193,42.64852876301053,42.25857534287851,39.83037769945362
testing loss,0.2831291273143721,0.22266429764513643,0.22030777572104648,0.2184702602232465,0.21783539014203207,0.21781314261581586,0.21771574705283833,0.21766438062146584,0.21772405745820228,0.21952501531713497,0.21932419403369383,0.21805136831280608
testing obj,1.7527569716114786,40.81923554698873,38.28161098646081,39.34906753397876,39.79625617791407,40.5256190329605,40.37992313929966,40.553709065692026,42.8766653167535,42.52339094173834,42.557733334369544,39.51428479733674
