Epoch, 23
training loss,0.28406787366183545,0.2345881620771649,0.22903361591055937,0.22786958571587,0.22772450455219673,0.22695901089764292,0.2252673690839839,0.22481769384377645,0.22439140396720314,0.22434904800136748,0.2243726396926841,0.22432639355748993,0.22420631394858245,0.22414342270776275,0.2241243792271858,0.22410983721957678,0.22410482559798114,0.2241026945285016,0.22409833865971288,0.2240922542562257,0.22408930046973374,0.22408034166785232,0.22404510128620134,0.22393733980102343
training obj,1.2414363308367875,0.0,0.0,0.0,0.0,0.0,0.0,0.0,0.0,0.0,0.0,0.0,0.0,0.0,0.0,0.0,0.0,0.0,0.0,0.0,0.0,0.0,0.0,0.0
validating loss,0.284046165826844,0.22959953437491162,0.22824753057665942,0.22881661973348477,0.22785523206722447,0.22615922115197995,0.22499830003191784,0.22449905843269535,0.22430599244629465,0.2244811523251417,0.22464979748900343,0.22425770069040904,0.22409990575255417,0.22421041349085366,0.22412834843484367,0.22412780654139636,0.22412366728957106,0.22418718039989471,0.2241050164874007,0.2240997552871704,0.22413633800134425,0.22408081663817894,0.2240061574592823,0.22386139849337136
validating obj,0.0,0.0,0.0,0.0,0.0,0.0,0.0,0.0,0.0,0.0,0.0,0.0,0.0,0.0,0.0,0.0,0.0,0.0,0.0,0.0,0.0,0.0,0.0,0.0
testing loss,0.2839695800753201,0.2296715210465824,0.2281645764322842,0.2287330127814237,0.22778228293446934,0.22601989455082838,0.22506698668003083,0.2245806294329026,0.22440307438373566,0.22448246777057648,0.22466369183624493,0.224301979822271,0.2241989098927554,0.2242533317383598,0.2241952252738616,0.2241808426730773,0.2241814416997573,0.2242073488586089,0.22416526412262636,0.22416444420814513,0.2241667412659701,0.2241398835883421,0.22407681100508747,0.22396003901958467
testing obj,0.0,0.0,0.0,0.0,0.0,0.0,0.0,0.0,0.0,0.0,0.0,0.0,0.0,0.0,0.0,0.0,0.0,0.0,0.0,0.0,0.0,0.0,0.0,0.0
