Epoch, 5
training loss,0.29239207215537966,0.23360173556457733,0.22433367304665386,0.22413926940676598,0.22404130462891547,0.2239717174748149
training obj,0.46613745045682575,29.61552055425725,35.09892805589611,35.09893460170403,35.09893508592257,35.09893225147259
validating loss,0.2923917086875957,0.22442933317759764,0.22408386530435603,0.22399744877348776,0.2239077986906404,0.223878249687993
validating obj,0.4510869579197898,35.48912883841473,35.48912883841473,35.48912883841473,35.48912883841473,35.48912883841473
testing loss,0.29241987692343224,0.2245447580878799,0.22419647542206017,0.2241100769590687,0.22400986197832468,0.22396712568966118
testing obj,0.47400834743936415,35.03297132543615,35.03297132543615,35.03297132543615,35.03297132543615,35.03297132543615
