Epoch, 2
training loss,0.2961146675693202,0.23610998622051954,0.23079860845798164
training obj,0.017108782900169206,36.038412479231525,46.68448201290847
validating loss,0.2961836698509398,0.2316841436993508,0.2297622813355355
validating obj,0.007865805977257712,46.43783778236026,45.23423353830973
testing loss,0.2961146456353805,0.23175705408348757,0.22979242976974038
testing obj,0.018025059043094708,47.35025085000431,46.48121952730067
