Epoch, 4
training loss,0.0,0.2844342030897862,0.23542206477718192,0.22175400898236186,0.21558387953193248,0.21476117189691848
training obj,39.13983442803391,2.457983210620259,0.0,0.0,0.0,37.55543665525292
validating loss,0.0,0.28453071503078237,0.22413699328899384,0.22165181268663967,0.21436967130969553,0.21468174632857828
validating obj,39.4186731226304,0.0,0.0,0.0,0.0,37.9766960144043
testing loss,0.0,0.2846381085259574,0.224357813170978,0.2218955452953066,0.21453254776341574,0.21469940202576773
testing obj,39.583800724574495,0.0,0.0,0.0,0.0,37.62846597943987
