Epoch, 4
training loss,0.0,0.2921882679900237,0.2264786353746874,0.22077255409243887,0.21317139933858298,0.21301755226686991
training obj,44.86063612034891,0.7312650350483817,0.0,0.0,0.0,42.585079454742704
validating loss,0.0,0.29241076577454805,0.22156578535214067,0.21800538711249828,0.2132163809146732,0.2131550805643201
validating obj,44.694436609745026,0.0,0.0,0.0,0.0,42.8724724650383
testing loss,0.0,0.2922219157218933,0.22122189345268103,0.21776622327474449,0.21302007287740707,0.21293758772886717
testing obj,44.94449952932504,0.0,0.0,0.0,0.0,43.22985775287335
