Epoch, 4
training loss,0.0,0.2905443554021874,0.23230083634311186,0.22711261642048727,0.22440971464526896,0.22173518880810753
training obj,42.90586128457294,2.727892536724274,0.0,0.0,0.0,35.76883918828936
validating loss,0.0,0.2905468496741081,0.2272678157504724,0.22680931036569635,0.2221861192766501,0.2217751245717613
validating obj,43.32566965842734,0.0,0.0,0.0,0.0,35.68892895445532
testing loss,0.0,0.29056782260233044,0.22735513746738434,0.22681867635371733,0.2224059995948052,0.22178893475508205
testing obj,42.90521035875593,0.0,0.0,0.0,0.0,35.26641874897237
