Epoch, 12
training loss,0.29518689658190755,0.23108599158759052,0.22701810255042604,0.226969528993642,0.22642098505654046,0.2254285202235789,0.2253525241001232,0.22409520441716588,0.22382538154016476,0.22340967667263908,0.2231933332576945,0.2228228425909136,0.22247330250369535
training obj,10.301334903852359,0.0,0.0,0.0,0.0,0.0,0.0,0.0,0.0,0.0,0.0,0.0,0.0
validating loss,0.295242102373214,0.22719972083965936,0.22715572675778753,0.22697062258209502,0.22583272733858653,0.2256355518031688,0.22499566791313036,0.22402324970989002,0.2238705772019568,0.2233509212022736,0.22327299717636334,0.22289011680654117,0.22260491638666108
validating obj,0.0,0.0,0.0,0.0,0.0,0.0,0.0,0.0,0.0,0.0,0.0,0.0,0.0
testing loss,0.29522677036056744,0.22719237164795747,0.22710052995305313,0.226960707826224,0.22575134169637112,0.22551168658231435,0.22490105712622926,0.22385565953993658,0.22366719575304733,0.22316777488293008,0.22308682733111912,0.22271533929116544,0.2224020666894857
testing obj,0.0,0.0,0.0,0.0,0.0,0.0,0.0,0.0,0.0,0.0,0.0,0.0,0.0
