Epoch, 2
training loss,0.28830266682205685,0.24512260332861777,0.22876998690409772
training obj,2.838457680368626,41.84828780056818,45.497017749049355
validating loss,0.2883080008314617,0.23141511029271938,0.22771499806375645
validating obj,3.0097390533383215,45.68349815482524,45.636186685135115
testing loss,0.288373554415173,0.23150917987028757,0.2277832516917476
testing obj,2.721076116738496,45.8143061319987,45.84826951203523
