Epoch, 4
training loss,0.2879457079092329,0.23481666246842142,0.23456498693721564,0.23017939198840112,0.23077439579130715
training obj,0.09695816534510188,23.08208757463417,32.555970790495934,33.94142577837701,34.34046877378201
validating loss,0.2879176065325737,0.23198834653286374,0.23152713017428622,0.2294761799275875,0.2315459330292309
validating obj,0.09222428392749309,29.537840646855972,33.88960252088659,34.10054913689108,35.33950236264397
testing loss,0.28799127705775907,0.23196125639616139,0.23157964233499373,0.22951283322198548,0.2315707671163726
testing obj,0.09059546584808902,29.51441546252174,33.67436532904632,33.66376115283827,35.24086052831942
