Epoch, 5
training loss,0.28425127669149153,0.28127524427757095,0.27389121325337074,0.27107471214488116,0.2727992962264594,0.28389446131440976
training obj,11.934490067016736,43.181727657781266,43.87557102565471,44.153428189275544,43.716604502258974,44.12543559548081
validating loss,0.284441445954144,0.2763814511708915,0.26756731513887644,0.2734168330207467,0.2873866790905595,0.2833496257662773
validating obj,11.743770465254784,43.981766641139984,43.97540736198425,43.99925935268402,43.98154127597809,44.136126697063446
testing loss,0.2846715866609384,0.27657200452935604,0.2675288255888087,0.2732886030473782,0.2871774890040623,0.2831920508209986
testing obj,11.795702257229172,44.39976676183802,44.392732838637954,44.33085827427056,44.388453767499854,44.460112040279476
