Epoch, 7
training loss,0.2828360672732045,0.2814381470656335,0.27264721433919176,0.27480977138779816,0.2801522676060373,0.27209098230029705,0.27131950041106473,0.2694857222842692
training obj,10.364262069377087,38.1058307972767,39.57994584391888,39.701924163894844,39.74530369177797,40.064238976117664,39.82129883825928,39.888554264728285
validating loss,0.2828304615982792,0.27193393257626314,0.2689623383053562,0.28644161841325594,0.27344938066967744,0.27094110114532605,0.26815934087100785,0.26826086744927524
validating obj,10.346415452789842,40.53153744078519,39.5295026678788,40.88224792480469,40.58492968375223,40.49293083057069,39.971869150797524,40.60482192457768
testing loss,0.2827839439329894,0.27229937081751615,0.26895649770031804,0.28637379433797755,0.2734537513359733,0.27065397734227387,0.2681048657583154,0.26852268187896067
testing obj,10.448598272904105,40.72904460741126,39.77176908410114,41.15207761681598,40.8102272697117,40.842832880434784,40.12294855532439,40.85372599726138
