Epoch, 4
training loss,0.0,0.28701207240422566,0.26486735343933104,0.23588717182477315,0.22431080540021262,0.22230400641759238
training obj,32.37605069478353,6.139466762542725,0.0,0.0,0.0,25.33247210184733
validating loss,0.0,0.28765322268009186,0.24972514063119888,0.2292684093117714,0.22329307347536087,0.22241110354661942
validating obj,32.70673942565918,0.0,0.0,0.0,0.0,24.542856216430664
testing loss,0.0,0.28695048689842223,0.24829021692276002,0.22803935408592224,0.22325039207935332,0.22231007218360901
testing obj,31.494383239746092,0.0,0.0,0.0,0.0,24.99894599914551
