Epoch, 2
training loss,0.2886103748859844,0.285048616472437,0.2743774974387697
training obj,5.8824001754202495,32.393234336002365,34.933855668177586
validating loss,0.2885367644996178,0.28372204376430044,0.27144220834825095
validating obj,5.905772720895162,35.01370062479159,35.537632174608184
testing loss,0.28858483637251503,0.28366810301455053,0.2713755801683519
testing obj,5.88853086494818,35.23461886150081,35.57438659667969
