Epoch, 3
training loss,0.28817744368598575,0.24356122204945202,0.22699109188147953,0.22620685033145405
training obj,0.1505299398213147,34.100092361193326,34.58415344783238,34.540041287740074
validating loss,0.2881733606259028,0.227736879636844,0.2265448734164238,0.22724759007493656
validating obj,0.09674443406857,34.04798205693563,34.118332068125405,34.42594130833944
testing loss,0.2881922719379266,0.22777826686700184,0.22653305443624655,0.22726542266706626
testing obj,0.18395955695408953,34.03095477422078,34.22168776194255,34.40576481819153
