Epoch, 6
training loss,0.2848078065715537,0.23332331795513803,0.2337536730666669,0.2299957217847236,0.22893644126416626,0.22876484541796813,0.22730659708509526
training obj,0.12302759565582512,21.075662643058013,34.71265042549595,34.8952789801342,34.65934469239512,34.92065662197146,34.907188080229744
validating loss,0.28483426388429134,0.233254502014238,0.23062512673893754,0.22913175213093662,0.23282389342784882,0.22929584341389792,0.2268295540493362
validating obj,0.19517222352234134,34.04499801324339,35.25323941756268,34.25477471643565,35.02271037199059,35.0343747820173,34.78664425441197
testing loss,0.28490978479385376,0.233497454226017,0.23058864042162897,0.2290640152990818,0.23261329799890518,0.22926799342036247,0.22686636999249457
testing obj,0.11468578145787754,34.33891717910767,34.9626513671875,34.21958059310913,34.92335353851318,34.96736949920654,34.68923120498657
