Epoch, 20
training loss,0.28780853131897427,0.23071807571965405,0.2265060834140859,0.22535413310059116,0.22219240874306767,0.22184654051422054,0.22185434518206834,0.2212870072095822,0.2218424621046099,0.22142851232972918,0.22101336024765275,0.22093879509175945,0.2209092832273907,0.22088500915938972,0.2208621646858688,0.22119089968693562,0.22336428679971612,0.22285781097717774,0.22245278521480724,0.22220844863316952,0.2223936157603549
training obj,0.06205128248546812,16.500349524720612,34.17259497683273,41.10409767281296,43.08269029601007,43.09332445258768,43.089666066618044,43.09881230215741,43.07694730514135,43.098813912807366,43.098810319819,43.09881224346976,43.10351369808882,43.10142345591488,43.10449608370789,43.559902037922136,49.41064979357597,49.42602968134432,49.43750496236687,49.43962680784046,49.422741210154996
validating loss,0.2877412420439433,0.22702268807284803,0.22642382261264754,0.22215672501598496,0.22158296783286405,0.2218129891588027,0.2214450782322022,0.2208547961999135,0.22162592105836754,0.22089464370026646,0.22074925414769045,0.22073060651141477,0.2207171604575881,0.22068996314542838,0.22066679902105446,0.22325053218617497,0.22260281910379248,0.22251001592860165,0.22211272709340935,0.2219486532800169,0.2225622515003365
validating obj,0.04939759075714001,24.634428805615528,35.46509510637766,43.65301054069795,43.65301054069795,43.65301054069795,43.65301054069795,43.66856724382883,43.65301054069795,43.65301054069795,43.65301054069795,43.65301054069795,43.66031403139413,43.65301054069795,43.667115774499365,49.3741781855204,50.355622716696864,50.384543729115684,50.38456767438406,50.30966508244894,50.3144462309688
testing loss,0.28770942240953445,0.2270072138912621,0.22647929989865848,0.22220606507644766,0.2216266794573693,0.22182175463863782,0.22147727766562075,0.22089064981611,0.22167280786449,0.22095169455167793,0.22079188438753286,0.2207639060382332,0.22074529386702038,0.22071287656823793,0.22070015842715898,0.22327188091973463,0.2225730408515249,0.22252415830180758,0.2221066557935306,0.2219593638465518,0.2225444441040357
testing obj,0.03630952414960118,24.77764593987238,34.97823751540411,43.074403024855116,43.24905138924008,43.27678392046974,43.27678392046974,43.28724804378691,43.276784578959145,43.27678392046974,43.28739586330595,43.27678392046974,43.287355831691194,43.28853750228882,43.28930096399216,48.872113000778924,49.634429591042654,49.65393924713135,49.726239317939395,49.42477550960722,49.438955352419896
