Epoch, 4
training loss,0.28593523498577406,0.23475275881871394,0.23019807785749435,0.22869985357304162,0.22632345543066157
training obj,0.08778859753973275,22.01547667325837,41.42027993745442,41.7718772163874,41.77119969718064
validating loss,0.28588118685616387,0.2294570548666848,0.22841124965084925,0.22703092429373,0.22573811643653446
validating obj,0.03891565528802641,38.86321055094401,41.68860041300456,41.65008358425564,41.64848225911458
testing loss,0.285947920529397,0.22941569263463493,0.22834677191881034,0.22700476531799024,0.22577042124428592
testing obj,0.07032967075367454,39.19846398489816,41.740560552576085,41.69466748080411,41.68791047819368
