Epoch, 14
training loss,0.28746213184462654,0.28339505938438325,0.28102156761530284,0.2779637867802972,0.2792165133509192,0.27885980792231746,0.2775916387368967,0.2761220887258604,0.2753264009952545,0.2738748191892206,0.27245918551722803,0.27425447258505375,0.2728068896600076,0.27101365671501504,0.27062275012334186
training obj,4.9953389575889515,37.39994680845702,39.672710796734236,39.596547736777914,39.49512305846801,39.53019267016345,39.54610550224602,39.548060838166656,39.60391457016404,39.56756087180015,39.615683799033405,39.65389813030804,39.62635191496428,39.6696775167196,39.70876632438408
validating loss,0.28748383864443355,0.28280082852282423,0.27897639857961776,0.27713925534106315,0.27939767596569465,0.27857435954378007,0.2769735747195305,0.2761652387203054,0.2736754468146791,0.2731864940612874,0.2736545008547763,0.2733423564028233,0.269761268762832,0.27158556529816164,0.2703599815673016
validating obj,5.112285893014136,40.92470160951006,40.86767910896464,40.61063084703811,40.707444211269944,40.71225973900328,40.84614619802922,40.92347571190367,40.93652043444045,40.86178686263713,40.477514956859835,40.88156761007106,40.72607129685422,40.849991575200505,40.771944086602396
testing loss,0.28741540583138614,0.28268958643539666,0.27896283766658037,0.27702798241192533,0.2793194138512169,0.27849528439266164,0.27685872857103644,0.27596332455418776,0.2734936352857609,0.27303194999694824,0.27363608885057195,0.2733197617776615,0.26967675599855245,0.2715156499258022,0.2702519454292415
testing obj,5.104364478711,40.51981589720421,40.47715181173737,40.18944223148306,40.27994002509363,40.31001501968227,40.40755675011074,40.51756141112023,40.50508986797529,40.437720859173645,40.02667971738835,40.47682677593428,40.31062124193329,40.403020917754816,40.3579026448358
