Epoch, 14
training loss,0.28159541100786445,0.2699056649417208,0.2633522416067402,0.267771649778935,0.2717416959199292,0.2767462634552292,0.2775661309211575,0.27852431148813483,0.2854198417816943,0.2871055315461075,0.28110707573026245,0.2810694756563644,0.28027365395897313,0.2790324745471017,0.27657900410786007
training obj,12.727522995039733,35.139194081401264,36.60757861221046,37.01650195651584,37.38236626965261,37.55105443586383,37.74873890793114,37.68304280509726,37.40345357036033,37.39775935390539,37.24109290496648,37.35704972451193,37.66375560648957,37.304285462139646,37.235920554713196
validating loss,0.28165602311491966,0.26436812430620193,0.2692023515701294,0.27329300716519356,0.27786262333393097,0.2766876816749573,0.27825776239236194,0.27819834277033806,0.2864544751743476,0.28206802035371464,0.28330038115382195,0.281000683705012,0.27509213735659915,0.2750262605647246,0.27449943497776985
validating obj,12.657916704813639,34.46724017461141,37.804301261901855,37.96486949920654,38.096673011779785,38.279438972473145,38.40002425511678,38.283385594685875,38.11781136194865,37.77664232254028,37.93231010437012,38.39157088597616,38.413690408070885,37.822240670522056,38.03248008092245
testing loss,0.2815354657173157,0.26379071235656737,0.2693468451499939,0.273578462600708,0.27785506784915925,0.2767292785644531,0.278315549492836,0.2783473438024521,0.286754332780838,0.2822005069255829,0.2834979426860809,0.2813648039102554,0.2752520102262497,0.2751821583509445,0.2745951932668686
testing obj,12.724461154937744,33.91580394744873,37.2533992767334,37.533369598388674,37.67248031616211,37.879777603149414,38.12070739746094,37.86288726806641,37.45415870666504,37.12682327270508,37.18046745300293,38.149093780517575,38.13635406494141,37.167029190063474,37.63990127563476
