Epoch, 12
training loss,0.2776002609803353,0.21210418058398328,0.2035753255457054,0.20264643800479396,0.20226570825885842,0.20198778339006282,0.20176176461908552,0.20161650105391019,0.20184013234612383,0.20193684261154246,0.20177108739261274,0.20170135453895285,0.201572980520166
training obj,0.24464562087531655,40.960575319911776,42.12112600538466,42.127772253531,42.153479456018516,42.141139974711855,42.09477812684612,42.16933210396472,42.15922819066931,42.16800130208333,42.183545133802625,42.17514551421743,42.17233958303193
validating loss,0.27765029668807983,0.20312921314135843,0.2035041551227155,0.20325705123984295,0.2017653024714926,0.20326588646225308,0.2025748601426249,0.2017250254102375,0.2019150531810263,0.20155659188394962,0.20163320911967236,0.2015736662823221,0.20154459087745002
validating obj,0.183153384814097,42.183838122823964,42.159128835926886,42.17484641697096,42.259910119098166,42.131102520486586,42.2218633900518,42.24461135864258,42.20958172342051,42.20979896213697,42.217658731211785,42.20973530644956,42.25892028808594
testing loss,0.2775938467406408,0.20312427611054268,0.20350586440685992,0.20327005992631544,0.20173301487009923,0.20322459475676902,0.2025447202598588,0.20169053389790745,0.2018814545460525,0.2015208287940005,0.20159365697224252,0.2015325534497208,0.20150359390631253
testing obj,0.1588723817614869,42.13097224419721,42.11629484446775,42.088881955126325,42.22097401762213,42.089617176628934,42.165193222111384,42.19039913717769,42.16400842298254,42.16853137691645,42.169723756323556,42.16524512164071,42.201381077582234
