Epoch, 11
training loss,0.298524404047457,0.2430592890531739,0.2303844411497467,0.23274504571604582,0.23518436479787885,0.23606308124548087,0.2324775752662881,0.23362704599561868,0.2366637053665208,0.23303053496074091,0.2289493168058571,0.22854441898000752
training obj,1.4578251410911658,0.9058639402956747,1.1000417308412023,9.92459250437691,25.81353646260829,30.18335761321834,30.539016419393153,32.642247919656015,34.55014950804915,34.576999406873085,34.947177009348486,34.89656589952715
validating loss,0.29841035734052246,0.23174437167851822,0.2293626977049786,0.23572645044845084,0.24216585055641507,0.23262701734252597,0.23342637458573218,0.233676808035892,0.23133795416873434,0.23023284582988077,0.22868374961873758,0.2286789436703143
validating obj,1.5934410380511843,1.1521739143444714,1.1521739143411975,24.669098563816238,29.320726726366125,29.55440745146378,32.53460834337317,32.896232273267664,34.45466290349545,34.72243192921514,34.95917461229407,33.767655828724735
testing loss,0.2985435165464878,0.2318459115922451,0.22959203335146108,0.23593472751478353,0.24262743225942054,0.2323093299443523,0.23351671205212673,0.23407204480220875,0.2315144402285417,0.23042862148334584,0.22880725686748823,0.22859586278597513
testing obj,1.583352398168184,0.9937500211849972,0.9937500211735705,24.431646863619488,29.261627197265625,29.363426168759663,33.18712600072225,32.901309967041016,34.64099737008413,34.90168229738871,35.18861051400503,34.086096008618675
