Epoch, 12
training loss,0.2868482053634666,0.2355488145103057,0.22546316472192604,0.22383230662062054,0.22375046307487148,0.22389192606012026,0.22521785155293486,0.22525873537219707,0.2240111398377589,0.22322080962005117,0.22368182876989956,0.22318823296754134,0.22169294506311416
training obj,0.543228096695909,39.38155366695789,41.21875038601103,43.53797303608486,43.54990468252273,43.54512788227626,43.67205139341809,43.84904007230486,44.13645610355196,43.75623612176804,43.57088737941923,43.566310501098634,43.54395736966814
validating loss,0.2868121529618899,0.22673986330628396,0.2233447012801965,0.22339159461359184,0.23304150936504206,0.22302032945056757,0.22432996531327565,0.2243190672248602,0.22331409603357316,0.2226888647923867,0.22679207647840183,0.22199044202764828,0.22086696500579517
validating obj,0.5441666745501123,40.292902851104735,43.804991976420084,43.80721270243327,43.816287453969316,43.81357669830322,43.92550980250041,44.14608392715454,44.21673730214437,43.84329770406087,44.15346638361613,43.70239181518555,43.788799095153806
testing loss,0.286856611734604,0.2267711328891303,0.22341684768308742,0.22345770703806422,0.23314216825724637,0.22309016662019912,0.2243979022957972,0.2243919577836001,0.22335703386558042,0.22271524122394468,0.22689899579617986,0.22204470040887223,0.2209376276652348
testing obj,0.47551867658382435,40.1439709327033,43.552626977817646,43.54005061739213,43.570630829363935,43.564932035707336,43.665900994138596,43.91249112964171,43.89771038071248,43.61753474825151,43.82140668497046,43.443670217426984,43.54354068550332
