Epoch, 14
training loss,0.29221030933047654,0.28748133751230504,0.2835846157795792,0.2831697485862522,0.28325854802350386,0.28437787458437297,0.2840342781412492,0.2816823097543979,0.279729108744805,0.2792363207821452,0.2780214181733788,0.27366938612876685,0.27329947177423247,0.2729492685116759,0.27286286310318414
training obj,6.356145456296589,30.055337792142815,34.64406977662253,35.21053429699819,35.52945696979488,35.83079518309427,35.48283277739078,35.67518122261817,35.455109570004524,35.94267134710189,35.93370103398594,35.60493075519527,35.75775179731737,35.78141432945881,35.823005291300085
validating loss,0.29236889084180195,0.28469267090161643,0.2841033617655436,0.2814670403798421,0.28470086654027305,0.2839842677116394,0.283133989572525,0.28164894580841066,0.27894423802693685,0.27859824697176616,0.2760172267754873,0.27497642636299136,0.273294723033905,0.27294579744338987,0.27230419516563414
validating obj,6.4053038914998375,31.81560770670573,35.87843627929688,36.208299509684245,36.24235178629557,36.19459050496419,36.50835342407227,36.05743128458659,36.17425028483073,36.18776041666667,36.49477971394857,36.2853645324707,36.081320190429686,36.14956436157227,36.566996510823564
testing loss,0.29217442590743303,0.2846092553809285,0.2839817302301526,0.28124051075428724,0.2843781150877476,0.28372612223029137,0.2830690545961261,0.28153448551893234,0.27883991971611977,0.2785497419536114,0.2759231012314558,0.27496269159018993,0.27310191094875336,0.272764902561903,0.2721050698310137
testing obj,6.301848262548447,31.626595377922058,35.62616980075836,35.91190421581268,35.90492886304855,35.92944771051407,36.25720530748367,35.70572876930237,35.82652473449707,35.87305986881256,36.23268789052963,35.95918411016464,35.77715301513672,35.79659688472748,36.317416310310364
