Epoch, 14
training loss,0.0,0.28802196647633205,0.25350165722722356,0.23561849191107534,0.22965659201145172,0.22956905243071643,0.2291953196241097,0.23211463185196574,0.22953084043481134,0.22822636738419533,0.2279526467689059,0.22753944552757524,0.22694131833585826,0.22699168950996615,0.22742329266938296,0.22716481458734383
training obj,31.642724427309904,2.0542435598644344,4.498075207526034,10.739349496635525,25.419329751621593,28.36956535686146,28.291470310904764,26.568153847347606,28.319654031233355,28.477272293784402,28.499999674883757,28.46620488166809,28.473796476017345,28.483969536694612,28.41426327011802,28.14143360744823
validating loss,0.0,0.28852515916029614,0.24172112718224525,0.23428583641846976,0.2289216729501883,0.22955004250009856,0.23181524003545442,0.23063714057207108,0.22879001622398695,0.22849846134583154,0.2278401479125023,0.2274905083080133,0.22707717244823775,0.22725541641314825,0.2276624230047067,0.22756326322754225
validating obj,30.22010024388631,1.322069173057874,3.649164696534475,22.325703620910645,25.89497931798299,28.100001494089764,27.86232837041219,27.479529857635498,28.07411257425944,28.06102991104126,28.01085106531779,28.100001494089764,28.10212771097819,26.155208746592205,27.443379561106365,27.96011559168498
testing loss,0.0,0.28765386563760265,0.24113196520893662,0.2336414263204292,0.22797877920998466,0.22911056379477182,0.231377676681236,0.23029738830195534,0.2283506923251682,0.2280882817727548,0.22743775723157106,0.22698436511887443,0.2267217774082113,0.22683107742556818,0.2272010980932801,0.2270703911781311
testing obj,32.59860271877713,2.256055498564685,4.390644954310523,23.617411013002748,28.82356029086643,29.308258904351128,28.989825072111906,29.00999415362323,29.479056464301216,29.464145448472763,29.458112646032262,29.47879183733905,29.483630780820494,29.07318623860677,28.978747685750324,29.303080594098127
