Epoch, 4
training loss,0.0,0.29896957919759265,0.22819957650650693,0.21789628987090062,0.21754207887218496,0.21733818830406598
training obj,46.48784063091386,0.11932607620389835,0.0,0.0,0.0,41.18574630607993
validating loss,0.0,0.29882272899150847,0.21863173872232436,0.2174367916584015,0.2173776352405548,0.2166733941435814
validating obj,46.17176818847656,0.0,0.0,0.0,0.0,40.891083984375
testing loss,0.0,0.2990173619349026,0.218591710606825,0.21749304234981537,0.21746646012496024,0.21679273811937536
testing obj,46.420772145095384,0.0,0.0,0.0,0.0,41.137482207955664
