Epoch, 5
training loss,0.28549421431696537,0.28578252033378837,0.2884515099046965,0.2900640981007612,0.2843364052294035,0.27899202776615184
training obj,6.920888039480031,42.83337866043137,45.92980182212117,45.8852732965278,45.826715093170485,46.01630977115829
validating loss,0.28547801549841717,0.28603941056786514,0.2898537320334737,0.2880580541564197,0.2817131775181468,0.2740170643097017
validating obj,7.008514381036526,46.5479594905202,46.206606795148154,46.47271105138267,46.57437022139386,45.576634755948696
testing loss,0.2855886384135201,0.2861907311848232,0.28996195395787555,0.288291488020193,0.28196091630629133,0.274252359356199
testing obj,6.758389353752136,46.13065365382603,45.84336076463972,46.0814593633016,46.16275069827125,45.2856871287028
