Epoch, 3
training loss,0.28817744368598575,0.28557511411962055,0.2853945515695072,0.28645386553945995
training obj,3.1898789848600115,38.19530125288736,40.3997646240961,40.745461872645784
validating loss,0.2881733606259028,0.28187539279460905,0.28872648924589156,0.28476682205994924
validating obj,3.1422974745432537,40.55762589772542,40.43358821868897,40.80546785990397
testing loss,0.2881922719379266,0.28181815072894095,0.2889040725926558,0.28481481671333314
testing obj,3.163841422398885,40.57286497751872,40.43218228022258,40.81502990722656
