Epoch, 4
training loss,0.0,0.28300059480326517,0.24357499182224274,0.21352439089899972,0.2033213476339976,0.2005082748475529
training obj,34.54532482510521,8.67113108010519,0.0,0.0,0.0,33.954544430687314
validating loss,0.0,0.2826029062271118,0.21775739888350168,0.2098169376452764,0.20035816729068756,0.20015016694863638
validating obj,32.71481227874756,0.0,0.0,0.0,0.0,31.820276578267414
testing loss,0.0,0.28265756368637085,0.2181993176539739,0.21071422472596169,0.20120565593242645,0.20129152884085974
testing obj,34.13979307810465,0.0,0.0,0.0,0.0,33.548070112864174
