Epoch, 4
training loss,0.2961146675693202,0.2852577283196845,0.2894379371515587,0.2857006321804576,0.27741111928436357
training obj,4.337529351061774,49.54394727188924,51.063974796817995,51.03966857858519,51.066443977420505
validating loss,0.2961836698509398,0.2894355363789059,0.2909093587881043,0.2842633358779408,0.2740429859785807
validating obj,4.261367945444016,49.836245673043386,50.41438747587658,50.60228633880615,50.70762134733654
testing loss,0.2961146456353805,0.2892888628384646,0.29078921132227953,0.2841998950523489,0.2739035148830975
testing obj,4.36480665066663,50.862156363094556,51.4909293904024,51.7250586790197,51.77820557986989
