Epoch, 9
training loss,0.28746213184462654,0.24191537553125675,0.2306952572262681,0.22982593704093326,0.22831828010690822,0.22652792058012508,0.2274029887653328,0.22559185505092322,0.22970075502588944,0.23074408783926978
training obj,3.613560951865829,17.11367824414113,17.53203920988707,17.100021831266158,20.008925916196347,29.581862226262825,31.84831612962144,31.914427765854843,31.760069993165164,31.826040210666598
validating loss,0.28748383864443355,0.23158986803064954,0.22922424559897564,0.22899413964849838,0.22751004676869574,0.22593242659213694,0.22590789103761633,0.22527381967990956,0.24279261745036917,0.2275190828962529
validating obj,3.5010909019632543,16.897869921745137,16.826406052772036,15.628447999345495,24.223404377064806,31.11273158864772,32.18580026829496,32.16114924816375,32.16382996579434,32.16382996579434
testing loss,0.28741540583138614,0.23170001728018536,0.2293321840541879,0.22904169544116737,0.22750460625309304,0.22590329643991805,0.22601386582114033,0.2253937976262004,0.24216399303416616,0.2276770179111933
testing obj,3.847891936597136,17.130074795988417,17.045805134724095,16.070638263348453,24.290063956349165,29.788170195117438,31.647891801657135,31.52545956483821,31.593815164467724,31.593815164467724
