Epoch, 2
training loss,0.2885705730981297,0.2361147294441859,0.22861397796207003
training obj,0.01530641328329696,26.893363320245832,30.534236754311454
validating loss,0.2885642466591854,0.2286774197629854,0.2276096644939161
validating obj,5.7777998934858725e-12,28.709897134878208,30.768317727481616
testing loss,0.2885684021390401,0.22875530229738125,0.2277016853197263
testing obj,0.004807692315438991,30.222324334660154,30.68783767406757
