Epoch, 29
training loss,0.2910948475084361,0.23599564817530164,0.21794200049349544,0.2162180260793697,0.21572835743427277,0.21401630588889828,0.21357791460830078,0.21342287481536526,0.21335407915200003,0.21325125188164457,0.21317892340866065,0.21304673441415709,0.2129958832757713,0.2129208414688618,0.21285993504453693,0.21279763328958545,0.2126458445067942,0.21252787509966178,0.2124318212447082,0.2123838015032943,0.21229544881532883,0.21223367442040753,0.21214327277869163,0.21213325337898095,0.21208819447184454,0.2119990587234497,0.211985607824382,0.21193640612991604,0.2119240591511924,0.2118403091585848
training obj,0.04193246729446495,0.0,0.0,0.0,0.0,0.0,0.0,0.0,0.0,0.0,0.0,0.0,0.0,0.0,0.0,0.0,0.0,0.0,0.0,0.0,0.0,0.0,0.0,0.0,0.0,0.0,0.0,0.0,0.0,37.582305479331836
validating loss,0.2912279727558295,0.22526955790817738,0.2163258989651998,0.21626741563280424,0.21508495633800825,0.21361140782634416,0.2135061596830686,0.21337935328483582,0.2133072471867005,0.21326309566696486,0.2130622106293837,0.21297583480676016,0.21293905874093375,0.2129426213602225,0.2129071280360222,0.21288685003916422,0.21274468737343946,0.21268578432500362,0.21263405866920948,0.21260578309496245,0.2126292623579502,0.2125754685451587,0.2126162319133679,0.212596590941151,0.21260178523759046,0.21254590526223183,0.21260684294005236,0.2126387469470501,0.21256938700874647,0.21268766187131405
validating obj,0.0,0.0,0.0,0.0,0.0,0.0,0.0,0.0,0.0,0.0,0.0,0.0,0.0,0.0,0.0,0.0,0.0,0.0,0.0,0.0,0.0,0.0,0.0,0.0,0.0,0.0,0.0,0.0,0.0,37.757425467173256
testing loss,0.29098047650590236,0.22501590665505858,0.21631524058020846,0.21618339024028,0.2151842214623276,0.2136916332707113,0.21360542579573027,0.21351085329542355,0.2134476559502738,0.21337334629224272,0.21321240888566387,0.21318181497710093,0.21308707856402107,0.21304997923422833,0.21298952279042224,0.21299240175558595,0.2128582131497714,0.2127224191719172,0.2127161278408401,0.2126957819778092,0.21271399484605205,0.21265796647996318,0.21267191305452463,0.2126571125521952,0.2127199513571603,0.21260239396776473,0.21264449005224267,0.21265076952321188,0.21260413192972846,0.21259962934620527
testing obj,0.0,0.0,0.0,0.0,0.0,0.0,0.0,0.0,0.0,0.0,0.0,0.0,0.0,0.0,0.0,0.0,0.0,0.0,0.0,0.0,0.0,0.0,0.0,0.0,0.0,0.0,0.0,0.0,0.0,38.07205114559252
