Epoch, 11
training loss,0.2863717531658592,0.2434374015212683,0.23508665012439509,0.23267980450422976,0.2337916498876991,0.23173198384764307,0.23154928250462598,0.23736896915897648,0.23158468446494396,0.2281999406234132,0.22735530933784565,0.22692250846568202
training obj,0.06230366569685603,12.426824828611043,26.875292738070662,27.049508449294805,26.333010768391073,26.57003946953419,27.56489570977176,28.1467097816667,28.257606046986204,28.257608493585238,28.257611519379143,28.257606326597525
validating loss,0.2862656259978259,0.23613506058851877,0.23166278611730645,0.23417069569781976,0.2340751571787728,0.23015724674419122,0.23253675246680225,0.2345183331657339,0.22886946521423482,0.227367937012955,0.2268549225948475,0.22647338884848137
validating obj,0.05185185262935987,26.342680551387645,27.789942140932435,27.411519792344833,27.708108336837203,27.876938643278898,27.740161895751953,28.9740741164596,29.000179290771484,29.000000070642542,28.9740741164596,29.000000070642542
testing loss,0.2860871271653609,0.2362952546639876,0.23158747987313705,0.23416435366327112,0.2342555799267509,0.23016963492740283,0.2326659232378006,0.23464346744797446,0.22897817248647864,0.22748136005618355,0.22695117159323258,0.22658487179062584
testing obj,0.04181818326058372,26.262441071597014,27.56160018227317,27.187379455566408,27.62531772960316,27.666520829634234,27.967677411166104,28.638220006769355,28.635809048739347,28.63818210255016,28.63818210255016,28.639634704589845
