Epoch, 17
training loss,0.28830266682205685,0.28189098025076964,0.27434218417054274,0.2764888476034638,0.2748853797745553,0.2627232839094352,0.260565118836496,0.2580628250181802,0.25235950228641496,0.2544102188824595,0.24475756917156738,0.2408901649169355,0.24055959515257752,0.24322558901492197,0.24476044851250456,0.24649658220209134,0.2470118830221727,0.2454411136559873
training obj,7.870312411314363,46.091865535501206,47.51726843799502,47.678652024319724,47.719050858936995,47.3462677892859,47.624122886900686,47.27378978850735,47.1670498615111,47.516650926788394,47.69066261080926,47.77497516316213,47.780795168218596,47.76576268546394,47.83231382106773,47.823486992254885,47.803705664956645,47.89060882600756
validating loss,0.2883080008314617,0.2817955012641736,0.2748939955412452,0.27720038704018096,0.2752212503952767,0.26285805408634355,0.25961939301063763,0.25165690348219516,0.2533269344425913,0.25064805194513123,0.24048988120769388,0.2407398497435584,0.23964994434100478,0.24329662300757507,0.24630970541220992,0.24482590471630666,0.24629229996631394,0.24457388560273755
validating obj,7.9452880674333715,48.18767758269808,47.98413461713648,48.01724465213605,47.92929971040185,48.177317320410886,46.81212200335602,47.62856816533786,47.99223310555985,47.954744709071825,48.463008425129,48.43183113212016,48.50589000644968,48.020550400463506,48.49391402059526,48.485653094391324,48.08018237441333,48.274083721103956
testing loss,0.288373554415173,0.2816925311530078,0.2747726806887874,0.2772270048106158,0.27529464099142287,0.26365633408228556,0.26076022143717165,0.2521042574335028,0.25453016448903965,0.2515435351265801,0.24111910340962586,0.241458840502633,0.24017572535408868,0.2439102162917455,0.24696862112592768,0.2454286492533154,0.2469532907009125,0.245053983396954
testing obj,7.966860799436216,48.779740736219615,48.52945423832646,48.627301901358145,48.49032948811849,48.660356535734955,47.47753748010706,48.009742736816406,48.43289662113896,48.426044379340276,48.940723984329786,48.90897445678711,49.00329770688658,48.50057022659867,48.9855584886339,48.989777374267575,48.57701178656684,48.75492214626736
