Epoch, 7
Random seed, 0, forward time, 314.6845362186432, qp time, 34.14002060890198, backward_time, 140.4360864162445
forward time,0,0,60.175885915756226,47.15962076187134,39.47662162780762,40.134334087371826,44.36462688446045,41.347153663635254,42.02629327774048
qp time,0,0,5.349653482437134,4.572373628616333,4.571161270141602,5.171210050582886,5.292011499404907,4.614869117736816,4.5687415599823
backward time,0,0,16.958825826644897,17.72810173034668,18.741609811782837,21.88083815574646,22.40715479850769,21.2732355594635,21.44632053375244
