Epoch, 28
Random seed, 12, forward time, 1306.9655129909515, inference time, 18154.49299812317, qp time, 2181.4824719429016, backward_time, 3491.199810028076
forward time,0,46.5493540763855,46.51219439506531,46.52316212654114,46.39956521987915,45.90521955490112,45.905930280685425,46.70587944984436,46.39654278755188,45.75864052772522,45.874956130981445,46.09039902687073,46.33305811882019,46.12574625015259,46.060256242752075,46.29250478744507,46.1380980014801,46.04413866996765,45.984978675842285,45.835888385772705,46.080872774124146,46.05657744407654,47.154338121414185,48.453123807907104,48.41575264930725,48.15477108955383,48.46855306625366,48.599700927734375,48.145310401916504
inference time,0,414.3637845516205,547.9617381095886,478.6379585266113,747.7900538444519,516.3488438129425,568.6731679439545,591.766802072525,693.9762895107269,792.3875031471252,844.6846559047699,731.8082349300385,643.735461473465,762.2654557228088,668.9292554855347,840.3385903835297,908.3996782302856,659.4278182983398,527.633584022522,486.8932499885559,607.4133861064911,646.1719582080841,747.6310563087463,953.586740732193,687.2358729839325,386.2039988040924,547.9799747467041,532.1081163883209,620.1397678852081
qp time,0,69.36270666122437,73.26940274238586,73.94959306716919,73.57628774642944,71.50046277046204,70.9778642654419,77.89352798461914,83.19662833213806,77.65941786766052,82.20690989494324,77.64912295341492,76.1977469921112,74.82205820083618,77.0105471611023,90.29565119743347,88.27395510673523,89.30222225189209,84.78594422340393,82.47399663925171,80.25180506706238,80.36357474327087,80.50359582901001,75.21415901184082,76.58376550674438,75.51243472099304,73.3427882194519,73.49817180633545,71.80813097953796
backward time,0,119.33484053611755,120.51787567138672,118.29600811004639,118.51769280433655,115.61596417427063,113.83830285072327,123.64584422111511,127.70897126197815,121.36979484558105,125.28720688819885,122.25814056396484,120.54278564453125,120.05677676200867,120.65752053260803,135.80093359947205,135.3379099369049,136.07483959197998,131.7450180053711,129.37310886383057,131.7737636566162,127.44002032279968,129.70285558700562,126.0652596950531,125.30641484260559,126.58036518096924,121.85351753234863,125.68411064147949,120.81396770477295
