Epoch, 38
Random seed, 19, forward time, 998.8564746379852, inference time, 501.77199840545654, qp time, 0, backward_time, 1522.5981180667877
forward time,0,26.223647117614746,26.00472593307495,26.150373935699463,26.263134717941284,26.208781242370605,26.239394426345825,26.190412521362305,26.242284059524536,26.258071899414062,26.259633541107178,26.19833731651306,26.2910053730011,26.266305923461914,26.398969411849976,26.40967869758606,26.273902416229248,26.55349040031433,26.402032136917114,26.314311027526855,26.301557779312134,26.296497583389282,26.31267476081848,26.292030096054077,26.29312825202942,26.323614597320557,26.274579524993896,26.29684615135193,26.39156460762024,26.434258460998535,26.234941720962524,26.347126007080078,26.18547749519348,26.409505367279053,26.3100483417511,26.111907720565796,26.299811840057373,26.374105215072632,26.21830701828003
inference time,0,0,0,0,0,0,0,0,0,0,0,0,0,0,0,0,0,0,0,0,0,0,0,0,0,0,0,0,0,0,0,0,0,0,0,0,0,0,501.77199840545654
qp time,0,0,0,0,0,0,0,0,0,0,0,0,0,0,0,0,0,0,0,0,0,0,0,0,0,0,0,0,0,0,0,0,0,0,0,0,0,0,0
backward time,0,40.0189528465271,40.138444662094116,39.99550223350525,39.98322415351868,40.09479641914368,40.07302808761597,40.16106057167053,40.044121980667114,40.03409290313721,40.35350036621094,40.401864767074585,40.17158317565918,40.29650831222534,39.9550678730011,39.9010272026062,40.079519510269165,40.01154637336731,40.18393564224243,39.885003328323364,39.899208068847656,39.88807964324951,39.973681688308716,39.93314075469971,40.11742663383484,39.89100790023804,39.87830901145935,39.82176327705383,40.02267551422119,40.10260343551636,40.11515402793884,40.180851459503174,40.194652795791626,39.86618661880493,39.959627628326416,39.86979818344116,40.0549201965332,40.24210548400879,40.80414533615112
