Epoch, 4
Random seed, 13, forward time, 3.7838783264160156, inference time, 9.938283205032349, qp time, 0, backward_time, 5.751467943191528
forward time,0,0,0.9516165256500244,0.9461851119995117,0.9416913986206055,0.944385290145874
inference time,0,0,0,0,0,9.938283205032349
qp time,0,0,0,0,0,0
backward time,0,0,1.440321683883667,1.4319610595703125,1.4390032291412354,1.4401819705963135
