Epoch, 20
Random seed, 2, forward time, 2251.5206727981567, inference time, 44433.68792796135, qp time, 3769.9112055301666, backward_time, 5970.85671544075
forward time,0,109.74047827720642,106.57746124267578,106.75442695617676,109.87836289405823,106.97324728965759,104.66453576087952,108.50747466087341,106.77129578590393,107.77417755126953,108.48295783996582,107.17203497886658,108.81330108642578,109.70677018165588,119.61032152175903,121.85517001152039,121.99168801307678,122.60267400741577,119.03314089775085,121.81018424034119,122.80096960067749
inference time,0,1639.0145463943481,2199.9470024108887,2161.8802807331085,2110.1570994853973,2019.514034986496,2062.008348941803,2192.9057171344757,2020.290780544281,2035.8267090320587,2233.2908816337585,2315.797565460205,2328.910655736923,2184.628682374954,2424.8835780620575,2404.842027902603,2724.2195320129395,2504.3775763511658,2378.033465862274,2475.3979213237762,2017.761521577835
qp time,0,183.03196382522583,186.69847774505615,188.23991680145264,180.58560395240784,165.85908198356628,163.5236110687256,187.31085658073425,159.6111078262329,163.44286489486694,168.9333794116974,178.20926690101624,171.9789342880249,170.84250211715698,209.13400149345398,201.21988248825073,238.5542871952057,245.12459325790405,203.49424481391907,215.8197901248932,188.29683876037598
backward time,0,302.4262616634369,292.090295791626,291.61015915870667,284.79671001434326,261.0958330631256,257.4271411895752,289.84114718437195,262.17111706733704,267.64057421684265,271.3317801952362,280.7754735946655,276.1835083961487,276.4398055076599,328.9224638938904,320.5477182865143,366.7780170440674,373.13916277885437,319.0542435646057,336.3553423881531,312.22996044158936
