Epoch, 21
Random seed, 4, forward time, 205.5821385383606, inference time, 120.68660402297974, qp time, 0, backward_time, 322.54246044158936
forward time,0,9.959625482559204,9.877768993377686,9.856881618499756,9.770887851715088,9.738555908203125,9.843152523040771,9.67144513130188,9.777597188949585,9.759062051773071,9.772208213806152,9.7770357131958,9.777978658676147,9.767486333847046,9.745119571685791,9.783092498779297,9.7110013961792,9.74995732307434,9.781272649765015,9.745078086853027,9.847755432128906,9.869175910949707
inference time,0,0,0,0,0,0,0,0,0,0,0,0,0,0,0,0,0,0,0,0,0,120.68660402297974
qp time,0,0,0,0,0,0,0,0,0,0,0,0,0,0,0,0,0,0,0,0,0,0
backward time,0,15.635290384292603,15.540167570114136,15.480805397033691,15.272319555282593,15.218595504760742,15.370855808258057,15.16496753692627,15.348565101623535,15.332559823989868,15.334447860717773,15.328938722610474,15.298248052597046,15.30027461051941,15.34174108505249,15.318800926208496,15.3278226852417,15.291712522506714,15.334862470626831,15.328015089035034,15.391046285629272,15.582423448562622
