Epoch, 14
Random seed, 16, forward time, 148.96492433547974, inference time, 1369.368756532669, qp time, 599.3447780609131, backward_time, 364.50201392173767
forward time,0,10.800122499465942,10.704843521118164,10.713070392608643,10.79626750946045,10.770930528640747,10.837504625320435,10.622503280639648,10.72079062461853,10.71528935432434,10.710424900054932,10.486600637435913,10.294072151184082,10.413876295089722,10.378628015518188
inference time,0,101.17887210845947,98.12306618690491,82.45538878440857,97.50962114334106,75.65971326828003,94.81860971450806,97.66414642333984,103.02230834960938,102.06120944023132,98.28302192687988,108.11807417869568,106.9522819519043,107.7480103969574,95.77443265914917
qp time,0,42.84547257423401,42.70069241523743,42.887263774871826,42.94914650917053,42.93459606170654,43.558120012283325,43.3910071849823,43.75789022445679,44.02272057533264,43.7823646068573,42.43929100036621,41.411900758743286,41.30392646789551,41.36038589477539
backward time,0,25.787412881851196,24.693540573120117,25.227850437164307,25.717783451080322,25.245493173599243,27.012830018997192,26.836615800857544,27.275002002716064,27.124579191207886,26.6287100315094,26.087671279907227,25.59089994430542,25.46705198287964,25.806573152542114
