Epoch, 4
Random seed, 30, forward time, 280.2973401546478, inference time, 236.56468296051025, qp time, 0, backward_time, 428.7760670185089
forward time,0,0,69.60321712493896,69.66923713684082,69.94773483276367,71.07715106010437
inference time,0,0,0,0,0,236.56468296051025
qp time,0,0,0,0,0,0
backward time,0,0,105.63184213638306,106.13121557235718,106.5336799621582,110.47932934761047
