Epoch, 4
Random seed, 30, forward time, 126.31943011283875, inference time, 240.0188548564911, qp time, 0, backward_time, 185.69862985610962
forward time,0,0,31.53891134262085,31.56637167930603,31.49379563331604,31.720351457595825
inference time,0,0,0,0,0,240.0188548564911
qp time,0,0,0,0,0,0
backward time,0,0,46.33134913444519,46.29491090774536,46.4295289516449,46.64284086227417
