Epoch, 19
Random seed, 8, forward time, 108.03807306289673, inference time, 1313.0607116222382, qp time, 168.00898146629333, backward_time, 268.5727322101593
forward time,0,5.702022075653076,5.696954250335693,5.697040796279907,5.690346717834473,5.7208170890808105,5.683420658111572,5.696368455886841,5.700264930725098,5.707952976226807,5.709026575088501,5.693490266799927,5.713455677032471,5.685804128646851,5.63120436668396,5.673924446105957,5.655947923660278,5.671148061752319,5.642633676528931,5.666249990463257
inference time,0,40.6435444355011,46.13058161735535,62.05718278884888,66.74469470977783,73.29472351074219,67.89689898490906,45.527549743652344,68.15215229988098,81.46257710456848,80.26888227462769,87.25887870788574,72.76796817779541,82.3741135597229,78.95841193199158,81.74634337425232,72.14084935188293,79.06035280227661,75.04638242721558,51.528623819351196
qp time,0,7.6375110149383545,7.735469102859497,8.526837587356567,8.913273334503174,8.482715606689453,8.980181455612183,7.707317113876343,7.701979875564575,8.462567567825317,9.037023067474365,9.469525814056396,9.258902549743652,9.37021541595459,9.455514430999756,8.97425127029419,8.826263427734375,10.10305905342102,9.69536566734314,9.671008110046387
backward time,0,13.540751934051514,13.239940404891968,13.925423622131348,14.356253385543823,14.095447301864624,14.154438257217407,12.856436252593994,13.049592733383179,13.738022327423096,14.29442572593689,14.756376028060913,14.578063726425171,14.50566840171814,14.467573165893555,14.491527557373047,14.388277769088745,14.753727197647095,14.697399616241455,14.68338680267334
