Epoch, 34
Random seed, 12, forward time, 229.51640272140503, inference time, 89.30348706245422, qp time, 0, backward_time, 323.56526613235474
forward time,0,6.715113162994385,6.743426561355591,6.7480692863464355,6.74871301651001,6.750611782073975,6.763007402420044,6.767528295516968,6.768065690994263,6.761922597885132,6.734674692153931,6.753002882003784,6.7845635414123535,6.744917869567871,6.751499891281128,6.757622480392456,6.721421241760254,6.760800838470459,6.74853253364563,6.757470607757568,6.7493815422058105,6.761658191680908,6.7373833656311035,6.748623847961426,6.76296854019165,6.7531068325042725,6.744709014892578,6.73740816116333,6.743543863296509,6.736042261123657,6.725648403167725,6.759165287017822,6.746435880661011,6.738170862197876,6.791192293167114
inference time,0,0,0,0,0,0,0,0,0,0,0,0,0,0,0,0,0,0,0,0,0,0,0,0,0,0,0,0,0,0,0,0,0,0,89.30348706245422
qp time,0,0,0,0,0,0,0,0,0,0,0,0,0,0,0,0,0,0,0,0,0,0,0,0,0,0,0,0,0,0,0,0,0,0,0
backward time,0,9.472959041595459,9.492510080337524,9.478462934494019,9.49577021598816,9.492023468017578,9.505716562271118,9.49705719947815,9.489736080169678,9.494390726089478,9.504439353942871,9.538784503936768,9.51247501373291,9.497723817825317,9.470952272415161,9.493191003799438,9.517998933792114,9.487774133682251,9.49010443687439,9.505159139633179,9.502212524414062,9.495889663696289,9.510108232498169,9.500462532043457,9.501357316970825,9.520277738571167,9.52396559715271,9.53044319152832,9.525312185287476,9.553800582885742,9.539207935333252,9.54951000213623,9.583882093429565,9.599552392959595,9.692055225372314
