Epoch, 46
Random seed, 22, forward time, 721.9213645458221, inference time, 176.1364722251892, qp time, 0, backward_time, 1108.1410212516785
forward time,0,15.453552007675171,15.586317539215088,15.670680284500122,15.652605772018433,15.667136907577515,15.655900716781616,15.741735219955444,15.732095718383789,15.700535774230957,15.583465814590454,15.779470205307007,15.682114839553833,15.745308637619019,15.88565993309021,15.77250337600708,15.778083801269531,15.699497938156128,15.78622555732727,15.774436950683594,15.677802085876465,15.834720134735107,15.77339792251587,15.694761276245117,15.730995416641235,15.65723443031311,15.763411521911621,15.692197322845459,15.71967887878418,15.571869134902954,15.487263202667236,15.751922369003296,15.753604173660278,15.67259407043457,15.68264651298523,15.685593366622925,15.813331127166748,15.63710618019104,15.610458374023438,15.665887355804443,15.707536458969116,15.657184362411499,15.687798976898193,15.711021423339844,15.646034955978394,15.495317697525024,15.79266881942749
inference time,0,0,0,0,0,0,0,0,0,0,0,0,0,0,0,0,0,0,0,0,0,0,0,0,0,0,0,0,0,0,0,0,0,0,0,0,0,0,0,0,0,0,0,0,0,0,176.1364722251892
qp time,0,0,0,0,0,0,0,0,0,0,0,0,0,0,0,0,0,0,0,0,0,0,0,0,0,0,0,0,0,0,0,0,0,0,0,0,0,0,0,0,0,0,0,0,0,0,0
backward time,0,23.409817695617676,23.82701063156128,23.845535278320312,23.804420709609985,23.831459760665894,23.782540321350098,23.839743614196777,24.001057386398315,23.897664785385132,23.82223916053772,24.06681537628174,23.87439227104187,23.865943431854248,24.242942094802856,24.165071964263916,24.084492683410645,24.078994750976562,24.057467699050903,24.19773554801941,24.03172755241394,24.18853235244751,24.010868072509766,24.058927536010742,24.15865397453308,24.101874828338623,24.159986972808838,23.991377115249634,24.119597673416138,24.068724393844604,24.039262294769287,24.208468914031982,24.10359001159668,24.029810428619385,24.100521326065063,24.1107075214386,24.33737301826477,24.2196102142334,24.24075961112976,24.331435918807983,24.429765224456787,24.422407388687134,24.37001633644104,24.543479681015015,24.42832326889038,24.1840181350708,24.455856323242188
