Epoch, 25
Random seed, 12, forward time, 341.4385166168213, inference time, 4347.229977846146, qp time, 529.0887203216553, backward_time, 871.1812076568604
forward time,0,13.55928921699524,13.617742538452148,13.550048828125,13.656073331832886,13.592900514602661,13.627604007720947,13.62158751487732,13.584855318069458,13.609236478805542,13.64877963066101,13.632987260818481,13.66270661354065,13.671345233917236,13.648246765136719,13.658800840377808,13.660602331161499,13.688636302947998,13.708618879318237,13.673913717269897,13.676643133163452,13.722946882247925,13.745460033416748,13.711296081542969,13.813924312591553,13.694270849227905
inference time,0,147.0852017402649,138.64448523521423,127.91702246665955,107.05063343048096,152.62644362449646,149.07216620445251,160.86154508590698,195.2327926158905,147.9288740158081,163.87306237220764,224.1033902168274,195.94492435455322,192.83555483818054,118.69884061813354,170.26453042030334,212.69317889213562,223.32294416427612,183.2393834590912,191.75089526176453,190.33668875694275,168.71349501609802,198.22444677352905,195.10183215141296,162.0506510734558,229.6569950580597
qp time,0,19.188396453857422,19.516942739486694,18.642699241638184,18.150264739990234,18.43567657470703,19.762341260910034,19.10982918739319,20.111348628997803,21.05598545074463,21.258435010910034,23.11665916442871,21.32570791244507,21.534302949905396,22.345187425613403,22.0104763507843,22.49310040473938,22.3417546749115,21.386818647384644,22.90726065635681,20.936959981918335,22.585965394973755,20.410476684570312,23.50514531135559,20.869123935699463,26.08786153793335
backward time,0,33.42655825614929,34.48885631561279,32.19780874252319,31.854899168014526,31.29778742790222,33.79938554763794,33.151575326919556,33.7349157333374,34.42473006248474,35.294594049453735,36.3699734210968,35.03816747665405,34.76278734207153,35.47189712524414,36.13025665283203,35.75929379463196,36.16314435005188,34.94059753417969,36.352322816848755,34.71226954460144,35.99139595031738,34.836790323257446,36.57833290100098,35.02537989616394,39.377487897872925
