Epoch, 16
Random seed, 23, forward time, 1400.7225513458252, inference time, 21215.007617235184, qp time, 2526.2452898025513, backward_time, 3871.3681061267853
forward time,0,86.208340883255,86.35131335258484,86.21553993225098,87.47698593139648,86.96987271308899,86.2949640750885,86.19079732894897,88.81749749183655,88.5816969871521,87.86443424224854,88.39517116546631,88.27084398269653,88.30443930625916,87.89236092567444,88.2827262878418,88.60556674003601
inference time,0,993.5003185272217,1065.5795509815216,1261.4151215553284,1414.2020993232727,1587.7356436252594,1639.2958772182465,1344.8497331142426,1528.5182030200958,1615.0427634716034,1305.015215396881,1215.716106891632,1246.180724143982,1202.5641436576843,1292.5812134742737,1235.7522661685944,1267.0586366653442
qp time,0,132.36571264266968,141.75766277313232,151.03319835662842,160.16867661476135,167.19410228729248,147.84971284866333,149.53027820587158,181.04263186454773,181.80989170074463,167.14689111709595,160.5663628578186,159.04700231552124,168.0184600353241,150.5653350353241,150.87174725532532,157.27762389183044
backward time,0,218.02336478233337,224.43328309059143,234.4938006401062,244.21732234954834,250.7414755821228,228.58271384239197,230.92145371437073,266.03892254829407,267.6328716278076,246.565447807312,243.86712527275085,247.0478274822235,252.03514742851257,236.7512800693512,236.75126361846924,243.26480627059937
