Epoch, 48
Random seed, 28, forward time, 1939.0674805641174, inference time, 740.5414040088654, qp time, 0, backward_time, 3060.696736097336
forward time,0,41.51113200187683,41.497570753097534,41.24782109260559,40.427895069122314,40.244133949279785,40.31363344192505,40.330822467803955,40.3228600025177,39.76819896697998,39.67008876800537,39.78902983665466,41.3886342048645,41.45831608772278,41.34144330024719,41.20759463310242,41.141005992889404,41.21877074241638,41.275431632995605,41.394248247146606,41.290090560913086,40.67630648612976,40.2338502407074,40.27265691757202,40.075424671173096,40.13636827468872,39.70426368713379,39.21388530731201,39.3008987903595,40.300386905670166,40.369975090026855,40.59243583679199,40.61924457550049,40.70001769065857,40.79729175567627,40.90173101425171,40.683995723724365,40.394850730895996,40.446250200271606,39.865517377853394,39.58184194564819,39.62345051765442,39.58993434906006,39.7092707157135,39.198115825653076,39.19740271568298,39.290937185287476,40.2125883102417,40.53986597061157
inference time,0,0,0,0,0,0,0,0,0,0,0,0,0,0,0,0,0,0,0,0,0,0,0,0,0,0,0,0,0,0,0,0,0,0,0,0,0,0,0,0,0,0,0,0,0,0,0,0,740.5414040088654
qp time,0,0,0,0,0,0,0,0,0,0,0,0,0,0,0,0,0,0,0,0,0,0,0,0,0,0,0,0,0,0,0,0,0,0,0,0,0,0,0,0,0,0,0,0,0,0,0,0,0
backward time,0,63.688438177108765,63.732937812805176,63.44656682014465,62.09853959083557,61.874268770217896,62.0413715839386,61.957019090652466,62.03170728683472,60.97205448150635,60.32285714149475,60.548457622528076,64.00682091712952,64.00736141204834,63.93392634391785,63.637327909469604,63.511383056640625,64.3393394947052,64.49888491630554,64.84797191619873,64.71905994415283,63.769237995147705,62.948912620544434,62.95975136756897,63.52994132041931,63.71320462226868,62.69642663002014,61.689613819122314,62.61534833908081,64.48977184295654,64.79400777816772,65.19999980926514,65.12714052200317,65.48627090454102,65.65481400489807,66.06931614875793,65.74218654632568,65.21675157546997,65.21136975288391,64.27210569381714,64.06365871429443,64.35097169876099,64.30673146247864,64.4974193572998,63.499714612960815,62.77566313743591,63.861658573150635,65.33491444587708,66.6035385131836
