Epoch, 11
Random seed, 0, forward time, 105.18042421340942, inference time, 477.9033682346344, qp time, 311.9939606189728, backward_time, 258.6839032173157
forward time,0,9.959089994430542,9.948914051055908,9.503103494644165,9.339816093444824,9.360278844833374,9.337539672851562,9.348800420761108,9.368647813796997,9.38462209701538,9.391294717788696,10.238317012786865
inference time,0,51.48112773895264,47.15554141998291,42.88441562652588,41.43476986885071,41.169742822647095,41.4887855052948,41.63215661048889,41.853163957595825,41.216257095336914,42.01802325248718,45.56938433647156
qp time,0,31.991487503051758,32.23650670051575,28.502397298812866,26.464838981628418,26.398412942886353,26.514930963516235,26.768762826919556,26.873865604400635,26.326680183410645,27.0985209941864,32.817556619644165
backward time,0,24.89708185195923,25.864197969436646,23.695830583572388,22.35777497291565,22.42917490005493,22.50211763381958,22.622854948043823,22.6890766620636,22.31541347503662,23.025475025177002,26.284905195236206
