Epoch, 27
Random seed, 21, forward time, 358.4078063964844, inference time, 3386.043947458267, qp time, 524.2218995094299, backward_time, 853.5087502002716
forward time,0,13.276807308197021,13.227159976959229,13.2758948802948,13.282638788223267,13.287681818008423,13.303144216537476,13.340521097183228,13.218700170516968,13.194137811660767,13.229728698730469,13.233043432235718,13.234375,13.243884086608887,13.302706480026245,13.321456670761108,13.272827863693237,13.20027780532837,13.166009664535522,13.16721224784851,13.251344442367554,13.335444927215576,13.355907440185547,13.379127740859985,13.320480585098267,13.299634456634521,13.332704544067383,13.354954242706299
inference time,0,117.23246717453003,121.52315306663513,128.56914138793945,104.17750072479248,137.17865085601807,116.53787636756897,117.75076484680176,148.42797541618347,164.90678334236145,121.10609436035156,118.19193363189697,127.09391736984253,136.85128092765808,139.2500445842743,135.30951070785522,133.53246426582336,141.99128651618958,128.01097631454468,104.53317093849182,123.720703125,137.98170137405396,145.02329206466675,76.1163284778595,118.94861960411072,57.002856492996216,122.45564413070679,162.61980938911438
qp time,0,18.832869052886963,18.061105966567993,17.952232360839844,18.530226469039917,18.85328221321106,18.946819067001343,19.081831455230713,18.27008032798767,18.250592708587646,19.134886026382446,19.25944757461548,20.69958996772766,19.04986548423767,19.218900203704834,18.732386350631714,18.158995389938354,18.423614501953125,17.724535703659058,16.75654935836792,18.184771060943604,18.63312268257141,22.284439086914062,22.30620551109314,22.79905080795288,21.24763584136963,22.7900230884552,22.038841247558594
backward time,0,31.932106971740723,30.236567974090576,30.32791781425476,30.992210149765015,31.170646905899048,31.467727661132812,31.71536159515381,30.240929126739502,30.22808837890625,31.184489011764526,31.5489718914032,32.01928472518921,30.68608522415161,31.425684690475464,31.1772038936615,30.41345453262329,30.435696125030518,29.8877432346344,28.938642263412476,29.966288566589355,30.771947860717773,34.77849507331848,34.971277475357056,34.242459535598755,33.776201009750366,35.06979537010193,33.903473138809204
