Epoch, 4
Random seed, 27, forward time, 104.04662251472473, inference time, 325.5394012928009, qp time, 0, backward_time, 159.64812231063843
forward time,0,0,26.04149055480957,25.960353136062622,25.943625450134277,26.10115337371826
inference time,0,0,0,0,0,325.5394012928009
qp time,0,0,0,0,0,0
backward time,0,0,39.89111256599426,39.7722282409668,39.72073221206665,40.26404929161072
