Epoch, 4
Random seed, 12, forward time, 192.7821831703186, inference time, 433.39298820495605, qp time, 0, backward_time, 293.2624354362488
forward time,0,0,48.54899978637695,48.12478494644165,48.04461121559143,48.06378722190857
inference time,0,0,0,0,0,433.39298820495605
qp time,0,0,0,0,0,0
backward time,0,0,73.53044939041138,72.75930500030518,72.8812484741211,74.09143257141113
