Epoch, 4
Random seed, 11, forward time, 36.95167946815491, inference time, 66.01485228538513, qp time, 0, backward_time, 56.17809009552002
forward time,0,0,9.211502075195312,9.24473237991333,9.224986553192139,9.270458459854126
inference time,0,0,0,0,0,66.01485228538513
qp time,0,0,0,0,0,0
backward time,0,0,14.009363889694214,13.954726457595825,14.015941858291626,14.198057889938354
