Epoch, 17
Random seed, 23, forward time, 46.87072038650513, inference time, 31.108343839645386, qp time, 0, backward_time, 69.00649762153625
forward time,0,2.769794225692749,2.77929949760437,2.773128032684326,2.759186029434204,2.764233350753784,2.7562966346740723,2.7752702236175537,2.774554967880249,2.7484424114227295,2.7472360134124756,2.7373204231262207,2.740495443344116,2.7441654205322266,2.7355451583862305,2.754371166229248,2.7538530826568604,2.757528305053711
inference time,0,0,0,0,0,0,0,0,0,0,0,0,0,0,0,0,0,31.108343839645386
qp time,0,0,0,0,0,0,0,0,0,0,0,0,0,0,0,0,0,0
backward time,0,4.067851543426514,4.075512647628784,4.061742305755615,4.066806316375732,4.04887580871582,4.0501868724823,4.081105709075928,4.077538251876831,4.068986177444458,4.030012130737305,4.0384931564331055,4.035864591598511,4.042386770248413,4.03251838684082,4.073915481567383,4.033818960189819,4.120882511138916
