Epoch, 15
Random seed, 16, forward time, 158.3167700767517, inference time, 1914.6291708946228, qp time, 236.0198826789856, backward_time, 391.50544023513794
forward time,0,10.514062404632568,10.525826692581177,10.536888360977173,10.53983211517334,10.562036991119385,10.5756254196167,10.588680505752563,10.509364366531372,10.545219659805298,10.576701402664185,10.58269739151001,10.555310487747192,10.54465365409851,10.559870958328247,10.59999966621399
inference time,0,70.09668135643005,84.29456806182861,83.55376362800598,48.08522081375122,120.11246824264526,145.20336771011353,127.00419306755066,118.41755247116089,137.80099654197693,167.2478551864624,146.71399927139282,162.68831872940063,188.92972350120544,170.65038800239563,143.83007431030273
qp time,0,13.4394052028656,13.5106520652771,14.289432764053345,13.717360734939575,14.397678852081299,14.836733341217041,15.706780672073364,15.703535556793213,15.567698001861572,16.18356442451477,16.24627137184143,17.187605381011963,17.981595039367676,18.436506032943726,18.81506323814392
backward time,0,24.76283359527588,23.873942136764526,23.681746006011963,24.41938304901123,24.97516918182373,24.82742428779602,26.455249786376953,26.10426902770996,26.215494394302368,26.056843280792236,27.006183624267578,26.986673831939697,28.589447259902954,28.59630799293518,28.95447278022766
