Epoch, 4
Random seed, 3, forward time, 11.797886848449707, inference time, 34.572598934173584, qp time, 0, backward_time, 17.725536584854126
forward time,2.9668569564819336,2.9478724002838135,2.9258015155792236,2.9573559761047363
inference time,0,0,0,34.572598934173584
qp time,0,0,0,0
backward time,4.539573431015015,4.4062864780426025,4.344648599624634,4.435028076171875
