Epoch, 4
Random seed, 1, forward time, 21.640936136245728, inference time, 36.57663583755493, qp time, 0, backward_time, 32.17771792411804
forward time,5.4714343547821045,5.437554359436035,5.3733603954315186,5.358587026596069
inference time,0,0,0,36.57663583755493
qp time,0,0,0,0
backward time,8.088822364807129,7.997564077377319,8.001582622528076,8.089748859405518
